ISO-10303-21;
HEADER;
FILE_DESCRIPTION(('STEP AP214'),'1');
FILE_NAME('CONN-TH_XY126V-5.0-2P.stp','2021-08-18T18:36:36',(' '),(' '),'Spatial InterOp 3D',' ',' ');
FILE_SCHEMA(('AUTOMOTIVE_DESIGN { 1 0 10303 214 1 1 1 1 }'));
ENDSEC;
DATA;
#1=MECHANICAL_DESIGN_GEOMETRIC_PRESENTATION_REPRESENTATION(' ',(#15,#16,#17,#18,#19,#20,#21,#22,#23,#24,#25,#26,#27,#28,#29,#30,#31,#32,#33,#34,#35,#36,#37,#38,#39,#40,#41,#42,#43,#44,#45,#46,#47,#48,#49,#50,#51,#52,#53,#54,#55,#56,#57,#58,#59,#60,#61,#62,#63,#64,#65,#66,#67,#68,#69,#70,#71,#72,#73,#74,#75,#76,#77,#78,#79,#80,#81,#82,#83,#84,#85,#86,#87,#88,#89,#90,#91,#92,#93,#94,#95,#96,#97,#98,#99,#100,#101,#102,#103,#104,#105,#106,#107,#108,#109,#110,#111,#112,#113,#114,#115,#116,#117,#118,#119,#120,#121,#122,#123,#124,#125,#126,#127,#128,#129,#130,#131,#132,#133,#134,#135,#136,#137,#138,#139,#140,#141,#142,#143,#144,#145,#146,#147,#148,#149,#150,#151,#152,#153,#154,#155,#156,#157,#158,#159,#160,#161,#162,#163,#164,#165,#166,#167,#168,#169,#170,#171,#172,#173,#174,#175,#176,#177,#178,#179,#180,#181,#182,#183,#184,#185,#186,#187,#188,#189,#190,#191,#192,#193,#194,#195,#196,#197,#198,#199,#200,#201,#202,#203,#204,#205,#206,#207,#208,#209,#210,#211,#212,#213,#214,#215,#216,#217,#218,#219,#220,#221,#222,#223,#224,#225,#226,#227,#228,#229,#230,#231,#232,#233,#234,#235,#236,#237,#238,#239,#240,#241,#242,#243,#244,#245,#246,#247,#248,#249,#250,#251,#252,#253,#254,#255,#256,#257,#258,#259,#260,#261,#262,#263,#264,#265,#266,#267,#268,#269,#270,#271,#272,#273,#274,#275,#276,#277,#278,#279,#280,#281,#282,#283,#284,#285,#286,#287,#288,#289,#290,#291,#292,#293,#294,#295,#296,#297,#298,#299,#300,#301,#302,#303,#304,#305,#306,#307,#308,#309,#310,#311,#312,#313,#314,#315,#316,#317,#318,#319,#320,#321,#322,#323,#324,#325,#326,#327,#328,#329,#330,#331,#332,#333,#334,#335,#336,#337),#6);
#2=PRODUCT_DEFINITION_CONTEXT('',#338,'design');
#3=APPLICATION_PROTOCOL_DEFINITION('INTERNATIONAL STANDARD','automotive_design',1994,#338);
#4=PRODUCT_CATEGORY_RELATIONSHIP('NONE','NONE',#339,#340);
#5=SHAPE_DEFINITION_REPRESENTATION(#341,#342);
#6= (GEOMETRIC_REPRESENTATION_CONTEXT(3)GLOBAL_UNCERTAINTY_ASSIGNED_CONTEXT((#345))GLOBAL_UNIT_ASSIGNED_CONTEXT((#347,#348,#349))REPRESENTATION_CONTEXT('NONE','WORKSPACE'));
#7=CONSTRUCTIVE_GEOMETRY_REPRESENTATION('',(#351),#6);
#8=SHAPE_REPRESENTATION('',(),#6);
#9=CONSTRUCTIVE_GEOMETRY_REPRESENTATION_RELATIONSHIP('','',#8,#7);
#10=PROPERTY_DEFINITION_REPRESENTATION(#352,#353);
#11=GENERAL_PROPERTY_ASSOCIATION('','',#354,#352);
#15=STYLED_ITEM('',(#355),#356);
#16=STYLED_ITEM('',(#357),#358);
#17=STYLED_ITEM('',(#359),#360);
#18=STYLED_ITEM('',(#361),#362);
#19=STYLED_ITEM('',(#363),#364);
#20=STYLED_ITEM('',(#365),#366);
#21=STYLED_ITEM('',(#367),#368);
#22=STYLED_ITEM('',(#369),#370);
#23=STYLED_ITEM('',(#371),#372);
#24=STYLED_ITEM('',(#373),#374);
#25=STYLED_ITEM('',(#375),#376);
#26=STYLED_ITEM('',(#377),#378);
#27=STYLED_ITEM('',(#379),#380);
#28=STYLED_ITEM('',(#381),#382);
#29=STYLED_ITEM('',(#383),#384);
#30=STYLED_ITEM('',(#385),#386);
#31=STYLED_ITEM('',(#387),#388);
#32=STYLED_ITEM('',(#389),#390);
#33=STYLED_ITEM('',(#391),#392);
#34=STYLED_ITEM('',(#393),#394);
#35=STYLED_ITEM('',(#395),#396);
#36=STYLED_ITEM('',(#397),#398);
#37=STYLED_ITEM('',(#399),#400);
#38=STYLED_ITEM('',(#401),#402);
#39=STYLED_ITEM('',(#403),#404);
#40=STYLED_ITEM('',(#405),#406);
#41=STYLED_ITEM('',(#407),#408);
#42=STYLED_ITEM('',(#409),#410);
#43=STYLED_ITEM('',(#411),#412);
#44=STYLED_ITEM('',(#413),#414);
#45=STYLED_ITEM('',(#415),#416);
#46=STYLED_ITEM('',(#417),#418);
#47=STYLED_ITEM('',(#419),#420);
#48=STYLED_ITEM('',(#421),#422);
#49=STYLED_ITEM('',(#423),#424);
#50=STYLED_ITEM('',(#425),#426);
#51=STYLED_ITEM('',(#427),#428);
#52=STYLED_ITEM('',(#429),#430);
#53=STYLED_ITEM('',(#431),#432);
#54=STYLED_ITEM('',(#433),#434);
#55=STYLED_ITEM('',(#435),#436);
#56=STYLED_ITEM('',(#437),#438);
#57=STYLED_ITEM('',(#439),#440);
#58=STYLED_ITEM('',(#441),#442);
#59=STYLED_ITEM('',(#443),#444);
#60=STYLED_ITEM('',(#445),#446);
#61=STYLED_ITEM('',(#447),#448);
#62=STYLED_ITEM('',(#449),#450);
#63=STYLED_ITEM('',(#451),#452);
#64=STYLED_ITEM('',(#453),#454);
#65=STYLED_ITEM('',(#455),#456);
#66=STYLED_ITEM('',(#457),#458);
#67=STYLED_ITEM('',(#459),#460);
#68=STYLED_ITEM('',(#461),#462);
#69=STYLED_ITEM('',(#463),#464);
#70=STYLED_ITEM('',(#465),#466);
#71=STYLED_ITEM('',(#467),#468);
#72=STYLED_ITEM('',(#469),#470);
#73=STYLED_ITEM('',(#471),#472);
#74=STYLED_ITEM('',(#473),#474);
#75=STYLED_ITEM('',(#475),#476);
#76=STYLED_ITEM('',(#477),#478);
#77=STYLED_ITEM('',(#479),#480);
#78=STYLED_ITEM('',(#481),#482);
#79=STYLED_ITEM('',(#483),#484);
#80=STYLED_ITEM('',(#485),#486);
#81=STYLED_ITEM('',(#487),#488);
#82=STYLED_ITEM('',(#489),#490);
#83=STYLED_ITEM('',(#491),#492);
#84=STYLED_ITEM('',(#493),#494);
#85=STYLED_ITEM('',(#495),#496);
#86=STYLED_ITEM('',(#497),#498);
#87=STYLED_ITEM('',(#499),#500);
#88=STYLED_ITEM('',(#501),#502);
#89=STYLED_ITEM('',(#503),#504);
#90=STYLED_ITEM('',(#505),#506);
#91=STYLED_ITEM('',(#507),#508);
#92=STYLED_ITEM('',(#509),#510);
#93=STYLED_ITEM('',(#511),#512);
#94=STYLED_ITEM('',(#513),#514);
#95=STYLED_ITEM('',(#515),#516);
#96=STYLED_ITEM('',(#517),#518);
#97=STYLED_ITEM('',(#519),#520);
#98=STYLED_ITEM('',(#521),#522);
#99=STYLED_ITEM('',(#523),#524);
#100=STYLED_ITEM('',(#525),#526);
#101=STYLED_ITEM('',(#527),#528);
#102=STYLED_ITEM('',(#529),#530);
#103=STYLED_ITEM('',(#531),#532);
#104=STYLED_ITEM('',(#533),#534);
#105=STYLED_ITEM('',(#535),#536);
#106=STYLED_ITEM('',(#537),#538);
#107=STYLED_ITEM('',(#539),#540);
#108=STYLED_ITEM('',(#541),#542);
#109=STYLED_ITEM('',(#543),#544);
#110=STYLED_ITEM('',(#545),#546);
#111=STYLED_ITEM('',(#547),#548);
#112=STYLED_ITEM('',(#549),#550);
#113=STYLED_ITEM('',(#551),#552);
#114=STYLED_ITEM('',(#553),#554);
#115=STYLED_ITEM('',(#555),#556);
#116=STYLED_ITEM('',(#557),#558);
#117=STYLED_ITEM('',(#559),#560);
#118=STYLED_ITEM('',(#561),#562);
#119=STYLED_ITEM('',(#563),#564);
#120=STYLED_ITEM('',(#565),#566);
#121=STYLED_ITEM('',(#567),#568);
#122=STYLED_ITEM('',(#569),#570);
#123=STYLED_ITEM('',(#571),#572);
#124=STYLED_ITEM('',(#573),#574);
#125=STYLED_ITEM('',(#575),#576);
#126=STYLED_ITEM('',(#577),#578);
#127=STYLED_ITEM('',(#579),#580);
#128=STYLED_ITEM('',(#581),#582);
#129=STYLED_ITEM('',(#583),#584);
#130=STYLED_ITEM('',(#585),#586);
#131=STYLED_ITEM('',(#587),#588);
#132=STYLED_ITEM('',(#589),#590);
#133=STYLED_ITEM('',(#591),#592);
#134=STYLED_ITEM('',(#593),#594);
#135=STYLED_ITEM('',(#595),#596);
#136=STYLED_ITEM('',(#597),#598);
#137=STYLED_ITEM('',(#599),#600);
#138=STYLED_ITEM('',(#601),#602);
#139=STYLED_ITEM('',(#603),#604);
#140=STYLED_ITEM('',(#605),#606);
#141=STYLED_ITEM('',(#607),#608);
#142=STYLED_ITEM('',(#609),#610);
#143=STYLED_ITEM('',(#611),#612);
#144=STYLED_ITEM('',(#613),#614);
#145=STYLED_ITEM('',(#615),#616);
#146=STYLED_ITEM('',(#617),#618);
#147=STYLED_ITEM('',(#619),#620);
#148=STYLED_ITEM('',(#621),#622);
#149=STYLED_ITEM('',(#623),#624);
#150=STYLED_ITEM('',(#625),#626);
#151=STYLED_ITEM('',(#627),#628);
#152=STYLED_ITEM('',(#629),#630);
#153=STYLED_ITEM('',(#631),#632);
#154=STYLED_ITEM('',(#633),#634);
#155=STYLED_ITEM('',(#635),#636);
#156=STYLED_ITEM('',(#637),#638);
#157=STYLED_ITEM('',(#639),#640);
#158=STYLED_ITEM('',(#641),#642);
#159=STYLED_ITEM('',(#643),#644);
#160=STYLED_ITEM('',(#645),#646);
#161=STYLED_ITEM('',(#647),#648);
#162=STYLED_ITEM('',(#649),#650);
#163=STYLED_ITEM('',(#651),#652);
#164=STYLED_ITEM('',(#653),#654);
#165=STYLED_ITEM('',(#655),#656);
#166=STYLED_ITEM('',(#657),#658);
#167=STYLED_ITEM('',(#659),#660);
#168=STYLED_ITEM('',(#661),#662);
#169=STYLED_ITEM('',(#663),#664);
#170=STYLED_ITEM('',(#665),#666);
#171=STYLED_ITEM('',(#667),#668);
#172=STYLED_ITEM('',(#669),#670);
#173=STYLED_ITEM('',(#671),#672);
#174=STYLED_ITEM('',(#673),#674);
#175=STYLED_ITEM('',(#675),#676);
#176=STYLED_ITEM('',(#677),#678);
#177=STYLED_ITEM('',(#679),#680);
#178=STYLED_ITEM('',(#681),#682);
#179=STYLED_ITEM('',(#683),#684);
#180=STYLED_ITEM('',(#685),#686);
#181=STYLED_ITEM('',(#687),#688);
#182=STYLED_ITEM('',(#689),#690);
#183=STYLED_ITEM('',(#691),#692);
#184=STYLED_ITEM('',(#693),#694);
#185=STYLED_ITEM('',(#695),#696);
#186=STYLED_ITEM('',(#697),#698);
#187=STYLED_ITEM('',(#699),#700);
#188=STYLED_ITEM('',(#701),#702);
#189=STYLED_ITEM('',(#703),#704);
#190=STYLED_ITEM('',(#705),#706);
#191=STYLED_ITEM('',(#707),#708);
#192=STYLED_ITEM('',(#709),#710);
#193=STYLED_ITEM('',(#711),#712);
#194=STYLED_ITEM('',(#713),#714);
#195=STYLED_ITEM('',(#715),#716);
#196=STYLED_ITEM('',(#717),#718);
#197=STYLED_ITEM('',(#719),#720);
#198=STYLED_ITEM('',(#721),#722);
#199=STYLED_ITEM('',(#723),#724);
#200=STYLED_ITEM('',(#725),#726);
#201=STYLED_ITEM('',(#727),#728);
#202=STYLED_ITEM('',(#729),#730);
#203=STYLED_ITEM('',(#731),#732);
#204=STYLED_ITEM('',(#733),#734);
#205=STYLED_ITEM('',(#735),#736);
#206=STYLED_ITEM('',(#737),#738);
#207=STYLED_ITEM('',(#739),#740);
#208=STYLED_ITEM('',(#741),#742);
#209=STYLED_ITEM('',(#743),#744);
#210=STYLED_ITEM('',(#745),#746);
#211=STYLED_ITEM('',(#747),#748);
#212=STYLED_ITEM('',(#749),#750);
#213=STYLED_ITEM('',(#751),#752);
#214=STYLED_ITEM('',(#753),#754);
#215=STYLED_ITEM('',(#755),#756);
#216=STYLED_ITEM('',(#757),#758);
#217=STYLED_ITEM('',(#759),#760);
#218=STYLED_ITEM('',(#761),#762);
#219=STYLED_ITEM('',(#763),#764);
#220=STYLED_ITEM('',(#765),#766);
#221=STYLED_ITEM('',(#767),#768);
#222=STYLED_ITEM('',(#769),#770);
#223=STYLED_ITEM('',(#771),#772);
#224=STYLED_ITEM('',(#773),#774);
#225=STYLED_ITEM('',(#775),#776);
#226=STYLED_ITEM('',(#777),#778);
#227=STYLED_ITEM('',(#779),#780);
#228=STYLED_ITEM('',(#781),#782);
#229=STYLED_ITEM('',(#783),#784);
#230=STYLED_ITEM('',(#785),#786);
#231=STYLED_ITEM('',(#787),#788);
#232=STYLED_ITEM('',(#789),#790);
#233=STYLED_ITEM('',(#791),#792);
#234=STYLED_ITEM('',(#793),#794);
#235=STYLED_ITEM('',(#795),#796);
#236=STYLED_ITEM('',(#797),#798);
#237=STYLED_ITEM('',(#799),#800);
#238=STYLED_ITEM('',(#801),#802);
#239=STYLED_ITEM('',(#803),#804);
#240=STYLED_ITEM('',(#805),#806);
#241=STYLED_ITEM('',(#807),#808);
#242=STYLED_ITEM('',(#809),#810);
#243=STYLED_ITEM('',(#811),#812);
#244=STYLED_ITEM('',(#813),#814);
#245=STYLED_ITEM('',(#815),#816);
#246=STYLED_ITEM('',(#817),#818);
#247=STYLED_ITEM('',(#819),#820);
#248=STYLED_ITEM('',(#821),#822);
#249=STYLED_ITEM('',(#823),#824);
#250=STYLED_ITEM('',(#825),#826);
#251=STYLED_ITEM('',(#827),#828);
#252=STYLED_ITEM('',(#829),#830);
#253=STYLED_ITEM('',(#831),#832);
#254=STYLED_ITEM('',(#833),#834);
#255=STYLED_ITEM('',(#835),#836);
#256=STYLED_ITEM('',(#837),#838);
#257=STYLED_ITEM('',(#839),#840);
#258=STYLED_ITEM('',(#841),#842);
#259=STYLED_ITEM('',(#843),#844);
#260=STYLED_ITEM('',(#845),#846);
#261=STYLED_ITEM('',(#847),#848);
#262=STYLED_ITEM('',(#849),#850);
#263=STYLED_ITEM('',(#851),#852);
#264=STYLED_ITEM('',(#853),#854);
#265=STYLED_ITEM('',(#855),#856);
#266=STYLED_ITEM('',(#857),#858);
#267=STYLED_ITEM('',(#859),#860);
#268=STYLED_ITEM('',(#861),#862);
#269=STYLED_ITEM('',(#863),#864);
#270=STYLED_ITEM('',(#865),#866);
#271=STYLED_ITEM('',(#867),#868);
#272=STYLED_ITEM('',(#869),#870);
#273=STYLED_ITEM('',(#871),#872);
#274=STYLED_ITEM('',(#873),#874);
#275=STYLED_ITEM('',(#875),#876);
#276=STYLED_ITEM('',(#877),#878);
#277=STYLED_ITEM('',(#879),#880);
#278=STYLED_ITEM('',(#881),#882);
#279=STYLED_ITEM('',(#883),#884);
#280=STYLED_ITEM('',(#885),#886);
#281=STYLED_ITEM('',(#887),#888);
#282=STYLED_ITEM('',(#889),#890);
#283=STYLED_ITEM('',(#891),#892);
#284=STYLED_ITEM('',(#893),#894);
#285=STYLED_ITEM('',(#895),#896);
#286=STYLED_ITEM('',(#897),#898);
#287=STYLED_ITEM('',(#899),#900);
#288=STYLED_ITEM('',(#901),#902);
#289=STYLED_ITEM('',(#903),#904);
#290=STYLED_ITEM('',(#905),#906);
#291=STYLED_ITEM('',(#907),#908);
#292=STYLED_ITEM('',(#909),#910);
#293=STYLED_ITEM('',(#911),#912);
#294=STYLED_ITEM('',(#913),#914);
#295=STYLED_ITEM('',(#915),#916);
#296=STYLED_ITEM('',(#917),#918);
#297=STYLED_ITEM('',(#919),#920);
#298=STYLED_ITEM('',(#921),#922);
#299=STYLED_ITEM('',(#923),#924);
#300=STYLED_ITEM('',(#925),#926);
#301=STYLED_ITEM('',(#927),#928);
#302=STYLED_ITEM('',(#929),#930);
#303=STYLED_ITEM('',(#931),#932);
#304=STYLED_ITEM('',(#933),#934);
#305=STYLED_ITEM('',(#935),#936);
#306=STYLED_ITEM('',(#937),#938);
#307=STYLED_ITEM('',(#939),#940);
#308=STYLED_ITEM('',(#941),#942);
#309=STYLED_ITEM('',(#943),#944);
#310=STYLED_ITEM('',(#945),#946);
#311=STYLED_ITEM('',(#947),#948);
#312=STYLED_ITEM('',(#949),#950);
#313=STYLED_ITEM('',(#951),#952);
#314=STYLED_ITEM('',(#953),#954);
#315=STYLED_ITEM('',(#955),#956);
#316=STYLED_ITEM('',(#957),#958);
#317=STYLED_ITEM('',(#959),#960);
#318=STYLED_ITEM('',(#961),#962);
#319=STYLED_ITEM('',(#963),#964);
#320=STYLED_ITEM('',(#965),#966);
#321=STYLED_ITEM('',(#967),#968);
#322=STYLED_ITEM('',(#969),#970);
#323=STYLED_ITEM('',(#971),#972);
#324=STYLED_ITEM('',(#973),#974);
#325=STYLED_ITEM('',(#975),#976);
#326=STYLED_ITEM('',(#977),#978);
#327=STYLED_ITEM('',(#979),#980);
#328=STYLED_ITEM('',(#981),#982);
#329=STYLED_ITEM('',(#983),#984);
#330=STYLED_ITEM('',(#985),#986);
#331=STYLED_ITEM('',(#987),#988);
#332=STYLED_ITEM('',(#989),#990);
#333=STYLED_ITEM('',(#991),#992);
#334=STYLED_ITEM('',(#993),#994);
#335=STYLED_ITEM('',(#995),#996);
#336=STYLED_ITEM('',(#997),#998);
#337=STYLED_ITEM('',(#999),#1000);
#338=APPLICATION_CONTEXT(' ');
#339=PRODUCT_CATEGORY('part','NONE');
#340=PRODUCT_RELATED_PRODUCT_CATEGORY('detail',' ',(#1001));
#341=PRODUCT_DEFINITION_SHAPE('NONE','NONE',#1002);
#342=ADVANCED_BREP_SHAPE_REPRESENTATION('PRT0001',(#1003,#1004),#6);
#345=UNCERTAINTY_MEASURE_WITH_UNIT(LENGTH_MEASURE(1.0E-06),#347,'','');
#347= (CONVERSION_BASED_UNIT('MILLIMETRE',#1007)LENGTH_UNIT()NAMED_UNIT(#1010));
#348= (NAMED_UNIT(#1012)PLANE_ANGLE_UNIT()SI_UNIT($,.RADIAN.));
#349= (NAMED_UNIT(#1012)SOLID_ANGLE_UNIT()SI_UNIT($,.STERADIAN.));
#351=AXIS2_PLACEMENT_3D('PRT_CSYS_DEF',#1018,#1019,#1020);
#352=PROPERTY_DEFINITION('MODELED_BY','',#1002);
#353=REPRESENTATION('',(#1021),#6);
#354=GENERAL_PROPERTY('','','');
#355=PRESENTATION_STYLE_ASSIGNMENT((#1022));
#356=ADVANCED_FACE('',(#1023),#1024,.F.);
#357=PRESENTATION_STYLE_ASSIGNMENT((#1025));
#358=ADVANCED_FACE('',(#1026),#1027,.F.);
#359=PRESENTATION_STYLE_ASSIGNMENT((#1028));
#360=ADVANCED_FACE('',(#1029,#1030,#1031,#1032,#1033,#1034),#1035,.T.);
#361=PRESENTATION_STYLE_ASSIGNMENT((#1036));
#362=ADVANCED_FACE('',(#1037),#1038,.T.);
#363=PRESENTATION_STYLE_ASSIGNMENT((#1039));
#364=ADVANCED_FACE('',(#1040),#1041,.T.);
#365=PRESENTATION_STYLE_ASSIGNMENT((#1042));
#366=ADVANCED_FACE('',(#1043),#1044,.T.);
#367=PRESENTATION_STYLE_ASSIGNMENT((#1045));
#368=ADVANCED_FACE('',(#1046,#1047,#1048),#1049,.T.);
#369=PRESENTATION_STYLE_ASSIGNMENT((#1050));
#370=ADVANCED_FACE('',(#1051),#1052,.T.);
#371=PRESENTATION_STYLE_ASSIGNMENT((#1053));
#372=ADVANCED_FACE('',(#1054),#1055,.T.);
#373=PRESENTATION_STYLE_ASSIGNMENT((#1056));
#374=ADVANCED_FACE('',(#1057),#1058,.F.);
#375=PRESENTATION_STYLE_ASSIGNMENT((#1059));
#376=ADVANCED_FACE('',(#1060),#1061,.T.);
#377=PRESENTATION_STYLE_ASSIGNMENT((#1062));
#378=ADVANCED_FACE('',(#1063),#1064,.F.);
#379=PRESENTATION_STYLE_ASSIGNMENT((#1065));
#380=ADVANCED_FACE('',(#1066),#1067,.T.);
#381=PRESENTATION_STYLE_ASSIGNMENT((#1068));
#382=ADVANCED_FACE('',(#1069),#1070,.T.);
#383=PRESENTATION_STYLE_ASSIGNMENT((#1071));
#384=ADVANCED_FACE('',(#1072),#1073,.T.);
#385=PRESENTATION_STYLE_ASSIGNMENT((#1074));
#386=ADVANCED_FACE('',(#1075),#1076,.T.);
#387=PRESENTATION_STYLE_ASSIGNMENT((#1077));
#388=ADVANCED_FACE('',(#1078),#1079,.T.);
#389=PRESENTATION_STYLE_ASSIGNMENT((#1080));
#390=ADVANCED_FACE('',(#1081),#1082,.T.);
#391=PRESENTATION_STYLE_ASSIGNMENT((#1083));
#392=ADVANCED_FACE('',(#1084),#1085,.T.);
#393=PRESENTATION_STYLE_ASSIGNMENT((#1086));
#394=ADVANCED_FACE('',(#1087),#1088,.T.);
#395=PRESENTATION_STYLE_ASSIGNMENT((#1089));
#396=ADVANCED_FACE('',(#1090),#1091,.T.);
#397=PRESENTATION_STYLE_ASSIGNMENT((#1092));
#398=ADVANCED_FACE('',(#1093),#1094,.T.);
#399=PRESENTATION_STYLE_ASSIGNMENT((#1095));
#400=ADVANCED_FACE('',(#1096),#1097,.T.);
#401=PRESENTATION_STYLE_ASSIGNMENT((#1098));
#402=ADVANCED_FACE('',(#1099),#1100,.T.);
#403=PRESENTATION_STYLE_ASSIGNMENT((#1101));
#404=ADVANCED_FACE('',(#1102),#1103,.T.);
#405=PRESENTATION_STYLE_ASSIGNMENT((#1104));
#406=ADVANCED_FACE('',(#1105),#1106,.T.);
#407=PRESENTATION_STYLE_ASSIGNMENT((#1107));
#408=ADVANCED_FACE('',(#1108),#1109,.T.);
#409=PRESENTATION_STYLE_ASSIGNMENT((#1110));
#410=ADVANCED_FACE('',(#1111),#1112,.T.);
#411=PRESENTATION_STYLE_ASSIGNMENT((#1113));
#412=ADVANCED_FACE('',(#1114),#1115,.T.);
#413=PRESENTATION_STYLE_ASSIGNMENT((#1116));
#414=ADVANCED_FACE('',(#1117),#1118,.T.);
#415=PRESENTATION_STYLE_ASSIGNMENT((#1119));
#416=ADVANCED_FACE('',(#1120),#1121,.T.);
#417=PRESENTATION_STYLE_ASSIGNMENT((#1122));
#418=ADVANCED_FACE('',(#1123),#1124,.T.);
#419=PRESENTATION_STYLE_ASSIGNMENT((#1125));
#420=ADVANCED_FACE('',(#1126),#1127,.T.);
#421=PRESENTATION_STYLE_ASSIGNMENT((#1128));
#422=ADVANCED_FACE('',(#1129),#1130,.T.);
#423=PRESENTATION_STYLE_ASSIGNMENT((#1131));
#424=ADVANCED_FACE('',(#1132),#1133,.T.);
#425=PRESENTATION_STYLE_ASSIGNMENT((#1134));
#426=ADVANCED_FACE('',(#1135),#1136,.T.);
#427=PRESENTATION_STYLE_ASSIGNMENT((#1137));
#428=ADVANCED_FACE('',(#1138),#1139,.T.);
#429=PRESENTATION_STYLE_ASSIGNMENT((#1140));
#430=ADVANCED_FACE('',(#1141),#1142,.T.);
#431=PRESENTATION_STYLE_ASSIGNMENT((#1143));
#432=ADVANCED_FACE('',(#1144),#1145,.T.);
#433=PRESENTATION_STYLE_ASSIGNMENT((#1146));
#434=ADVANCED_FACE('',(#1147),#1148,.T.);
#435=PRESENTATION_STYLE_ASSIGNMENT((#1149));
#436=ADVANCED_FACE('',(#1150),#1151,.T.);
#437=PRESENTATION_STYLE_ASSIGNMENT((#1152));
#438=ADVANCED_FACE('',(#1153),#1154,.T.);
#439=PRESENTATION_STYLE_ASSIGNMENT((#1155));
#440=ADVANCED_FACE('',(#1156),#1157,.T.);
#441=PRESENTATION_STYLE_ASSIGNMENT((#1158));
#442=ADVANCED_FACE('',(#1159),#1160,.T.);
#443=PRESENTATION_STYLE_ASSIGNMENT((#1161));
#444=ADVANCED_FACE('',(#1162),#1163,.T.);
#445=PRESENTATION_STYLE_ASSIGNMENT((#1164));
#446=ADVANCED_FACE('',(#1165),#1166,.T.);
#447=PRESENTATION_STYLE_ASSIGNMENT((#1167));
#448=ADVANCED_FACE('',(#1168),#1169,.T.);
#449=PRESENTATION_STYLE_ASSIGNMENT((#1170));
#450=ADVANCED_FACE('',(#1171),#1172,.T.);
#451=PRESENTATION_STYLE_ASSIGNMENT((#1173));
#452=ADVANCED_FACE('',(#1174),#1175,.T.);
#453=PRESENTATION_STYLE_ASSIGNMENT((#1176));
#454=ADVANCED_FACE('',(#1177),#1178,.T.);
#455=PRESENTATION_STYLE_ASSIGNMENT((#1179));
#456=ADVANCED_FACE('',(#1180),#1181,.T.);
#457=PRESENTATION_STYLE_ASSIGNMENT((#1182));
#458=ADVANCED_FACE('',(#1183),#1184,.T.);
#459=PRESENTATION_STYLE_ASSIGNMENT((#1185));
#460=ADVANCED_FACE('',(#1186),#1187,.T.);
#461=PRESENTATION_STYLE_ASSIGNMENT((#1188));
#462=ADVANCED_FACE('',(#1189),#1190,.T.);
#463=PRESENTATION_STYLE_ASSIGNMENT((#1191));
#464=ADVANCED_FACE('',(#1192),#1193,.T.);
#465=PRESENTATION_STYLE_ASSIGNMENT((#1194));
#466=ADVANCED_FACE('',(#1195),#1196,.T.);
#467=PRESENTATION_STYLE_ASSIGNMENT((#1197));
#468=ADVANCED_FACE('',(#1198),#1199,.T.);
#469=PRESENTATION_STYLE_ASSIGNMENT((#1200));
#470=ADVANCED_FACE('',(#1201),#1202,.T.);
#471=PRESENTATION_STYLE_ASSIGNMENT((#1203));
#472=ADVANCED_FACE('',(#1204),#1205,.T.);
#473=PRESENTATION_STYLE_ASSIGNMENT((#1206));
#474=ADVANCED_FACE('',(#1207),#1208,.T.);
#475=PRESENTATION_STYLE_ASSIGNMENT((#1209));
#476=ADVANCED_FACE('',(#1210),#1211,.T.);
#477=PRESENTATION_STYLE_ASSIGNMENT((#1212));
#478=ADVANCED_FACE('',(#1213),#1214,.T.);
#479=PRESENTATION_STYLE_ASSIGNMENT((#1215));
#480=ADVANCED_FACE('',(#1216),#1217,.T.);
#481=PRESENTATION_STYLE_ASSIGNMENT((#1218));
#482=ADVANCED_FACE('',(#1219),#1220,.T.);
#483=PRESENTATION_STYLE_ASSIGNMENT((#1221));
#484=ADVANCED_FACE('',(#1222),#1223,.T.);
#485=PRESENTATION_STYLE_ASSIGNMENT((#1224));
#486=ADVANCED_FACE('',(#1225),#1226,.T.);
#487=PRESENTATION_STYLE_ASSIGNMENT((#1227));
#488=ADVANCED_FACE('',(#1228),#1229,.T.);
#489=PRESENTATION_STYLE_ASSIGNMENT((#1230));
#490=ADVANCED_FACE('',(#1231),#1232,.T.);
#491=PRESENTATION_STYLE_ASSIGNMENT((#1233));
#492=ADVANCED_FACE('',(#1234),#1235,.T.);
#493=PRESENTATION_STYLE_ASSIGNMENT((#1236));
#494=ADVANCED_FACE('',(#1237),#1238,.T.);
#495=PRESENTATION_STYLE_ASSIGNMENT((#1239));
#496=ADVANCED_FACE('',(#1240),#1241,.T.);
#497=PRESENTATION_STYLE_ASSIGNMENT((#1242));
#498=ADVANCED_FACE('',(#1243),#1244,.T.);
#499=PRESENTATION_STYLE_ASSIGNMENT((#1245));
#500=ADVANCED_FACE('',(#1246),#1247,.T.);
#501=PRESENTATION_STYLE_ASSIGNMENT((#1248));
#502=ADVANCED_FACE('',(#1249),#1250,.T.);
#503=PRESENTATION_STYLE_ASSIGNMENT((#1251));
#504=ADVANCED_FACE('',(#1252),#1253,.T.);
#505=PRESENTATION_STYLE_ASSIGNMENT((#1254));
#506=ADVANCED_FACE('',(#1255),#1256,.T.);
#507=PRESENTATION_STYLE_ASSIGNMENT((#1257));
#508=ADVANCED_FACE('',(#1258),#1259,.T.);
#509=PRESENTATION_STYLE_ASSIGNMENT((#1260));
#510=ADVANCED_FACE('',(#1261),#1262,.T.);
#511=PRESENTATION_STYLE_ASSIGNMENT((#1263));
#512=ADVANCED_FACE('',(#1264),#1265,.T.);
#513=PRESENTATION_STYLE_ASSIGNMENT((#1266));
#514=ADVANCED_FACE('',(#1267),#1268,.T.);
#515=PRESENTATION_STYLE_ASSIGNMENT((#1269));
#516=ADVANCED_FACE('',(#1270),#1271,.T.);
#517=PRESENTATION_STYLE_ASSIGNMENT((#1272));
#518=ADVANCED_FACE('',(#1273),#1274,.T.);
#519=PRESENTATION_STYLE_ASSIGNMENT((#1275));
#520=ADVANCED_FACE('',(#1276),#1277,.T.);
#521=PRESENTATION_STYLE_ASSIGNMENT((#1278));
#522=ADVANCED_FACE('',(#1279),#1280,.T.);
#523=PRESENTATION_STYLE_ASSIGNMENT((#1281));
#524=ADVANCED_FACE('',(#1282),#1283,.T.);
#525=PRESENTATION_STYLE_ASSIGNMENT((#1284));
#526=ADVANCED_FACE('',(#1285),#1286,.T.);
#527=PRESENTATION_STYLE_ASSIGNMENT((#1287));
#528=ADVANCED_FACE('',(#1288),#1289,.T.);
#529=PRESENTATION_STYLE_ASSIGNMENT((#1290));
#530=ADVANCED_FACE('',(#1291),#1292,.T.);
#531=PRESENTATION_STYLE_ASSIGNMENT((#1293));
#532=ADVANCED_FACE('',(#1294),#1295,.T.);
#533=PRESENTATION_STYLE_ASSIGNMENT((#1296));
#534=ADVANCED_FACE('',(#1297),#1298,.T.);
#535=PRESENTATION_STYLE_ASSIGNMENT((#1299));
#536=ADVANCED_FACE('',(#1300),#1301,.T.);
#537=PRESENTATION_STYLE_ASSIGNMENT((#1302));
#538=ADVANCED_FACE('',(#1303),#1304,.T.);
#539=PRESENTATION_STYLE_ASSIGNMENT((#1305));
#540=ADVANCED_FACE('',(#1306),#1307,.F.);
#541=PRESENTATION_STYLE_ASSIGNMENT((#1308));
#542=ADVANCED_FACE('',(#1309),#1310,.T.);
#543=PRESENTATION_STYLE_ASSIGNMENT((#1311));
#544=ADVANCED_FACE('',(#1312),#1313,.T.);
#545=PRESENTATION_STYLE_ASSIGNMENT((#1314));
#546=ADVANCED_FACE('',(#1315),#1316,.F.);
#547=PRESENTATION_STYLE_ASSIGNMENT((#1317));
#548=ADVANCED_FACE('',(#1318),#1319,.T.);
#549=PRESENTATION_STYLE_ASSIGNMENT((#1320));
#550=ADVANCED_FACE('',(#1321),#1322,.F.);
#551=PRESENTATION_STYLE_ASSIGNMENT((#1323));
#552=ADVANCED_FACE('',(#1324),#1325,.F.);
#553=PRESENTATION_STYLE_ASSIGNMENT((#1326));
#554=ADVANCED_FACE('',(#1327),#1328,.T.);
#555=PRESENTATION_STYLE_ASSIGNMENT((#1329));
#556=ADVANCED_FACE('',(#1330),#1331,.F.);
#557=PRESENTATION_STYLE_ASSIGNMENT((#1332));
#558=ADVANCED_FACE('',(#1333),#1334,.T.);
#559=PRESENTATION_STYLE_ASSIGNMENT((#1335));
#560=ADVANCED_FACE('',(#1336),#1337,.F.);
#561=PRESENTATION_STYLE_ASSIGNMENT((#1338));
#562=ADVANCED_FACE('',(#1339),#1340,.T.);
#563=PRESENTATION_STYLE_ASSIGNMENT((#1341));
#564=ADVANCED_FACE('',(#1342),#1343,.F.);
#565=PRESENTATION_STYLE_ASSIGNMENT((#1344));
#566=ADVANCED_FACE('',(#1345),#1346,.F.);
#567=PRESENTATION_STYLE_ASSIGNMENT((#1347));
#568=ADVANCED_FACE('',(#1348),#1349,.F.);
#569=PRESENTATION_STYLE_ASSIGNMENT((#1350));
#570=ADVANCED_FACE('',(#1351),#1352,.F.);
#571=PRESENTATION_STYLE_ASSIGNMENT((#1353));
#572=ADVANCED_FACE('',(#1354),#1355,.F.);
#573=PRESENTATION_STYLE_ASSIGNMENT((#1356));
#574=ADVANCED_FACE('',(#1357),#1358,.F.);
#575=PRESENTATION_STYLE_ASSIGNMENT((#1359));
#576=ADVANCED_FACE('',(#1360),#1361,.T.);
#577=PRESENTATION_STYLE_ASSIGNMENT((#1362));
#578=ADVANCED_FACE('',(#1363),#1364,.F.);
#579=PRESENTATION_STYLE_ASSIGNMENT((#1365));
#580=ADVANCED_FACE('',(#1366),#1367,.T.);
#581=PRESENTATION_STYLE_ASSIGNMENT((#1368));
#582=ADVANCED_FACE('',(#1369),#1370,.T.);
#583=PRESENTATION_STYLE_ASSIGNMENT((#1371));
#584=ADVANCED_FACE('',(#1372),#1373,.T.);
#585=PRESENTATION_STYLE_ASSIGNMENT((#1374));
#586=ADVANCED_FACE('',(#1375,#1376),#1377,.T.);
#587=PRESENTATION_STYLE_ASSIGNMENT((#1378));
#588=ADVANCED_FACE('',(#1379,#1380),#1381,.T.);
#589=PRESENTATION_STYLE_ASSIGNMENT((#1382));
#590=ADVANCED_FACE('',(#1383),#1384,.F.);
#591=PRESENTATION_STYLE_ASSIGNMENT((#1385));
#592=ADVANCED_FACE('',(#1386),#1387,.F.);
#593=PRESENTATION_STYLE_ASSIGNMENT((#1388));
#594=ADVANCED_FACE('',(#1389),#1390,.T.);
#595=PRESENTATION_STYLE_ASSIGNMENT((#1391));
#596=ADVANCED_FACE('',(#1392),#1393,.F.);
#597=PRESENTATION_STYLE_ASSIGNMENT((#1394));
#598=ADVANCED_FACE('',(#1395),#1396,.T.);
#599=PRESENTATION_STYLE_ASSIGNMENT((#1397));
#600=ADVANCED_FACE('',(#1398),#1399,.F.);
#601=PRESENTATION_STYLE_ASSIGNMENT((#1400));
#602=ADVANCED_FACE('',(#1401),#1402,.F.);
#603=PRESENTATION_STYLE_ASSIGNMENT((#1403));
#604=ADVANCED_FACE('',(#1404),#1405,.F.);
#605=PRESENTATION_STYLE_ASSIGNMENT((#1406));
#606=ADVANCED_FACE('',(#1407),#1408,.F.);
#607=PRESENTATION_STYLE_ASSIGNMENT((#1409));
#608=ADVANCED_FACE('',(#1410,#1411),#1412,.F.);
#609=PRESENTATION_STYLE_ASSIGNMENT((#1413));
#610=ADVANCED_FACE('',(#1414,#1415),#1416,.F.);
#611=PRESENTATION_STYLE_ASSIGNMENT((#1417));
#612=ADVANCED_FACE('',(#1418),#1419,.F.);
#613=PRESENTATION_STYLE_ASSIGNMENT((#1420));
#614=ADVANCED_FACE('',(#1421),#1422,.T.);
#615=PRESENTATION_STYLE_ASSIGNMENT((#1423));
#616=ADVANCED_FACE('',(#1424),#1425,.T.);
#617=PRESENTATION_STYLE_ASSIGNMENT((#1426));
#618=ADVANCED_FACE('',(#1427),#1428,.T.);
#619=PRESENTATION_STYLE_ASSIGNMENT((#1429));
#620=ADVANCED_FACE('',(#1430),#1431,.T.);
#621=PRESENTATION_STYLE_ASSIGNMENT((#1432));
#622=ADVANCED_FACE('',(#1433),#1434,.T.);
#623=PRESENTATION_STYLE_ASSIGNMENT((#1435));
#624=ADVANCED_FACE('',(#1436),#1437,.T.);
#625=PRESENTATION_STYLE_ASSIGNMENT((#1438));
#626=ADVANCED_FACE('',(#1439),#1440,.T.);
#627=PRESENTATION_STYLE_ASSIGNMENT((#1441));
#628=ADVANCED_FACE('',(#1442),#1443,.T.);
#629=PRESENTATION_STYLE_ASSIGNMENT((#1444));
#630=ADVANCED_FACE('',(#1445),#1446,.T.);
#631=PRESENTATION_STYLE_ASSIGNMENT((#1447));
#632=ADVANCED_FACE('',(#1448),#1449,.T.);
#633=PRESENTATION_STYLE_ASSIGNMENT((#1450));
#634=ADVANCED_FACE('',(#1451),#1452,.T.);
#635=PRESENTATION_STYLE_ASSIGNMENT((#1453));
#636=ADVANCED_FACE('',(#1454),#1455,.T.);
#637=PRESENTATION_STYLE_ASSIGNMENT((#1456));
#638=ADVANCED_FACE('',(#1457),#1458,.T.);
#639=PRESENTATION_STYLE_ASSIGNMENT((#1459));
#640=ADVANCED_FACE('',(#1460),#1461,.T.);
#641=PRESENTATION_STYLE_ASSIGNMENT((#1462));
#642=ADVANCED_FACE('',(#1463),#1464,.T.);
#643=PRESENTATION_STYLE_ASSIGNMENT((#1465));
#644=ADVANCED_FACE('',(#1466),#1467,.F.);
#645=PRESENTATION_STYLE_ASSIGNMENT((#1468));
#646=ADVANCED_FACE('',(#1469),#1470,.T.);
#647=PRESENTATION_STYLE_ASSIGNMENT((#1471));
#648=ADVANCED_FACE('',(#1472),#1473,.T.);
#649=PRESENTATION_STYLE_ASSIGNMENT((#1474));
#650=ADVANCED_FACE('',(#1475,#1476),#1477,.F.);
#651=PRESENTATION_STYLE_ASSIGNMENT((#1478));
#652=ADVANCED_FACE('',(#1479),#1480,.F.);
#653=PRESENTATION_STYLE_ASSIGNMENT((#1481));
#654=ADVANCED_FACE('',(#1482),#1483,.T.);
#655=PRESENTATION_STYLE_ASSIGNMENT((#1484));
#656=ADVANCED_FACE('',(#1485),#1486,.F.);
#657=PRESENTATION_STYLE_ASSIGNMENT((#1487));
#658=ADVANCED_FACE('',(#1488),#1489,.T.);
#659=PRESENTATION_STYLE_ASSIGNMENT((#1490));
#660=ADVANCED_FACE('',(#1491),#1492,.F.);
#661=PRESENTATION_STYLE_ASSIGNMENT((#1493));
#662=ADVANCED_FACE('',(#1494),#1495,.T.);
#663=PRESENTATION_STYLE_ASSIGNMENT((#1496));
#664=ADVANCED_FACE('',(#1497),#1498,.F.);
#665=PRESENTATION_STYLE_ASSIGNMENT((#1499));
#666=ADVANCED_FACE('',(#1500),#1501,.T.);
#667=PRESENTATION_STYLE_ASSIGNMENT((#1502));
#668=ADVANCED_FACE('',(#1503),#1504,.T.);
#669=PRESENTATION_STYLE_ASSIGNMENT((#1505));
#670=ADVANCED_FACE('',(#1506),#1507,.T.);
#671=PRESENTATION_STYLE_ASSIGNMENT((#1508));
#672=ADVANCED_FACE('',(#1509),#1510,.T.);
#673=PRESENTATION_STYLE_ASSIGNMENT((#1511));
#674=ADVANCED_FACE('',(#1512),#1513,.T.);
#675=PRESENTATION_STYLE_ASSIGNMENT((#1514));
#676=ADVANCED_FACE('',(#1515,#1516),#1517,.T.);
#677=PRESENTATION_STYLE_ASSIGNMENT((#1518));
#678=ADVANCED_FACE('',(#1519),#1520,.T.);
#679=PRESENTATION_STYLE_ASSIGNMENT((#1521));
#680=ADVANCED_FACE('',(#1522),#1523,.T.);
#681=PRESENTATION_STYLE_ASSIGNMENT((#1524));
#682=ADVANCED_FACE('',(#1525),#1526,.T.);
#683=PRESENTATION_STYLE_ASSIGNMENT((#1527));
#684=ADVANCED_FACE('',(#1528,#1529),#1530,.T.);
#685=PRESENTATION_STYLE_ASSIGNMENT((#1531));
#686=ADVANCED_FACE('',(#1532),#1533,.T.);
#687=PRESENTATION_STYLE_ASSIGNMENT((#1534));
#688=ADVANCED_FACE('',(#1535),#1536,.T.);
#689=PRESENTATION_STYLE_ASSIGNMENT((#1537));
#690=ADVANCED_FACE('',(#1538),#1539,.T.);
#691=PRESENTATION_STYLE_ASSIGNMENT((#1540));
#692=ADVANCED_FACE('',(#1541),#1542,.T.);
#693=PRESENTATION_STYLE_ASSIGNMENT((#1543));
#694=ADVANCED_FACE('',(#1544),#1545,.T.);
#695=PRESENTATION_STYLE_ASSIGNMENT((#1546));
#696=ADVANCED_FACE('',(#1547),#1548,.T.);
#697=PRESENTATION_STYLE_ASSIGNMENT((#1549));
#698=ADVANCED_FACE('',(#1550),#1551,.T.);
#699=PRESENTATION_STYLE_ASSIGNMENT((#1552));
#700=ADVANCED_FACE('',(#1553),#1554,.T.);
#701=PRESENTATION_STYLE_ASSIGNMENT((#1555));
#702=ADVANCED_FACE('',(#1556),#1557,.F.);
#703=PRESENTATION_STYLE_ASSIGNMENT((#1558));
#704=ADVANCED_FACE('',(#1559),#1560,.T.);
#705=PRESENTATION_STYLE_ASSIGNMENT((#1561));
#706=ADVANCED_FACE('',(#1562),#1563,.T.);
#707=PRESENTATION_STYLE_ASSIGNMENT((#1564));
#708=ADVANCED_FACE('',(#1565),#1566,.T.);
#709=PRESENTATION_STYLE_ASSIGNMENT((#1567));
#710=ADVANCED_FACE('',(#1568),#1569,.F.);
#711=PRESENTATION_STYLE_ASSIGNMENT((#1570));
#712=ADVANCED_FACE('',(#1571),#1572,.F.);
#713=PRESENTATION_STYLE_ASSIGNMENT((#1573));
#714=ADVANCED_FACE('',(#1574),#1575,.T.);
#715=PRESENTATION_STYLE_ASSIGNMENT((#1576));
#716=ADVANCED_FACE('',(#1577),#1578,.T.);
#717=PRESENTATION_STYLE_ASSIGNMENT((#1579));
#718=ADVANCED_FACE('',(#1580),#1581,.T.);
#719=PRESENTATION_STYLE_ASSIGNMENT((#1582));
#720=ADVANCED_FACE('',(#1583),#1584,.F.);
#721=PRESENTATION_STYLE_ASSIGNMENT((#1585));
#722=ADVANCED_FACE('',(#1586),#1587,.T.);
#723=PRESENTATION_STYLE_ASSIGNMENT((#1588));
#724=ADVANCED_FACE('',(#1589),#1590,.T.);
#725=PRESENTATION_STYLE_ASSIGNMENT((#1591));
#726=ADVANCED_FACE('',(#1592),#1593,.F.);
#727=PRESENTATION_STYLE_ASSIGNMENT((#1594));
#728=ADVANCED_FACE('',(#1595),#1596,.T.);
#729=PRESENTATION_STYLE_ASSIGNMENT((#1597));
#730=ADVANCED_FACE('',(#1598),#1599,.F.);
#731=PRESENTATION_STYLE_ASSIGNMENT((#1600));
#732=ADVANCED_FACE('',(#1601),#1602,.F.);
#733=PRESENTATION_STYLE_ASSIGNMENT((#1603));
#734=ADVANCED_FACE('',(#1604),#1605,.F.);
#735=PRESENTATION_STYLE_ASSIGNMENT((#1606));
#736=ADVANCED_FACE('',(#1607),#1608,.F.);
#737=PRESENTATION_STYLE_ASSIGNMENT((#1609));
#738=ADVANCED_FACE('',(#1610),#1611,.T.);
#739=PRESENTATION_STYLE_ASSIGNMENT((#1612));
#740=ADVANCED_FACE('',(#1613),#1614,.F.);
#741=PRESENTATION_STYLE_ASSIGNMENT((#1615));
#742=ADVANCED_FACE('',(#1616),#1617,.T.);
#743=PRESENTATION_STYLE_ASSIGNMENT((#1618));
#744=ADVANCED_FACE('',(#1619),#1620,.F.);
#745=PRESENTATION_STYLE_ASSIGNMENT((#1621));
#746=ADVANCED_FACE('',(#1622),#1623,.T.);
#747=PRESENTATION_STYLE_ASSIGNMENT((#1624));
#748=ADVANCED_FACE('',(#1625),#1626,.T.);
#749=PRESENTATION_STYLE_ASSIGNMENT((#1627));
#750=ADVANCED_FACE('',(#1628),#1629,.F.);
#751=PRESENTATION_STYLE_ASSIGNMENT((#1630));
#752=ADVANCED_FACE('',(#1631),#1632,.F.);
#753=PRESENTATION_STYLE_ASSIGNMENT((#1633));
#754=ADVANCED_FACE('',(#1634),#1635,.T.);
#755=PRESENTATION_STYLE_ASSIGNMENT((#1636));
#756=ADVANCED_FACE('',(#1637),#1638,.F.);
#757=PRESENTATION_STYLE_ASSIGNMENT((#1639));
#758=ADVANCED_FACE('',(#1640),#1641,.T.);
#759=PRESENTATION_STYLE_ASSIGNMENT((#1642));
#760=ADVANCED_FACE('',(#1643,#1644),#1645,.T.);
#761=PRESENTATION_STYLE_ASSIGNMENT((#1646));
#762=ADVANCED_FACE('',(#1647),#1648,.T.);
#763=PRESENTATION_STYLE_ASSIGNMENT((#1649));
#764=ADVANCED_FACE('',(#1650),#1651,.F.);
#765=PRESENTATION_STYLE_ASSIGNMENT((#1652));
#766=ADVANCED_FACE('',(#1653),#1654,.F.);
#767=PRESENTATION_STYLE_ASSIGNMENT((#1655));
#768=ADVANCED_FACE('',(#1656),#1657,.F.);
#769=PRESENTATION_STYLE_ASSIGNMENT((#1658));
#770=ADVANCED_FACE('',(#1659),#1660,.F.);
#771=PRESENTATION_STYLE_ASSIGNMENT((#1661));
#772=ADVANCED_FACE('',(#1662),#1663,.F.);
#773=PRESENTATION_STYLE_ASSIGNMENT((#1664));
#774=ADVANCED_FACE('',(#1665),#1666,.F.);
#775=PRESENTATION_STYLE_ASSIGNMENT((#1667));
#776=ADVANCED_FACE('',(#1668),#1669,.T.);
#777=PRESENTATION_STYLE_ASSIGNMENT((#1670));
#778=ADVANCED_FACE('',(#1671),#1672,.F.);
#779=PRESENTATION_STYLE_ASSIGNMENT((#1673));
#780=ADVANCED_FACE('',(#1674),#1675,.T.);
#781=PRESENTATION_STYLE_ASSIGNMENT((#1676));
#782=ADVANCED_FACE('',(#1677),#1678,.T.);
#783=PRESENTATION_STYLE_ASSIGNMENT((#1679));
#784=ADVANCED_FACE('',(#1680),#1681,.F.);
#785=PRESENTATION_STYLE_ASSIGNMENT((#1682));
#786=ADVANCED_FACE('',(#1683),#1684,.F.);
#787=PRESENTATION_STYLE_ASSIGNMENT((#1685));
#788=ADVANCED_FACE('',(#1686),#1687,.T.);
#789=PRESENTATION_STYLE_ASSIGNMENT((#1688));
#790=ADVANCED_FACE('',(#1689,#1690),#1691,.F.);
#791=PRESENTATION_STYLE_ASSIGNMENT((#1692));
#792=ADVANCED_FACE('',(#1693),#1694,.F.);
#793=PRESENTATION_STYLE_ASSIGNMENT((#1695));
#794=ADVANCED_FACE('',(#1696),#1697,.T.);
#795=PRESENTATION_STYLE_ASSIGNMENT((#1698));
#796=ADVANCED_FACE('',(#1699),#1700,.F.);
#797=PRESENTATION_STYLE_ASSIGNMENT((#1701));
#798=ADVANCED_FACE('',(#1702),#1703,.T.);
#799=PRESENTATION_STYLE_ASSIGNMENT((#1704));
#800=ADVANCED_FACE('',(#1705),#1706,.F.);
#801=PRESENTATION_STYLE_ASSIGNMENT((#1707));
#802=ADVANCED_FACE('',(#1708),#1709,.T.);
#803=PRESENTATION_STYLE_ASSIGNMENT((#1710));
#804=ADVANCED_FACE('',(#1711),#1712,.F.);
#805=PRESENTATION_STYLE_ASSIGNMENT((#1713));
#806=ADVANCED_FACE('',(#1714),#1715,.T.);
#807=PRESENTATION_STYLE_ASSIGNMENT((#1716));
#808=ADVANCED_FACE('',(#1717),#1718,.T.);
#809=PRESENTATION_STYLE_ASSIGNMENT((#1719));
#810=ADVANCED_FACE('',(#1720),#1721,.T.);
#811=PRESENTATION_STYLE_ASSIGNMENT((#1722));
#812=ADVANCED_FACE('',(#1723),#1724,.T.);
#813=PRESENTATION_STYLE_ASSIGNMENT((#1725));
#814=ADVANCED_FACE('',(#1726),#1727,.T.);
#815=PRESENTATION_STYLE_ASSIGNMENT((#1728));
#816=ADVANCED_FACE('',(#1729,#1730),#1731,.T.);
#817=PRESENTATION_STYLE_ASSIGNMENT((#1732));
#818=ADVANCED_FACE('',(#1733),#1734,.T.);
#819=PRESENTATION_STYLE_ASSIGNMENT((#1735));
#820=ADVANCED_FACE('',(#1736),#1737,.T.);
#821=PRESENTATION_STYLE_ASSIGNMENT((#1738));
#822=ADVANCED_FACE('',(#1739),#1740,.T.);
#823=PRESENTATION_STYLE_ASSIGNMENT((#1741));
#824=ADVANCED_FACE('',(#1742,#1743),#1744,.T.);
#825=PRESENTATION_STYLE_ASSIGNMENT((#1745));
#826=ADVANCED_FACE('',(#1746),#1747,.T.);
#827=PRESENTATION_STYLE_ASSIGNMENT((#1748));
#828=ADVANCED_FACE('',(#1749),#1750,.T.);
#829=PRESENTATION_STYLE_ASSIGNMENT((#1751));
#830=ADVANCED_FACE('',(#1752),#1753,.T.);
#831=PRESENTATION_STYLE_ASSIGNMENT((#1754));
#832=ADVANCED_FACE('',(#1755),#1756,.T.);
#833=PRESENTATION_STYLE_ASSIGNMENT((#1757));
#834=ADVANCED_FACE('',(#1758),#1759,.T.);
#835=PRESENTATION_STYLE_ASSIGNMENT((#1760));
#836=ADVANCED_FACE('',(#1761),#1762,.T.);
#837=PRESENTATION_STYLE_ASSIGNMENT((#1763));
#838=ADVANCED_FACE('',(#1764),#1765,.T.);
#839=PRESENTATION_STYLE_ASSIGNMENT((#1766));
#840=ADVANCED_FACE('',(#1767),#1768,.T.);
#841=PRESENTATION_STYLE_ASSIGNMENT((#1769));
#842=ADVANCED_FACE('',(#1770),#1771,.F.);
#843=PRESENTATION_STYLE_ASSIGNMENT((#1772));
#844=ADVANCED_FACE('',(#1773),#1774,.T.);
#845=PRESENTATION_STYLE_ASSIGNMENT((#1775));
#846=ADVANCED_FACE('',(#1776),#1777,.T.);
#847=PRESENTATION_STYLE_ASSIGNMENT((#1778));
#848=ADVANCED_FACE('',(#1779),#1780,.T.);
#849=PRESENTATION_STYLE_ASSIGNMENT((#1781));
#850=ADVANCED_FACE('',(#1782),#1783,.F.);
#851=PRESENTATION_STYLE_ASSIGNMENT((#1784));
#852=ADVANCED_FACE('',(#1785),#1786,.F.);
#853=PRESENTATION_STYLE_ASSIGNMENT((#1787));
#854=ADVANCED_FACE('',(#1788),#1789,.T.);
#855=PRESENTATION_STYLE_ASSIGNMENT((#1790));
#856=ADVANCED_FACE('',(#1791),#1792,.T.);
#857=PRESENTATION_STYLE_ASSIGNMENT((#1793));
#858=ADVANCED_FACE('',(#1794),#1795,.T.);
#859=PRESENTATION_STYLE_ASSIGNMENT((#1796));
#860=ADVANCED_FACE('',(#1797),#1798,.F.);
#861=PRESENTATION_STYLE_ASSIGNMENT((#1799));
#862=ADVANCED_FACE('',(#1800),#1801,.T.);
#863=PRESENTATION_STYLE_ASSIGNMENT((#1802));
#864=ADVANCED_FACE('',(#1803),#1804,.T.);
#865=PRESENTATION_STYLE_ASSIGNMENT((#1805));
#866=ADVANCED_FACE('',(#1806),#1807,.F.);
#867=PRESENTATION_STYLE_ASSIGNMENT((#1808));
#868=ADVANCED_FACE('',(#1809),#1810,.T.);
#869=PRESENTATION_STYLE_ASSIGNMENT((#1811));
#870=ADVANCED_FACE('',(#1812),#1813,.F.);
#871=PRESENTATION_STYLE_ASSIGNMENT((#1814));
#872=ADVANCED_FACE('',(#1815),#1816,.F.);
#873=PRESENTATION_STYLE_ASSIGNMENT((#1817));
#874=ADVANCED_FACE('',(#1818),#1819,.F.);
#875=PRESENTATION_STYLE_ASSIGNMENT((#1820));
#876=ADVANCED_FACE('',(#1821),#1822,.F.);
#877=PRESENTATION_STYLE_ASSIGNMENT((#1823));
#878=ADVANCED_FACE('',(#1824),#1825,.T.);
#879=PRESENTATION_STYLE_ASSIGNMENT((#1826));
#880=ADVANCED_FACE('',(#1827),#1828,.F.);
#881=PRESENTATION_STYLE_ASSIGNMENT((#1829));
#882=ADVANCED_FACE('',(#1830),#1831,.T.);
#883=PRESENTATION_STYLE_ASSIGNMENT((#1832));
#884=ADVANCED_FACE('',(#1833),#1834,.F.);
#885=PRESENTATION_STYLE_ASSIGNMENT((#1835));
#886=ADVANCED_FACE('',(#1836),#1837,.T.);
#887=PRESENTATION_STYLE_ASSIGNMENT((#1838));
#888=ADVANCED_FACE('',(#1839),#1840,.T.);
#889=PRESENTATION_STYLE_ASSIGNMENT((#1841));
#890=ADVANCED_FACE('',(#1842),#1843,.F.);
#891=PRESENTATION_STYLE_ASSIGNMENT((#1844));
#892=ADVANCED_FACE('',(#1845),#1846,.F.);
#893=PRESENTATION_STYLE_ASSIGNMENT((#1847));
#894=ADVANCED_FACE('',(#1848),#1849,.T.);
#895=PRESENTATION_STYLE_ASSIGNMENT((#1850));
#896=ADVANCED_FACE('',(#1851),#1852,.F.);
#897=PRESENTATION_STYLE_ASSIGNMENT((#1853));
#898=ADVANCED_FACE('',(#1854),#1855,.T.);
#899=PRESENTATION_STYLE_ASSIGNMENT((#1856));
#900=ADVANCED_FACE('',(#1857,#1858),#1859,.T.);
#901=PRESENTATION_STYLE_ASSIGNMENT((#1860));
#902=ADVANCED_FACE('',(#1861),#1862,.T.);
#903=PRESENTATION_STYLE_ASSIGNMENT((#1863));
#904=ADVANCED_FACE('',(#1864),#1865,.F.);
#905=PRESENTATION_STYLE_ASSIGNMENT((#1866));
#906=ADVANCED_FACE('',(#1867),#1868,.F.);
#907=PRESENTATION_STYLE_ASSIGNMENT((#1869));
#908=ADVANCED_FACE('',(#1870),#1871,.F.);
#909=PRESENTATION_STYLE_ASSIGNMENT((#1872));
#910=ADVANCED_FACE('',(#1873),#1874,.F.);
#911=PRESENTATION_STYLE_ASSIGNMENT((#1875));
#912=ADVANCED_FACE('',(#1876),#1877,.F.);
#913=PRESENTATION_STYLE_ASSIGNMENT((#1878));
#914=ADVANCED_FACE('',(#1879),#1880,.F.);
#915=PRESENTATION_STYLE_ASSIGNMENT((#1881));
#916=ADVANCED_FACE('',(#1882),#1883,.T.);
#917=PRESENTATION_STYLE_ASSIGNMENT((#1884));
#918=ADVANCED_FACE('',(#1885),#1886,.F.);
#919=PRESENTATION_STYLE_ASSIGNMENT((#1887));
#920=ADVANCED_FACE('',(#1888),#1889,.T.);
#921=PRESENTATION_STYLE_ASSIGNMENT((#1890));
#922=ADVANCED_FACE('',(#1891),#1892,.T.);
#923=PRESENTATION_STYLE_ASSIGNMENT((#1893));
#924=ADVANCED_FACE('',(#1894),#1895,.F.);
#925=PRESENTATION_STYLE_ASSIGNMENT((#1896));
#926=ADVANCED_FACE('',(#1897),#1898,.F.);
#927=PRESENTATION_STYLE_ASSIGNMENT((#1899));
#928=ADVANCED_FACE('',(#1900),#1901,.T.);
#929=PRESENTATION_STYLE_ASSIGNMENT((#1902));
#930=ADVANCED_FACE('',(#1903),#1904,.F.);
#931=PRESENTATION_STYLE_ASSIGNMENT((#1905));
#932=ADVANCED_FACE('',(#1906),#1907,.T.);
#933=PRESENTATION_STYLE_ASSIGNMENT((#1908));
#934=ADVANCED_FACE('',(#1909),#1910,.T.);
#935=PRESENTATION_STYLE_ASSIGNMENT((#1911));
#936=ADVANCED_FACE('',(#1912),#1913,.T.);
#937=PRESENTATION_STYLE_ASSIGNMENT((#1914));
#938=ADVANCED_FACE('',(#1915),#1916,.T.);
#939=PRESENTATION_STYLE_ASSIGNMENT((#1917));
#940=ADVANCED_FACE('',(#1918),#1919,.T.);
#941=PRESENTATION_STYLE_ASSIGNMENT((#1920));
#942=ADVANCED_FACE('',(#1921),#1922,.T.);
#943=PRESENTATION_STYLE_ASSIGNMENT((#1923));
#944=ADVANCED_FACE('',(#1924),#1925,.T.);
#945=PRESENTATION_STYLE_ASSIGNMENT((#1926));
#946=ADVANCED_FACE('',(#1927),#1928,.T.);
#947=PRESENTATION_STYLE_ASSIGNMENT((#1929));
#948=ADVANCED_FACE('',(#1930),#1931,.T.);
#949=PRESENTATION_STYLE_ASSIGNMENT((#1932));
#950=ADVANCED_FACE('',(#1933),#1934,.F.);
#951=PRESENTATION_STYLE_ASSIGNMENT((#1935));
#952=ADVANCED_FACE('',(#1936),#1937,.T.);
#953=PRESENTATION_STYLE_ASSIGNMENT((#1938));
#954=ADVANCED_FACE('',(#1939),#1940,.F.);
#955=PRESENTATION_STYLE_ASSIGNMENT((#1941));
#956=ADVANCED_FACE('',(#1942),#1943,.T.);
#957=PRESENTATION_STYLE_ASSIGNMENT((#1944));
#958=ADVANCED_FACE('',(#1945),#1946,.F.);
#959=PRESENTATION_STYLE_ASSIGNMENT((#1947));
#960=ADVANCED_FACE('',(#1948),#1949,.T.);
#961=PRESENTATION_STYLE_ASSIGNMENT((#1950));
#962=ADVANCED_FACE('',(#1951),#1952,.T.);
#963=PRESENTATION_STYLE_ASSIGNMENT((#1953));
#964=ADVANCED_FACE('',(#1954),#1955,.T.);
#965=PRESENTATION_STYLE_ASSIGNMENT((#1956));
#966=ADVANCED_FACE('',(#1957),#1958,.F.);
#967=PRESENTATION_STYLE_ASSIGNMENT((#1959));
#968=ADVANCED_FACE('',(#1960),#1961,.T.);
#969=PRESENTATION_STYLE_ASSIGNMENT((#1962));
#970=ADVANCED_FACE('',(#1963),#1964,.T.);
#971=PRESENTATION_STYLE_ASSIGNMENT((#1965));
#972=ADVANCED_FACE('',(#1966),#1967,.T.);
#973=PRESENTATION_STYLE_ASSIGNMENT((#1968));
#974=ADVANCED_FACE('',(#1969),#1970,.T.);
#975=PRESENTATION_STYLE_ASSIGNMENT((#1971));
#976=ADVANCED_FACE('',(#1972),#1973,.T.);
#977=PRESENTATION_STYLE_ASSIGNMENT((#1974));
#978=ADVANCED_FACE('',(#1975),#1976,.T.);
#979=PRESENTATION_STYLE_ASSIGNMENT((#1977));
#980=ADVANCED_FACE('',(#1978),#1979,.T.);
#981=PRESENTATION_STYLE_ASSIGNMENT((#1980));
#982=ADVANCED_FACE('',(#1981),#1982,.T.);
#983=PRESENTATION_STYLE_ASSIGNMENT((#1983));
#984=ADVANCED_FACE('',(#1984),#1985,.T.);
#985=PRESENTATION_STYLE_ASSIGNMENT((#1986));
#986=ADVANCED_FACE('',(#1987),#1988,.F.);
#987=PRESENTATION_STYLE_ASSIGNMENT((#1989));
#988=ADVANCED_FACE('',(#1990),#1991,.T.);
#989=PRESENTATION_STYLE_ASSIGNMENT((#1992));
#990=ADVANCED_FACE('',(#1993),#1994,.F.);
#991=PRESENTATION_STYLE_ASSIGNMENT((#1995));
#992=ADVANCED_FACE('',(#1996),#1997,.T.);
#993=PRESENTATION_STYLE_ASSIGNMENT((#1998));
#994=ADVANCED_FACE('',(#1999),#2000,.F.);
#995=PRESENTATION_STYLE_ASSIGNMENT((#2001));
#996=ADVANCED_FACE('',(#2002),#2003,.T.);
#997=PRESENTATION_STYLE_ASSIGNMENT((#2004));
#998=ADVANCED_FACE('',(#2005),#2006,.T.);
#999=PRESENTATION_STYLE_ASSIGNMENT((#2007));
#1000=ADVANCED_FACE('',(#2008),#2009,.T.);
#1001=PRODUCT('PRT0001','PRT0001','PART-PRT0001-DESC',(#2010));
#1002=PRODUCT_DEFINITION('','NONE',#2011,#2);
#1003=BREP_WITH_VOIDS('PRT0001',#2012,(#2013,#2014,#2015,#2016,#2017,#2018));
#1004=AXIS2_PLACEMENT_3D('',#2019,#2020,#2021);
#1007=LENGTH_MEASURE_WITH_UNIT(LENGTH_MEASURE(1.0),#2022);
#1010=DIMENSIONAL_EXPONENTS(1.0,0.0,0.0,0.0,0.0,0.0,0.0);
#1012=DIMENSIONAL_EXPONENTS(0.0,0.0,0.0,0.0,0.0,0.0,0.0);
#1018=CARTESIAN_POINT('',(0.0,0.0,0.0));
#1019=DIRECTION('',(0.0,0.0,1.0));
#1020=DIRECTION('',(1.0,0.0,0.0));
#1021=DESCRIPTIVE_REPRESENTATION_ITEM('','');
#1022=SURFACE_STYLE_USAGE(.BOTH.,#2023);
#1023=FACE_OUTER_BOUND('',#2024,.T.);
#1024=PLANE('',#2025);
#1025=SURFACE_STYLE_USAGE(.BOTH.,#2026);
#1026=FACE_OUTER_BOUND('',#2027,.T.);
#1027=PLANE('',#2028);
#1028=SURFACE_STYLE_USAGE(.BOTH.,#2029);
#1029=FACE_BOUND('',#2030,.T.);
#1030=FACE_BOUND('',#2031,.T.);
#1031=FACE_BOUND('',#2032,.T.);
#1032=FACE_BOUND('',#2033,.T.);
#1033=FACE_BOUND('',#2034,.T.);
#1034=FACE_OUTER_BOUND('',#2035,.T.);
#1035=PLANE('',#2036);
#1036=SURFACE_STYLE_USAGE(.BOTH.,#2037);
#1037=FACE_OUTER_BOUND('',#2038,.T.);
#1038=PLANE('',#2039);
#1039=SURFACE_STYLE_USAGE(.BOTH.,#2040);
#1040=FACE_OUTER_BOUND('',#2041,.T.);
#1041=PLANE('',#2042);
#1042=SURFACE_STYLE_USAGE(.BOTH.,#2043);
#1043=FACE_OUTER_BOUND('',#2044,.T.);
#1044=PLANE('',#2045);
#1045=SURFACE_STYLE_USAGE(.BOTH.,#2046);
#1046=FACE_BOUND('',#2047,.T.);
#1047=FACE_BOUND('',#2048,.T.);
#1048=FACE_OUTER_BOUND('',#2049,.T.);
#1049=PLANE('',#2050);
#1050=SURFACE_STYLE_USAGE(.BOTH.,#2051);
#1051=FACE_OUTER_BOUND('',#2052,.T.);
#1052=PLANE('',#2053);
#1053=SURFACE_STYLE_USAGE(.BOTH.,#2054);
#1054=FACE_OUTER_BOUND('',#2055,.T.);
#1055=PLANE('',#2056);
#1056=SURFACE_STYLE_USAGE(.BOTH.,#2057);
#1057=FACE_OUTER_BOUND('',#2058,.T.);
#1058=PLANE('',#2059);
#1059=SURFACE_STYLE_USAGE(.BOTH.,#2060);
#1060=FACE_OUTER_BOUND('',#2061,.T.);
#1061=PLANE('',#2062);
#1062=SURFACE_STYLE_USAGE(.BOTH.,#2063);
#1063=FACE_OUTER_BOUND('',#2064,.T.);
#1064=PLANE('',#2065);
#1065=SURFACE_STYLE_USAGE(.BOTH.,#2066);
#1066=FACE_OUTER_BOUND('',#2067,.T.);
#1067=PLANE('',#2068);
#1068=SURFACE_STYLE_USAGE(.BOTH.,#2069);
#1069=FACE_OUTER_BOUND('',#2070,.T.);
#1070=PLANE('',#2071);
#1071=SURFACE_STYLE_USAGE(.BOTH.,#2072);
#1072=FACE_OUTER_BOUND('',#2073,.T.);
#1073=PLANE('',#2074);
#1074=SURFACE_STYLE_USAGE(.BOTH.,#2075);
#1075=FACE_OUTER_BOUND('',#2076,.T.);
#1076=PLANE('',#2077);
#1077=SURFACE_STYLE_USAGE(.BOTH.,#2078);
#1078=FACE_OUTER_BOUND('',#2079,.T.);
#1079=PLANE('',#2080);
#1080=SURFACE_STYLE_USAGE(.BOTH.,#2081);
#1081=FACE_OUTER_BOUND('',#2082,.T.);
#1082=PLANE('',#2083);
#1083=SURFACE_STYLE_USAGE(.BOTH.,#2084);
#1084=FACE_OUTER_BOUND('',#2085,.T.);
#1085=PLANE('',#2086);
#1086=SURFACE_STYLE_USAGE(.BOTH.,#2087);
#1087=FACE_OUTER_BOUND('',#2088,.T.);
#1088=PLANE('',#2089);
#1089=SURFACE_STYLE_USAGE(.BOTH.,#2090);
#1090=FACE_OUTER_BOUND('',#2091,.T.);
#1091=PLANE('',#2092);
#1092=SURFACE_STYLE_USAGE(.BOTH.,#2093);
#1093=FACE_OUTER_BOUND('',#2094,.T.);
#1094=PLANE('',#2095);
#1095=SURFACE_STYLE_USAGE(.BOTH.,#2096);
#1096=FACE_OUTER_BOUND('',#2097,.T.);
#1097=PLANE('',#2098);
#1098=SURFACE_STYLE_USAGE(.BOTH.,#2099);
#1099=FACE_OUTER_BOUND('',#2100,.T.);
#1100=PLANE('',#2101);
#1101=SURFACE_STYLE_USAGE(.BOTH.,#2102);
#1102=FACE_OUTER_BOUND('',#2103,.T.);
#1103=PLANE('',#2104);
#1104=SURFACE_STYLE_USAGE(.BOTH.,#2105);
#1105=FACE_OUTER_BOUND('',#2106,.T.);
#1106=PLANE('',#2107);
#1107=SURFACE_STYLE_USAGE(.BOTH.,#2108);
#1108=FACE_OUTER_BOUND('',#2109,.T.);
#1109=PLANE('',#2110);
#1110=SURFACE_STYLE_USAGE(.BOTH.,#2111);
#1111=FACE_OUTER_BOUND('',#2112,.T.);
#1112=PLANE('',#2113);
#1113=SURFACE_STYLE_USAGE(.BOTH.,#2114);
#1114=FACE_OUTER_BOUND('',#2115,.T.);
#1115=PLANE('',#2116);
#1116=SURFACE_STYLE_USAGE(.BOTH.,#2117);
#1117=FACE_OUTER_BOUND('',#2118,.T.);
#1118=PLANE('',#2119);
#1119=SURFACE_STYLE_USAGE(.BOTH.,#2120);
#1120=FACE_OUTER_BOUND('',#2121,.T.);
#1121=PLANE('',#2122);
#1122=SURFACE_STYLE_USAGE(.BOTH.,#2123);
#1123=FACE_OUTER_BOUND('',#2124,.T.);
#1124=PLANE('',#2125);
#1125=SURFACE_STYLE_USAGE(.BOTH.,#2126);
#1126=FACE_OUTER_BOUND('',#2127,.T.);
#1127=PLANE('',#2128);
#1128=SURFACE_STYLE_USAGE(.BOTH.,#2129);
#1129=FACE_OUTER_BOUND('',#2130,.T.);
#1130=PLANE('',#2131);
#1131=SURFACE_STYLE_USAGE(.BOTH.,#2132);
#1132=FACE_OUTER_BOUND('',#2133,.T.);
#1133=PLANE('',#2134);
#1134=SURFACE_STYLE_USAGE(.BOTH.,#2135);
#1135=FACE_OUTER_BOUND('',#2136,.T.);
#1136=PLANE('',#2137);
#1137=SURFACE_STYLE_USAGE(.BOTH.,#2138);
#1138=FACE_OUTER_BOUND('',#2139,.T.);
#1139=PLANE('',#2140);
#1140=SURFACE_STYLE_USAGE(.BOTH.,#2141);
#1141=FACE_OUTER_BOUND('',#2142,.T.);
#1142=PLANE('',#2143);
#1143=SURFACE_STYLE_USAGE(.BOTH.,#2144);
#1144=FACE_OUTER_BOUND('',#2145,.T.);
#1145=PLANE('',#2146);
#1146=SURFACE_STYLE_USAGE(.BOTH.,#2147);
#1147=FACE_OUTER_BOUND('',#2148,.T.);
#1148=PLANE('',#2149);
#1149=SURFACE_STYLE_USAGE(.BOTH.,#2150);
#1150=FACE_OUTER_BOUND('',#2151,.T.);
#1151=PLANE('',#2152);
#1152=SURFACE_STYLE_USAGE(.BOTH.,#2153);
#1153=FACE_OUTER_BOUND('',#2154,.T.);
#1154=PLANE('',#2155);
#1155=SURFACE_STYLE_USAGE(.BOTH.,#2156);
#1156=FACE_OUTER_BOUND('',#2157,.T.);
#1157=PLANE('',#2158);
#1158=SURFACE_STYLE_USAGE(.BOTH.,#2159);
#1159=FACE_OUTER_BOUND('',#2160,.T.);
#1160=PLANE('',#2161);
#1161=SURFACE_STYLE_USAGE(.BOTH.,#2162);
#1162=FACE_OUTER_BOUND('',#2163,.T.);
#1163=PLANE('',#2164);
#1164=SURFACE_STYLE_USAGE(.BOTH.,#2165);
#1165=FACE_OUTER_BOUND('',#2166,.T.);
#1166=PLANE('',#2167);
#1167=SURFACE_STYLE_USAGE(.BOTH.,#2168);
#1168=FACE_OUTER_BOUND('',#2169,.T.);
#1169=PLANE('',#2170);
#1170=SURFACE_STYLE_USAGE(.BOTH.,#2171);
#1171=FACE_OUTER_BOUND('',#2172,.T.);
#1172=PLANE('',#2173);
#1173=SURFACE_STYLE_USAGE(.BOTH.,#2174);
#1174=FACE_OUTER_BOUND('',#2175,.T.);
#1175=PLANE('',#2176);
#1176=SURFACE_STYLE_USAGE(.BOTH.,#2177);
#1177=FACE_OUTER_BOUND('',#2178,.T.);
#1178=PLANE('',#2179);
#1179=SURFACE_STYLE_USAGE(.BOTH.,#2180);
#1180=FACE_OUTER_BOUND('',#2181,.T.);
#1181=PLANE('',#2182);
#1182=SURFACE_STYLE_USAGE(.BOTH.,#2183);
#1183=FACE_OUTER_BOUND('',#2184,.T.);
#1184=PLANE('',#2185);
#1185=SURFACE_STYLE_USAGE(.BOTH.,#2186);
#1186=FACE_OUTER_BOUND('',#2187,.T.);
#1187=PLANE('',#2188);
#1188=SURFACE_STYLE_USAGE(.BOTH.,#2189);
#1189=FACE_OUTER_BOUND('',#2190,.T.);
#1190=PLANE('',#2191);
#1191=SURFACE_STYLE_USAGE(.BOTH.,#2192);
#1192=FACE_OUTER_BOUND('',#2193,.T.);
#1193=PLANE('',#2194);
#1194=SURFACE_STYLE_USAGE(.BOTH.,#2195);
#1195=FACE_OUTER_BOUND('',#2196,.T.);
#1196=PLANE('',#2197);
#1197=SURFACE_STYLE_USAGE(.BOTH.,#2198);
#1198=FACE_OUTER_BOUND('',#2199,.T.);
#1199=PLANE('',#2200);
#1200=SURFACE_STYLE_USAGE(.BOTH.,#2201);
#1201=FACE_OUTER_BOUND('',#2202,.T.);
#1202=PLANE('',#2203);
#1203=SURFACE_STYLE_USAGE(.BOTH.,#2204);
#1204=FACE_OUTER_BOUND('',#2205,.T.);
#1205=PLANE('',#2206);
#1206=SURFACE_STYLE_USAGE(.BOTH.,#2207);
#1207=FACE_OUTER_BOUND('',#2208,.T.);
#1208=PLANE('',#2209);
#1209=SURFACE_STYLE_USAGE(.BOTH.,#2210);
#1210=FACE_OUTER_BOUND('',#2211,.T.);
#1211=PLANE('',#2212);
#1212=SURFACE_STYLE_USAGE(.BOTH.,#2213);
#1213=FACE_OUTER_BOUND('',#2214,.T.);
#1214=PLANE('',#2215);
#1215=SURFACE_STYLE_USAGE(.BOTH.,#2216);
#1216=FACE_OUTER_BOUND('',#2217,.T.);
#1217=PLANE('',#2218);
#1218=SURFACE_STYLE_USAGE(.BOTH.,#2219);
#1219=FACE_OUTER_BOUND('',#2220,.T.);
#1220=PLANE('',#2221);
#1221=SURFACE_STYLE_USAGE(.BOTH.,#2222);
#1222=FACE_OUTER_BOUND('',#2223,.T.);
#1223=PLANE('',#2224);
#1224=SURFACE_STYLE_USAGE(.BOTH.,#2225);
#1225=FACE_OUTER_BOUND('',#2226,.T.);
#1226=PLANE('',#2227);
#1227=SURFACE_STYLE_USAGE(.BOTH.,#2228);
#1228=FACE_OUTER_BOUND('',#2229,.T.);
#1229=PLANE('',#2230);
#1230=SURFACE_STYLE_USAGE(.BOTH.,#2231);
#1231=FACE_OUTER_BOUND('',#2232,.T.);
#1232=PLANE('',#2233);
#1233=SURFACE_STYLE_USAGE(.BOTH.,#2234);
#1234=FACE_OUTER_BOUND('',#2235,.T.);
#1235=PLANE('',#2236);
#1236=SURFACE_STYLE_USAGE(.BOTH.,#2237);
#1237=FACE_OUTER_BOUND('',#2238,.T.);
#1238=PLANE('',#2239);
#1239=SURFACE_STYLE_USAGE(.BOTH.,#2240);
#1240=FACE_OUTER_BOUND('',#2241,.T.);
#1241=PLANE('',#2242);
#1242=SURFACE_STYLE_USAGE(.BOTH.,#2243);
#1243=FACE_OUTER_BOUND('',#2244,.T.);
#1244=PLANE('',#2245);
#1245=SURFACE_STYLE_USAGE(.BOTH.,#2246);
#1246=FACE_OUTER_BOUND('',#2247,.T.);
#1247=PLANE('',#2248);
#1248=SURFACE_STYLE_USAGE(.BOTH.,#2249);
#1249=FACE_OUTER_BOUND('',#2250,.T.);
#1250=PLANE('',#2251);
#1251=SURFACE_STYLE_USAGE(.BOTH.,#2252);
#1252=FACE_OUTER_BOUND('',#2253,.T.);
#1253=PLANE('',#2254);
#1254=SURFACE_STYLE_USAGE(.BOTH.,#2255);
#1255=FACE_OUTER_BOUND('',#2256,.T.);
#1256=PLANE('',#2257);
#1257=SURFACE_STYLE_USAGE(.BOTH.,#2258);
#1258=FACE_OUTER_BOUND('',#2259,.T.);
#1259=PLANE('',#2260);
#1260=SURFACE_STYLE_USAGE(.BOTH.,#2261);
#1261=FACE_OUTER_BOUND('',#2262,.T.);
#1262=PLANE('',#2263);
#1263=SURFACE_STYLE_USAGE(.BOTH.,#2264);
#1264=FACE_OUTER_BOUND('',#2265,.T.);
#1265=PLANE('',#2266);
#1266=SURFACE_STYLE_USAGE(.BOTH.,#2267);
#1267=FACE_OUTER_BOUND('',#2268,.T.);
#1268=PLANE('',#2269);
#1269=SURFACE_STYLE_USAGE(.BOTH.,#2270);
#1270=FACE_OUTER_BOUND('',#2271,.T.);
#1271=PLANE('',#2272);
#1272=SURFACE_STYLE_USAGE(.BOTH.,#2273);
#1273=FACE_OUTER_BOUND('',#2274,.T.);
#1274=PLANE('',#2275);
#1275=SURFACE_STYLE_USAGE(.BOTH.,#2276);
#1276=FACE_OUTER_BOUND('',#2277,.T.);
#1277=PLANE('',#2278);
#1278=SURFACE_STYLE_USAGE(.BOTH.,#2279);
#1279=FACE_OUTER_BOUND('',#2280,.T.);
#1280=PLANE('',#2281);
#1281=SURFACE_STYLE_USAGE(.BOTH.,#2282);
#1282=FACE_OUTER_BOUND('',#2283,.T.);
#1283=PLANE('',#2284);
#1284=SURFACE_STYLE_USAGE(.BOTH.,#2285);
#1285=FACE_OUTER_BOUND('',#2286,.T.);
#1286=PLANE('',#2287);
#1287=SURFACE_STYLE_USAGE(.BOTH.,#2288);
#1288=FACE_OUTER_BOUND('',#2289,.T.);
#1289=PLANE('',#2290);
#1290=SURFACE_STYLE_USAGE(.BOTH.,#2291);
#1291=FACE_OUTER_BOUND('',#2292,.T.);
#1292=PLANE('',#2293);
#1293=SURFACE_STYLE_USAGE(.BOTH.,#2294);
#1294=FACE_OUTER_BOUND('',#2295,.T.);
#1295=PLANE('',#2296);
#1296=SURFACE_STYLE_USAGE(.BOTH.,#2297);
#1297=FACE_OUTER_BOUND('',#2298,.T.);
#1298=PLANE('',#2299);
#1299=SURFACE_STYLE_USAGE(.BOTH.,#2300);
#1300=FACE_OUTER_BOUND('',#2301,.T.);
#1301=PLANE('',#2302);
#1302=SURFACE_STYLE_USAGE(.BOTH.,#2303);
#1303=FACE_OUTER_BOUND('',#2304,.T.);
#1304=PLANE('',#2305);
#1305=SURFACE_STYLE_USAGE(.BOTH.,#2306);
#1306=FACE_OUTER_BOUND('',#2307,.T.);
#1307=PLANE('',#2308);
#1308=SURFACE_STYLE_USAGE(.BOTH.,#2309);
#1309=FACE_OUTER_BOUND('',#2310,.T.);
#1310=PLANE('',#2311);
#1311=SURFACE_STYLE_USAGE(.BOTH.,#2312);
#1312=FACE_OUTER_BOUND('',#2313,.T.);
#1313=PLANE('',#2314);
#1314=SURFACE_STYLE_USAGE(.BOTH.,#2315);
#1315=FACE_OUTER_BOUND('',#2316,.T.);
#1316=PLANE('',#2317);
#1317=SURFACE_STYLE_USAGE(.BOTH.,#2318);
#1318=FACE_OUTER_BOUND('',#2319,.T.);
#1319=PLANE('',#2320);
#1320=SURFACE_STYLE_USAGE(.BOTH.,#2321);
#1321=FACE_OUTER_BOUND('',#2322,.T.);
#1322=PLANE('',#2323);
#1323=SURFACE_STYLE_USAGE(.BOTH.,#2324);
#1324=FACE_OUTER_BOUND('',#2325,.T.);
#1325=PLANE('',#2326);
#1326=SURFACE_STYLE_USAGE(.BOTH.,#2327);
#1327=FACE_OUTER_BOUND('',#2328,.T.);
#1328=PLANE('',#2329);
#1329=SURFACE_STYLE_USAGE(.BOTH.,#2330);
#1330=FACE_OUTER_BOUND('',#2331,.T.);
#1331=PLANE('',#2332);
#1332=SURFACE_STYLE_USAGE(.BOTH.,#2333);
#1333=FACE_OUTER_BOUND('',#2334,.T.);
#1334=PLANE('',#2335);
#1335=SURFACE_STYLE_USAGE(.BOTH.,#2336);
#1336=FACE_OUTER_BOUND('',#2337,.T.);
#1337=PLANE('',#2338);
#1338=SURFACE_STYLE_USAGE(.BOTH.,#2339);
#1339=FACE_OUTER_BOUND('',#2340,.T.);
#1340=PLANE('',#2341);
#1341=SURFACE_STYLE_USAGE(.BOTH.,#2342);
#1342=FACE_OUTER_BOUND('',#2343,.T.);
#1343=CYLINDRICAL_SURFACE('',#2344,2.1);
#1344=SURFACE_STYLE_USAGE(.BOTH.,#2345);
#1345=FACE_OUTER_BOUND('',#2346,.T.);
#1346=CYLINDRICAL_SURFACE('',#2347,2.1);
#1347=SURFACE_STYLE_USAGE(.BOTH.,#2348);
#1348=FACE_OUTER_BOUND('',#2349,.T.);
#1349=CYLINDRICAL_SURFACE('',#2350,2.1);
#1350=SURFACE_STYLE_USAGE(.BOTH.,#2351);
#1351=FACE_OUTER_BOUND('',#2352,.T.);
#1352=CYLINDRICAL_SURFACE('',#2353,2.1);
#1353=SURFACE_STYLE_USAGE(.BOTH.,#2354);
#1354=FACE_OUTER_BOUND('',#2355,.T.);
#1355=PLANE('',#2356);
#1356=SURFACE_STYLE_USAGE(.BOTH.,#2357);
#1357=FACE_OUTER_BOUND('',#2358,.T.);
#1358=PLANE('',#2359);
#1359=SURFACE_STYLE_USAGE(.BOTH.,#2360);
#1360=FACE_OUTER_BOUND('',#2361,.T.);
#1361=PLANE('',#2362);
#1362=SURFACE_STYLE_USAGE(.BOTH.,#2363);
#1363=FACE_OUTER_BOUND('',#2364,.T.);
#1364=PLANE('',#2365);
#1365=SURFACE_STYLE_USAGE(.BOTH.,#2366);
#1366=FACE_OUTER_BOUND('',#2367,.T.);
#1367=PLANE('',#2368);
#1368=SURFACE_STYLE_USAGE(.BOTH.,#2369);
#1369=FACE_OUTER_BOUND('',#2370,.T.);
#1370=PLANE('',#2371);
#1371=SURFACE_STYLE_USAGE(.BOTH.,#2372);
#1372=FACE_OUTER_BOUND('',#2373,.T.);
#1373=PLANE('',#2374);
#1374=SURFACE_STYLE_USAGE(.BOTH.,#2375);
#1375=FACE_BOUND('',#2376,.T.);
#1376=FACE_OUTER_BOUND('',#2377,.T.);
#1377=PLANE('',#2378);
#1378=SURFACE_STYLE_USAGE(.BOTH.,#2379);
#1379=FACE_BOUND('',#2380,.T.);
#1380=FACE_OUTER_BOUND('',#2381,.T.);
#1381=PLANE('',#2382);
#1382=SURFACE_STYLE_USAGE(.BOTH.,#2383);
#1383=FACE_OUTER_BOUND('',#2384,.T.);
#1384=PLANE('',#2385);
#1385=SURFACE_STYLE_USAGE(.BOTH.,#2386);
#1386=FACE_OUTER_BOUND('',#2387,.T.);
#1387=PLANE('',#2388);
#1388=SURFACE_STYLE_USAGE(.BOTH.,#2389);
#1389=FACE_OUTER_BOUND('',#2390,.T.);
#1390=PLANE('',#2391);
#1391=SURFACE_STYLE_USAGE(.BOTH.,#2392);
#1392=FACE_OUTER_BOUND('',#2393,.T.);
#1393=PLANE('',#2394);
#1394=SURFACE_STYLE_USAGE(.BOTH.,#2395);
#1395=FACE_OUTER_BOUND('',#2396,.T.);
#1396=PLANE('',#2397);
#1397=SURFACE_STYLE_USAGE(.BOTH.,#2398);
#1398=FACE_OUTER_BOUND('',#2399,.T.);
#1399=CONICAL_SURFACE('',#2400,1.0,0.817025091723064);
#1400=SURFACE_STYLE_USAGE(.BOTH.,#2401);
#1401=FACE_OUTER_BOUND('',#2402,.T.);
#1402=CONICAL_SURFACE('',#2403,1.0,0.817025091723064);
#1403=SURFACE_STYLE_USAGE(.BOTH.,#2404);
#1404=FACE_OUTER_BOUND('',#2405,.T.);
#1405=CONICAL_SURFACE('',#2406,1.0,0.817025091723064);
#1406=SURFACE_STYLE_USAGE(.BOTH.,#2407);
#1407=FACE_OUTER_BOUND('',#2408,.T.);
#1408=CONICAL_SURFACE('',#2409,1.0,0.817025091723064);
#1409=SURFACE_STYLE_USAGE(.BOTH.,#2410);
#1410=FACE_BOUND('',#2411,.T.);
#1411=FACE_OUTER_BOUND('',#2412,.T.);
#1412=PLANE('',#2413);
#1413=SURFACE_STYLE_USAGE(.BOTH.,#2414);
#1414=FACE_BOUND('',#2415,.T.);
#1415=FACE_OUTER_BOUND('',#2416,.T.);
#1416=PLANE('',#2417);
#1417=SURFACE_STYLE_USAGE(.BOTH.,#2418);
#1418=FACE_OUTER_BOUND('',#2419,.T.);
#1419=PLANE('',#2420);
#1420=SURFACE_STYLE_USAGE(.BOTH.,#2421);
#1421=FACE_OUTER_BOUND('',#2422,.T.);
#1422=PLANE('',#2423);
#1423=SURFACE_STYLE_USAGE(.BOTH.,#2424);
#1424=FACE_OUTER_BOUND('',#2425,.T.);
#1425=PLANE('',#2426);
#1426=SURFACE_STYLE_USAGE(.BOTH.,#2427);
#1427=FACE_OUTER_BOUND('',#2428,.T.);
#1428=PLANE('',#2429);
#1429=SURFACE_STYLE_USAGE(.BOTH.,#2430);
#1430=FACE_OUTER_BOUND('',#2431,.T.);
#1431=PLANE('',#2432);
#1432=SURFACE_STYLE_USAGE(.BOTH.,#2433);
#1433=FACE_OUTER_BOUND('',#2434,.T.);
#1434=PLANE('',#2435);
#1435=SURFACE_STYLE_USAGE(.BOTH.,#2436);
#1436=FACE_OUTER_BOUND('',#2437,.T.);
#1437=PLANE('',#2438);
#1438=SURFACE_STYLE_USAGE(.BOTH.,#2439);
#1439=FACE_OUTER_BOUND('',#2440,.T.);
#1440=PLANE('',#2441);
#1441=SURFACE_STYLE_USAGE(.BOTH.,#2442);
#1442=FACE_OUTER_BOUND('',#2443,.T.);
#1443=PLANE('',#2444);
#1444=SURFACE_STYLE_USAGE(.BOTH.,#2445);
#1445=FACE_OUTER_BOUND('',#2446,.T.);
#1446=PLANE('',#2447);
#1447=SURFACE_STYLE_USAGE(.BOTH.,#2448);
#1448=FACE_OUTER_BOUND('',#2449,.T.);
#1449=PLANE('',#2450);
#1450=SURFACE_STYLE_USAGE(.BOTH.,#2451);
#1451=FACE_OUTER_BOUND('',#2452,.T.);
#1452=PLANE('',#2453);
#1453=SURFACE_STYLE_USAGE(.BOTH.,#2454);
#1454=FACE_OUTER_BOUND('',#2455,.T.);
#1455=PLANE('',#2456);
#1456=SURFACE_STYLE_USAGE(.BOTH.,#2457);
#1457=FACE_OUTER_BOUND('',#2458,.T.);
#1458=PLANE('',#2459);
#1459=SURFACE_STYLE_USAGE(.BOTH.,#2460);
#1460=FACE_OUTER_BOUND('',#2461,.T.);
#1461=PLANE('',#2462);
#1462=SURFACE_STYLE_USAGE(.BOTH.,#2463);
#1463=FACE_OUTER_BOUND('',#2464,.T.);
#1464=PLANE('',#2465);
#1465=SURFACE_STYLE_USAGE(.BOTH.,#2466);
#1466=FACE_OUTER_BOUND('',#2467,.T.);
#1467=PLANE('',#2468);
#1468=SURFACE_STYLE_USAGE(.BOTH.,#2469);
#1469=FACE_OUTER_BOUND('',#2470,.T.);
#1470=PLANE('',#2471);
#1471=SURFACE_STYLE_USAGE(.BOTH.,#2472);
#1472=FACE_OUTER_BOUND('',#2473,.T.);
#1473=PLANE('',#2474);
#1474=SURFACE_STYLE_USAGE(.BOTH.,#2475);
#1475=FACE_BOUND('',#2476,.T.);
#1476=FACE_OUTER_BOUND('',#2477,.T.);
#1477=PLANE('',#2478);
#1478=SURFACE_STYLE_USAGE(.BOTH.,#2479);
#1479=FACE_OUTER_BOUND('',#2480,.T.);
#1480=CYLINDRICAL_SURFACE('',#2481,0.1);
#1481=SURFACE_STYLE_USAGE(.BOTH.,#2482);
#1482=FACE_OUTER_BOUND('',#2483,.T.);
#1483=PLANE('',#2484);
#1484=SURFACE_STYLE_USAGE(.BOTH.,#2485);
#1485=FACE_OUTER_BOUND('',#2486,.T.);
#1486=CYLINDRICAL_SURFACE('',#2487,0.1);
#1487=SURFACE_STYLE_USAGE(.BOTH.,#2488);
#1488=FACE_OUTER_BOUND('',#2489,.T.);
#1489=PLANE('',#2490);
#1490=SURFACE_STYLE_USAGE(.BOTH.,#2491);
#1491=FACE_OUTER_BOUND('',#2492,.T.);
#1492=CYLINDRICAL_SURFACE('',#2493,0.0999999999999999);
#1493=SURFACE_STYLE_USAGE(.BOTH.,#2494);
#1494=FACE_OUTER_BOUND('',#2495,.T.);
#1495=PLANE('',#2496);
#1496=SURFACE_STYLE_USAGE(.BOTH.,#2497);
#1497=FACE_OUTER_BOUND('',#2498,.T.);
#1498=CYLINDRICAL_SURFACE('',#2499,0.1);
#1499=SURFACE_STYLE_USAGE(.BOTH.,#2500);
#1500=FACE_OUTER_BOUND('',#2501,.T.);
#1501=PLANE('',#2502);
#1502=SURFACE_STYLE_USAGE(.BOTH.,#2503);
#1503=FACE_OUTER_BOUND('',#2504,.T.);
#1504=PLANE('',#2505);
#1505=SURFACE_STYLE_USAGE(.BOTH.,#2506);
#1506=FACE_OUTER_BOUND('',#2507,.T.);
#1507=CYLINDRICAL_SURFACE('',#2508,0.6);
#1508=SURFACE_STYLE_USAGE(.BOTH.,#2509);
#1509=FACE_OUTER_BOUND('',#2510,.T.);
#1510=PLANE('',#2511);
#1511=SURFACE_STYLE_USAGE(.BOTH.,#2512);
#1512=FACE_OUTER_BOUND('',#2513,.T.);
#1513=CYLINDRICAL_SURFACE('',#2514,0.6);
#1514=SURFACE_STYLE_USAGE(.BOTH.,#2515);
#1515=FACE_BOUND('',#2516,.T.);
#1516=FACE_OUTER_BOUND('',#2517,.T.);
#1517=PLANE('',#2518);
#1518=SURFACE_STYLE_USAGE(.BOTH.,#2519);
#1519=FACE_OUTER_BOUND('',#2520,.T.);
#1520=CYLINDRICAL_SURFACE('',#2521,0.6);
#1521=SURFACE_STYLE_USAGE(.BOTH.,#2522);
#1522=FACE_OUTER_BOUND('',#2523,.T.);
#1523=PLANE('',#2524);
#1524=SURFACE_STYLE_USAGE(.BOTH.,#2525);
#1525=FACE_OUTER_BOUND('',#2526,.T.);
#1526=CYLINDRICAL_SURFACE('',#2527,0.6);
#1527=SURFACE_STYLE_USAGE(.BOTH.,#2528);
#1528=FACE_BOUND('',#2529,.T.);
#1529=FACE_OUTER_BOUND('',#2530,.T.);
#1530=PLANE('',#2531);
#1531=SURFACE_STYLE_USAGE(.BOTH.,#2532);
#1532=FACE_OUTER_BOUND('',#2533,.T.);
#1533=PLANE('',#2534);
#1534=SURFACE_STYLE_USAGE(.BOTH.,#2535);
#1535=FACE_OUTER_BOUND('',#2536,.T.);
#1536=PLANE('',#2537);
#1537=SURFACE_STYLE_USAGE(.BOTH.,#2538);
#1538=FACE_OUTER_BOUND('',#2539,.T.);
#1539=PLANE('',#2540);
#1540=SURFACE_STYLE_USAGE(.BOTH.,#2541);
#1541=FACE_OUTER_BOUND('',#2542,.T.);
#1542=PLANE('',#2543);
#1543=SURFACE_STYLE_USAGE(.BOTH.,#2544);
#1544=FACE_OUTER_BOUND('',#2545,.T.);
#1545=CYLINDRICAL_SURFACE('',#2546,0.5);
#1546=SURFACE_STYLE_USAGE(.BOTH.,#2547);
#1547=FACE_OUTER_BOUND('',#2548,.T.);
#1548=TOROIDAL_SURFACE('',#2549,0.976303822588964,1.0);
#1549=SURFACE_STYLE_USAGE(.BOTH.,#2550);
#1550=FACE_OUTER_BOUND('',#2551,.T.);
#1551=TOROIDAL_SURFACE('',#2552,0.976303822588964,1.0);
#1552=SURFACE_STYLE_USAGE(.BOTH.,#2553);
#1553=FACE_OUTER_BOUND('',#2554,.T.);
#1554=SPHERICAL_SURFACE('',#2555,3.76536007593542);
#1555=SURFACE_STYLE_USAGE(.BOTH.,#2556);
#1556=FACE_OUTER_BOUND('',#2557,.T.);
#1557=PLANE('',#2558);
#1558=SURFACE_STYLE_USAGE(.BOTH.,#2559);
#1559=FACE_OUTER_BOUND('',#2560,.T.);
#1560=TOROIDAL_SURFACE('',#2561,0.976303822588964,1.0);
#1561=SURFACE_STYLE_USAGE(.BOTH.,#2562);
#1562=FACE_OUTER_BOUND('',#2563,.T.);
#1563=PLANE('',#2564);
#1564=SURFACE_STYLE_USAGE(.BOTH.,#2565);
#1565=FACE_OUTER_BOUND('',#2566,.T.);
#1566=CYLINDRICAL_SURFACE('',#2567,0.3);
#1567=SURFACE_STYLE_USAGE(.BOTH.,#2568);
#1568=FACE_OUTER_BOUND('',#2569,.T.);
#1569=PLANE('',#2570);
#1570=SURFACE_STYLE_USAGE(.BOTH.,#2571);
#1571=FACE_OUTER_BOUND('',#2572,.T.);
#1572=CYLINDRICAL_SURFACE('',#2573,0.3);
#1573=SURFACE_STYLE_USAGE(.BOTH.,#2574);
#1574=FACE_OUTER_BOUND('',#2575,.T.);
#1575=PLANE('',#2576);
#1576=SURFACE_STYLE_USAGE(.BOTH.,#2577);
#1577=FACE_OUTER_BOUND('',#2578,.T.);
#1578=SPHERICAL_SURFACE('',#2579,3.76536007593542);
#1579=SURFACE_STYLE_USAGE(.BOTH.,#2580);
#1580=FACE_OUTER_BOUND('',#2581,.T.);
#1581=PLANE('',#2582);
#1582=SURFACE_STYLE_USAGE(.BOTH.,#2583);
#1583=FACE_OUTER_BOUND('',#2584,.T.);
#1584=PLANE('',#2585);
#1585=SURFACE_STYLE_USAGE(.BOTH.,#2586);
#1586=FACE_OUTER_BOUND('',#2587,.T.);
#1587=TOROIDAL_SURFACE('',#2588,0.976303822588964,1.0);
#1588=SURFACE_STYLE_USAGE(.BOTH.,#2589);
#1589=FACE_OUTER_BOUND('',#2590,.T.);
#1590=CYLINDRICAL_SURFACE('',#2591,1.97630382258896);
#1591=SURFACE_STYLE_USAGE(.BOTH.,#2592);
#1592=FACE_OUTER_BOUND('',#2593,.T.);
#1593=PLANE('',#2594);
#1594=SURFACE_STYLE_USAGE(.BOTH.,#2595);
#1595=FACE_OUTER_BOUND('',#2596,.T.);
#1596=CYLINDRICAL_SURFACE('',#2597,0.3);
#1597=SURFACE_STYLE_USAGE(.BOTH.,#2598);
#1598=FACE_OUTER_BOUND('',#2599,.T.);
#1599=PLANE('',#2600);
#1600=SURFACE_STYLE_USAGE(.BOTH.,#2601);
#1601=FACE_OUTER_BOUND('',#2602,.T.);
#1602=CYLINDRICAL_SURFACE('',#2603,0.3);
#1603=SURFACE_STYLE_USAGE(.BOTH.,#2604);
#1604=FACE_OUTER_BOUND('',#2605,.T.);
#1605=CYLINDRICAL_SURFACE('',#2606,0.3);
#1606=SURFACE_STYLE_USAGE(.BOTH.,#2607);
#1607=FACE_OUTER_BOUND('',#2608,.T.);
#1608=SPHERICAL_SURFACE('',#2609,0.3);
#1609=SURFACE_STYLE_USAGE(.BOTH.,#2610);
#1610=FACE_OUTER_BOUND('',#2611,.T.);
#1611=CYLINDRICAL_SURFACE('',#2612,0.3);
#1612=SURFACE_STYLE_USAGE(.BOTH.,#2613);
#1613=FACE_OUTER_BOUND('',#2614,.T.);
#1614=PLANE('',#2615);
#1615=SURFACE_STYLE_USAGE(.BOTH.,#2616);
#1616=FACE_OUTER_BOUND('',#2617,.T.);
#1617=CYLINDRICAL_SURFACE('',#2618,0.3);
#1618=SURFACE_STYLE_USAGE(.BOTH.,#2619);
#1619=FACE_OUTER_BOUND('',#2620,.T.);
#1620=PLANE('',#2621);
#1621=SURFACE_STYLE_USAGE(.BOTH.,#2622);
#1622=FACE_OUTER_BOUND('',#2623,.T.);
#1623=SPHERICAL_SURFACE('',#2624,3.76536007593542);
#1624=SURFACE_STYLE_USAGE(.BOTH.,#2625);
#1625=FACE_OUTER_BOUND('',#2626,.T.);
#1626=PLANE('',#2627);
#1627=SURFACE_STYLE_USAGE(.BOTH.,#2628);
#1628=FACE_OUTER_BOUND('',#2629,.T.);
#1629=PLANE('',#2630);
#1630=SURFACE_STYLE_USAGE(.BOTH.,#2631);
#1631=FACE_OUTER_BOUND('',#2632,.T.);
#1632=PLANE('',#2633);
#1633=SURFACE_STYLE_USAGE(.BOTH.,#2634);
#1634=FACE_OUTER_BOUND('',#2635,.T.);
#1635=SPHERICAL_SURFACE('',#2636,3.76536007593542);
#1636=SURFACE_STYLE_USAGE(.BOTH.,#2637);
#1637=FACE_OUTER_BOUND('',#2638,.T.);
#1638=PLANE('',#2639);
#1639=SURFACE_STYLE_USAGE(.BOTH.,#2640);
#1640=FACE_OUTER_BOUND('',#2641,.T.);
#1641=CYLINDRICAL_SURFACE('',#2642,1.97630382258896);
#1642=SURFACE_STYLE_USAGE(.BOTH.,#2643);
#1643=FACE_OUTER_BOUND('',#2644,.T.);
#1644=FACE_BOUND('',#2645,.T.);
#1645=PLANE('',#2646);
#1646=SURFACE_STYLE_USAGE(.BOTH.,#2647);
#1647=FACE_OUTER_BOUND('',#2648,.T.);
#1648=CYLINDRICAL_SURFACE('',#2649,0.3);
#1649=SURFACE_STYLE_USAGE(.BOTH.,#2650);
#1650=FACE_OUTER_BOUND('',#2651,.T.);
#1651=CYLINDRICAL_SURFACE('',#2652,0.3);
#1652=SURFACE_STYLE_USAGE(.BOTH.,#2653);
#1653=FACE_OUTER_BOUND('',#2654,.T.);
#1654=CYLINDRICAL_SURFACE('',#2655,0.3);
#1655=SURFACE_STYLE_USAGE(.BOTH.,#2656);
#1656=FACE_OUTER_BOUND('',#2657,.T.);
#1657=PLANE('',#2658);
#1658=SURFACE_STYLE_USAGE(.BOTH.,#2659);
#1659=FACE_OUTER_BOUND('',#2660,.T.);
#1660=SPHERICAL_SURFACE('',#2661,0.3);
#1661=SURFACE_STYLE_USAGE(.BOTH.,#2662);
#1662=FACE_OUTER_BOUND('',#2663,.T.);
#1663=CYLINDRICAL_SURFACE('',#2664,0.3);
#1664=SURFACE_STYLE_USAGE(.BOTH.,#2665);
#1665=FACE_OUTER_BOUND('',#2666,.T.);
#1666=CYLINDRICAL_SURFACE('',#2667,0.3);
#1667=SURFACE_STYLE_USAGE(.BOTH.,#2668);
#1668=FACE_OUTER_BOUND('',#2669,.T.);
#1669=CYLINDRICAL_SURFACE('',#2670,0.3);
#1670=SURFACE_STYLE_USAGE(.BOTH.,#2671);
#1671=FACE_OUTER_BOUND('',#2672,.T.);
#1672=CYLINDRICAL_SURFACE('',#2673,0.3);
#1673=SURFACE_STYLE_USAGE(.BOTH.,#2674);
#1674=FACE_OUTER_BOUND('',#2675,.T.);
#1675=CYLINDRICAL_SURFACE('',#2676,1.27630382258896);
#1676=SURFACE_STYLE_USAGE(.BOTH.,#2677);
#1677=FACE_OUTER_BOUND('',#2678,.T.);
#1678=CYLINDRICAL_SURFACE('',#2679,1.27630382258896);
#1679=SURFACE_STYLE_USAGE(.BOTH.,#2680);
#1680=FACE_OUTER_BOUND('',#2681,.T.);
#1681=SPHERICAL_SURFACE('',#2682,0.3);
#1682=SURFACE_STYLE_USAGE(.BOTH.,#2683);
#1683=FACE_OUTER_BOUND('',#2684,.T.);
#1684=SPHERICAL_SURFACE('',#2685,0.3);
#1685=SURFACE_STYLE_USAGE(.BOTH.,#2686);
#1686=FACE_OUTER_BOUND('',#2687,.T.);
#1687=PLANE('',#2688);
#1688=SURFACE_STYLE_USAGE(.BOTH.,#2689);
#1689=FACE_BOUND('',#2690,.T.);
#1690=FACE_OUTER_BOUND('',#2691,.T.);
#1691=PLANE('',#2692);
#1692=SURFACE_STYLE_USAGE(.BOTH.,#2693);
#1693=FACE_OUTER_BOUND('',#2694,.T.);
#1694=CYLINDRICAL_SURFACE('',#2695,0.1);
#1695=SURFACE_STYLE_USAGE(.BOTH.,#2696);
#1696=FACE_OUTER_BOUND('',#2697,.T.);
#1697=PLANE('',#2698);
#1698=SURFACE_STYLE_USAGE(.BOTH.,#2699);
#1699=FACE_OUTER_BOUND('',#2700,.T.);
#1700=CYLINDRICAL_SURFACE('',#2701,0.1);
#1701=SURFACE_STYLE_USAGE(.BOTH.,#2702);
#1702=FACE_OUTER_BOUND('',#2703,.T.);
#1703=PLANE('',#2704);
#1704=SURFACE_STYLE_USAGE(.BOTH.,#2705);
#1705=FACE_OUTER_BOUND('',#2706,.T.);
#1706=CYLINDRICAL_SURFACE('',#2707,0.0999999999999999);
#1707=SURFACE_STYLE_USAGE(.BOTH.,#2708);
#1708=FACE_OUTER_BOUND('',#2709,.T.);
#1709=PLANE('',#2710);
#1710=SURFACE_STYLE_USAGE(.BOTH.,#2711);
#1711=FACE_OUTER_BOUND('',#2712,.T.);
#1712=CYLINDRICAL_SURFACE('',#2713,0.1);
#1713=SURFACE_STYLE_USAGE(.BOTH.,#2714);
#1714=FACE_OUTER_BOUND('',#2715,.T.);
#1715=PLANE('',#2716);
#1716=SURFACE_STYLE_USAGE(.BOTH.,#2717);
#1717=FACE_OUTER_BOUND('',#2718,.T.);
#1718=PLANE('',#2719);
#1719=SURFACE_STYLE_USAGE(.BOTH.,#2720);
#1720=FACE_OUTER_BOUND('',#2721,.T.);
#1721=CYLINDRICAL_SURFACE('',#2722,0.6);
#1722=SURFACE_STYLE_USAGE(.BOTH.,#2723);
#1723=FACE_OUTER_BOUND('',#2724,.T.);
#1724=PLANE('',#2725);
#1725=SURFACE_STYLE_USAGE(.BOTH.,#2726);
#1726=FACE_OUTER_BOUND('',#2727,.T.);
#1727=CYLINDRICAL_SURFACE('',#2728,0.6);
#1728=SURFACE_STYLE_USAGE(.BOTH.,#2729);
#1729=FACE_BOUND('',#2730,.T.);
#1730=FACE_OUTER_BOUND('',#2731,.T.);
#1731=PLANE('',#2732);
#1732=SURFACE_STYLE_USAGE(.BOTH.,#2733);
#1733=FACE_OUTER_BOUND('',#2734,.T.);
#1734=CYLINDRICAL_SURFACE('',#2735,0.6);
#1735=SURFACE_STYLE_USAGE(.BOTH.,#2736);
#1736=FACE_OUTER_BOUND('',#2737,.T.);
#1737=PLANE('',#2738);
#1738=SURFACE_STYLE_USAGE(.BOTH.,#2739);
#1739=FACE_OUTER_BOUND('',#2740,.T.);
#1740=CYLINDRICAL_SURFACE('',#2741,0.6);
#1741=SURFACE_STYLE_USAGE(.BOTH.,#2742);
#1742=FACE_BOUND('',#2743,.T.);
#1743=FACE_OUTER_BOUND('',#2744,.T.);
#1744=PLANE('',#2745);
#1745=SURFACE_STYLE_USAGE(.BOTH.,#2746);
#1746=FACE_OUTER_BOUND('',#2747,.T.);
#1747=PLANE('',#2748);
#1748=SURFACE_STYLE_USAGE(.BOTH.,#2749);
#1749=FACE_OUTER_BOUND('',#2750,.T.);
#1750=PLANE('',#2751);
#1751=SURFACE_STYLE_USAGE(.BOTH.,#2752);
#1752=FACE_OUTER_BOUND('',#2753,.T.);
#1753=PLANE('',#2754);
#1754=SURFACE_STYLE_USAGE(.BOTH.,#2755);
#1755=FACE_OUTER_BOUND('',#2756,.T.);
#1756=PLANE('',#2757);
#1757=SURFACE_STYLE_USAGE(.BOTH.,#2758);
#1758=FACE_OUTER_BOUND('',#2759,.T.);
#1759=CYLINDRICAL_SURFACE('',#2760,0.5);
#1760=SURFACE_STYLE_USAGE(.BOTH.,#2761);
#1761=FACE_OUTER_BOUND('',#2762,.T.);
#1762=TOROIDAL_SURFACE('',#2763,0.976303822588964,1.0);
#1763=SURFACE_STYLE_USAGE(.BOTH.,#2764);
#1764=FACE_OUTER_BOUND('',#2765,.T.);
#1765=TOROIDAL_SURFACE('',#2766,0.976303822588964,1.0);
#1766=SURFACE_STYLE_USAGE(.BOTH.,#2767);
#1767=FACE_OUTER_BOUND('',#2768,.T.);
#1768=SPHERICAL_SURFACE('',#2769,3.76536007593542);
#1769=SURFACE_STYLE_USAGE(.BOTH.,#2770);
#1770=FACE_OUTER_BOUND('',#2771,.T.);
#1771=PLANE('',#2772);
#1772=SURFACE_STYLE_USAGE(.BOTH.,#2773);
#1773=FACE_OUTER_BOUND('',#2774,.T.);
#1774=TOROIDAL_SURFACE('',#2775,0.976303822588964,1.0);
#1775=SURFACE_STYLE_USAGE(.BOTH.,#2776);
#1776=FACE_OUTER_BOUND('',#2777,.T.);
#1777=PLANE('',#2778);
#1778=SURFACE_STYLE_USAGE(.BOTH.,#2779);
#1779=FACE_OUTER_BOUND('',#2780,.T.);
#1780=CYLINDRICAL_SURFACE('',#2781,0.3);
#1781=SURFACE_STYLE_USAGE(.BOTH.,#2782);
#1782=FACE_OUTER_BOUND('',#2783,.T.);
#1783=PLANE('',#2784);
#1784=SURFACE_STYLE_USAGE(.BOTH.,#2785);
#1785=FACE_OUTER_BOUND('',#2786,.T.);
#1786=CYLINDRICAL_SURFACE('',#2787,0.3);
#1787=SURFACE_STYLE_USAGE(.BOTH.,#2788);
#1788=FACE_OUTER_BOUND('',#2789,.T.);
#1789=PLANE('',#2790);
#1790=SURFACE_STYLE_USAGE(.BOTH.,#2791);
#1791=FACE_OUTER_BOUND('',#2792,.T.);
#1792=SPHERICAL_SURFACE('',#2793,3.76536007593542);
#1793=SURFACE_STYLE_USAGE(.BOTH.,#2794);
#1794=FACE_OUTER_BOUND('',#2795,.T.);
#1795=PLANE('',#2796);
#1796=SURFACE_STYLE_USAGE(.BOTH.,#2797);
#1797=FACE_OUTER_BOUND('',#2798,.T.);
#1798=PLANE('',#2799);
#1799=SURFACE_STYLE_USAGE(.BOTH.,#2800);
#1800=FACE_OUTER_BOUND('',#2801,.T.);
#1801=TOROIDAL_SURFACE('',#2802,0.976303822588964,1.0);
#1802=SURFACE_STYLE_USAGE(.BOTH.,#2803);
#1803=FACE_OUTER_BOUND('',#2804,.T.);
#1804=CYLINDRICAL_SURFACE('',#2805,1.97630382258896);
#1805=SURFACE_STYLE_USAGE(.BOTH.,#2806);
#1806=FACE_OUTER_BOUND('',#2807,.T.);
#1807=PLANE('',#2808);
#1808=SURFACE_STYLE_USAGE(.BOTH.,#2809);
#1809=FACE_OUTER_BOUND('',#2810,.T.);
#1810=CYLINDRICAL_SURFACE('',#2811,0.3);
#1811=SURFACE_STYLE_USAGE(.BOTH.,#2812);
#1812=FACE_OUTER_BOUND('',#2813,.T.);
#1813=PLANE('',#2814);
#1814=SURFACE_STYLE_USAGE(.BOTH.,#2815);
#1815=FACE_OUTER_BOUND('',#2816,.T.);
#1816=CYLINDRICAL_SURFACE('',#2817,0.3);
#1817=SURFACE_STYLE_USAGE(.BOTH.,#2818);
#1818=FACE_OUTER_BOUND('',#2819,.T.);
#1819=CYLINDRICAL_SURFACE('',#2820,0.3);
#1820=SURFACE_STYLE_USAGE(.BOTH.,#2821);
#1821=FACE_OUTER_BOUND('',#2822,.T.);
#1822=SPHERICAL_SURFACE('',#2823,0.3);
#1823=SURFACE_STYLE_USAGE(.BOTH.,#2824);
#1824=FACE_OUTER_BOUND('',#2825,.T.);
#1825=CYLINDRICAL_SURFACE('',#2826,0.3);
#1826=SURFACE_STYLE_USAGE(.BOTH.,#2827);
#1827=FACE_OUTER_BOUND('',#2828,.T.);
#1828=PLANE('',#2829);
#1829=SURFACE_STYLE_USAGE(.BOTH.,#2830);
#1830=FACE_OUTER_BOUND('',#2831,.T.);
#1831=CYLINDRICAL_SURFACE('',#2832,0.3);
#1832=SURFACE_STYLE_USAGE(.BOTH.,#2833);
#1833=FACE_OUTER_BOUND('',#2834,.T.);
#1834=PLANE('',#2835);
#1835=SURFACE_STYLE_USAGE(.BOTH.,#2836);
#1836=FACE_OUTER_BOUND('',#2837,.T.);
#1837=SPHERICAL_SURFACE('',#2838,3.76536007593542);
#1838=SURFACE_STYLE_USAGE(.BOTH.,#2839);
#1839=FACE_OUTER_BOUND('',#2840,.T.);
#1840=PLANE('',#2841);
#1841=SURFACE_STYLE_USAGE(.BOTH.,#2842);
#1842=FACE_OUTER_BOUND('',#2843,.T.);
#1843=PLANE('',#2844);
#1844=SURFACE_STYLE_USAGE(.BOTH.,#2845);
#1845=FACE_OUTER_BOUND('',#2846,.T.);
#1846=PLANE('',#2847);
#1847=SURFACE_STYLE_USAGE(.BOTH.,#2848);
#1848=FACE_OUTER_BOUND('',#2849,.T.);
#1849=SPHERICAL_SURFACE('',#2850,3.76536007593542);
#1850=SURFACE_STYLE_USAGE(.BOTH.,#2851);
#1851=FACE_OUTER_BOUND('',#2852,.T.);
#1852=PLANE('',#2853);
#1853=SURFACE_STYLE_USAGE(.BOTH.,#2854);
#1854=FACE_OUTER_BOUND('',#2855,.T.);
#1855=CYLINDRICAL_SURFACE('',#2856,1.97630382258896);
#1856=SURFACE_STYLE_USAGE(.BOTH.,#2857);
#1857=FACE_OUTER_BOUND('',#2858,.T.);
#1858=FACE_BOUND('',#2859,.T.);
#1859=PLANE('',#2860);
#1860=SURFACE_STYLE_USAGE(.BOTH.,#2861);
#1861=FACE_OUTER_BOUND('',#2862,.T.);
#1862=CYLINDRICAL_SURFACE('',#2863,0.3);
#1863=SURFACE_STYLE_USAGE(.BOTH.,#2864);
#1864=FACE_OUTER_BOUND('',#2865,.T.);
#1865=CYLINDRICAL_SURFACE('',#2866,0.3);
#1866=SURFACE_STYLE_USAGE(.BOTH.,#2867);
#1867=FACE_OUTER_BOUND('',#2868,.T.);
#1868=CYLINDRICAL_SURFACE('',#2869,0.3);
#1869=SURFACE_STYLE_USAGE(.BOTH.,#2870);
#1870=FACE_OUTER_BOUND('',#2871,.T.);
#1871=PLANE('',#2872);
#1872=SURFACE_STYLE_USAGE(.BOTH.,#2873);
#1873=FACE_OUTER_BOUND('',#2874,.T.);
#1874=SPHERICAL_SURFACE('',#2875,0.3);
#1875=SURFACE_STYLE_USAGE(.BOTH.,#2876);
#1876=FACE_OUTER_BOUND('',#2877,.T.);
#1877=CYLINDRICAL_SURFACE('',#2878,0.3);
#1878=SURFACE_STYLE_USAGE(.BOTH.,#2879);
#1879=FACE_OUTER_BOUND('',#2880,.T.);
#1880=CYLINDRICAL_SURFACE('',#2881,0.3);
#1881=SURFACE_STYLE_USAGE(.BOTH.,#2882);
#1882=FACE_OUTER_BOUND('',#2883,.T.);
#1883=CYLINDRICAL_SURFACE('',#2884,0.3);
#1884=SURFACE_STYLE_USAGE(.BOTH.,#2885);
#1885=FACE_OUTER_BOUND('',#2886,.T.);
#1886=CYLINDRICAL_SURFACE('',#2887,0.3);
#1887=SURFACE_STYLE_USAGE(.BOTH.,#2888);
#1888=FACE_OUTER_BOUND('',#2889,.T.);
#1889=CYLINDRICAL_SURFACE('',#2890,1.27630382258896);
#1890=SURFACE_STYLE_USAGE(.BOTH.,#2891);
#1891=FACE_OUTER_BOUND('',#2892,.T.);
#1892=CYLINDRICAL_SURFACE('',#2893,1.27630382258896);
#1893=SURFACE_STYLE_USAGE(.BOTH.,#2894);
#1894=FACE_OUTER_BOUND('',#2895,.T.);
#1895=SPHERICAL_SURFACE('',#2896,0.3);
#1896=SURFACE_STYLE_USAGE(.BOTH.,#2897);
#1897=FACE_OUTER_BOUND('',#2898,.T.);
#1898=SPHERICAL_SURFACE('',#2899,0.3);
#1899=SURFACE_STYLE_USAGE(.BOTH.,#2900);
#1900=FACE_OUTER_BOUND('',#2901,.T.);
#1901=PLANE('',#2902);
#1902=SURFACE_STYLE_USAGE(.BOTH.,#2903);
#1903=FACE_OUTER_BOUND('',#2904,.T.);
#1904=PLANE('',#2905);
#1905=SURFACE_STYLE_USAGE(.BOTH.,#2906);
#1906=FACE_OUTER_BOUND('',#2907,.T.);
#1907=PLANE('',#2908);
#1908=SURFACE_STYLE_USAGE(.BOTH.,#2909);
#1909=FACE_OUTER_BOUND('',#2910,.T.);
#1910=CYLINDRICAL_SURFACE('',#2911,0.6259);
#1911=SURFACE_STYLE_USAGE(.BOTH.,#2912);
#1912=FACE_OUTER_BOUND('',#2913,.T.);
#1913=PLANE('',#2914);
#1914=SURFACE_STYLE_USAGE(.BOTH.,#2915);
#1915=FACE_OUTER_BOUND('',#2916,.T.);
#1916=CYLINDRICAL_SURFACE('',#2917,0.3998);
#1917=SURFACE_STYLE_USAGE(.BOTH.,#2918);
#1918=FACE_OUTER_BOUND('',#2919,.T.);
#1919=PLANE('',#2920);
#1920=SURFACE_STYLE_USAGE(.BOTH.,#2921);
#1921=FACE_OUTER_BOUND('',#2922,.T.);
#1922=CYLINDRICAL_SURFACE('',#2923,0.373600000000019);
#1923=SURFACE_STYLE_USAGE(.BOTH.,#2924);
#1924=FACE_OUTER_BOUND('',#2925,.T.);
#1925=PLANE('',#2926);
#1926=SURFACE_STYLE_USAGE(.BOTH.,#2927);
#1927=FACE_OUTER_BOUND('',#2928,.T.);
#1928=PLANE('',#2929);
#1929=SURFACE_STYLE_USAGE(.BOTH.,#2930);
#1930=FACE_OUTER_BOUND('',#2931,.T.);
#1931=PLANE('',#2932);
#1932=SURFACE_STYLE_USAGE(.BOTH.,#2933);
#1933=FACE_OUTER_BOUND('',#2934,.T.);
#1934=CYLINDRICAL_SURFACE('',#2935,0.173600000000017);
#1935=SURFACE_STYLE_USAGE(.BOTH.,#2936);
#1936=FACE_OUTER_BOUND('',#2937,.T.);
#1937=PLANE('',#2938);
#1938=SURFACE_STYLE_USAGE(.BOTH.,#2939);
#1939=FACE_OUTER_BOUND('',#2940,.T.);
#1940=CYLINDRICAL_SURFACE('',#2941,0.1998);
#1941=SURFACE_STYLE_USAGE(.BOTH.,#2942);
#1942=FACE_OUTER_BOUND('',#2943,.T.);
#1943=PLANE('',#2944);
#1944=SURFACE_STYLE_USAGE(.BOTH.,#2945);
#1945=FACE_OUTER_BOUND('',#2946,.T.);
#1946=CYLINDRICAL_SURFACE('',#2947,0.4259);
#1947=SURFACE_STYLE_USAGE(.BOTH.,#2948);
#1948=FACE_OUTER_BOUND('',#2949,.T.);
#1949=PLANE('',#2950);
#1950=SURFACE_STYLE_USAGE(.BOTH.,#2951);
#1951=FACE_OUTER_BOUND('',#2952,.T.);
#1952=PLANE('',#2953);
#1953=SURFACE_STYLE_USAGE(.BOTH.,#2954);
#1954=FACE_OUTER_BOUND('',#2955,.T.);
#1955=PLANE('',#2956);
#1956=SURFACE_STYLE_USAGE(.BOTH.,#2957);
#1957=FACE_OUTER_BOUND('',#2958,.T.);
#1958=PLANE('',#2959);
#1959=SURFACE_STYLE_USAGE(.BOTH.,#2960);
#1960=FACE_OUTER_BOUND('',#2961,.T.);
#1961=PLANE('',#2962);
#1962=SURFACE_STYLE_USAGE(.BOTH.,#2963);
#1963=FACE_OUTER_BOUND('',#2964,.T.);
#1964=CYLINDRICAL_SURFACE('',#2965,0.6259);
#1965=SURFACE_STYLE_USAGE(.BOTH.,#2966);
#1966=FACE_OUTER_BOUND('',#2967,.T.);
#1967=PLANE('',#2968);
#1968=SURFACE_STYLE_USAGE(.BOTH.,#2969);
#1969=FACE_OUTER_BOUND('',#2970,.T.);
#1970=CYLINDRICAL_SURFACE('',#2971,0.3998);
#1971=SURFACE_STYLE_USAGE(.BOTH.,#2972);
#1972=FACE_OUTER_BOUND('',#2973,.T.);
#1973=PLANE('',#2974);
#1974=SURFACE_STYLE_USAGE(.BOTH.,#2975);
#1975=FACE_OUTER_BOUND('',#2976,.T.);
#1976=CYLINDRICAL_SURFACE('',#2977,0.373600000000019);
#1977=SURFACE_STYLE_USAGE(.BOTH.,#2978);
#1978=FACE_OUTER_BOUND('',#2979,.T.);
#1979=PLANE('',#2980);
#1980=SURFACE_STYLE_USAGE(.BOTH.,#2981);
#1981=FACE_OUTER_BOUND('',#2982,.T.);
#1982=PLANE('',#2983);
#1983=SURFACE_STYLE_USAGE(.BOTH.,#2984);
#1984=FACE_OUTER_BOUND('',#2985,.T.);
#1985=PLANE('',#2986);
#1986=SURFACE_STYLE_USAGE(.BOTH.,#2987);
#1987=FACE_OUTER_BOUND('',#2988,.T.);
#1988=CYLINDRICAL_SURFACE('',#2989,0.173600000000017);
#1989=SURFACE_STYLE_USAGE(.BOTH.,#2990);
#1990=FACE_OUTER_BOUND('',#2991,.T.);
#1991=PLANE('',#2992);
#1992=SURFACE_STYLE_USAGE(.BOTH.,#2993);
#1993=FACE_OUTER_BOUND('',#2994,.T.);
#1994=CYLINDRICAL_SURFACE('',#2995,0.1998);
#1995=SURFACE_STYLE_USAGE(.BOTH.,#2996);
#1996=FACE_OUTER_BOUND('',#2997,.T.);
#1997=PLANE('',#2998);
#1998=SURFACE_STYLE_USAGE(.BOTH.,#2999);
#1999=FACE_OUTER_BOUND('',#3000,.T.);
#2000=CYLINDRICAL_SURFACE('',#3001,0.4259);
#2001=SURFACE_STYLE_USAGE(.BOTH.,#3002);
#2002=FACE_OUTER_BOUND('',#3003,.T.);
#2003=PLANE('',#3004);
#2004=SURFACE_STYLE_USAGE(.BOTH.,#3005);
#2005=FACE_OUTER_BOUND('',#3006,.T.);
#2006=PLANE('',#3007);
#2007=SURFACE_STYLE_USAGE(.BOTH.,#3008);
#2008=FACE_OUTER_BOUND('',#3009,.T.);
#2009=PLANE('',#3010);
#2010=PRODUCT_CONTEXT('',#338,'mechanical');
#2011=PRODUCT_DEFINITION_FORMATION_WITH_SPECIFIED_SOURCE(' ','NONE',#1001,.NOT_KNOWN.);
#2012=CLOSED_SHELL('',(#356,#358,#360,#362,#364,#366,#368,#370,#372,#374,#376,#378,#380,#382,#384,#386,#388,#390,#392,#394,#396,#398,#400,#402,#404,#406,#408,#410,#412,#414,#416,#418,#420,#422,#424,#426,#428,#430,#432,#434,#436,#438,#440,#442,#444,#446,#448,#450,#452,#454,#456,#458,#460,#462,#464,#466,#468,#470,#472,#474,#476,#478,#480,#482,#484,#486,#488,#490,#492,#494,#496,#498,#500,#502,#504,#506,#508,#510,#512,#514,#516,#518,#520,#522,#524,#526,#528,#530,#532,#534,#536,#538,#540,#542,#544,#546,#548,#550,#552,#554,#556,#558,#560,#562,#564,#566,#568,#570,#572,#574,#576,#578,#580,#582,#584,#586,#588,#590,#592,#594,#596,#598,#600,#602,#604,#606,#608,#610,#612,#614,#616,#618,#620,#622,#624,#626,#628,#630,#632,#634,#636,#638,#640,#642,#644,#646,#648));
#2013=ORIENTED_CLOSED_SHELL('',*,#3011,.T.);
#2014=ORIENTED_CLOSED_SHELL('',*,#3012,.T.);
#2015=ORIENTED_CLOSED_SHELL('',*,#3013,.T.);
#2016=ORIENTED_CLOSED_SHELL('',*,#3014,.T.);
#2017=ORIENTED_CLOSED_SHELL('',*,#3015,.T.);
#2018=ORIENTED_CLOSED_SHELL('',*,#3016,.T.);
#2019=CARTESIAN_POINT('',(0.0,0.0,0.0));
#2020=DIRECTION('',(0.0,0.0,1.0));
#2021=DIRECTION('',(1.0,0.0,0.0));
#2022= (NAMED_UNIT(#1010)LENGTH_UNIT()SI_UNIT(.MILLI.,.METRE.));
#2023=SURFACE_SIDE_STYLE('',(#3018));
#2024=EDGE_LOOP('',(#3019,#3020,#3021,#3022,#3023,#3024,#3025,#3026,#3027,#3028,#3029));
#2025=AXIS2_PLACEMENT_3D('',#3030,#3031,#3032);
#2026=SURFACE_SIDE_STYLE('',(#3033));
#2027=EDGE_LOOP('',(#3034,#3035,#3036,#3037));
#2028=AXIS2_PLACEMENT_3D('',#3038,#3039,#3040);
#2029=SURFACE_SIDE_STYLE('',(#3041));
#2030=EDGE_LOOP('',(#3042,#3043,#3044,#3045,#3046,#3047));
#2031=EDGE_LOOP('',(#3048,#3049,#3050,#3051,#3052,#3053,#3054,#3055,#3056,#3057,#3058,#3059,#3060,#3061,#3062,#3063,#3064,#3065,#3066,#3067,#3068,#3069,#3070,#3071,#3072,#3073,#3074,#3075,#3076,#3077,#3078,#3079,#3080,#3081,#3082,#3083,#3084,#3085,#3086,#3087));
#2032=EDGE_LOOP('',(#3088,#3089,#3090,#3091,#3092,#3093,#3094,#3095,#3096,#3097,#3098,#3099));
#2033=EDGE_LOOP('',(#3100,#3101,#3102,#3103,#3104,#3105,#3106,#3107,#3108,#3109,#3110,#3111,#3112,#3113));
#2034=EDGE_LOOP('',(#3114,#3115,#3116,#3117,#3118,#3119,#3120,#3121));
#2035=EDGE_LOOP('',(#3122,#3123,#3124,#3125,#3126,#3127,#3128,#3129,#3130,#3131,#3132,#3133,#3134,#3135,#3136,#3137,#3138,#3139,#3140,#3141));
#2036=AXIS2_PLACEMENT_3D('',#3142,#3143,#3144);
#2037=SURFACE_SIDE_STYLE('',(#3145));
#2038=EDGE_LOOP('',(#3146,#3147,#3148,#3149));
#2039=AXIS2_PLACEMENT_3D('',#3150,#3151,#3152);
#2040=SURFACE_SIDE_STYLE('',(#3153));
#2041=EDGE_LOOP('',(#3154,#3155,#3156,#3157));
#2042=AXIS2_PLACEMENT_3D('',#3158,#3159,#3160);
#2043=SURFACE_SIDE_STYLE('',(#3161));
#2044=EDGE_LOOP('',(#3162,#3163,#3164,#3165));
#2045=AXIS2_PLACEMENT_3D('',#3166,#3167,#3168);
#2046=SURFACE_SIDE_STYLE('',(#3169));
#2047=EDGE_LOOP('',(#3170,#3171));
#2048=EDGE_LOOP('',(#3172,#3173));
#2049=EDGE_LOOP('',(#3174,#3175,#3176,#3177));
#2050=AXIS2_PLACEMENT_3D('',#3178,#3179,#3180);
#2051=SURFACE_SIDE_STYLE('',(#3181));
#2052=EDGE_LOOP('',(#3182,#3183,#3184,#3185,#3186,#3187,#3188,#3189));
#2053=AXIS2_PLACEMENT_3D('',#3190,#3191,#3192);
#2054=SURFACE_SIDE_STYLE('',(#3193));
#2055=EDGE_LOOP('',(#3194,#3195,#3196,#3197,#3198,#3199));
#2056=AXIS2_PLACEMENT_3D('',#3200,#3201,#3202);
#2057=SURFACE_SIDE_STYLE('',(#3203));
#2058=EDGE_LOOP('',(#3204,#3205,#3206,#3207));
#2059=AXIS2_PLACEMENT_3D('',#3208,#3209,#3210);
#2060=SURFACE_SIDE_STYLE('',(#3211));
#2061=EDGE_LOOP('',(#3212,#3213,#3214,#3215));
#2062=AXIS2_PLACEMENT_3D('',#3216,#3217,#3218);
#2063=SURFACE_SIDE_STYLE('',(#3219));
#2064=EDGE_LOOP('',(#3220,#3221,#3222,#3223));
#2065=AXIS2_PLACEMENT_3D('',#3224,#3225,#3226);
#2066=SURFACE_SIDE_STYLE('',(#3227));
#2067=EDGE_LOOP('',(#3228,#3229,#3230,#3231));
#2068=AXIS2_PLACEMENT_3D('',#3232,#3233,#3234);
#2069=SURFACE_SIDE_STYLE('',(#3235));
#2070=EDGE_LOOP('',(#3236,#3237,#3238,#3239));
#2071=AXIS2_PLACEMENT_3D('',#3240,#3241,#3242);
#2072=SURFACE_SIDE_STYLE('',(#3243));
#2073=EDGE_LOOP('',(#3244,#3245,#3246,#3247));
#2074=AXIS2_PLACEMENT_3D('',#3248,#3249,#3250);
#2075=SURFACE_SIDE_STYLE('',(#3251));
#2076=EDGE_LOOP('',(#3252,#3253,#3254,#3255));
#2077=AXIS2_PLACEMENT_3D('',#3256,#3257,#3258);
#2078=SURFACE_SIDE_STYLE('',(#3259));
#2079=EDGE_LOOP('',(#3260,#3261,#3262,#3263));
#2080=AXIS2_PLACEMENT_3D('',#3264,#3265,#3266);
#2081=SURFACE_SIDE_STYLE('',(#3267));
#2082=EDGE_LOOP('',(#3268,#3269,#3270,#3271));
#2083=AXIS2_PLACEMENT_3D('',#3272,#3273,#3274);
#2084=SURFACE_SIDE_STYLE('',(#3275));
#2085=EDGE_LOOP('',(#3276,#3277,#3278,#3279));
#2086=AXIS2_PLACEMENT_3D('',#3280,#3281,#3282);
#2087=SURFACE_SIDE_STYLE('',(#3283));
#2088=EDGE_LOOP('',(#3284,#3285,#3286,#3287));
#2089=AXIS2_PLACEMENT_3D('',#3288,#3289,#3290);
#2090=SURFACE_SIDE_STYLE('',(#3291));
#2091=EDGE_LOOP('',(#3292,#3293,#3294,#3295));
#2092=AXIS2_PLACEMENT_3D('',#3296,#3297,#3298);
#2093=SURFACE_SIDE_STYLE('',(#3299));
#2094=EDGE_LOOP('',(#3300,#3301,#3302,#3303));
#2095=AXIS2_PLACEMENT_3D('',#3304,#3305,#3306);
#2096=SURFACE_SIDE_STYLE('',(#3307));
#2097=EDGE_LOOP('',(#3308,#3309,#3310,#3311));
#2098=AXIS2_PLACEMENT_3D('',#3312,#3313,#3314);
#2099=SURFACE_SIDE_STYLE('',(#3315));
#2100=EDGE_LOOP('',(#3316,#3317,#3318,#3319));
#2101=AXIS2_PLACEMENT_3D('',#3320,#3321,#3322);
#2102=SURFACE_SIDE_STYLE('',(#3323));
#2103=EDGE_LOOP('',(#3324,#3325,#3326,#3327));
#2104=AXIS2_PLACEMENT_3D('',#3328,#3329,#3330);
#2105=SURFACE_SIDE_STYLE('',(#3331));
#2106=EDGE_LOOP('',(#3332,#3333,#3334,#3335));
#2107=AXIS2_PLACEMENT_3D('',#3336,#3337,#3338);
#2108=SURFACE_SIDE_STYLE('',(#3339));
#2109=EDGE_LOOP('',(#3340,#3341,#3342,#3343));
#2110=AXIS2_PLACEMENT_3D('',#3344,#3345,#3346);
#2111=SURFACE_SIDE_STYLE('',(#3347));
#2112=EDGE_LOOP('',(#3348,#3349,#3350,#3351));
#2113=AXIS2_PLACEMENT_3D('',#3352,#3353,#3354);
#2114=SURFACE_SIDE_STYLE('',(#3355));
#2115=EDGE_LOOP('',(#3356,#3357,#3358,#3359));
#2116=AXIS2_PLACEMENT_3D('',#3360,#3361,#3362);
#2117=SURFACE_SIDE_STYLE('',(#3363));
#2118=EDGE_LOOP('',(#3364,#3365,#3366,#3367));
#2119=AXIS2_PLACEMENT_3D('',#3368,#3369,#3370);
#2120=SURFACE_SIDE_STYLE('',(#3371));
#2121=EDGE_LOOP('',(#3372,#3373,#3374,#3375));
#2122=AXIS2_PLACEMENT_3D('',#3376,#3377,#3378);
#2123=SURFACE_SIDE_STYLE('',(#3379));
#2124=EDGE_LOOP('',(#3380,#3381,#3382,#3383));
#2125=AXIS2_PLACEMENT_3D('',#3384,#3385,#3386);
#2126=SURFACE_SIDE_STYLE('',(#3387));
#2127=EDGE_LOOP('',(#3388,#3389,#3390,#3391));
#2128=AXIS2_PLACEMENT_3D('',#3392,#3393,#3394);
#2129=SURFACE_SIDE_STYLE('',(#3395));
#2130=EDGE_LOOP('',(#3396,#3397,#3398,#3399));
#2131=AXIS2_PLACEMENT_3D('',#3400,#3401,#3402);
#2132=SURFACE_SIDE_STYLE('',(#3403));
#2133=EDGE_LOOP('',(#3404,#3405,#3406,#3407));
#2134=AXIS2_PLACEMENT_3D('',#3408,#3409,#3410);
#2135=SURFACE_SIDE_STYLE('',(#3411));
#2136=EDGE_LOOP('',(#3412,#3413,#3414,#3415));
#2137=AXIS2_PLACEMENT_3D('',#3416,#3417,#3418);
#2138=SURFACE_SIDE_STYLE('',(#3419));
#2139=EDGE_LOOP('',(#3420,#3421,#3422,#3423));
#2140=AXIS2_PLACEMENT_3D('',#3424,#3425,#3426);
#2141=SURFACE_SIDE_STYLE('',(#3427));
#2142=EDGE_LOOP('',(#3428,#3429,#3430,#3431));
#2143=AXIS2_PLACEMENT_3D('',#3432,#3433,#3434);
#2144=SURFACE_SIDE_STYLE('',(#3435));
#2145=EDGE_LOOP('',(#3436,#3437,#3438,#3439));
#2146=AXIS2_PLACEMENT_3D('',#3440,#3441,#3442);
#2147=SURFACE_SIDE_STYLE('',(#3443));
#2148=EDGE_LOOP('',(#3444,#3445,#3446,#3447));
#2149=AXIS2_PLACEMENT_3D('',#3448,#3449,#3450);
#2150=SURFACE_SIDE_STYLE('',(#3451));
#2151=EDGE_LOOP('',(#3452,#3453,#3454,#3455));
#2152=AXIS2_PLACEMENT_3D('',#3456,#3457,#3458);
#2153=SURFACE_SIDE_STYLE('',(#3459));
#2154=EDGE_LOOP('',(#3460,#3461,#3462,#3463));
#2155=AXIS2_PLACEMENT_3D('',#3464,#3465,#3466);
#2156=SURFACE_SIDE_STYLE('',(#3467));
#2157=EDGE_LOOP('',(#3468,#3469,#3470,#3471));
#2158=AXIS2_PLACEMENT_3D('',#3472,#3473,#3474);
#2159=SURFACE_SIDE_STYLE('',(#3475));
#2160=EDGE_LOOP('',(#3476,#3477,#3478,#3479));
#2161=AXIS2_PLACEMENT_3D('',#3480,#3481,#3482);
#2162=SURFACE_SIDE_STYLE('',(#3483));
#2163=EDGE_LOOP('',(#3484,#3485,#3486,#3487));
#2164=AXIS2_PLACEMENT_3D('',#3488,#3489,#3490);
#2165=SURFACE_SIDE_STYLE('',(#3491));
#2166=EDGE_LOOP('',(#3492,#3493,#3494,#3495));
#2167=AXIS2_PLACEMENT_3D('',#3496,#3497,#3498);
#2168=SURFACE_SIDE_STYLE('',(#3499));
#2169=EDGE_LOOP('',(#3500,#3501,#3502,#3503));
#2170=AXIS2_PLACEMENT_3D('',#3504,#3505,#3506);
#2171=SURFACE_SIDE_STYLE('',(#3507));
#2172=EDGE_LOOP('',(#3508,#3509,#3510,#3511));
#2173=AXIS2_PLACEMENT_3D('',#3512,#3513,#3514);
#2174=SURFACE_SIDE_STYLE('',(#3515));
#2175=EDGE_LOOP('',(#3516,#3517,#3518,#3519));
#2176=AXIS2_PLACEMENT_3D('',#3520,#3521,#3522);
#2177=SURFACE_SIDE_STYLE('',(#3523));
#2178=EDGE_LOOP('',(#3524,#3525,#3526,#3527));
#2179=AXIS2_PLACEMENT_3D('',#3528,#3529,#3530);
#2180=SURFACE_SIDE_STYLE('',(#3531));
#2181=EDGE_LOOP('',(#3532,#3533,#3534,#3535));
#2182=AXIS2_PLACEMENT_3D('',#3536,#3537,#3538);
#2183=SURFACE_SIDE_STYLE('',(#3539));
#2184=EDGE_LOOP('',(#3540,#3541,#3542,#3543));
#2185=AXIS2_PLACEMENT_3D('',#3544,#3545,#3546);
#2186=SURFACE_SIDE_STYLE('',(#3547));
#2187=EDGE_LOOP('',(#3548,#3549,#3550,#3551));
#2188=AXIS2_PLACEMENT_3D('',#3552,#3553,#3554);
#2189=SURFACE_SIDE_STYLE('',(#3555));
#2190=EDGE_LOOP('',(#3556,#3557,#3558,#3559));
#2191=AXIS2_PLACEMENT_3D('',#3560,#3561,#3562);
#2192=SURFACE_SIDE_STYLE('',(#3563));
#2193=EDGE_LOOP('',(#3564,#3565,#3566,#3567));
#2194=AXIS2_PLACEMENT_3D('',#3568,#3569,#3570);
#2195=SURFACE_SIDE_STYLE('',(#3571));
#2196=EDGE_LOOP('',(#3572,#3573,#3574,#3575));
#2197=AXIS2_PLACEMENT_3D('',#3576,#3577,#3578);
#2198=SURFACE_SIDE_STYLE('',(#3579));
#2199=EDGE_LOOP('',(#3580,#3581,#3582,#3583));
#2200=AXIS2_PLACEMENT_3D('',#3584,#3585,#3586);
#2201=SURFACE_SIDE_STYLE('',(#3587));
#2202=EDGE_LOOP('',(#3588,#3589,#3590,#3591));
#2203=AXIS2_PLACEMENT_3D('',#3592,#3593,#3594);
#2204=SURFACE_SIDE_STYLE('',(#3595));
#2205=EDGE_LOOP('',(#3596,#3597,#3598,#3599));
#2206=AXIS2_PLACEMENT_3D('',#3600,#3601,#3602);
#2207=SURFACE_SIDE_STYLE('',(#3603));
#2208=EDGE_LOOP('',(#3604,#3605,#3606,#3607));
#2209=AXIS2_PLACEMENT_3D('',#3608,#3609,#3610);
#2210=SURFACE_SIDE_STYLE('',(#3611));
#2211=EDGE_LOOP('',(#3612,#3613,#3614,#3615));
#2212=AXIS2_PLACEMENT_3D('',#3616,#3617,#3618);
#2213=SURFACE_SIDE_STYLE('',(#3619));
#2214=EDGE_LOOP('',(#3620,#3621,#3622,#3623));
#2215=AXIS2_PLACEMENT_3D('',#3624,#3625,#3626);
#2216=SURFACE_SIDE_STYLE('',(#3627));
#2217=EDGE_LOOP('',(#3628,#3629,#3630,#3631));
#2218=AXIS2_PLACEMENT_3D('',#3632,#3633,#3634);
#2219=SURFACE_SIDE_STYLE('',(#3635));
#2220=EDGE_LOOP('',(#3636,#3637,#3638,#3639));
#2221=AXIS2_PLACEMENT_3D('',#3640,#3641,#3642);
#2222=SURFACE_SIDE_STYLE('',(#3643));
#2223=EDGE_LOOP('',(#3644,#3645,#3646,#3647));
#2224=AXIS2_PLACEMENT_3D('',#3648,#3649,#3650);
#2225=SURFACE_SIDE_STYLE('',(#3651));
#2226=EDGE_LOOP('',(#3652,#3653,#3654,#3655));
#2227=AXIS2_PLACEMENT_3D('',#3656,#3657,#3658);
#2228=SURFACE_SIDE_STYLE('',(#3659));
#2229=EDGE_LOOP('',(#3660,#3661,#3662,#3663));
#2230=AXIS2_PLACEMENT_3D('',#3664,#3665,#3666);
#2231=SURFACE_SIDE_STYLE('',(#3667));
#2232=EDGE_LOOP('',(#3668,#3669,#3670,#3671));
#2233=AXIS2_PLACEMENT_3D('',#3672,#3673,#3674);
#2234=SURFACE_SIDE_STYLE('',(#3675));
#2235=EDGE_LOOP('',(#3676,#3677,#3678,#3679));
#2236=AXIS2_PLACEMENT_3D('',#3680,#3681,#3682);
#2237=SURFACE_SIDE_STYLE('',(#3683));
#2238=EDGE_LOOP('',(#3684,#3685,#3686,#3687));
#2239=AXIS2_PLACEMENT_3D('',#3688,#3689,#3690);
#2240=SURFACE_SIDE_STYLE('',(#3691));
#2241=EDGE_LOOP('',(#3692,#3693,#3694,#3695));
#2242=AXIS2_PLACEMENT_3D('',#3696,#3697,#3698);
#2243=SURFACE_SIDE_STYLE('',(#3699));
#2244=EDGE_LOOP('',(#3700,#3701,#3702,#3703));
#2245=AXIS2_PLACEMENT_3D('',#3704,#3705,#3706);
#2246=SURFACE_SIDE_STYLE('',(#3707));
#2247=EDGE_LOOP('',(#3708,#3709,#3710,#3711));
#2248=AXIS2_PLACEMENT_3D('',#3712,#3713,#3714);
#2249=SURFACE_SIDE_STYLE('',(#3715));
#2250=EDGE_LOOP('',(#3716,#3717,#3718,#3719));
#2251=AXIS2_PLACEMENT_3D('',#3720,#3721,#3722);
#2252=SURFACE_SIDE_STYLE('',(#3723));
#2253=EDGE_LOOP('',(#3724,#3725,#3726,#3727));
#2254=AXIS2_PLACEMENT_3D('',#3728,#3729,#3730);
#2255=SURFACE_SIDE_STYLE('',(#3731));
#2256=EDGE_LOOP('',(#3732,#3733,#3734,#3735));
#2257=AXIS2_PLACEMENT_3D('',#3736,#3737,#3738);
#2258=SURFACE_SIDE_STYLE('',(#3739));
#2259=EDGE_LOOP('',(#3740,#3741,#3742,#3743));
#2260=AXIS2_PLACEMENT_3D('',#3744,#3745,#3746);
#2261=SURFACE_SIDE_STYLE('',(#3747));
#2262=EDGE_LOOP('',(#3748,#3749,#3750,#3751));
#2263=AXIS2_PLACEMENT_3D('',#3752,#3753,#3754);
#2264=SURFACE_SIDE_STYLE('',(#3755));
#2265=EDGE_LOOP('',(#3756,#3757,#3758,#3759));
#2266=AXIS2_PLACEMENT_3D('',#3760,#3761,#3762);
#2267=SURFACE_SIDE_STYLE('',(#3763));
#2268=EDGE_LOOP('',(#3764,#3765,#3766,#3767));
#2269=AXIS2_PLACEMENT_3D('',#3768,#3769,#3770);
#2270=SURFACE_SIDE_STYLE('',(#3771));
#2271=EDGE_LOOP('',(#3772,#3773,#3774,#3775));
#2272=AXIS2_PLACEMENT_3D('',#3776,#3777,#3778);
#2273=SURFACE_SIDE_STYLE('',(#3779));
#2274=EDGE_LOOP('',(#3780,#3781,#3782,#3783));
#2275=AXIS2_PLACEMENT_3D('',#3784,#3785,#3786);
#2276=SURFACE_SIDE_STYLE('',(#3787));
#2277=EDGE_LOOP('',(#3788,#3789,#3790,#3791));
#2278=AXIS2_PLACEMENT_3D('',#3792,#3793,#3794);
#2279=SURFACE_SIDE_STYLE('',(#3795));
#2280=EDGE_LOOP('',(#3796,#3797,#3798,#3799));
#2281=AXIS2_PLACEMENT_3D('',#3800,#3801,#3802);
#2282=SURFACE_SIDE_STYLE('',(#3803));
#2283=EDGE_LOOP('',(#3804,#3805,#3806,#3807));
#2284=AXIS2_PLACEMENT_3D('',#3808,#3809,#3810);
#2285=SURFACE_SIDE_STYLE('',(#3811));
#2286=EDGE_LOOP('',(#3812,#3813,#3814,#3815));
#2287=AXIS2_PLACEMENT_3D('',#3816,#3817,#3818);
#2288=SURFACE_SIDE_STYLE('',(#3819));
#2289=EDGE_LOOP('',(#3820,#3821,#3822,#3823));
#2290=AXIS2_PLACEMENT_3D('',#3824,#3825,#3826);
#2291=SURFACE_SIDE_STYLE('',(#3827));
#2292=EDGE_LOOP('',(#3828,#3829,#3830,#3831));
#2293=AXIS2_PLACEMENT_3D('',#3832,#3833,#3834);
#2294=SURFACE_SIDE_STYLE('',(#3835));
#2295=EDGE_LOOP('',(#3836,#3837,#3838,#3839));
#2296=AXIS2_PLACEMENT_3D('',#3840,#3841,#3842);
#2297=SURFACE_SIDE_STYLE('',(#3843));
#2298=EDGE_LOOP('',(#3844,#3845,#3846,#3847));
#2299=AXIS2_PLACEMENT_3D('',#3848,#3849,#3850);
#2300=SURFACE_SIDE_STYLE('',(#3851));
#2301=EDGE_LOOP('',(#3852,#3853,#3854,#3855));
#2302=AXIS2_PLACEMENT_3D('',#3856,#3857,#3858);
#2303=SURFACE_SIDE_STYLE('',(#3859));
#2304=EDGE_LOOP('',(#3860,#3861,#3862,#3863));
#2305=AXIS2_PLACEMENT_3D('',#3864,#3865,#3866);
#2306=SURFACE_SIDE_STYLE('',(#3867));
#2307=EDGE_LOOP('',(#3868,#3869,#3870,#3871));
#2308=AXIS2_PLACEMENT_3D('',#3872,#3873,#3874);
#2309=SURFACE_SIDE_STYLE('',(#3875));
#2310=EDGE_LOOP('',(#3876,#3877,#3878,#3879,#3880,#3881));
#2311=AXIS2_PLACEMENT_3D('',#3882,#3883,#3884);
#2312=SURFACE_SIDE_STYLE('',(#3885));
#2313=EDGE_LOOP('',(#3886,#3887,#3888,#3889,#3890,#3891,#3892,#3893,#3894,#3895,#3896));
#2314=AXIS2_PLACEMENT_3D('',#3897,#3898,#3899);
#2315=SURFACE_SIDE_STYLE('',(#3900));
#2316=EDGE_LOOP('',(#3901,#3902,#3903,#3904));
#2317=AXIS2_PLACEMENT_3D('',#3905,#3906,#3907);
#2318=SURFACE_SIDE_STYLE('',(#3908));
#2319=EDGE_LOOP('',(#3909,#3910,#3911,#3912));
#2320=AXIS2_PLACEMENT_3D('',#3913,#3914,#3915);
#2321=SURFACE_SIDE_STYLE('',(#3916));
#2322=EDGE_LOOP('',(#3917,#3918,#3919,#3920));
#2323=AXIS2_PLACEMENT_3D('',#3921,#3922,#3923);
#2324=SURFACE_SIDE_STYLE('',(#3924));
#2325=EDGE_LOOP('',(#3925,#3926,#3927,#3928));
#2326=AXIS2_PLACEMENT_3D('',#3929,#3930,#3931);
#2327=SURFACE_SIDE_STYLE('',(#3932));
#2328=EDGE_LOOP('',(#3933,#3934,#3935,#3936));
#2329=AXIS2_PLACEMENT_3D('',#3937,#3938,#3939);
#2330=SURFACE_SIDE_STYLE('',(#3940));
#2331=EDGE_LOOP('',(#3941,#3942,#3943,#3944));
#2332=AXIS2_PLACEMENT_3D('',#3945,#3946,#3947);
#2333=SURFACE_SIDE_STYLE('',(#3948));
#2334=EDGE_LOOP('',(#3949,#3950,#3951,#3952,#3953,#3954,#3955,#3956));
#2335=AXIS2_PLACEMENT_3D('',#3957,#3958,#3959);
#2336=SURFACE_SIDE_STYLE('',(#3960));
#2337=EDGE_LOOP('',(#3961,#3962,#3963,#3964));
#2338=AXIS2_PLACEMENT_3D('',#3965,#3966,#3967);
#2339=SURFACE_SIDE_STYLE('',(#3968));
#2340=EDGE_LOOP('',(#3969,#3970,#3971,#3972));
#2341=AXIS2_PLACEMENT_3D('',#3973,#3974,#3975);
#2342=SURFACE_SIDE_STYLE('',(#3976));
#2343=EDGE_LOOP('',(#3977,#3978,#3979,#3980));
#2344=AXIS2_PLACEMENT_3D('',#3981,#3982,#3983);
#2345=SURFACE_SIDE_STYLE('',(#3984));
#2346=EDGE_LOOP('',(#3985,#3986,#3987,#3988));
#2347=AXIS2_PLACEMENT_3D('',#3989,#3990,#3991);
#2348=SURFACE_SIDE_STYLE('',(#3992));
#2349=EDGE_LOOP('',(#3993,#3994,#3995,#3996));
#2350=AXIS2_PLACEMENT_3D('',#3997,#3998,#3999);
#2351=SURFACE_SIDE_STYLE('',(#4000));
#2352=EDGE_LOOP('',(#4001,#4002,#4003,#4004));
#2353=AXIS2_PLACEMENT_3D('',#4005,#4006,#4007);
#2354=SURFACE_SIDE_STYLE('',(#4008));
#2355=EDGE_LOOP('',(#4009,#4010,#4011,#4012));
#2356=AXIS2_PLACEMENT_3D('',#4013,#4014,#4015);
#2357=SURFACE_SIDE_STYLE('',(#4016));
#2358=EDGE_LOOP('',(#4017,#4018,#4019,#4020));
#2359=AXIS2_PLACEMENT_3D('',#4021,#4022,#4023);
#2360=SURFACE_SIDE_STYLE('',(#4024));
#2361=EDGE_LOOP('',(#4025,#4026,#4027,#4028,#4029));
#2362=AXIS2_PLACEMENT_3D('',#4030,#4031,#4032);
#2363=SURFACE_SIDE_STYLE('',(#4033));
#2364=EDGE_LOOP('',(#4034,#4035,#4036,#4037,#4038,#4039,#4040,#4041));
#2365=AXIS2_PLACEMENT_3D('',#4042,#4043,#4044);
#2366=SURFACE_SIDE_STYLE('',(#4045));
#2367=EDGE_LOOP('',(#4046,#4047,#4048,#4049,#4050,#4051));
#2368=AXIS2_PLACEMENT_3D('',#4052,#4053,#4054);
#2369=SURFACE_SIDE_STYLE('',(#4055));
#2370=EDGE_LOOP('',(#4056,#4057,#4058,#4059,#4060,#4061,#4062,#4063,#4064,#4065,#4066,#4067,#4068,#4069,#4070,#4071,#4072,#4073,#4074,#4075,#4076,#4077,#4078,#4079,#4080,#4081,#4082,#4083,#4084,#4085,#4086,#4087,#4088,#4089,#4090,#4091,#4092,#4093,#4094,#4095));
#2371=AXIS2_PLACEMENT_3D('',#4096,#4097,#4098);
#2372=SURFACE_SIDE_STYLE('',(#4099));
#2373=EDGE_LOOP('',(#4100,#4101,#4102,#4103,#4104,#4105,#4106,#4107,#4108,#4109,#4110,#4111));
#2374=AXIS2_PLACEMENT_3D('',#4112,#4113,#4114);
#2375=SURFACE_SIDE_STYLE('',(#4115));
#2376=EDGE_LOOP('',(#4116,#4117,#4118,#4119,#4120,#4121,#4122,#4123,#4124,#4125,#4126,#4127));
#2377=EDGE_LOOP('',(#4128,#4129,#4130,#4131,#4132,#4133,#4134,#4135,#4136,#4137,#4138,#4139,#4140,#4141));
#2378=AXIS2_PLACEMENT_3D('',#4142,#4143,#4144);
#2379=SURFACE_SIDE_STYLE('',(#4145));
#2380=EDGE_LOOP('',(#4146,#4147,#4148));
#2381=EDGE_LOOP('',(#4149,#4150,#4151,#4152,#4153,#4154,#4155,#4156));
#2382=AXIS2_PLACEMENT_3D('',#4157,#4158,#4159);
#2383=SURFACE_SIDE_STYLE('',(#4160));
#2384=EDGE_LOOP('',(#4161,#4162,#4163,#4164,#4165,#4166,#4167,#4168));
#2385=AXIS2_PLACEMENT_3D('',#4169,#4170,#4171);
#2386=SURFACE_SIDE_STYLE('',(#4172));
#2387=EDGE_LOOP('',(#4173,#4174,#4175,#4176,#4177));
#2388=AXIS2_PLACEMENT_3D('',#4178,#4179,#4180);
#2389=SURFACE_SIDE_STYLE('',(#4181));
#2390=EDGE_LOOP('',(#4182,#4183,#4184,#4185));
#2391=AXIS2_PLACEMENT_3D('',#4186,#4187,#4188);
#2392=SURFACE_SIDE_STYLE('',(#4189));
#2393=EDGE_LOOP('',(#4190,#4191,#4192,#4193,#4194));
#2394=AXIS2_PLACEMENT_3D('',#4195,#4196,#4197);
#2395=SURFACE_SIDE_STYLE('',(#4198));
#2396=EDGE_LOOP('',(#4199,#4200,#4201,#4202,#4203));
#2397=AXIS2_PLACEMENT_3D('',#4204,#4205,#4206);
#2398=SURFACE_SIDE_STYLE('',(#4207));
#2399=EDGE_LOOP('',(#4208,#4209,#4210,#4211));
#2400=AXIS2_PLACEMENT_3D('',#4212,#4213,#4214);
#2401=SURFACE_SIDE_STYLE('',(#4215));
#2402=EDGE_LOOP('',(#4216,#4217,#4218,#4219));
#2403=AXIS2_PLACEMENT_3D('',#4220,#4221,#4222);
#2404=SURFACE_SIDE_STYLE('',(#4223));
#2405=EDGE_LOOP('',(#4224,#4225,#4226,#4227));
#2406=AXIS2_PLACEMENT_3D('',#4228,#4229,#4230);
#2407=SURFACE_SIDE_STYLE('',(#4231));
#2408=EDGE_LOOP('',(#4232,#4233,#4234,#4235));
#2409=AXIS2_PLACEMENT_3D('',#4236,#4237,#4238);
#2410=SURFACE_SIDE_STYLE('',(#4239));
#2411=EDGE_LOOP('',(#4240,#4241));
#2412=EDGE_LOOP('',(#4242,#4243,#4244,#4245));
#2413=AXIS2_PLACEMENT_3D('',#4246,#4247,#4248);
#2414=SURFACE_SIDE_STYLE('',(#4249));
#2415=EDGE_LOOP('',(#4250,#4251));
#2416=EDGE_LOOP('',(#4252,#4253,#4254,#4255));
#2417=AXIS2_PLACEMENT_3D('',#4256,#4257,#4258);
#2418=SURFACE_SIDE_STYLE('',(#4259));
#2419=EDGE_LOOP('',(#4260,#4261,#4262,#4263));
#2420=AXIS2_PLACEMENT_3D('',#4264,#4265,#4266);
#2421=SURFACE_SIDE_STYLE('',(#4267));
#2422=EDGE_LOOP('',(#4268,#4269,#4270,#4271));
#2423=AXIS2_PLACEMENT_3D('',#4272,#4273,#4274);
#2424=SURFACE_SIDE_STYLE('',(#4275));
#2425=EDGE_LOOP('',(#4276,#4277,#4278,#4279));
#2426=AXIS2_PLACEMENT_3D('',#4280,#4281,#4282);
#2427=SURFACE_SIDE_STYLE('',(#4283));
#2428=EDGE_LOOP('',(#4284,#4285,#4286,#4287));
#2429=AXIS2_PLACEMENT_3D('',#4288,#4289,#4290);
#2430=SURFACE_SIDE_STYLE('',(#4291));
#2431=EDGE_LOOP('',(#4292,#4293,#4294,#4295));
#2432=AXIS2_PLACEMENT_3D('',#4296,#4297,#4298);
#2433=SURFACE_SIDE_STYLE('',(#4299));
#2434=EDGE_LOOP('',(#4300,#4301,#4302,#4303));
#2435=AXIS2_PLACEMENT_3D('',#4304,#4305,#4306);
#2436=SURFACE_SIDE_STYLE('',(#4307));
#2437=EDGE_LOOP('',(#4308,#4309,#4310,#4311));
#2438=AXIS2_PLACEMENT_3D('',#4312,#4313,#4314);
#2439=SURFACE_SIDE_STYLE('',(#4315));
#2440=EDGE_LOOP('',(#4316,#4317,#4318,#4319));
#2441=AXIS2_PLACEMENT_3D('',#4320,#4321,#4322);
#2442=SURFACE_SIDE_STYLE('',(#4323));
#2443=EDGE_LOOP('',(#4324,#4325,#4326,#4327));
#2444=AXIS2_PLACEMENT_3D('',#4328,#4329,#4330);
#2445=SURFACE_SIDE_STYLE('',(#4331));
#2446=EDGE_LOOP('',(#4332,#4333,#4334,#4335));
#2447=AXIS2_PLACEMENT_3D('',#4336,#4337,#4338);
#2448=SURFACE_SIDE_STYLE('',(#4339));
#2449=EDGE_LOOP('',(#4340,#4341,#4342,#4343));
#2450=AXIS2_PLACEMENT_3D('',#4344,#4345,#4346);
#2451=SURFACE_SIDE_STYLE('',(#4347));
#2452=EDGE_LOOP('',(#4348,#4349,#4350,#4351));
#2453=AXIS2_PLACEMENT_3D('',#4352,#4353,#4354);
#2454=SURFACE_SIDE_STYLE('',(#4355));
#2455=EDGE_LOOP('',(#4356,#4357,#4358,#4359));
#2456=AXIS2_PLACEMENT_3D('',#4360,#4361,#4362);
#2457=SURFACE_SIDE_STYLE('',(#4363));
#2458=EDGE_LOOP('',(#4364,#4365,#4366,#4367));
#2459=AXIS2_PLACEMENT_3D('',#4368,#4369,#4370);
#2460=SURFACE_SIDE_STYLE('',(#4371));
#2461=EDGE_LOOP('',(#4372,#4373,#4374,#4375));
#2462=AXIS2_PLACEMENT_3D('',#4376,#4377,#4378);
#2463=SURFACE_SIDE_STYLE('',(#4379));
#2464=EDGE_LOOP('',(#4380,#4381,#4382,#4383));
#2465=AXIS2_PLACEMENT_3D('',#4384,#4385,#4386);
#2466=SURFACE_SIDE_STYLE('',(#4387));
#2467=EDGE_LOOP('',(#4388,#4389,#4390,#4391));
#2468=AXIS2_PLACEMENT_3D('',#4392,#4393,#4394);
#2469=SURFACE_SIDE_STYLE('',(#4395));
#2470=EDGE_LOOP('',(#4396,#4397,#4398,#4399,#4400,#4401,#4402,#4403,#4404,#4405,#4406,#4407));
#2471=AXIS2_PLACEMENT_3D('',#4408,#4409,#4410);
#2472=SURFACE_SIDE_STYLE('',(#4411));
#2473=EDGE_LOOP('',(#4412,#4413,#4414));
#2474=AXIS2_PLACEMENT_3D('',#4415,#4416,#4417);
#2475=SURFACE_SIDE_STYLE('',(#4418));
#2476=EDGE_LOOP('',(#4419,#4420,#4421,#4422,#4423,#4424,#4425,#4426));
#2477=EDGE_LOOP('',(#4427,#4428,#4429,#4430,#4431,#4432,#4433,#4434));
#2478=AXIS2_PLACEMENT_3D('',#4435,#4436,#4437);
#2479=SURFACE_SIDE_STYLE('',(#4438));
#2480=EDGE_LOOP('',(#4439,#4440,#4441,#4442));
#2481=AXIS2_PLACEMENT_3D('',#4443,#4444,#4445);
#2482=SURFACE_SIDE_STYLE('',(#4446));
#2483=EDGE_LOOP('',(#4447,#4448,#4449,#4450));
#2484=AXIS2_PLACEMENT_3D('',#4451,#4452,#4453);
#2485=SURFACE_SIDE_STYLE('',(#4454));
#2486=EDGE_LOOP('',(#4455,#4456,#4457,#4458));
#2487=AXIS2_PLACEMENT_3D('',#4459,#4460,#4461);
#2488=SURFACE_SIDE_STYLE('',(#4462));
#2489=EDGE_LOOP('',(#4463,#4464,#4465,#4466));
#2490=AXIS2_PLACEMENT_3D('',#4467,#4468,#4469);
#2491=SURFACE_SIDE_STYLE('',(#4470));
#2492=EDGE_LOOP('',(#4471,#4472,#4473,#4474));
#2493=AXIS2_PLACEMENT_3D('',#4475,#4476,#4477);
#2494=SURFACE_SIDE_STYLE('',(#4478));
#2495=EDGE_LOOP('',(#4479,#4480,#4481,#4482));
#2496=AXIS2_PLACEMENT_3D('',#4483,#4484,#4485);
#2497=SURFACE_SIDE_STYLE('',(#4486));
#2498=EDGE_LOOP('',(#4487,#4488,#4489,#4490));
#2499=AXIS2_PLACEMENT_3D('',#4491,#4492,#4493);
#2500=SURFACE_SIDE_STYLE('',(#4494));
#2501=EDGE_LOOP('',(#4495,#4496,#4497,#4498));
#2502=AXIS2_PLACEMENT_3D('',#4499,#4500,#4501);
#2503=SURFACE_SIDE_STYLE('',(#4502));
#2504=EDGE_LOOP('',(#4503,#4504,#4505,#4506));
#2505=AXIS2_PLACEMENT_3D('',#4507,#4508,#4509);
#2506=SURFACE_SIDE_STYLE('',(#4510));
#2507=EDGE_LOOP('',(#4511,#4512,#4513,#4514));
#2508=AXIS2_PLACEMENT_3D('',#4515,#4516,#4517);
#2509=SURFACE_SIDE_STYLE('',(#4518));
#2510=EDGE_LOOP('',(#4519,#4520,#4521,#4522));
#2511=AXIS2_PLACEMENT_3D('',#4523,#4524,#4525);
#2512=SURFACE_SIDE_STYLE('',(#4526));
#2513=EDGE_LOOP('',(#4527,#4528,#4529,#4530));
#2514=AXIS2_PLACEMENT_3D('',#4531,#4532,#4533);
#2515=SURFACE_SIDE_STYLE('',(#4534));
#2516=EDGE_LOOP('',(#4535,#4536,#4537,#4538));
#2517=EDGE_LOOP('',(#4539,#4540,#4541,#4542));
#2518=AXIS2_PLACEMENT_3D('',#4543,#4544,#4545);
#2519=SURFACE_SIDE_STYLE('',(#4546));
#2520=EDGE_LOOP('',(#4547,#4548,#4549,#4550));
#2521=AXIS2_PLACEMENT_3D('',#4551,#4552,#4553);
#2522=SURFACE_SIDE_STYLE('',(#4554));
#2523=EDGE_LOOP('',(#4555,#4556,#4557,#4558));
#2524=AXIS2_PLACEMENT_3D('',#4559,#4560,#4561);
#2525=SURFACE_SIDE_STYLE('',(#4562));
#2526=EDGE_LOOP('',(#4563,#4564,#4565,#4566));
#2527=AXIS2_PLACEMENT_3D('',#4567,#4568,#4569);
#2528=SURFACE_SIDE_STYLE('',(#4570));
#2529=EDGE_LOOP('',(#4571,#4572,#4573,#4574,#4575,#4576,#4577,#4578));
#2530=EDGE_LOOP('',(#4579,#4580,#4581,#4582,#4583,#4584,#4585,#4586));
#2531=AXIS2_PLACEMENT_3D('',#4587,#4588,#4589);
#2532=SURFACE_SIDE_STYLE('',(#4590));
#2533=EDGE_LOOP('',(#4591,#4592,#4593,#4594));
#2534=AXIS2_PLACEMENT_3D('',#4595,#4596,#4597);
#2535=SURFACE_SIDE_STYLE('',(#4598));
#2536=EDGE_LOOP('',(#4599,#4600,#4601,#4602));
#2537=AXIS2_PLACEMENT_3D('',#4603,#4604,#4605);
#2538=SURFACE_SIDE_STYLE('',(#4606));
#2539=EDGE_LOOP('',(#4607,#4608,#4609,#4610));
#2540=AXIS2_PLACEMENT_3D('',#4611,#4612,#4613);
#2541=SURFACE_SIDE_STYLE('',(#4614));
#2542=EDGE_LOOP('',(#4615,#4616,#4617,#4618));
#2543=AXIS2_PLACEMENT_3D('',#4619,#4620,#4621);
#2544=SURFACE_SIDE_STYLE('',(#4622));
#2545=EDGE_LOOP('',(#4623,#4624,#4625,#4626));
#2546=AXIS2_PLACEMENT_3D('',#4627,#4628,#4629);
#2547=SURFACE_SIDE_STYLE('',(#4630));
#2548=EDGE_LOOP('',(#4631,#4632,#4633,#4634));
#2549=AXIS2_PLACEMENT_3D('',#4635,#4636,#4637);
#2550=SURFACE_SIDE_STYLE('',(#4638));
#2551=EDGE_LOOP('',(#4639,#4640,#4641,#4642));
#2552=AXIS2_PLACEMENT_3D('',#4643,#4644,#4645);
#2553=SURFACE_SIDE_STYLE('',(#4646));
#2554=EDGE_LOOP('',(#4647,#4648,#4649,#4650));
#2555=AXIS2_PLACEMENT_3D('',#4651,#4652,#4653);
#2556=SURFACE_SIDE_STYLE('',(#4654));
#2557=EDGE_LOOP('',(#4655,#4656,#4657,#4658,#4659));
#2558=AXIS2_PLACEMENT_3D('',#4660,#4661,#4662);
#2559=SURFACE_SIDE_STYLE('',(#4663));
#2560=EDGE_LOOP('',(#4664,#4665,#4666,#4667,#4668,#4669,#4670,#4671,#4672,#4673,#4674,#4675));
#2561=AXIS2_PLACEMENT_3D('',#4676,#4677,#4678);
#2562=SURFACE_SIDE_STYLE('',(#4679));
#2563=EDGE_LOOP('',(#4680,#4681,#4682,#4683,#4684,#4685));
#2564=AXIS2_PLACEMENT_3D('',#4686,#4687,#4688);
#2565=SURFACE_SIDE_STYLE('',(#4689));
#2566=EDGE_LOOP('',(#4690,#4691,#4692,#4693,#4694));
#2567=AXIS2_PLACEMENT_3D('',#4695,#4696,#4697);
#2568=SURFACE_SIDE_STYLE('',(#4698));
#2569=EDGE_LOOP('',(#4699,#4700,#4701,#4702,#4703,#4704));
#2570=AXIS2_PLACEMENT_3D('',#4705,#4706,#4707);
#2571=SURFACE_SIDE_STYLE('',(#4708));
#2572=EDGE_LOOP('',(#4709,#4710,#4711,#4712,#4713));
#2573=AXIS2_PLACEMENT_3D('',#4714,#4715,#4716);
#2574=SURFACE_SIDE_STYLE('',(#4717));
#2575=EDGE_LOOP('',(#4718,#4719,#4720,#4721,#4722));
#2576=AXIS2_PLACEMENT_3D('',#4723,#4724,#4725);
#2577=SURFACE_SIDE_STYLE('',(#4726));
#2578=EDGE_LOOP('',(#4727,#4728,#4729,#4730));
#2579=AXIS2_PLACEMENT_3D('',#4731,#4732,#4733);
#2580=SURFACE_SIDE_STYLE('',(#4734));
#2581=EDGE_LOOP('',(#4735,#4736,#4737,#4738,#4739,#4740));
#2582=AXIS2_PLACEMENT_3D('',#4741,#4742,#4743);
#2583=SURFACE_SIDE_STYLE('',(#4744));
#2584=EDGE_LOOP('',(#4745,#4746,#4747,#4748,#4749,#4750));
#2585=AXIS2_PLACEMENT_3D('',#4751,#4752,#4753);
#2586=SURFACE_SIDE_STYLE('',(#4754));
#2587=EDGE_LOOP('',(#4755,#4756,#4757,#4758,#4759,#4760,#4761,#4762,#4763,#4764,#4765,#4766));
#2588=AXIS2_PLACEMENT_3D('',#4767,#4768,#4769);
#2589=SURFACE_SIDE_STYLE('',(#4770));
#2590=EDGE_LOOP('',(#4771,#4772,#4773,#4774,#4775));
#2591=AXIS2_PLACEMENT_3D('',#4776,#4777,#4778);
#2592=SURFACE_SIDE_STYLE('',(#4779));
#2593=EDGE_LOOP('',(#4780,#4781,#4782,#4783,#4784,#4785));
#2594=AXIS2_PLACEMENT_3D('',#4786,#4787,#4788);
#2595=SURFACE_SIDE_STYLE('',(#4789));
#2596=EDGE_LOOP('',(#4790,#4791,#4792,#4793));
#2597=AXIS2_PLACEMENT_3D('',#4794,#4795,#4796);
#2598=SURFACE_SIDE_STYLE('',(#4797));
#2599=EDGE_LOOP('',(#4798,#4799,#4800,#4801,#4802,#4803,#4804,#4805));
#2600=AXIS2_PLACEMENT_3D('',#4806,#4807,#4808);
#2601=SURFACE_SIDE_STYLE('',(#4809));
#2602=EDGE_LOOP('',(#4810,#4811,#4812,#4813));
#2603=AXIS2_PLACEMENT_3D('',#4814,#4815,#4816);
#2604=SURFACE_SIDE_STYLE('',(#4817));
#2605=EDGE_LOOP('',(#4818,#4819,#4820,#4821,#4822));
#2606=AXIS2_PLACEMENT_3D('',#4823,#4824,#4825);
#2607=SURFACE_SIDE_STYLE('',(#4826));
#2608=EDGE_LOOP('',(#4827,#4828,#4829));
#2609=AXIS2_PLACEMENT_3D('',#4830,#4831,#4832);
#2610=SURFACE_SIDE_STYLE('',(#4833));
#2611=EDGE_LOOP('',(#4834,#4835,#4836,#4837,#4838));
#2612=AXIS2_PLACEMENT_3D('',#4839,#4840,#4841);
#2613=SURFACE_SIDE_STYLE('',(#4842));
#2614=EDGE_LOOP('',(#4843,#4844,#4845,#4846,#4847,#4848,#4849,#4850));
#2615=AXIS2_PLACEMENT_3D('',#4851,#4852,#4853);
#2616=SURFACE_SIDE_STYLE('',(#4854));
#2617=EDGE_LOOP('',(#4855,#4856,#4857,#4858));
#2618=AXIS2_PLACEMENT_3D('',#4859,#4860,#4861);
#2619=SURFACE_SIDE_STYLE('',(#4862));
#2620=EDGE_LOOP('',(#4863,#4864,#4865,#4866,#4867,#4868));
#2621=AXIS2_PLACEMENT_3D('',#4869,#4870,#4871);
#2622=SURFACE_SIDE_STYLE('',(#4872));
#2623=EDGE_LOOP('',(#4873,#4874,#4875,#4876));
#2624=AXIS2_PLACEMENT_3D('',#4877,#4878,#4879);
#2625=SURFACE_SIDE_STYLE('',(#4880));
#2626=EDGE_LOOP('',(#4881,#4882,#4883,#4884,#4885));
#2627=AXIS2_PLACEMENT_3D('',#4886,#4887,#4888);
#2628=SURFACE_SIDE_STYLE('',(#4889));
#2629=EDGE_LOOP('',(#4890,#4891,#4892,#4893,#4894,#4895));
#2630=AXIS2_PLACEMENT_3D('',#4896,#4897,#4898);
#2631=SURFACE_SIDE_STYLE('',(#4899));
#2632=EDGE_LOOP('',(#4900,#4901,#4902,#4903,#4904));
#2633=AXIS2_PLACEMENT_3D('',#4905,#4906,#4907);
#2634=SURFACE_SIDE_STYLE('',(#4908));
#2635=EDGE_LOOP('',(#4909,#4910,#4911,#4912));
#2636=AXIS2_PLACEMENT_3D('',#4913,#4914,#4915);
#2637=SURFACE_SIDE_STYLE('',(#4916));
#2638=EDGE_LOOP('',(#4917,#4918,#4919,#4920,#4921,#4922));
#2639=AXIS2_PLACEMENT_3D('',#4923,#4924,#4925);
#2640=SURFACE_SIDE_STYLE('',(#4926));
#2641=EDGE_LOOP('',(#4927,#4928,#4929,#4930,#4931));
#2642=AXIS2_PLACEMENT_3D('',#4932,#4933,#4934);
#2643=SURFACE_SIDE_STYLE('',(#4935));
#2644=EDGE_LOOP('',(#4936,#4937));
#2645=EDGE_LOOP('',(#4938,#4939));
#2646=AXIS2_PLACEMENT_3D('',#4940,#4941,#4942);
#2647=SURFACE_SIDE_STYLE('',(#4943));
#2648=EDGE_LOOP('',(#4944,#4945,#4946,#4947,#4948));
#2649=AXIS2_PLACEMENT_3D('',#4949,#4950,#4951);
#2650=SURFACE_SIDE_STYLE('',(#4952));
#2651=EDGE_LOOP('',(#4953,#4954,#4955,#4956,#4957));
#2652=AXIS2_PLACEMENT_3D('',#4958,#4959,#4960);
#2653=SURFACE_SIDE_STYLE('',(#4961));
#2654=EDGE_LOOP('',(#4962,#4963,#4964,#4965));
#2655=AXIS2_PLACEMENT_3D('',#4966,#4967,#4968);
#2656=SURFACE_SIDE_STYLE('',(#4969));
#2657=EDGE_LOOP('',(#4970,#4971,#4972,#4973));
#2658=AXIS2_PLACEMENT_3D('',#4974,#4975,#4976);
#2659=SURFACE_SIDE_STYLE('',(#4977));
#2660=EDGE_LOOP('',(#4978,#4979,#4980));
#2661=AXIS2_PLACEMENT_3D('',#4981,#4982,#4983);
#2662=SURFACE_SIDE_STYLE('',(#4984));
#2663=EDGE_LOOP('',(#4985,#4986,#4987,#4988));
#2664=AXIS2_PLACEMENT_3D('',#4989,#4990,#4991);
#2665=SURFACE_SIDE_STYLE('',(#4992));
#2666=EDGE_LOOP('',(#4993,#4994,#4995,#4996,#4997));
#2667=AXIS2_PLACEMENT_3D('',#4998,#4999,#5000);
#2668=SURFACE_SIDE_STYLE('',(#5001));
#2669=EDGE_LOOP('',(#5002,#5003,#5004,#5005,#5006));
#2670=AXIS2_PLACEMENT_3D('',#5007,#5008,#5009);
#2671=SURFACE_SIDE_STYLE('',(#5010));
#2672=EDGE_LOOP('',(#5011,#5012,#5013,#5014));
#2673=AXIS2_PLACEMENT_3D('',#5015,#5016,#5017);
#2674=SURFACE_SIDE_STYLE('',(#5018));
#2675=EDGE_LOOP('',(#5019,#5020,#5021,#5022));
#2676=AXIS2_PLACEMENT_3D('',#5023,#5024,#5025);
#2677=SURFACE_SIDE_STYLE('',(#5026));
#2678=EDGE_LOOP('',(#5027,#5028,#5029,#5030));
#2679=AXIS2_PLACEMENT_3D('',#5031,#5032,#5033);
#2680=SURFACE_SIDE_STYLE('',(#5034));
#2681=EDGE_LOOP('',(#5035,#5036,#5037));
#2682=AXIS2_PLACEMENT_3D('',#5038,#5039,#5040);
#2683=SURFACE_SIDE_STYLE('',(#5041));
#2684=EDGE_LOOP('',(#5042,#5043,#5044));
#2685=AXIS2_PLACEMENT_3D('',#5045,#5046,#5047);
#2686=SURFACE_SIDE_STYLE('',(#5048));
#2687=EDGE_LOOP('',(#5049,#5050));
#2688=AXIS2_PLACEMENT_3D('',#5051,#5052,#5053);
#2689=SURFACE_SIDE_STYLE('',(#5054));
#2690=EDGE_LOOP('',(#5055,#5056,#5057,#5058,#5059,#5060,#5061,#5062));
#2691=EDGE_LOOP('',(#5063,#5064,#5065,#5066,#5067,#5068,#5069,#5070));
#2692=AXIS2_PLACEMENT_3D('',#5071,#5072,#5073);
#2693=SURFACE_SIDE_STYLE('',(#5074));
#2694=EDGE_LOOP('',(#5075,#5076,#5077,#5078));
#2695=AXIS2_PLACEMENT_3D('',#5079,#5080,#5081);
#2696=SURFACE_SIDE_STYLE('',(#5082));
#2697=EDGE_LOOP('',(#5083,#5084,#5085,#5086));
#2698=AXIS2_PLACEMENT_3D('',#5087,#5088,#5089);
#2699=SURFACE_SIDE_STYLE('',(#5090));
#2700=EDGE_LOOP('',(#5091,#5092,#5093,#5094));
#2701=AXIS2_PLACEMENT_3D('',#5095,#5096,#5097);
#2702=SURFACE_SIDE_STYLE('',(#5098));
#2703=EDGE_LOOP('',(#5099,#5100,#5101,#5102));
#2704=AXIS2_PLACEMENT_3D('',#5103,#5104,#5105);
#2705=SURFACE_SIDE_STYLE('',(#5106));
#2706=EDGE_LOOP('',(#5107,#5108,#5109,#5110));
#2707=AXIS2_PLACEMENT_3D('',#5111,#5112,#5113);
#2708=SURFACE_SIDE_STYLE('',(#5114));
#2709=EDGE_LOOP('',(#5115,#5116,#5117,#5118));
#2710=AXIS2_PLACEMENT_3D('',#5119,#5120,#5121);
#2711=SURFACE_SIDE_STYLE('',(#5122));
#2712=EDGE_LOOP('',(#5123,#5124,#5125,#5126));
#2713=AXIS2_PLACEMENT_3D('',#5127,#5128,#5129);
#2714=SURFACE_SIDE_STYLE('',(#5130));
#2715=EDGE_LOOP('',(#5131,#5132,#5133,#5134));
#2716=AXIS2_PLACEMENT_3D('',#5135,#5136,#5137);
#2717=SURFACE_SIDE_STYLE('',(#5138));
#2718=EDGE_LOOP('',(#5139,#5140,#5141,#5142));
#2719=AXIS2_PLACEMENT_3D('',#5143,#5144,#5145);
#2720=SURFACE_SIDE_STYLE('',(#5146));
#2721=EDGE_LOOP('',(#5147,#5148,#5149,#5150));
#2722=AXIS2_PLACEMENT_3D('',#5151,#5152,#5153);
#2723=SURFACE_SIDE_STYLE('',(#5154));
#2724=EDGE_LOOP('',(#5155,#5156,#5157,#5158));
#2725=AXIS2_PLACEMENT_3D('',#5159,#5160,#5161);
#2726=SURFACE_SIDE_STYLE('',(#5162));
#2727=EDGE_LOOP('',(#5163,#5164,#5165,#5166));
#2728=AXIS2_PLACEMENT_3D('',#5167,#5168,#5169);
#2729=SURFACE_SIDE_STYLE('',(#5170));
#2730=EDGE_LOOP('',(#5171,#5172,#5173,#5174));
#2731=EDGE_LOOP('',(#5175,#5176,#5177,#5178));
#2732=AXIS2_PLACEMENT_3D('',#5179,#5180,#5181);
#2733=SURFACE_SIDE_STYLE('',(#5182));
#2734=EDGE_LOOP('',(#5183,#5184,#5185,#5186));
#2735=AXIS2_PLACEMENT_3D('',#5187,#5188,#5189);
#2736=SURFACE_SIDE_STYLE('',(#5190));
#2737=EDGE_LOOP('',(#5191,#5192,#5193,#5194));
#2738=AXIS2_PLACEMENT_3D('',#5195,#5196,#5197);
#2739=SURFACE_SIDE_STYLE('',(#5198));
#2740=EDGE_LOOP('',(#5199,#5200,#5201,#5202));
#2741=AXIS2_PLACEMENT_3D('',#5203,#5204,#5205);
#2742=SURFACE_SIDE_STYLE('',(#5206));
#2743=EDGE_LOOP('',(#5207,#5208,#5209,#5210,#5211,#5212,#5213,#5214));
#2744=EDGE_LOOP('',(#5215,#5216,#5217,#5218,#5219,#5220,#5221,#5222));
#2745=AXIS2_PLACEMENT_3D('',#5223,#5224,#5225);
#2746=SURFACE_SIDE_STYLE('',(#5226));
#2747=EDGE_LOOP('',(#5227,#5228,#5229,#5230));
#2748=AXIS2_PLACEMENT_3D('',#5231,#5232,#5233);
#2749=SURFACE_SIDE_STYLE('',(#5234));
#2750=EDGE_LOOP('',(#5235,#5236,#5237,#5238));
#2751=AXIS2_PLACEMENT_3D('',#5239,#5240,#5241);
#2752=SURFACE_SIDE_STYLE('',(#5242));
#2753=EDGE_LOOP('',(#5243,#5244,#5245,#5246));
#2754=AXIS2_PLACEMENT_3D('',#5247,#5248,#5249);
#2755=SURFACE_SIDE_STYLE('',(#5250));
#2756=EDGE_LOOP('',(#5251,#5252,#5253,#5254));
#2757=AXIS2_PLACEMENT_3D('',#5255,#5256,#5257);
#2758=SURFACE_SIDE_STYLE('',(#5258));
#2759=EDGE_LOOP('',(#5259,#5260,#5261,#5262));
#2760=AXIS2_PLACEMENT_3D('',#5263,#5264,#5265);
#2761=SURFACE_SIDE_STYLE('',(#5266));
#2762=EDGE_LOOP('',(#5267,#5268,#5269,#5270));
#2763=AXIS2_PLACEMENT_3D('',#5271,#5272,#5273);
#2764=SURFACE_SIDE_STYLE('',(#5274));
#2765=EDGE_LOOP('',(#5275,#5276,#5277,#5278));
#2766=AXIS2_PLACEMENT_3D('',#5279,#5280,#5281);
#2767=SURFACE_SIDE_STYLE('',(#5282));
#2768=EDGE_LOOP('',(#5283,#5284,#5285,#5286));
#2769=AXIS2_PLACEMENT_3D('',#5287,#5288,#5289);
#2770=SURFACE_SIDE_STYLE('',(#5290));
#2771=EDGE_LOOP('',(#5291,#5292,#5293,#5294,#5295));
#2772=AXIS2_PLACEMENT_3D('',#5296,#5297,#5298);
#2773=SURFACE_SIDE_STYLE('',(#5299));
#2774=EDGE_LOOP('',(#5300,#5301,#5302,#5303,#5304,#5305,#5306,#5307,#5308,#5309,#5310,#5311));
#2775=AXIS2_PLACEMENT_3D('',#5312,#5313,#5314);
#2776=SURFACE_SIDE_STYLE('',(#5315));
#2777=EDGE_LOOP('',(#5316,#5317,#5318,#5319,#5320,#5321));
#2778=AXIS2_PLACEMENT_3D('',#5322,#5323,#5324);
#2779=SURFACE_SIDE_STYLE('',(#5325));
#2780=EDGE_LOOP('',(#5326,#5327,#5328,#5329,#5330));
#2781=AXIS2_PLACEMENT_3D('',#5331,#5332,#5333);
#2782=SURFACE_SIDE_STYLE('',(#5334));
#2783=EDGE_LOOP('',(#5335,#5336,#5337,#5338,#5339,#5340));
#2784=AXIS2_PLACEMENT_3D('',#5341,#5342,#5343);
#2785=SURFACE_SIDE_STYLE('',(#5344));
#2786=EDGE_LOOP('',(#5345,#5346,#5347,#5348,#5349));
#2787=AXIS2_PLACEMENT_3D('',#5350,#5351,#5352);
#2788=SURFACE_SIDE_STYLE('',(#5353));
#2789=EDGE_LOOP('',(#5354,#5355,#5356,#5357,#5358));
#2790=AXIS2_PLACEMENT_3D('',#5359,#5360,#5361);
#2791=SURFACE_SIDE_STYLE('',(#5362));
#2792=EDGE_LOOP('',(#5363,#5364,#5365,#5366));
#2793=AXIS2_PLACEMENT_3D('',#5367,#5368,#5369);
#2794=SURFACE_SIDE_STYLE('',(#5370));
#2795=EDGE_LOOP('',(#5371,#5372,#5373,#5374,#5375,#5376));
#2796=AXIS2_PLACEMENT_3D('',#5377,#5378,#5379);
#2797=SURFACE_SIDE_STYLE('',(#5380));
#2798=EDGE_LOOP('',(#5381,#5382,#5383,#5384,#5385,#5386));
#2799=AXIS2_PLACEMENT_3D('',#5387,#5388,#5389);
#2800=SURFACE_SIDE_STYLE('',(#5390));
#2801=EDGE_LOOP('',(#5391,#5392,#5393,#5394,#5395,#5396,#5397,#5398,#5399,#5400,#5401,#5402));
#2802=AXIS2_PLACEMENT_3D('',#5403,#5404,#5405);
#2803=SURFACE_SIDE_STYLE('',(#5406));
#2804=EDGE_LOOP('',(#5407,#5408,#5409,#5410,#5411));
#2805=AXIS2_PLACEMENT_3D('',#5412,#5413,#5414);
#2806=SURFACE_SIDE_STYLE('',(#5415));
#2807=EDGE_LOOP('',(#5416,#5417,#5418,#5419,#5420,#5421));
#2808=AXIS2_PLACEMENT_3D('',#5422,#5423,#5424);
#2809=SURFACE_SIDE_STYLE('',(#5425));
#2810=EDGE_LOOP('',(#5426,#5427,#5428,#5429));
#2811=AXIS2_PLACEMENT_3D('',#5430,#5431,#5432);
#2812=SURFACE_SIDE_STYLE('',(#5433));
#2813=EDGE_LOOP('',(#5434,#5435,#5436,#5437,#5438,#5439,#5440,#5441));
#2814=AXIS2_PLACEMENT_3D('',#5442,#5443,#5444);
#2815=SURFACE_SIDE_STYLE('',(#5445));
#2816=EDGE_LOOP('',(#5446,#5447,#5448,#5449));
#2817=AXIS2_PLACEMENT_3D('',#5450,#5451,#5452);
#2818=SURFACE_SIDE_STYLE('',(#5453));
#2819=EDGE_LOOP('',(#5454,#5455,#5456,#5457,#5458));
#2820=AXIS2_PLACEMENT_3D('',#5459,#5460,#5461);
#2821=SURFACE_SIDE_STYLE('',(#5462));
#2822=EDGE_LOOP('',(#5463,#5464,#5465));
#2823=AXIS2_PLACEMENT_3D('',#5466,#5467,#5468);
#2824=SURFACE_SIDE_STYLE('',(#5469));
#2825=EDGE_LOOP('',(#5470,#5471,#5472,#5473,#5474));
#2826=AXIS2_PLACEMENT_3D('',#5475,#5476,#5477);
#2827=SURFACE_SIDE_STYLE('',(#5478));
#2828=EDGE_LOOP('',(#5479,#5480,#5481,#5482,#5483,#5484,#5485,#5486));
#2829=AXIS2_PLACEMENT_3D('',#5487,#5488,#5489);
#2830=SURFACE_SIDE_STYLE('',(#5490));
#2831=EDGE_LOOP('',(#5491,#5492,#5493,#5494));
#2832=AXIS2_PLACEMENT_3D('',#5495,#5496,#5497);
#2833=SURFACE_SIDE_STYLE('',(#5498));
#2834=EDGE_LOOP('',(#5499,#5500,#5501,#5502,#5503,#5504));
#2835=AXIS2_PLACEMENT_3D('',#5505,#5506,#5507);
#2836=SURFACE_SIDE_STYLE('',(#5508));
#2837=EDGE_LOOP('',(#5509,#5510,#5511,#5512));
#2838=AXIS2_PLACEMENT_3D('',#5513,#5514,#5515);
#2839=SURFACE_SIDE_STYLE('',(#5516));
#2840=EDGE_LOOP('',(#5517,#5518,#5519,#5520,#5521));
#2841=AXIS2_PLACEMENT_3D('',#5522,#5523,#5524);
#2842=SURFACE_SIDE_STYLE('',(#5525));
#2843=EDGE_LOOP('',(#5526,#5527,#5528,#5529,#5530,#5531));
#2844=AXIS2_PLACEMENT_3D('',#5532,#5533,#5534);
#2845=SURFACE_SIDE_STYLE('',(#5535));
#2846=EDGE_LOOP('',(#5536,#5537,#5538,#5539,#5540));
#2847=AXIS2_PLACEMENT_3D('',#5541,#5542,#5543);
#2848=SURFACE_SIDE_STYLE('',(#5544));
#2849=EDGE_LOOP('',(#5545,#5546,#5547,#5548));
#2850=AXIS2_PLACEMENT_3D('',#5549,#5550,#5551);
#2851=SURFACE_SIDE_STYLE('',(#5552));
#2852=EDGE_LOOP('',(#5553,#5554,#5555,#5556,#5557,#5558));
#2853=AXIS2_PLACEMENT_3D('',#5559,#5560,#5561);
#2854=SURFACE_SIDE_STYLE('',(#5562));
#2855=EDGE_LOOP('',(#5563,#5564,#5565,#5566,#5567));
#2856=AXIS2_PLACEMENT_3D('',#5568,#5569,#5570);
#2857=SURFACE_SIDE_STYLE('',(#5571));
#2858=EDGE_LOOP('',(#5572,#5573));
#2859=EDGE_LOOP('',(#5574,#5575));
#2860=AXIS2_PLACEMENT_3D('',#5576,#5577,#5578);
#2861=SURFACE_SIDE_STYLE('',(#5579));
#2862=EDGE_LOOP('',(#5580,#5581,#5582,#5583,#5584));
#2863=AXIS2_PLACEMENT_3D('',#5585,#5586,#5587);
#2864=SURFACE_SIDE_STYLE('',(#5588));
#2865=EDGE_LOOP('',(#5589,#5590,#5591,#5592,#5593));
#2866=AXIS2_PLACEMENT_3D('',#5594,#5595,#5596);
#2867=SURFACE_SIDE_STYLE('',(#5597));
#2868=EDGE_LOOP('',(#5598,#5599,#5600,#5601));
#2869=AXIS2_PLACEMENT_3D('',#5602,#5603,#5604);
#2870=SURFACE_SIDE_STYLE('',(#5605));
#2871=EDGE_LOOP('',(#5606,#5607,#5608,#5609));
#2872=AXIS2_PLACEMENT_3D('',#5610,#5611,#5612);
#2873=SURFACE_SIDE_STYLE('',(#5613));
#2874=EDGE_LOOP('',(#5614,#5615,#5616));
#2875=AXIS2_PLACEMENT_3D('',#5617,#5618,#5619);
#2876=SURFACE_SIDE_STYLE('',(#5620));
#2877=EDGE_LOOP('',(#5621,#5622,#5623,#5624));
#2878=AXIS2_PLACEMENT_3D('',#5625,#5626,#5627);
#2879=SURFACE_SIDE_STYLE('',(#5628));
#2880=EDGE_LOOP('',(#5629,#5630,#5631,#5632,#5633));
#2881=AXIS2_PLACEMENT_3D('',#5634,#5635,#5636);
#2882=SURFACE_SIDE_STYLE('',(#5637));
#2883=EDGE_LOOP('',(#5638,#5639,#5640,#5641,#5642));
#2884=AXIS2_PLACEMENT_3D('',#5643,#5644,#5645);
#2885=SURFACE_SIDE_STYLE('',(#5646));
#2886=EDGE_LOOP('',(#5647,#5648,#5649,#5650));
#2887=AXIS2_PLACEMENT_3D('',#5651,#5652,#5653);
#2888=SURFACE_SIDE_STYLE('',(#5654));
#2889=EDGE_LOOP('',(#5655,#5656,#5657,#5658));
#2890=AXIS2_PLACEMENT_3D('',#5659,#5660,#5661);
#2891=SURFACE_SIDE_STYLE('',(#5662));
#2892=EDGE_LOOP('',(#5663,#5664,#5665,#5666));
#2893=AXIS2_PLACEMENT_3D('',#5667,#5668,#5669);
#2894=SURFACE_SIDE_STYLE('',(#5670));
#2895=EDGE_LOOP('',(#5671,#5672,#5673));
#2896=AXIS2_PLACEMENT_3D('',#5674,#5675,#5676);
#2897=SURFACE_SIDE_STYLE('',(#5677));
#2898=EDGE_LOOP('',(#5678,#5679,#5680));
#2899=AXIS2_PLACEMENT_3D('',#5681,#5682,#5683);
#2900=SURFACE_SIDE_STYLE('',(#5684));
#2901=EDGE_LOOP('',(#5685,#5686));
#2902=AXIS2_PLACEMENT_3D('',#5687,#5688,#5689);
#2903=SURFACE_SIDE_STYLE('',(#5690));
#2904=EDGE_LOOP('',(#5691,#5692,#5693,#5694,#5695,#5696,#5697,#5698,#5699,#5700,#5701,#5702,#5703,#5704,#5705,#5706));
#2905=AXIS2_PLACEMENT_3D('',#5707,#5708,#5709);
#2906=SURFACE_SIDE_STYLE('',(#5710));
#2907=EDGE_LOOP('',(#5711,#5712,#5713,#5714));
#2908=AXIS2_PLACEMENT_3D('',#5715,#5716,#5717);
#2909=SURFACE_SIDE_STYLE('',(#5718));
#2910=EDGE_LOOP('',(#5719,#5720,#5721,#5722));
#2911=AXIS2_PLACEMENT_3D('',#5723,#5724,#5725);
#2912=SURFACE_SIDE_STYLE('',(#5726));
#2913=EDGE_LOOP('',(#5727,#5728,#5729,#5730));
#2914=AXIS2_PLACEMENT_3D('',#5731,#5732,#5733);
#2915=SURFACE_SIDE_STYLE('',(#5734));
#2916=EDGE_LOOP('',(#5735,#5736,#5737,#5738));
#2917=AXIS2_PLACEMENT_3D('',#5739,#5740,#5741);
#2918=SURFACE_SIDE_STYLE('',(#5742));
#2919=EDGE_LOOP('',(#5743,#5744,#5745,#5746));
#2920=AXIS2_PLACEMENT_3D('',#5747,#5748,#5749);
#2921=SURFACE_SIDE_STYLE('',(#5750));
#2922=EDGE_LOOP('',(#5751,#5752,#5753,#5754));
#2923=AXIS2_PLACEMENT_3D('',#5755,#5756,#5757);
#2924=SURFACE_SIDE_STYLE('',(#5758));
#2925=EDGE_LOOP('',(#5759,#5760,#5761,#5762));
#2926=AXIS2_PLACEMENT_3D('',#5763,#5764,#5765);
#2927=SURFACE_SIDE_STYLE('',(#5766));
#2928=EDGE_LOOP('',(#5767,#5768,#5769,#5770));
#2929=AXIS2_PLACEMENT_3D('',#5771,#5772,#5773);
#2930=SURFACE_SIDE_STYLE('',(#5774));
#2931=EDGE_LOOP('',(#5775,#5776,#5777,#5778));
#2932=AXIS2_PLACEMENT_3D('',#5779,#5780,#5781);
#2933=SURFACE_SIDE_STYLE('',(#5782));
#2934=EDGE_LOOP('',(#5783,#5784,#5785,#5786));
#2935=AXIS2_PLACEMENT_3D('',#5787,#5788,#5789);
#2936=SURFACE_SIDE_STYLE('',(#5790));
#2937=EDGE_LOOP('',(#5791,#5792,#5793,#5794));
#2938=AXIS2_PLACEMENT_3D('',#5795,#5796,#5797);
#2939=SURFACE_SIDE_STYLE('',(#5798));
#2940=EDGE_LOOP('',(#5799,#5800,#5801,#5802));
#2941=AXIS2_PLACEMENT_3D('',#5803,#5804,#5805);
#2942=SURFACE_SIDE_STYLE('',(#5806));
#2943=EDGE_LOOP('',(#5807,#5808,#5809,#5810));
#2944=AXIS2_PLACEMENT_3D('',#5811,#5812,#5813);
#2945=SURFACE_SIDE_STYLE('',(#5814));
#2946=EDGE_LOOP('',(#5815,#5816,#5817,#5818));
#2947=AXIS2_PLACEMENT_3D('',#5819,#5820,#5821);
#2948=SURFACE_SIDE_STYLE('',(#5822));
#2949=EDGE_LOOP('',(#5823,#5824,#5825,#5826));
#2950=AXIS2_PLACEMENT_3D('',#5827,#5828,#5829);
#2951=SURFACE_SIDE_STYLE('',(#5830));
#2952=EDGE_LOOP('',(#5831,#5832,#5833,#5834));
#2953=AXIS2_PLACEMENT_3D('',#5835,#5836,#5837);
#2954=SURFACE_SIDE_STYLE('',(#5838));
#2955=EDGE_LOOP('',(#5839,#5840,#5841,#5842,#5843,#5844,#5845,#5846,#5847,#5848,#5849,#5850,#5851,#5852,#5853,#5854));
#2956=AXIS2_PLACEMENT_3D('',#5855,#5856,#5857);
#2957=SURFACE_SIDE_STYLE('',(#5858));
#2958=EDGE_LOOP('',(#5859,#5860,#5861,#5862,#5863,#5864,#5865,#5866,#5867,#5868,#5869,#5870,#5871,#5872,#5873,#5874));
#2959=AXIS2_PLACEMENT_3D('',#5875,#5876,#5877);
#2960=SURFACE_SIDE_STYLE('',(#5878));
#2961=EDGE_LOOP('',(#5879,#5880,#5881,#5882));
#2962=AXIS2_PLACEMENT_3D('',#5883,#5884,#5885);
#2963=SURFACE_SIDE_STYLE('',(#5886));
#2964=EDGE_LOOP('',(#5887,#5888,#5889,#5890));
#2965=AXIS2_PLACEMENT_3D('',#5891,#5892,#5893);
#2966=SURFACE_SIDE_STYLE('',(#5894));
#2967=EDGE_LOOP('',(#5895,#5896,#5897,#5898));
#2968=AXIS2_PLACEMENT_3D('',#5899,#5900,#5901);
#2969=SURFACE_SIDE_STYLE('',(#5902));
#2970=EDGE_LOOP('',(#5903,#5904,#5905,#5906));
#2971=AXIS2_PLACEMENT_3D('',#5907,#5908,#5909);
#2972=SURFACE_SIDE_STYLE('',(#5910));
#2973=EDGE_LOOP('',(#5911,#5912,#5913,#5914));
#2974=AXIS2_PLACEMENT_3D('',#5915,#5916,#5917);
#2975=SURFACE_SIDE_STYLE('',(#5918));
#2976=EDGE_LOOP('',(#5919,#5920,#5921,#5922));
#2977=AXIS2_PLACEMENT_3D('',#5923,#5924,#5925);
#2978=SURFACE_SIDE_STYLE('',(#5926));
#2979=EDGE_LOOP('',(#5927,#5928,#5929,#5930));
#2980=AXIS2_PLACEMENT_3D('',#5931,#5932,#5933);
#2981=SURFACE_SIDE_STYLE('',(#5934));
#2982=EDGE_LOOP('',(#5935,#5936,#5937,#5938));
#2983=AXIS2_PLACEMENT_3D('',#5939,#5940,#5941);
#2984=SURFACE_SIDE_STYLE('',(#5942));
#2985=EDGE_LOOP('',(#5943,#5944,#5945,#5946));
#2986=AXIS2_PLACEMENT_3D('',#5947,#5948,#5949);
#2987=SURFACE_SIDE_STYLE('',(#5950));
#2988=EDGE_LOOP('',(#5951,#5952,#5953,#5954));
#2989=AXIS2_PLACEMENT_3D('',#5955,#5956,#5957);
#2990=SURFACE_SIDE_STYLE('',(#5958));
#2991=EDGE_LOOP('',(#5959,#5960,#5961,#5962));
#2992=AXIS2_PLACEMENT_3D('',#5963,#5964,#5965);
#2993=SURFACE_SIDE_STYLE('',(#5966));
#2994=EDGE_LOOP('',(#5967,#5968,#5969,#5970));
#2995=AXIS2_PLACEMENT_3D('',#5971,#5972,#5973);
#2996=SURFACE_SIDE_STYLE('',(#5974));
#2997=EDGE_LOOP('',(#5975,#5976,#5977,#5978));
#2998=AXIS2_PLACEMENT_3D('',#5979,#5980,#5981);
#2999=SURFACE_SIDE_STYLE('',(#5982));
#3000=EDGE_LOOP('',(#5983,#5984,#5985,#5986));
#3001=AXIS2_PLACEMENT_3D('',#5987,#5988,#5989);
#3002=SURFACE_SIDE_STYLE('',(#5990));
#3003=EDGE_LOOP('',(#5991,#5992,#5993,#5994));
#3004=AXIS2_PLACEMENT_3D('',#5995,#5996,#5997);
#3005=SURFACE_SIDE_STYLE('',(#5998));
#3006=EDGE_LOOP('',(#5999,#6000,#6001,#6002));
#3007=AXIS2_PLACEMENT_3D('',#6003,#6004,#6005);
#3008=SURFACE_SIDE_STYLE('',(#6006));
#3009=EDGE_LOOP('',(#6007,#6008,#6009,#6010,#6011,#6012,#6013,#6014,#6015,#6016,#6017,#6018,#6019,#6020,#6021,#6022));
#3010=AXIS2_PLACEMENT_3D('',#6023,#6024,#6025);
#3011=CLOSED_SHELL('',(#650,#652,#654,#656,#658,#660,#662,#664,#666,#668,#670,#672,#674,#676,#678,#680,#682,#684,#686,#688,#690,#692,#694));
#3012=CLOSED_SHELL('',(#696,#698,#700,#702,#704,#706,#708,#710,#712,#714,#716,#718,#720,#722,#724,#726,#728,#730,#732,#734,#736,#738,#740,#742,#744,#746,#748,#750,#752,#754,#756,#758,#760,#762,#764,#766,#768,#770,#772,#774,#776,#778,#780,#782,#784,#786,#788));
#3013=CLOSED_SHELL('',(#790,#792,#794,#796,#798,#800,#802,#804,#806,#808,#810,#812,#814,#816,#818,#820,#822,#824,#826,#828,#830,#832,#834));
#3014=CLOSED_SHELL('',(#836,#838,#840,#842,#844,#846,#848,#850,#852,#854,#856,#858,#860,#862,#864,#866,#868,#870,#872,#874,#876,#878,#880,#882,#884,#886,#888,#890,#892,#894,#896,#898,#900,#902,#904,#906,#908,#910,#912,#914,#916,#918,#920,#922,#924,#926,#928));
#3015=CLOSED_SHELL('',(#930,#932,#934,#936,#938,#940,#942,#944,#946,#948,#950,#952,#954,#956,#958,#960,#962,#964));
#3016=CLOSED_SHELL('',(#966,#968,#970,#972,#974,#976,#978,#980,#982,#984,#986,#988,#990,#992,#994,#996,#998,#1000));
#3018=SURFACE_STYLE_FILL_AREA(#6026);
#3019=ORIENTED_EDGE('',*,*,#6027,.F.);
#3020=ORIENTED_EDGE('',*,*,#6028,.F.);
#3021=ORIENTED_EDGE('',*,*,#6029,.F.);
#3022=ORIENTED_EDGE('',*,*,#6030,.F.);
#3023=ORIENTED_EDGE('',*,*,#6031,.F.);
#3024=ORIENTED_EDGE('',*,*,#6032,.F.);
#3025=ORIENTED_EDGE('',*,*,#6033,.F.);
#3026=ORIENTED_EDGE('',*,*,#6034,.F.);
#3027=ORIENTED_EDGE('',*,*,#6035,.F.);
#3028=ORIENTED_EDGE('',*,*,#6036,.T.);
#3029=ORIENTED_EDGE('',*,*,#6037,.T.);
#3030=CARTESIAN_POINT('',(-5.0,0.0,0.0));
#3031=DIRECTION('',(1.0,0.0,0.0));
#3032=DIRECTION('',(0.0,-1.0,0.0));
#3033=SURFACE_STYLE_FILL_AREA(#6038);
#3034=ORIENTED_EDGE('',*,*,#6039,.F.);
#3035=ORIENTED_EDGE('',*,*,#6040,.F.);
#3036=ORIENTED_EDGE('',*,*,#6041,.T.);
#3037=ORIENTED_EDGE('',*,*,#6027,.T.);
#3038=CARTESIAN_POINT('',(-4.5,-3.35,-5.05));
#3039=DIRECTION('',(-0.196116135138183,-0.98058067569092,-0.0));
#3040=DIRECTION('',(-0.98058067569092,0.196116135138183,0.0));
#3041=SURFACE_STYLE_FILL_AREA(#6042);
#3042=ORIENTED_EDGE('',*,*,#6043,.F.);
#3043=ORIENTED_EDGE('',*,*,#6044,.F.);
#3044=ORIENTED_EDGE('',*,*,#6045,.F.);
#3045=ORIENTED_EDGE('',*,*,#6046,.F.);
#3046=ORIENTED_EDGE('',*,*,#6047,.F.);
#3047=ORIENTED_EDGE('',*,*,#6048,.F.);
#3048=ORIENTED_EDGE('',*,*,#6049,.F.);
#3049=ORIENTED_EDGE('',*,*,#6050,.F.);
#3050=ORIENTED_EDGE('',*,*,#6051,.F.);
#3051=ORIENTED_EDGE('',*,*,#6052,.F.);
#3052=ORIENTED_EDGE('',*,*,#6053,.F.);
#3053=ORIENTED_EDGE('',*,*,#6054,.F.);
#3054=ORIENTED_EDGE('',*,*,#6055,.F.);
#3055=ORIENTED_EDGE('',*,*,#6056,.F.);
#3056=ORIENTED_EDGE('',*,*,#6057,.F.);
#3057=ORIENTED_EDGE('',*,*,#6058,.F.);
#3058=ORIENTED_EDGE('',*,*,#6059,.F.);
#3059=ORIENTED_EDGE('',*,*,#6060,.F.);
#3060=ORIENTED_EDGE('',*,*,#6061,.F.);
#3061=ORIENTED_EDGE('',*,*,#6062,.F.);
#3062=ORIENTED_EDGE('',*,*,#6063,.F.);
#3063=ORIENTED_EDGE('',*,*,#6064,.F.);
#3064=ORIENTED_EDGE('',*,*,#6065,.F.);
#3065=ORIENTED_EDGE('',*,*,#6066,.F.);
#3066=ORIENTED_EDGE('',*,*,#6067,.F.);
#3067=ORIENTED_EDGE('',*,*,#6068,.F.);
#3068=ORIENTED_EDGE('',*,*,#6069,.F.);
#3069=ORIENTED_EDGE('',*,*,#6070,.F.);
#3070=ORIENTED_EDGE('',*,*,#6071,.F.);
#3071=ORIENTED_EDGE('',*,*,#6072,.F.);
#3072=ORIENTED_EDGE('',*,*,#6073,.F.);
#3073=ORIENTED_EDGE('',*,*,#6074,.F.);
#3074=ORIENTED_EDGE('',*,*,#6075,.F.);
#3075=ORIENTED_EDGE('',*,*,#6076,.F.);
#3076=ORIENTED_EDGE('',*,*,#6077,.F.);
#3077=ORIENTED_EDGE('',*,*,#6078,.F.);
#3078=ORIENTED_EDGE('',*,*,#6079,.F.);
#3079=ORIENTED_EDGE('',*,*,#6080,.F.);
#3080=ORIENTED_EDGE('',*,*,#6081,.F.);
#3081=ORIENTED_EDGE('',*,*,#6082,.F.);
#3082=ORIENTED_EDGE('',*,*,#6083,.F.);
#3083=ORIENTED_EDGE('',*,*,#6084,.F.);
#3084=ORIENTED_EDGE('',*,*,#6085,.F.);
#3085=ORIENTED_EDGE('',*,*,#6086,.F.);
#3086=ORIENTED_EDGE('',*,*,#6087,.F.);
#3087=ORIENTED_EDGE('',*,*,#6088,.F.);
#3088=ORIENTED_EDGE('',*,*,#6089,.F.);
#3089=ORIENTED_EDGE('',*,*,#6090,.F.);
#3090=ORIENTED_EDGE('',*,*,#6091,.F.);
#3091=ORIENTED_EDGE('',*,*,#6092,.F.);
#3092=ORIENTED_EDGE('',*,*,#6093,.F.);
#3093=ORIENTED_EDGE('',*,*,#6094,.F.);
#3094=ORIENTED_EDGE('',*,*,#6095,.F.);
#3095=ORIENTED_EDGE('',*,*,#6096,.F.);
#3096=ORIENTED_EDGE('',*,*,#6097,.F.);
#3097=ORIENTED_EDGE('',*,*,#6098,.F.);
#3098=ORIENTED_EDGE('',*,*,#6099,.F.);
#3099=ORIENTED_EDGE('',*,*,#6100,.F.);
#3100=ORIENTED_EDGE('',*,*,#6101,.F.);
#3101=ORIENTED_EDGE('',*,*,#6102,.F.);
#3102=ORIENTED_EDGE('',*,*,#6103,.F.);
#3103=ORIENTED_EDGE('',*,*,#6104,.F.);
#3104=ORIENTED_EDGE('',*,*,#6105,.F.);
#3105=ORIENTED_EDGE('',*,*,#6106,.F.);
#3106=ORIENTED_EDGE('',*,*,#6107,.F.);
#3107=ORIENTED_EDGE('',*,*,#6108,.F.);
#3108=ORIENTED_EDGE('',*,*,#6109,.F.);
#3109=ORIENTED_EDGE('',*,*,#6110,.F.);
#3110=ORIENTED_EDGE('',*,*,#6111,.F.);
#3111=ORIENTED_EDGE('',*,*,#6112,.F.);
#3112=ORIENTED_EDGE('',*,*,#6113,.F.);
#3113=ORIENTED_EDGE('',*,*,#6114,.F.);
#3114=ORIENTED_EDGE('',*,*,#6115,.F.);
#3115=ORIENTED_EDGE('',*,*,#6116,.F.);
#3116=ORIENTED_EDGE('',*,*,#6117,.F.);
#3117=ORIENTED_EDGE('',*,*,#6118,.F.);
#3118=ORIENTED_EDGE('',*,*,#6119,.F.);
#3119=ORIENTED_EDGE('',*,*,#6120,.F.);
#3120=ORIENTED_EDGE('',*,*,#6121,.F.);
#3121=ORIENTED_EDGE('',*,*,#6122,.F.);
#3122=ORIENTED_EDGE('',*,*,#6123,.F.);
#3123=ORIENTED_EDGE('',*,*,#6124,.T.);
#3124=ORIENTED_EDGE('',*,*,#6125,.T.);
#3125=ORIENTED_EDGE('',*,*,#6126,.T.);
#3126=ORIENTED_EDGE('',*,*,#6127,.F.);
#3127=ORIENTED_EDGE('',*,*,#6128,.T.);
#3128=ORIENTED_EDGE('',*,*,#6129,.T.);
#3129=ORIENTED_EDGE('',*,*,#6130,.F.);
#3130=ORIENTED_EDGE('',*,*,#6028,.T.);
#3131=ORIENTED_EDGE('',*,*,#6041,.F.);
#3132=ORIENTED_EDGE('',*,*,#6131,.F.);
#3133=ORIENTED_EDGE('',*,*,#6132,.F.);
#3134=ORIENTED_EDGE('',*,*,#6035,.T.);
#3135=ORIENTED_EDGE('',*,*,#6133,.T.);
#3136=ORIENTED_EDGE('',*,*,#6134,.T.);
#3137=ORIENTED_EDGE('',*,*,#6135,.F.);
#3138=ORIENTED_EDGE('',*,*,#6136,.F.);
#3139=ORIENTED_EDGE('',*,*,#6137,.T.);
#3140=ORIENTED_EDGE('',*,*,#6138,.T.);
#3141=ORIENTED_EDGE('',*,*,#6139,.F.);
#3142=CARTESIAN_POINT('',(-5.0,-3.9,-5.05));
#3143=DIRECTION('',(0.0,0.0,-1.0));
#3144=DIRECTION('',(0.0,1.0,0.0));
#3145=SURFACE_STYLE_FILL_AREA(#6140);
#3146=ORIENTED_EDGE('',*,*,#6130,.T.);
#3147=ORIENTED_EDGE('',*,*,#6141,.F.);
#3148=ORIENTED_EDGE('',*,*,#6142,.F.);
#3149=ORIENTED_EDGE('',*,*,#6029,.T.);
#3150=CARTESIAN_POINT('',(-5.0,-3.9,1.85));
#3151=DIRECTION('',(0.0,-1.0,0.0));
#3152=DIRECTION('',(0.0,0.0,-1.0));
#3153=SURFACE_STYLE_FILL_AREA(#6143);
#3154=ORIENTED_EDGE('',*,*,#6142,.T.);
#3155=ORIENTED_EDGE('',*,*,#6144,.F.);
#3156=ORIENTED_EDGE('',*,*,#6145,.F.);
#3157=ORIENTED_EDGE('',*,*,#6030,.T.);
#3158=CARTESIAN_POINT('',(-5.0,-2.55,1.85));
#3159=DIRECTION('',(-0.0,1.64477485129653E-16,1.0));
#3160=DIRECTION('',(0.0,-1.0,1.64477485129653E-16));
#3161=SURFACE_STYLE_FILL_AREA(#6146);
#3162=ORIENTED_EDGE('',*,*,#6145,.T.);
#3163=ORIENTED_EDGE('',*,*,#6147,.F.);
#3164=ORIENTED_EDGE('',*,*,#6148,.F.);
#3165=ORIENTED_EDGE('',*,*,#6031,.T.);
#3166=CARTESIAN_POINT('',(-5.0,-2.55,5.05));
#3167=DIRECTION('',(0.0,-1.0,0.0));
#3168=DIRECTION('',(0.0,0.0,-1.0));
#3169=SURFACE_STYLE_FILL_AREA(#6149);
#3170=ORIENTED_EDGE('',*,*,#6150,.T.);
#3171=ORIENTED_EDGE('',*,*,#6151,.T.);
#3172=ORIENTED_EDGE('',*,*,#6152,.T.);
#3173=ORIENTED_EDGE('',*,*,#6153,.T.);
#3174=ORIENTED_EDGE('',*,*,#6148,.T.);
#3175=ORIENTED_EDGE('',*,*,#6154,.F.);
#3176=ORIENTED_EDGE('',*,*,#6155,.F.);
#3177=ORIENTED_EDGE('',*,*,#6032,.T.);
#3178=CARTESIAN_POINT('',(-5.0,2.45,5.05));
#3179=DIRECTION('',(-0.0,0.0,1.0));
#3180=DIRECTION('',(0.0,-1.0,0.0));
#3181=SURFACE_STYLE_FILL_AREA(#6156);
#3182=ORIENTED_EDGE('',*,*,#6157,.F.);
#3183=ORIENTED_EDGE('',*,*,#6158,.F.);
#3184=ORIENTED_EDGE('',*,*,#6159,.F.);
#3185=ORIENTED_EDGE('',*,*,#6033,.T.);
#3186=ORIENTED_EDGE('',*,*,#6155,.T.);
#3187=ORIENTED_EDGE('',*,*,#6160,.F.);
#3188=ORIENTED_EDGE('',*,*,#6161,.F.);
#3189=ORIENTED_EDGE('',*,*,#6162,.F.);
#3190=CARTESIAN_POINT('',(-5.0,3.9,1.35));
#3191=DIRECTION('',(-0.0,0.931057024993514,0.364873698983945));
#3192=DIRECTION('',(0.0,-0.364873698983945,0.931057024993514));
#3193=SURFACE_STYLE_FILL_AREA(#6163);
#3194=ORIENTED_EDGE('',*,*,#6133,.F.);
#3195=ORIENTED_EDGE('',*,*,#6034,.T.);
#3196=ORIENTED_EDGE('',*,*,#6159,.T.);
#3197=ORIENTED_EDGE('',*,*,#6164,.T.);
#3198=ORIENTED_EDGE('',*,*,#6165,.T.);
#3199=ORIENTED_EDGE('',*,*,#6166,.F.);
#3200=CARTESIAN_POINT('',(-5.0,3.9,-5.05));
#3201=DIRECTION('',(0.0,1.0,0.0));
#3202=DIRECTION('',(0.0,0.0,1.0));
#3203=SURFACE_STYLE_FILL_AREA(#6167);
#3204=ORIENTED_EDGE('',*,*,#6132,.T.);
#3205=ORIENTED_EDGE('',*,*,#6168,.T.);
#3206=ORIENTED_EDGE('',*,*,#6169,.F.);
#3207=ORIENTED_EDGE('',*,*,#6036,.F.);
#3208=CARTESIAN_POINT('',(-5.0,-2.55,-5.05));
#3209=DIRECTION('',(-0.196116135138184,0.98058067569092,0.0));
#3210=DIRECTION('',(0.98058067569092,0.196116135138184,0.0));
#3211=SURFACE_STYLE_FILL_AREA(#6170);
#3212=ORIENTED_EDGE('',*,*,#6169,.T.);
#3213=ORIENTED_EDGE('',*,*,#6171,.T.);
#3214=ORIENTED_EDGE('',*,*,#6039,.T.);
#3215=ORIENTED_EDGE('',*,*,#6037,.F.);
#3216=CARTESIAN_POINT('',(-5.0,0.0,1.15));
#3217=DIRECTION('',(-0.0,-0.0,-1.0));
#3218=DIRECTION('',(0.0,-1.0,0.0));
#3219=SURFACE_STYLE_FILL_AREA(#6172);
#3220=ORIENTED_EDGE('',*,*,#6040,.T.);
#3221=ORIENTED_EDGE('',*,*,#6171,.F.);
#3222=ORIENTED_EDGE('',*,*,#6168,.F.);
#3223=ORIENTED_EDGE('',*,*,#6131,.T.);
#3224=CARTESIAN_POINT('',(-4.5,-2.45,-5.05));
#3225=DIRECTION('',(1.0,0.0,0.0));
#3226=DIRECTION('',(0.0,-1.0,0.0));
#3227=SURFACE_STYLE_FILL_AREA(#6173);
#3228=ORIENTED_EDGE('',*,*,#6174,.T.);
#3229=ORIENTED_EDGE('',*,*,#6175,.F.);
#3230=ORIENTED_EDGE('',*,*,#6176,.F.);
#3231=ORIENTED_EDGE('',*,*,#6043,.T.);
#3232=CARTESIAN_POINT('',(-1.229,-2.9126,-5.05));
#3233=DIRECTION('',(-0.0,-1.0,-0.0));
#3234=DIRECTION('',(-1.0,0.0,0.0));
#3235=SURFACE_STYLE_FILL_AREA(#6177);
#3236=ORIENTED_EDGE('',*,*,#6176,.T.);
#3237=ORIENTED_EDGE('',*,*,#6178,.F.);
#3238=ORIENTED_EDGE('',*,*,#6179,.F.);
#3239=ORIENTED_EDGE('',*,*,#6044,.T.);
#3240=CARTESIAN_POINT('',(-1.229,-2.38919574449062,-5.05));
#3241=DIRECTION('',(1.0,0.0,0.0));
#3242=DIRECTION('',(0.0,-1.0,0.0));
#3243=SURFACE_STYLE_FILL_AREA(#6180);
#3244=ORIENTED_EDGE('',*,*,#6179,.T.);
#3245=ORIENTED_EDGE('',*,*,#6181,.F.);
#3246=ORIENTED_EDGE('',*,*,#6182,.F.);
#3247=ORIENTED_EDGE('',*,*,#6045,.T.);
#3248=CARTESIAN_POINT('',(-0.854,-2.38919574449062,-5.05));
#3249=DIRECTION('',(-0.0,-1.0,-0.0));
#3250=DIRECTION('',(-1.0,0.0,0.0));
#3251=SURFACE_STYLE_FILL_AREA(#6183);
#3252=ORIENTED_EDGE('',*,*,#6182,.T.);
#3253=ORIENTED_EDGE('',*,*,#6184,.F.);
#3254=ORIENTED_EDGE('',*,*,#6185,.F.);
#3255=ORIENTED_EDGE('',*,*,#6046,.T.);
#3256=CARTESIAN_POINT('',(-0.854,-2.3126,-5.05));
#3257=DIRECTION('',(1.0,0.0,0.0));
#3258=DIRECTION('',(0.0,-1.0,0.0));
#3259=SURFACE_STYLE_FILL_AREA(#6186);
#3260=ORIENTED_EDGE('',*,*,#6185,.T.);
#3261=ORIENTED_EDGE('',*,*,#6187,.F.);
#3262=ORIENTED_EDGE('',*,*,#6188,.F.);
#3263=ORIENTED_EDGE('',*,*,#6047,.T.);
#3264=CARTESIAN_POINT('',(-1.304,-2.3126,-5.05));
#3265=DIRECTION('',(-0.0,1.0,0.0));
#3266=DIRECTION('',(1.0,0.0,0.0));
#3267=SURFACE_STYLE_FILL_AREA(#6189);
#3268=ORIENTED_EDGE('',*,*,#6188,.T.);
#3269=ORIENTED_EDGE('',*,*,#6190,.F.);
#3270=ORIENTED_EDGE('',*,*,#6174,.F.);
#3271=ORIENTED_EDGE('',*,*,#6048,.T.);
#3272=CARTESIAN_POINT('',(-1.304,-2.9126,-5.05));
#3273=DIRECTION('',(-1.0,0.0,0.0));
#3274=DIRECTION('',(0.0,1.0,0.0));
#3275=SURFACE_STYLE_FILL_AREA(#6191);
#3276=ORIENTED_EDGE('',*,*,#6192,.T.);
#3277=ORIENTED_EDGE('',*,*,#6193,.F.);
#3278=ORIENTED_EDGE('',*,*,#6194,.F.);
#3279=ORIENTED_EDGE('',*,*,#6049,.T.);
#3280=CARTESIAN_POINT('',(-0.278999976158143,-2.40196170041561,-5.05));
#3281=DIRECTION('',(0.981359277836549,0.192182121447672,0.0));
#3282=DIRECTION('',(0.192182121447672,-0.981359277836549,0.0));
#3283=SURFACE_STYLE_FILL_AREA(#6195);
#3284=ORIENTED_EDGE('',*,*,#6194,.T.);
#3285=ORIENTED_EDGE('',*,*,#6196,.F.);
#3286=ORIENTED_EDGE('',*,*,#6197,.F.);
#3287=ORIENTED_EDGE('',*,*,#6050,.T.);
#3288=CARTESIAN_POINT('',(-0.329000000000001,-2.35089787224531,-5.05));
#3289=DIRECTION('',(0.714510248652577,0.699624974232934,0.0));
#3290=DIRECTION('',(0.699624974232934,-0.714510248652577,0.0));
#3291=SURFACE_STYLE_FILL_AREA(#6198);
#3292=ORIENTED_EDGE('',*,*,#6197,.T.);
#3293=ORIENTED_EDGE('',*,*,#6199,.F.);
#3294=ORIENTED_EDGE('',*,*,#6200,.F.);
#3295=ORIENTED_EDGE('',*,*,#6051,.T.);
#3296=CARTESIAN_POINT('',(-0.379000023841858,-2.32536595704258,-5.05));
#3297=DIRECTION('',(0.454776988911745,0.890605350509622,0.0));
#3298=DIRECTION('',(0.890605350509622,-0.454776988911745,0.0));
#3299=SURFACE_STYLE_FILL_AREA(#6201);
#3300=ORIENTED_EDGE('',*,*,#6200,.T.);
#3301=ORIENTED_EDGE('',*,*,#6202,.F.);
#3302=ORIENTED_EDGE('',*,*,#6203,.F.);
#3303=ORIENTED_EDGE('',*,*,#6052,.T.);
#3304=CARTESIAN_POINT('',(-0.4415,-2.3126,-5.05));
#3305=DIRECTION('',(0.200123445161479,0.979770690874503,0.0));
#3306=DIRECTION('',(0.979770690874503,-0.200123445161479,0.0));
#3307=SURFACE_STYLE_FILL_AREA(#6204);
#3308=ORIENTED_EDGE('',*,*,#6203,.T.);
#3309=ORIENTED_EDGE('',*,*,#6205,.F.);
#3310=ORIENTED_EDGE('',*,*,#6206,.F.);
#3311=ORIENTED_EDGE('',*,*,#6053,.T.);
#3312=CARTESIAN_POINT('',(-0.554,-2.3126,-5.05));
#3313=DIRECTION('',(-0.0,1.0,0.0));
#3314=DIRECTION('',(1.0,0.0,0.0));
#3315=SURFACE_STYLE_FILL_AREA(#6207);
#3316=ORIENTED_EDGE('',*,*,#6206,.T.);
#3317=ORIENTED_EDGE('',*,*,#6208,.F.);
#3318=ORIENTED_EDGE('',*,*,#6209,.F.);
#3319=ORIENTED_EDGE('',*,*,#6054,.T.);
#3320=CARTESIAN_POINT('',(-0.616499976158142,-2.32536595704258,-5.05));
#3321=DIRECTION('',(-0.200123445161482,0.979770690874502,0.0));
#3322=DIRECTION('',(0.979770690874502,0.200123445161482,0.0));
#3323=SURFACE_STYLE_FILL_AREA(#6210);
#3324=ORIENTED_EDGE('',*,*,#6209,.T.);
#3325=ORIENTED_EDGE('',*,*,#6211,.F.);
#3326=ORIENTED_EDGE('',*,*,#6212,.F.);
#3327=ORIENTED_EDGE('',*,*,#6055,.T.);
#3328=CARTESIAN_POINT('',(-0.6665,-2.35089787224531,-5.05));
#3329=DIRECTION('',(-0.454776988911738,0.890605350509626,0.0));
#3330=DIRECTION('',(0.890605350509626,0.454776988911738,0.0));
#3331=SURFACE_STYLE_FILL_AREA(#6213);
#3332=ORIENTED_EDGE('',*,*,#6212,.T.);
#3333=ORIENTED_EDGE('',*,*,#6214,.F.);
#3334=ORIENTED_EDGE('',*,*,#6215,.F.);
#3335=ORIENTED_EDGE('',*,*,#6056,.T.);
#3336=CARTESIAN_POINT('',(-0.716499988079072,-2.40196170041561,-5.05));
#3337=DIRECTION('',(-0.714510498802447,0.699624718760765,0.0));
#3338=DIRECTION('',(0.699624718760765,0.714510498802447,0.0));
#3339=SURFACE_STYLE_FILL_AREA(#6216);
#3340=ORIENTED_EDGE('',*,*,#6215,.T.);
#3341=ORIENTED_EDGE('',*,*,#6217,.F.);
#3342=ORIENTED_EDGE('',*,*,#6218,.F.);
#3343=ORIENTED_EDGE('',*,*,#6057,.T.);
#3344=CARTESIAN_POINT('',(-0.7415,-2.45302553305626,-5.05));
#3345=DIRECTION('',(-0.898138044771334,0.439713602853409,0.0));
#3346=DIRECTION('',(0.439713602853409,0.898138044771334,0.0));
#3347=SURFACE_STYLE_FILL_AREA(#6219);
#3348=ORIENTED_EDGE('',*,*,#6218,.T.);
#3349=ORIENTED_EDGE('',*,*,#6220,.F.);
#3350=ORIENTED_EDGE('',*,*,#6221,.F.);
#3351=ORIENTED_EDGE('',*,*,#6058,.T.);
#3352=CARTESIAN_POINT('',(-0.753999988079071,-2.5168553126812,-5.05));
#3353=DIRECTION('',(-0.98135916905987,0.192182676904349,0.0));
#3354=DIRECTION('',(0.192182676904349,0.98135916905987,0.0));
#3355=SURFACE_STYLE_FILL_AREA(#6222);
#3356=ORIENTED_EDGE('',*,*,#6221,.T.);
#3357=ORIENTED_EDGE('',*,*,#6223,.F.);
#3358=ORIENTED_EDGE('',*,*,#6224,.F.);
#3359=ORIENTED_EDGE('',*,*,#6059,.T.);
#3360=CARTESIAN_POINT('',(-0.753999988079071,-2.70834466943741,-5.05));
#3361=DIRECTION('',(-1.0,0.0,0.0));
#3362=DIRECTION('',(0.0,1.0,0.0));
#3363=SURFACE_STYLE_FILL_AREA(#6225);
#3364=ORIENTED_EDGE('',*,*,#6224,.T.);
#3365=ORIENTED_EDGE('',*,*,#6226,.F.);
#3366=ORIENTED_EDGE('',*,*,#6227,.F.);
#3367=ORIENTED_EDGE('',*,*,#6060,.T.);
#3368=CARTESIAN_POINT('',(-0.7415,-2.77217448482513,-5.05));
#3369=DIRECTION('',(-0.981359189367728,-0.192182573204534,-0.0));
#3370=DIRECTION('',(-0.192182573204534,0.981359189367728,0.0));
#3371=SURFACE_STYLE_FILL_AREA(#6228);
#3372=ORIENTED_EDGE('',*,*,#6227,.T.);
#3373=ORIENTED_EDGE('',*,*,#6229,.F.);
#3374=ORIENTED_EDGE('',*,*,#6230,.F.);
#3375=ORIENTED_EDGE('',*,*,#6061,.T.);
#3376=CARTESIAN_POINT('',(-0.716499988079072,-2.82323830852509,-5.05));
#3377=DIRECTION('',(-0.898138014366619,-0.439713664956625,-0.0));
#3378=DIRECTION('',(-0.439713664956625,0.898138014366619,0.0));
#3379=SURFACE_STYLE_FILL_AREA(#6231);
#3380=ORIENTED_EDGE('',*,*,#6230,.T.);
#3381=ORIENTED_EDGE('',*,*,#6232,.F.);
#3382=ORIENTED_EDGE('',*,*,#6233,.F.);
#3383=ORIENTED_EDGE('',*,*,#6062,.T.);
#3384=CARTESIAN_POINT('',(-0.6665,-2.87430213222504,-5.05));
#3385=DIRECTION('',(-0.714510468185142,-0.699624750029506,-0.0));
#3386=DIRECTION('',(-0.699624750029506,0.714510468185142,0.0));
#3387=SURFACE_STYLE_FILL_AREA(#6234);
#3388=ORIENTED_EDGE('',*,*,#6233,.T.);
#3389=ORIENTED_EDGE('',*,*,#6235,.F.);
#3390=ORIENTED_EDGE('',*,*,#6236,.F.);
#3391=ORIENTED_EDGE('',*,*,#6063,.T.);
#3392=CARTESIAN_POINT('',(-0.616499976158142,-2.89983404407501,-5.05));
#3393=DIRECTION('',(-0.454776941543381,-0.89060537469771,-0.0));
#3394=DIRECTION('',(-0.89060537469771,0.454776941543381,0.0));
#3395=SURFACE_STYLE_FILL_AREA(#6237);
#3396=ORIENTED_EDGE('',*,*,#6236,.T.);
#3397=ORIENTED_EDGE('',*,*,#6238,.F.);
#3398=ORIENTED_EDGE('',*,*,#6239,.F.);
#3399=ORIENTED_EDGE('',*,*,#6064,.T.);
#3400=CARTESIAN_POINT('',(-0.554,-2.9126,-5.05));
#3401=DIRECTION('',(-0.200123428343465,-0.979770694309673,-0.0));
#3402=DIRECTION('',(-0.979770694309673,0.200123428343465,0.0));
#3403=SURFACE_STYLE_FILL_AREA(#6240);
#3404=ORIENTED_EDGE('',*,*,#6239,.T.);
#3405=ORIENTED_EDGE('',*,*,#6241,.F.);
#3406=ORIENTED_EDGE('',*,*,#6242,.F.);
#3407=ORIENTED_EDGE('',*,*,#6065,.T.);
#3408=CARTESIAN_POINT('',(-0.4415,-2.9126,-5.05));
#3409=DIRECTION('',(-0.0,-1.0,-0.0));
#3410=DIRECTION('',(-1.0,0.0,0.0));
#3411=SURFACE_STYLE_FILL_AREA(#6243);
#3412=ORIENTED_EDGE('',*,*,#6242,.T.);
#3413=ORIENTED_EDGE('',*,*,#6244,.F.);
#3414=ORIENTED_EDGE('',*,*,#6245,.F.);
#3415=ORIENTED_EDGE('',*,*,#6066,.T.);
#3416=CARTESIAN_POINT('',(-0.379000023841858,-2.89983404407501,-5.05));
#3417=DIRECTION('',(0.200123428343462,-0.979770694309673,0.0));
#3418=DIRECTION('',(-0.979770694309673,-0.200123428343462,0.0));
#3419=SURFACE_STYLE_FILL_AREA(#6246);
#3420=ORIENTED_EDGE('',*,*,#6245,.T.);
#3421=ORIENTED_EDGE('',*,*,#6247,.F.);
#3422=ORIENTED_EDGE('',*,*,#6248,.F.);
#3423=ORIENTED_EDGE('',*,*,#6067,.T.);
#3424=CARTESIAN_POINT('',(-0.329000000000001,-2.87430213222504,-5.05));
#3425=DIRECTION('',(0.454776941543387,-0.890605374697707,0.0));
#3426=DIRECTION('',(-0.890605374697707,-0.454776941543387,0.0));
#3427=SURFACE_STYLE_FILL_AREA(#6249);
#3428=ORIENTED_EDGE('',*,*,#6248,.T.);
#3429=ORIENTED_EDGE('',*,*,#6250,.F.);
#3430=ORIENTED_EDGE('',*,*,#6251,.F.);
#3431=ORIENTED_EDGE('',*,*,#6068,.T.);
#3432=CARTESIAN_POINT('',(-0.278999976158143,-2.82323830852509,-5.05));
#3433=DIRECTION('',(0.714510218035261,-0.699625005501665,0.0));
#3434=DIRECTION('',(-0.699625005501665,-0.714510218035261,0.0));
#3435=SURFACE_STYLE_FILL_AREA(#6252);
#3436=ORIENTED_EDGE('',*,*,#6251,.T.);
#3437=ORIENTED_EDGE('',*,*,#6253,.F.);
#3438=ORIENTED_EDGE('',*,*,#6254,.F.);
#3439=ORIENTED_EDGE('',*,*,#6069,.T.);
#3440=CARTESIAN_POINT('',(-0.266500023841858,-2.75940849313736,-5.05));
#3441=DIRECTION('',(0.981359293067357,-0.192182043673019,0.0));
#3442=DIRECTION('',(-0.192182043673019,-0.981359293067357,0.0));
#3443=SURFACE_STYLE_FILL_AREA(#6255);
#3444=ORIENTED_EDGE('',*,*,#6254,.T.);
#3445=ORIENTED_EDGE('',*,*,#6256,.F.);
#3446=ORIENTED_EDGE('',*,*,#6257,.F.);
#3447=ORIENTED_EDGE('',*,*,#6070,.T.);
#3448=CARTESIAN_POINT('',(-0.341500023841858,-2.75940849313736,-5.05));
#3449=DIRECTION('',(-0.0,1.0,0.0));
#3450=DIRECTION('',(1.0,0.0,0.0));
#3451=SURFACE_STYLE_FILL_AREA(#6258);
#3452=ORIENTED_EDGE('',*,*,#6257,.T.);
#3453=ORIENTED_EDGE('',*,*,#6259,.F.);
#3454=ORIENTED_EDGE('',*,*,#6260,.F.);
#3455=ORIENTED_EDGE('',*,*,#6071,.T.);
#3456=CARTESIAN_POINT('',(-0.353999976158143,-2.79770639667511,-5.05));
#3457=DIRECTION('',(-0.950645626702673,0.310278733449592,0.0));
#3458=DIRECTION('',(0.310278733449592,0.950645626702673,0.0));
#3459=SURFACE_STYLE_FILL_AREA(#6261);
#3460=ORIENTED_EDGE('',*,*,#6260,.T.);
#3461=ORIENTED_EDGE('',*,*,#6262,.F.);
#3462=ORIENTED_EDGE('',*,*,#6263,.F.);
#3463=ORIENTED_EDGE('',*,*,#6072,.T.);
#3464=CARTESIAN_POINT('',(-0.391499976158142,-2.82323830852509,-5.05));
#3465=DIRECTION('',(-0.562790931241744,0.826599278799619,0.0));
#3466=DIRECTION('',(0.826599278799619,0.562790931241744,0.0));
#3467=SURFACE_STYLE_FILL_AREA(#6264);
#3468=ORIENTED_EDGE('',*,*,#6263,.T.);
#3469=ORIENTED_EDGE('',*,*,#6265,.F.);
#3470=ORIENTED_EDGE('',*,*,#6266,.F.);
#3471=ORIENTED_EDGE('',*,*,#6073,.T.);
#3472=CARTESIAN_POINT('',(-0.4415,-2.83600426445007,-5.05));
#3473=DIRECTION('',(-0.2473831068378,0.968917745967777,0.0));
#3474=DIRECTION('',(0.968917745967777,0.2473831068378,0.0));
#3475=SURFACE_STYLE_FILL_AREA(#6267);
#3476=ORIENTED_EDGE('',*,*,#6266,.T.);
#3477=ORIENTED_EDGE('',*,*,#6268,.F.);
#3478=ORIENTED_EDGE('',*,*,#6269,.F.);
#3479=ORIENTED_EDGE('',*,*,#6074,.T.);
#3480=CARTESIAN_POINT('',(-0.554,-2.83600426445007,-5.05));
#3481=DIRECTION('',(-0.0,1.0,0.0));
#3482=DIRECTION('',(1.0,0.0,0.0));
#3483=SURFACE_STYLE_FILL_AREA(#6270);
#3484=ORIENTED_EDGE('',*,*,#6269,.T.);
#3485=ORIENTED_EDGE('',*,*,#6271,.F.);
#3486=ORIENTED_EDGE('',*,*,#6272,.F.);
#3487=ORIENTED_EDGE('',*,*,#6075,.T.);
#3488=CARTESIAN_POINT('',(-0.604000023841858,-2.82323830852509,-5.05));
#3489=DIRECTION('',(0.2473831068378,0.968917745967777,0.0));
#3490=DIRECTION('',(0.968917745967777,-0.2473831068378,0.0));
#3491=SURFACE_STYLE_FILL_AREA(#6273);
#3492=ORIENTED_EDGE('',*,*,#6272,.T.);
#3493=ORIENTED_EDGE('',*,*,#6274,.F.);
#3494=ORIENTED_EDGE('',*,*,#6275,.F.);
#3495=ORIENTED_EDGE('',*,*,#6076,.T.);
#3496=CARTESIAN_POINT('',(-0.641500023841858,-2.79770639667511,-5.05));
#3497=DIRECTION('',(0.562790931241744,0.826599278799619,0.0));
#3498=DIRECTION('',(0.826599278799619,-0.562790931241744,0.0));
#3499=SURFACE_STYLE_FILL_AREA(#6276);
#3500=ORIENTED_EDGE('',*,*,#6275,.T.);
#3501=ORIENTED_EDGE('',*,*,#6277,.F.);
#3502=ORIENTED_EDGE('',*,*,#6278,.F.);
#3503=ORIENTED_EDGE('',*,*,#6077,.T.);
#3504=CARTESIAN_POINT('',(-0.6665,-2.75940849313736,-5.05));
#3505=DIRECTION('',(0.837379592799444,0.546621823167569,0.0));
#3506=DIRECTION('',(0.546621823167569,-0.837379592799444,0.0));
#3507=SURFACE_STYLE_FILL_AREA(#6279);
#3508=ORIENTED_EDGE('',*,*,#6278,.T.);
#3509=ORIENTED_EDGE('',*,*,#6280,.F.);
#3510=ORIENTED_EDGE('',*,*,#6281,.F.);
#3511=ORIENTED_EDGE('',*,*,#6078,.T.);
#3512=CARTESIAN_POINT('',(-0.679000023841859,-2.70834466943741,-5.05));
#3513=DIRECTION('',(0.971321049125064,0.237771780341117,0.0));
#3514=DIRECTION('',(0.237771780341117,-0.971321049125064,0.0));
#3515=SURFACE_STYLE_FILL_AREA(#6282);
#3516=ORIENTED_EDGE('',*,*,#6281,.T.);
#3517=ORIENTED_EDGE('',*,*,#6283,.F.);
#3518=ORIENTED_EDGE('',*,*,#6284,.F.);
#3519=ORIENTED_EDGE('',*,*,#6079,.T.);
#3520=CARTESIAN_POINT('',(-0.679000023841859,-2.5168553126812,-5.05));
#3521=DIRECTION('',(1.0,0.0,0.0));
#3522=DIRECTION('',(0.0,-1.0,0.0));
#3523=SURFACE_STYLE_FILL_AREA(#6285);
#3524=ORIENTED_EDGE('',*,*,#6284,.T.);
#3525=ORIENTED_EDGE('',*,*,#6286,.F.);
#3526=ORIENTED_EDGE('',*,*,#6287,.F.);
#3527=ORIENTED_EDGE('',*,*,#6080,.T.);
#3528=CARTESIAN_POINT('',(-0.6665,-2.46579148898125,-5.05));
#3529=DIRECTION('',(0.971321049125064,-0.237771780341117,0.0));
#3530=DIRECTION('',(-0.237771780341117,-0.971321049125064,0.0));
#3531=SURFACE_STYLE_FILL_AREA(#6288);
#3532=ORIENTED_EDGE('',*,*,#6287,.T.);
#3533=ORIENTED_EDGE('',*,*,#6289,.F.);
#3534=ORIENTED_EDGE('',*,*,#6290,.F.);
#3535=ORIENTED_EDGE('',*,*,#6081,.T.);
#3536=CARTESIAN_POINT('',(-0.641500023841858,-2.42749362120628,-5.05));
#3537=DIRECTION('',(0.837379359156276,-0.546622181089484,0.0));
#3538=DIRECTION('',(-0.546622181089484,-0.837379359156276,0.0));
#3539=SURFACE_STYLE_FILL_AREA(#6291);
#3540=ORIENTED_EDGE('',*,*,#6290,.T.);
#3541=ORIENTED_EDGE('',*,*,#6292,.F.);
#3542=ORIENTED_EDGE('',*,*,#6293,.F.);
#3543=ORIENTED_EDGE('',*,*,#6082,.T.);
#3544=CARTESIAN_POINT('',(-0.604000023841858,-2.40196170041561,-5.05));
#3545=DIRECTION('',(0.562791065897557,-0.826599187119061,0.0));
#3546=DIRECTION('',(-0.826599187119061,-0.562791065897557,0.0));
#3547=SURFACE_STYLE_FILL_AREA(#6294);
#3548=ORIENTED_EDGE('',*,*,#6293,.T.);
#3549=ORIENTED_EDGE('',*,*,#6295,.F.);
#3550=ORIENTED_EDGE('',*,*,#6296,.F.);
#3551=ORIENTED_EDGE('',*,*,#6083,.T.);
#3552=CARTESIAN_POINT('',(-0.554,-2.38919574449062,-5.05));
#3553=DIRECTION('',(0.2473831068378,-0.968917745967777,0.0));
#3554=DIRECTION('',(-0.968917745967777,-0.2473831068378,0.0));
#3555=SURFACE_STYLE_FILL_AREA(#6297);
#3556=ORIENTED_EDGE('',*,*,#6296,.T.);
#3557=ORIENTED_EDGE('',*,*,#6298,.F.);
#3558=ORIENTED_EDGE('',*,*,#6299,.F.);
#3559=ORIENTED_EDGE('',*,*,#6084,.T.);
#3560=CARTESIAN_POINT('',(-0.4415,-2.38919574449062,-5.05));
#3561=DIRECTION('',(-0.0,-1.0,-0.0));
#3562=DIRECTION('',(-1.0,0.0,0.0));
#3563=SURFACE_STYLE_FILL_AREA(#6300);
#3564=ORIENTED_EDGE('',*,*,#6299,.T.);
#3565=ORIENTED_EDGE('',*,*,#6301,.F.);
#3566=ORIENTED_EDGE('',*,*,#6302,.F.);
#3567=ORIENTED_EDGE('',*,*,#6085,.T.);
#3568=CARTESIAN_POINT('',(-0.391499976158142,-2.40196170041561,-5.05));
#3569=DIRECTION('',(-0.2473831068378,-0.968917745967777,-0.0));
#3570=DIRECTION('',(-0.968917745967777,0.2473831068378,0.0));
#3571=SURFACE_STYLE_FILL_AREA(#6303);
#3572=ORIENTED_EDGE('',*,*,#6302,.T.);
#3573=ORIENTED_EDGE('',*,*,#6304,.F.);
#3574=ORIENTED_EDGE('',*,*,#6305,.F.);
#3575=ORIENTED_EDGE('',*,*,#6086,.T.);
#3576=CARTESIAN_POINT('',(-0.353999976158143,-2.42749362120628,-5.05));
#3577=DIRECTION('',(-0.562791065897557,-0.826599187119061,-0.0));
#3578=DIRECTION('',(-0.826599187119061,0.562791065897557,0.0));
#3579=SURFACE_STYLE_FILL_AREA(#6306);
#3580=ORIENTED_EDGE('',*,*,#6305,.T.);
#3581=ORIENTED_EDGE('',*,*,#6307,.F.);
#3582=ORIENTED_EDGE('',*,*,#6308,.F.);
#3583=ORIENTED_EDGE('',*,*,#6087,.T.);
#3584=CARTESIAN_POINT('',(-0.341500023841858,-2.46579148898125,-5.05));
#3585=DIRECTION('',(-0.950645541239388,-0.310278995295638,-0.0));
#3586=DIRECTION('',(-0.310278995295638,0.950645541239388,0.0));
#3587=SURFACE_STYLE_FILL_AREA(#6309);
#3588=ORIENTED_EDGE('',*,*,#6308,.T.);
#3589=ORIENTED_EDGE('',*,*,#6310,.F.);
#3590=ORIENTED_EDGE('',*,*,#6192,.F.);
#3591=ORIENTED_EDGE('',*,*,#6088,.T.);
#3592=CARTESIAN_POINT('',(-0.266500023841858,-2.46579148898125,-5.05));
#3593=DIRECTION('',(-0.0,-1.0,-0.0));
#3594=DIRECTION('',(-1.0,0.0,0.0));
#3595=SURFACE_STYLE_FILL_AREA(#6311);
#3596=ORIENTED_EDGE('',*,*,#6312,.T.);
#3597=ORIENTED_EDGE('',*,*,#6313,.F.);
#3598=ORIENTED_EDGE('',*,*,#6314,.F.);
#3599=ORIENTED_EDGE('',*,*,#6089,.T.);
#3600=CARTESIAN_POINT('',(0.283499952316284,-2.3126,-5.05));
#3601=DIRECTION('',(1.0,0.0,0.0));
#3602=DIRECTION('',(0.0,-1.0,0.0));
#3603=SURFACE_STYLE_FILL_AREA(#6315);
#3604=ORIENTED_EDGE('',*,*,#6314,.T.);
#3605=ORIENTED_EDGE('',*,*,#6316,.F.);
#3606=ORIENTED_EDGE('',*,*,#6317,.F.);
#3607=ORIENTED_EDGE('',*,*,#6090,.T.);
#3608=CARTESIAN_POINT('',(-0.166499976158143,-2.3126,-5.05));
#3609=DIRECTION('',(-0.0,1.0,0.0));
#3610=DIRECTION('',(1.0,0.0,0.0));
#3611=SURFACE_STYLE_FILL_AREA(#6318);
#3612=ORIENTED_EDGE('',*,*,#6317,.T.);
#3613=ORIENTED_EDGE('',*,*,#6319,.F.);
#3614=ORIENTED_EDGE('',*,*,#6320,.F.);
#3615=ORIENTED_EDGE('',*,*,#6091,.T.);
#3616=CARTESIAN_POINT('',(-0.166499976158143,-2.9126,-5.05));
#3617=DIRECTION('',(-1.0,0.0,0.0));
#3618=DIRECTION('',(0.0,1.0,0.0));
#3619=SURFACE_STYLE_FILL_AREA(#6321);
#3620=ORIENTED_EDGE('',*,*,#6320,.T.);
#3621=ORIENTED_EDGE('',*,*,#6322,.F.);
#3622=ORIENTED_EDGE('',*,*,#6323,.F.);
#3623=ORIENTED_EDGE('',*,*,#6092,.T.);
#3624=CARTESIAN_POINT('',(0.283499952316284,-2.9126,-5.05));
#3625=DIRECTION('',(-0.0,-1.0,-0.0));
#3626=DIRECTION('',(-1.0,0.0,0.0));
#3627=SURFACE_STYLE_FILL_AREA(#6324);
#3628=ORIENTED_EDGE('',*,*,#6323,.T.);
#3629=ORIENTED_EDGE('',*,*,#6325,.F.);
#3630=ORIENTED_EDGE('',*,*,#6326,.F.);
#3631=ORIENTED_EDGE('',*,*,#6093,.T.);
#3632=CARTESIAN_POINT('',(0.283499952316284,-2.83600426445007,-5.05));
#3633=DIRECTION('',(1.0,0.0,0.0));
#3634=DIRECTION('',(0.0,-1.0,0.0));
#3635=SURFACE_STYLE_FILL_AREA(#6327);
#3636=ORIENTED_EDGE('',*,*,#6326,.T.);
#3637=ORIENTED_EDGE('',*,*,#6328,.F.);
#3638=ORIENTED_EDGE('',*,*,#6329,.F.);
#3639=ORIENTED_EDGE('',*,*,#6094,.T.);
#3640=CARTESIAN_POINT('',(-0.0915000476837164,-2.83600426445007,-5.05));
#3641=DIRECTION('',(-0.0,1.0,0.0));
#3642=DIRECTION('',(1.0,0.0,0.0));
#3643=SURFACE_STYLE_FILL_AREA(#6330);
#3644=ORIENTED_EDGE('',*,*,#6329,.T.);
#3645=ORIENTED_EDGE('',*,*,#6331,.F.);
#3646=ORIENTED_EDGE('',*,*,#6332,.F.);
#3647=ORIENTED_EDGE('',*,*,#6095,.T.);
#3648=CARTESIAN_POINT('',(-0.0915000476837164,-2.67004680166245,-5.05));
#3649=DIRECTION('',(1.0,0.0,0.0));
#3650=DIRECTION('',(0.0,-1.0,0.0));
#3651=SURFACE_STYLE_FILL_AREA(#6333);
#3652=ORIENTED_EDGE('',*,*,#6332,.T.);
#3653=ORIENTED_EDGE('',*,*,#6334,.F.);
#3654=ORIENTED_EDGE('',*,*,#6335,.F.);
#3655=ORIENTED_EDGE('',*,*,#6096,.T.);
#3656=CARTESIAN_POINT('',(0.2335,-2.67004680166245,-5.05));
#3657=DIRECTION('',(-0.0,-1.0,-0.0));
#3658=DIRECTION('',(-1.0,0.0,0.0));
#3659=SURFACE_STYLE_FILL_AREA(#6336);
#3660=ORIENTED_EDGE('',*,*,#6335,.T.);
#3661=ORIENTED_EDGE('',*,*,#6337,.F.);
#3662=ORIENTED_EDGE('',*,*,#6338,.F.);
#3663=ORIENTED_EDGE('',*,*,#6097,.T.);
#3664=CARTESIAN_POINT('',(0.2335,-2.59345106611252,-5.05));
#3665=DIRECTION('',(1.0,0.0,0.0));
#3666=DIRECTION('',(0.0,-1.0,0.0));
#3667=SURFACE_STYLE_FILL_AREA(#6339);
#3668=ORIENTED_EDGE('',*,*,#6338,.T.);
#3669=ORIENTED_EDGE('',*,*,#6340,.F.);
#3670=ORIENTED_EDGE('',*,*,#6341,.F.);
#3671=ORIENTED_EDGE('',*,*,#6098,.T.);
#3672=CARTESIAN_POINT('',(-0.0915000476837164,-2.59345106611252,-5.05));
#3673=DIRECTION('',(-0.0,1.0,0.0));
#3674=DIRECTION('',(1.0,0.0,0.0));
#3675=SURFACE_STYLE_FILL_AREA(#6342);
#3676=ORIENTED_EDGE('',*,*,#6341,.T.);
#3677=ORIENTED_EDGE('',*,*,#6343,.F.);
#3678=ORIENTED_EDGE('',*,*,#6344,.F.);
#3679=ORIENTED_EDGE('',*,*,#6099,.T.);
#3680=CARTESIAN_POINT('',(-0.0915000476837164,-2.38919574449062,-5.05));
#3681=DIRECTION('',(1.0,0.0,0.0));
#3682=DIRECTION('',(0.0,-1.0,0.0));
#3683=SURFACE_STYLE_FILL_AREA(#6345);
#3684=ORIENTED_EDGE('',*,*,#6344,.T.);
#3685=ORIENTED_EDGE('',*,*,#6346,.F.);
#3686=ORIENTED_EDGE('',*,*,#6312,.F.);
#3687=ORIENTED_EDGE('',*,*,#6100,.T.);
#3688=CARTESIAN_POINT('',(0.283499952316284,-2.38919574449062,-5.05));
#3689=DIRECTION('',(-0.0,-1.0,-0.0));
#3690=DIRECTION('',(-1.0,0.0,0.0));
#3691=SURFACE_STYLE_FILL_AREA(#6347);
#3692=ORIENTED_EDGE('',*,*,#6348,.T.);
#3693=ORIENTED_EDGE('',*,*,#6349,.F.);
#3694=ORIENTED_EDGE('',*,*,#6350,.F.);
#3695=ORIENTED_EDGE('',*,*,#6101,.T.);
#3696=CARTESIAN_POINT('',(0.746000047683715,-2.89983404407501,-5.05));
#3697=DIRECTION('',(0.200123208492765,-0.979770739215334,0.0));
#3698=DIRECTION('',(-0.979770739215334,-0.200123208492765,0.0));
#3699=SURFACE_STYLE_FILL_AREA(#6351);
#3700=ORIENTED_EDGE('',*,*,#6350,.T.);
#3701=ORIENTED_EDGE('',*,*,#6352,.F.);
#3702=ORIENTED_EDGE('',*,*,#6353,.F.);
#3703=ORIENTED_EDGE('',*,*,#6102,.T.);
#3704=CARTESIAN_POINT('',(0.796,-2.87430213222504,-5.05));
#3705=DIRECTION('',(0.454777457556357,-0.890605111201691,0.0));
#3706=DIRECTION('',(-0.890605111201691,-0.454777457556357,0.0));
#3707=SURFACE_STYLE_FILL_AREA(#6354);
#3708=ORIENTED_EDGE('',*,*,#6353,.T.);
#3709=ORIENTED_EDGE('',*,*,#6355,.F.);
#3710=ORIENTED_EDGE('',*,*,#6356,.F.);
#3711=ORIENTED_EDGE('',*,*,#6103,.T.);
#3712=CARTESIAN_POINT('',(0.845999952316284,-2.82323830852509,-5.05));
#3713=DIRECTION('',(0.714510718335114,-0.699624494557072,0.0));
#3714=DIRECTION('',(-0.699624494557072,-0.714510718335114,0.0));
#3715=SURFACE_STYLE_FILL_AREA(#6357);
#3716=ORIENTED_EDGE('',*,*,#6356,.T.);
#3717=ORIENTED_EDGE('',*,*,#6358,.F.);
#3718=ORIENTED_EDGE('',*,*,#6359,.F.);
#3719=ORIENTED_EDGE('',*,*,#6104,.T.);
#3720=CARTESIAN_POINT('',(0.871,-2.77217448482513,-5.05));
#3721=DIRECTION('',(0.898137765953642,-0.439714172352678,0.0));
#3722=DIRECTION('',(-0.439714172352678,-0.898137765953642,0.0));
#3723=SURFACE_STYLE_FILL_AREA(#6360);
#3724=ORIENTED_EDGE('',*,*,#6359,.T.);
#3725=ORIENTED_EDGE('',*,*,#6361,.F.);
#3726=ORIENTED_EDGE('',*,*,#6362,.F.);
#3727=ORIENTED_EDGE('',*,*,#6105,.T.);
#3728=CARTESIAN_POINT('',(0.883499952316284,-2.70834466943741,-5.05));
#3729=DIRECTION('',(0.981359293067359,-0.192182043673007,0.0));
#3730=DIRECTION('',(-0.192182043673007,-0.981359293067359,0.0));
#3731=SURFACE_STYLE_FILL_AREA(#6363);
#3732=ORIENTED_EDGE('',*,*,#6362,.T.);
#3733=ORIENTED_EDGE('',*,*,#6364,.F.);
#3734=ORIENTED_EDGE('',*,*,#6365,.F.);
#3735=ORIENTED_EDGE('',*,*,#6106,.T.);
#3736=CARTESIAN_POINT('',(0.883499952316284,-2.5168553126812,-5.05));
#3737=DIRECTION('',(1.0,0.0,0.0));
#3738=DIRECTION('',(0.0,-1.0,0.0));
#3739=SURFACE_STYLE_FILL_AREA(#6366);
#3740=ORIENTED_EDGE('',*,*,#6365,.T.);
#3741=ORIENTED_EDGE('',*,*,#6367,.F.);
#3742=ORIENTED_EDGE('',*,*,#6368,.F.);
#3743=ORIENTED_EDGE('',*,*,#6107,.T.);
#3744=CARTESIAN_POINT('',(0.871,-2.45302553305626,-5.05));
#3745=DIRECTION('',(0.981359272759611,0.192182147372558,0.0));
#3746=DIRECTION('',(0.192182147372558,-0.981359272759611,0.0));
#3747=SURFACE_STYLE_FILL_AREA(#6369);
#3748=ORIENTED_EDGE('',*,*,#6368,.T.);
#3749=ORIENTED_EDGE('',*,*,#6370,.F.);
#3750=ORIENTED_EDGE('',*,*,#6371,.F.);
#3751=ORIENTED_EDGE('',*,*,#6108,.T.);
#3752=CARTESIAN_POINT('',(0.845999952316284,-2.40196170041561,-5.05));
#3753=DIRECTION('',(0.898137796358419,0.439714110249424,0.0));
#3754=DIRECTION('',(0.439714110249424,-0.898137796358419,0.0));
#3755=SURFACE_STYLE_FILL_AREA(#6372);
#3756=ORIENTED_EDGE('',*,*,#6371,.T.);
#3757=ORIENTED_EDGE('',*,*,#6373,.F.);
#3758=ORIENTED_EDGE('',*,*,#6374,.F.);
#3759=ORIENTED_EDGE('',*,*,#6109,.T.);
#3760=CARTESIAN_POINT('',(0.796,-2.35089787224531,-5.05));
#3761=DIRECTION('',(0.714510748952407,0.699624463288321,0.0));
#3762=DIRECTION('',(0.699624463288321,-0.714510748952407,0.0));
#3763=SURFACE_STYLE_FILL_AREA(#6375);
#3764=ORIENTED_EDGE('',*,*,#6374,.T.);
#3765=ORIENTED_EDGE('',*,*,#6376,.F.);
#3766=ORIENTED_EDGE('',*,*,#6377,.F.);
#3767=ORIENTED_EDGE('',*,*,#6110,.T.);
#3768=CARTESIAN_POINT('',(0.746000047683715,-2.32536595704258,-5.05));
#3769=DIRECTION('',(0.45477750492474,0.890605087013559,0.0));
#3770=DIRECTION('',(0.890605087013559,-0.45477750492474,0.0));
#3771=SURFACE_STYLE_FILL_AREA(#6378);
#3772=ORIENTED_EDGE('',*,*,#6377,.T.);
#3773=ORIENTED_EDGE('',*,*,#6379,.F.);
#3774=ORIENTED_EDGE('',*,*,#6380,.F.);
#3775=ORIENTED_EDGE('',*,*,#6111,.T.);
#3776=CARTESIAN_POINT('',(0.6835,-2.3126,-5.05));
#3777=DIRECTION('',(0.200123225310766,0.97977073578017,0.0));
#3778=DIRECTION('',(0.979770735780171,-0.200123225310766,0.0));
#3779=SURFACE_STYLE_FILL_AREA(#6381);
#3780=ORIENTED_EDGE('',*,*,#6380,.T.);
#3781=ORIENTED_EDGE('',*,*,#6382,.F.);
#3782=ORIENTED_EDGE('',*,*,#6383,.F.);
#3783=ORIENTED_EDGE('',*,*,#6112,.T.);
#3784=CARTESIAN_POINT('',(0.3835,-2.3126,-5.05));
#3785=DIRECTION('',(-0.0,1.0,0.0));
#3786=DIRECTION('',(1.0,0.0,0.0));
#3787=SURFACE_STYLE_FILL_AREA(#6384);
#3788=ORIENTED_EDGE('',*,*,#6383,.T.);
#3789=ORIENTED_EDGE('',*,*,#6385,.F.);
#3790=ORIENTED_EDGE('',*,*,#6386,.F.);
#3791=ORIENTED_EDGE('',*,*,#6113,.T.);
#3792=CARTESIAN_POINT('',(0.3835,-2.9126,-5.05));
#3793=DIRECTION('',(-1.0,0.0,0.0));
#3794=DIRECTION('',(0.0,1.0,0.0));
#3795=SURFACE_STYLE_FILL_AREA(#6387);
#3796=ORIENTED_EDGE('',*,*,#6386,.T.);
#3797=ORIENTED_EDGE('',*,*,#6388,.F.);
#3798=ORIENTED_EDGE('',*,*,#6348,.F.);
#3799=ORIENTED_EDGE('',*,*,#6114,.T.);
#3800=CARTESIAN_POINT('',(0.6835,-2.9126,-5.05));
#3801=DIRECTION('',(-0.0,-1.0,-0.0));
#3802=DIRECTION('',(-1.0,0.0,0.0));
#3803=SURFACE_STYLE_FILL_AREA(#6389);
#3804=ORIENTED_EDGE('',*,*,#6390,.T.);
#3805=ORIENTED_EDGE('',*,*,#6391,.F.);
#3806=ORIENTED_EDGE('',*,*,#6392,.F.);
#3807=ORIENTED_EDGE('',*,*,#6115,.T.);
#3808=CARTESIAN_POINT('',(1.48350009536743,-2.3126,-5.05));
#3809=DIRECTION('',(0.948683252813761,-0.316227901727064,0.0));
#3810=DIRECTION('',(-0.316227901727064,-0.948683252813761,0.0));
#3811=SURFACE_STYLE_FILL_AREA(#6393);
#3812=ORIENTED_EDGE('',*,*,#6392,.T.);
#3813=ORIENTED_EDGE('',*,*,#6394,.F.);
#3814=ORIENTED_EDGE('',*,*,#6395,.F.);
#3815=ORIENTED_EDGE('',*,*,#6116,.T.);
#3816=CARTESIAN_POINT('',(1.40850009536743,-2.3126,-5.05));
#3817=DIRECTION('',(-0.0,1.0,0.0));
#3818=DIRECTION('',(1.0,0.0,0.0));
#3819=SURFACE_STYLE_FILL_AREA(#6396);
#3820=ORIENTED_EDGE('',*,*,#6395,.T.);
#3821=ORIENTED_EDGE('',*,*,#6397,.F.);
#3822=ORIENTED_EDGE('',*,*,#6398,.F.);
#3823=ORIENTED_EDGE('',*,*,#6117,.T.);
#3824=CARTESIAN_POINT('',(1.3585,-2.46579148898125,-5.05));
#3825=DIRECTION('',(-0.950645028228843,0.31028056707403,0.0));
#3826=DIRECTION('',(0.31028056707403,0.950645028228843,0.0));
#3827=SURFACE_STYLE_FILL_AREA(#6399);
#3828=ORIENTED_EDGE('',*,*,#6398,.T.);
#3829=ORIENTED_EDGE('',*,*,#6400,.F.);
#3830=ORIENTED_EDGE('',*,*,#6401,.F.);
#3831=ORIENTED_EDGE('',*,*,#6118,.T.);
#3832=CARTESIAN_POINT('',(1.10850009536743,-2.46579148898125,-5.05));
#3833=DIRECTION('',(-0.0,1.0,0.0));
#3834=DIRECTION('',(1.0,0.0,0.0));
#3835=SURFACE_STYLE_FILL_AREA(#6402);
#3836=ORIENTED_EDGE('',*,*,#6401,.T.);
#3837=ORIENTED_EDGE('',*,*,#6403,.F.);
#3838=ORIENTED_EDGE('',*,*,#6404,.F.);
#3839=ORIENTED_EDGE('',*,*,#6119,.T.);
#3840=CARTESIAN_POINT('',(1.0585,-2.3126,-5.05));
#3841=DIRECTION('',(0.950645028228843,0.31028056707403,0.0));
#3842=DIRECTION('',(0.31028056707403,-0.950645028228843,0.0));
#3843=SURFACE_STYLE_FILL_AREA(#6405);
#3844=ORIENTED_EDGE('',*,*,#6404,.T.);
#3845=ORIENTED_EDGE('',*,*,#6406,.F.);
#3846=ORIENTED_EDGE('',*,*,#6407,.F.);
#3847=ORIENTED_EDGE('',*,*,#6120,.T.);
#3848=CARTESIAN_POINT('',(0.9835,-2.3126,-5.05));
#3849=DIRECTION('',(-0.0,1.0,0.0));
#3850=DIRECTION('',(1.0,0.0,0.0));
#3851=SURFACE_STYLE_FILL_AREA(#6408);
#3852=ORIENTED_EDGE('',*,*,#6407,.T.);
#3853=ORIENTED_EDGE('',*,*,#6409,.F.);
#3854=ORIENTED_EDGE('',*,*,#6410,.F.);
#3855=ORIENTED_EDGE('',*,*,#6121,.T.);
#3856=CARTESIAN_POINT('',(1.18350009536743,-2.9126,-5.05));
#3857=DIRECTION('',(-0.948683252813762,-0.316227901727062,-0.0));
#3858=DIRECTION('',(-0.316227901727062,0.948683252813762,0.0));
#3859=SURFACE_STYLE_FILL_AREA(#6411);
#3860=ORIENTED_EDGE('',*,*,#6410,.T.);
#3861=ORIENTED_EDGE('',*,*,#6412,.F.);
#3862=ORIENTED_EDGE('',*,*,#6390,.F.);
#3863=ORIENTED_EDGE('',*,*,#6122,.T.);
#3864=CARTESIAN_POINT('',(1.2835,-2.9126,-5.05));
#3865=DIRECTION('',(-0.0,-1.0,-0.0));
#3866=DIRECTION('',(-1.0,0.0,0.0));
#3867=SURFACE_STYLE_FILL_AREA(#6413);
#3868=ORIENTED_EDGE('',*,*,#6414,.F.);
#3869=ORIENTED_EDGE('',*,*,#6415,.F.);
#3870=ORIENTED_EDGE('',*,*,#6123,.T.);
#3871=ORIENTED_EDGE('',*,*,#6416,.F.);
#3872=CARTESIAN_POINT('',(2.95,3.9,-4.25));
#3873=DIRECTION('',(1.0,-0.0,0.0));
#3874=DIRECTION('',(0.0,0.0,-1.0));
#3875=SURFACE_STYLE_FILL_AREA(#6417);
#3876=ORIENTED_EDGE('',*,*,#6418,.T.);
#3877=ORIENTED_EDGE('',*,*,#6419,.F.);
#3878=ORIENTED_EDGE('',*,*,#6161,.T.);
#3879=ORIENTED_EDGE('',*,*,#6420,.F.);
#3880=ORIENTED_EDGE('',*,*,#6124,.F.);
#3881=ORIENTED_EDGE('',*,*,#6415,.T.);
#3882=CARTESIAN_POINT('',(-5.0,3.9,-5.05));
#3883=DIRECTION('',(0.0,1.0,0.0));
#3884=DIRECTION('',(0.0,0.0,1.0));
#3885=SURFACE_STYLE_FILL_AREA(#6421);
#3886=ORIENTED_EDGE('',*,*,#6420,.T.);
#3887=ORIENTED_EDGE('',*,*,#6160,.T.);
#3888=ORIENTED_EDGE('',*,*,#6154,.T.);
#3889=ORIENTED_EDGE('',*,*,#6147,.T.);
#3890=ORIENTED_EDGE('',*,*,#6144,.T.);
#3891=ORIENTED_EDGE('',*,*,#6141,.T.);
#3892=ORIENTED_EDGE('',*,*,#6129,.F.);
#3893=ORIENTED_EDGE('',*,*,#6422,.F.);
#3894=ORIENTED_EDGE('',*,*,#6423,.F.);
#3895=ORIENTED_EDGE('',*,*,#6424,.T.);
#3896=ORIENTED_EDGE('',*,*,#6125,.F.);
#3897=CARTESIAN_POINT('',(5.0,0.0,0.0));
#3898=DIRECTION('',(1.0,0.0,0.0));
#3899=DIRECTION('',(0.0,-1.0,0.0));
#3900=SURFACE_STYLE_FILL_AREA(#6425);
#3901=ORIENTED_EDGE('',*,*,#6424,.F.);
#3902=ORIENTED_EDGE('',*,*,#6426,.T.);
#3903=ORIENTED_EDGE('',*,*,#6427,.F.);
#3904=ORIENTED_EDGE('',*,*,#6126,.F.);
#3905=CARTESIAN_POINT('',(5.0,-2.575,1.15));
#3906=DIRECTION('',(0.242535625036333,-0.970142500145332,0.0));
#3907=DIRECTION('',(0.970142500145332,0.242535625036333,0.0));
#3908=SURFACE_STYLE_FILL_AREA(#6428);
#3909=ORIENTED_EDGE('',*,*,#6127,.T.);
#3910=ORIENTED_EDGE('',*,*,#6427,.T.);
#3911=ORIENTED_EDGE('',*,*,#6429,.T.);
#3912=ORIENTED_EDGE('',*,*,#6430,.F.);
#3913=CARTESIAN_POINT('',(5.5,0.0,0.0));
#3914=DIRECTION('',(1.0,0.0,0.0));
#3915=DIRECTION('',(0.0,1.0,0.0));
#3916=SURFACE_STYLE_FILL_AREA(#6431);
#3917=ORIENTED_EDGE('',*,*,#6430,.T.);
#3918=ORIENTED_EDGE('',*,*,#6432,.T.);
#3919=ORIENTED_EDGE('',*,*,#6422,.T.);
#3920=ORIENTED_EDGE('',*,*,#6128,.F.);
#3921=CARTESIAN_POINT('',(5.5,-3.35,1.15));
#3922=DIRECTION('',(0.242535625036332,0.970142500145332,-0.0));
#3923=DIRECTION('',(-0.970142500145332,0.242535625036332,0.0));
#3924=SURFACE_STYLE_FILL_AREA(#6433);
#3925=ORIENTED_EDGE('',*,*,#6166,.T.);
#3926=ORIENTED_EDGE('',*,*,#6434,.T.);
#3927=ORIENTED_EDGE('',*,*,#6435,.F.);
#3928=ORIENTED_EDGE('',*,*,#6134,.F.);
#3929=CARTESIAN_POINT('',(-2.95,3.9,-5.05));
#3930=DIRECTION('',(-1.0,0.0,0.0));
#3931=DIRECTION('',(0.0,0.0,1.0));
#3932=SURFACE_STYLE_FILL_AREA(#6436);
#3933=ORIENTED_EDGE('',*,*,#6435,.T.);
#3934=ORIENTED_EDGE('',*,*,#6437,.F.);
#3935=ORIENTED_EDGE('',*,*,#6438,.T.);
#3936=ORIENTED_EDGE('',*,*,#6135,.T.);
#3937=CARTESIAN_POINT('',(-5.0,-0.7,0.0));
#3938=DIRECTION('',(0.0,1.0,-0.0));
#3939=DIRECTION('',(-1.0,0.0,0.0));
#3940=SURFACE_STYLE_FILL_AREA(#6439);
#3941=ORIENTED_EDGE('',*,*,#6438,.F.);
#3942=ORIENTED_EDGE('',*,*,#6440,.F.);
#3943=ORIENTED_EDGE('',*,*,#6441,.F.);
#3944=ORIENTED_EDGE('',*,*,#6136,.T.);
#3945=CARTESIAN_POINT('',(-2.05,3.9,-4.25));
#3946=DIRECTION('',(1.0,-0.0,0.0));
#3947=DIRECTION('',(0.0,0.0,-1.0));
#3948=SURFACE_STYLE_FILL_AREA(#6442);
#3949=ORIENTED_EDGE('',*,*,#6137,.F.);
#3950=ORIENTED_EDGE('',*,*,#6441,.T.);
#3951=ORIENTED_EDGE('',*,*,#6443,.T.);
#3952=ORIENTED_EDGE('',*,*,#6444,.F.);
#3953=ORIENTED_EDGE('',*,*,#6157,.T.);
#3954=ORIENTED_EDGE('',*,*,#6445,.T.);
#3955=ORIENTED_EDGE('',*,*,#6446,.T.);
#3956=ORIENTED_EDGE('',*,*,#6447,.F.);
#3957=CARTESIAN_POINT('',(-5.0,3.9,-5.05));
#3958=DIRECTION('',(0.0,1.0,0.0));
#3959=DIRECTION('',(0.0,0.0,1.0));
#3960=SURFACE_STYLE_FILL_AREA(#6448);
#3961=ORIENTED_EDGE('',*,*,#6138,.F.);
#3962=ORIENTED_EDGE('',*,*,#6447,.T.);
#3963=ORIENTED_EDGE('',*,*,#6449,.T.);
#3964=ORIENTED_EDGE('',*,*,#6450,.F.);
#3965=CARTESIAN_POINT('',(2.05,3.9,-5.05));
#3966=DIRECTION('',(-1.0,0.0,0.0));
#3967=DIRECTION('',(0.0,0.0,1.0));
#3968=SURFACE_STYLE_FILL_AREA(#6451);
#3969=ORIENTED_EDGE('',*,*,#6139,.T.);
#3970=ORIENTED_EDGE('',*,*,#6450,.T.);
#3971=ORIENTED_EDGE('',*,*,#6452,.F.);
#3972=ORIENTED_EDGE('',*,*,#6416,.T.);
#3973=CARTESIAN_POINT('',(0.0,-0.7,0.0));
#3974=DIRECTION('',(0.0,1.0,-0.0));
#3975=DIRECTION('',(-1.0,0.0,0.0));
#3976=SURFACE_STYLE_FILL_AREA(#6453);
#3977=ORIENTED_EDGE('',*,*,#6150,.F.);
#3978=ORIENTED_EDGE('',*,*,#6454,.F.);
#3979=ORIENTED_EDGE('',*,*,#6455,.F.);
#3980=ORIENTED_EDGE('',*,*,#6456,.T.);
#3981=CARTESIAN_POINT('',(2.5,4.44089209850063E-16,5.27027027027027));
#3982=DIRECTION('',(-0.0,-0.0,-1.0));
#3983=DIRECTION('',(0.0,-1.0,0.0));
#3984=SURFACE_STYLE_FILL_AREA(#6457);
#3985=ORIENTED_EDGE('',*,*,#6458,.T.);
#3986=ORIENTED_EDGE('',*,*,#6454,.T.);
#3987=ORIENTED_EDGE('',*,*,#6151,.F.);
#3988=ORIENTED_EDGE('',*,*,#6456,.F.);
#3989=CARTESIAN_POINT('',(2.5,4.44089209850063E-16,5.27027027027027));
#3990=DIRECTION('',(-0.0,-0.0,-1.0));
#3991=DIRECTION('',(0.0,-1.0,0.0));
#3992=SURFACE_STYLE_FILL_AREA(#6459);
#3993=ORIENTED_EDGE('',*,*,#6460,.F.);
#3994=ORIENTED_EDGE('',*,*,#6461,.F.);
#3995=ORIENTED_EDGE('',*,*,#6462,.T.);
#3996=ORIENTED_EDGE('',*,*,#6152,.F.);
#3997=CARTESIAN_POINT('',(-2.5,4.44089209850063E-16,5.27027027027027));
#3998=DIRECTION('',(-0.0,-0.0,-1.0));
#3999=DIRECTION('',(0.0,-1.0,0.0));
#4000=SURFACE_STYLE_FILL_AREA(#6463);
#4001=ORIENTED_EDGE('',*,*,#6462,.F.);
#4002=ORIENTED_EDGE('',*,*,#6464,.T.);
#4003=ORIENTED_EDGE('',*,*,#6460,.T.);
#4004=ORIENTED_EDGE('',*,*,#6153,.F.);
#4005=CARTESIAN_POINT('',(-2.5,4.44089209850063E-16,5.27027027027027));
#4006=DIRECTION('',(-0.0,-0.0,-1.0));
#4007=DIRECTION('',(0.0,-1.0,0.0));
#4008=SURFACE_STYLE_FILL_AREA(#6465);
#4009=ORIENTED_EDGE('',*,*,#6466,.T.);
#4010=ORIENTED_EDGE('',*,*,#6467,.F.);
#4011=ORIENTED_EDGE('',*,*,#6468,.F.);
#4012=ORIENTED_EDGE('',*,*,#6158,.T.);
#4013=CARTESIAN_POINT('',(-4.4,3.9,1.35));
#4014=DIRECTION('',(0.0,-0.364873698983944,0.931057024993515));
#4015=DIRECTION('',(0.0,-0.931057024993515,-0.364873698983944));
#4016=SURFACE_STYLE_FILL_AREA(#6469);
#4017=ORIENTED_EDGE('',*,*,#6162,.T.);
#4018=ORIENTED_EDGE('',*,*,#6470,.T.);
#4019=ORIENTED_EDGE('',*,*,#6471,.F.);
#4020=ORIENTED_EDGE('',*,*,#6472,.F.);
#4021=CARTESIAN_POINT('',(0.6,3.9,1.35));
#4022=DIRECTION('',(0.0,-0.364873698983944,0.931057024993515));
#4023=DIRECTION('',(0.0,-0.931057024993515,-0.364873698983944));
#4024=SURFACE_STYLE_FILL_AREA(#6473);
#4025=ORIENTED_EDGE('',*,*,#6468,.T.);
#4026=ORIENTED_EDGE('',*,*,#6474,.T.);
#4027=ORIENTED_EDGE('',*,*,#6475,.T.);
#4028=ORIENTED_EDGE('',*,*,#6476,.T.);
#4029=ORIENTED_EDGE('',*,*,#6164,.F.);
#4030=CARTESIAN_POINT('',(-4.4,0.0,0.0));
#4031=DIRECTION('',(1.0,0.0,0.0));
#4032=DIRECTION('',(0.0,1.0,0.0));
#4033=SURFACE_STYLE_FILL_AREA(#6477);
#4034=ORIENTED_EDGE('',*,*,#6434,.F.);
#4035=ORIENTED_EDGE('',*,*,#6165,.F.);
#4036=ORIENTED_EDGE('',*,*,#6476,.F.);
#4037=ORIENTED_EDGE('',*,*,#6478,.T.);
#4038=ORIENTED_EDGE('',*,*,#6479,.T.);
#4039=ORIENTED_EDGE('',*,*,#6443,.F.);
#4040=ORIENTED_EDGE('',*,*,#6440,.T.);
#4041=ORIENTED_EDGE('',*,*,#6437,.T.);
#4042=CARTESIAN_POINT('',(-4.4,-3.4,-4.25));
#4043=DIRECTION('',(0.0,0.0,-1.0));
#4044=DIRECTION('',(0.0,1.0,0.0));
#4045=SURFACE_STYLE_FILL_AREA(#6480);
#4046=ORIENTED_EDGE('',*,*,#6187,.T.);
#4047=ORIENTED_EDGE('',*,*,#6184,.T.);
#4048=ORIENTED_EDGE('',*,*,#6181,.T.);
#4049=ORIENTED_EDGE('',*,*,#6178,.T.);
#4050=ORIENTED_EDGE('',*,*,#6175,.T.);
#4051=ORIENTED_EDGE('',*,*,#6190,.T.);
#4052=CARTESIAN_POINT('',(-5.0,0.0,-5.11));
#4053=DIRECTION('',(0.0,0.0,-1.0));
#4054=DIRECTION('',(1.0,0.0,0.0));
#4055=SURFACE_STYLE_FILL_AREA(#6481);
#4056=ORIENTED_EDGE('',*,*,#6307,.T.);
#4057=ORIENTED_EDGE('',*,*,#6304,.T.);
#4058=ORIENTED_EDGE('',*,*,#6301,.T.);
#4059=ORIENTED_EDGE('',*,*,#6298,.T.);
#4060=ORIENTED_EDGE('',*,*,#6295,.T.);
#4061=ORIENTED_EDGE('',*,*,#6292,.T.);
#4062=ORIENTED_EDGE('',*,*,#6289,.T.);
#4063=ORIENTED_EDGE('',*,*,#6286,.T.);
#4064=ORIENTED_EDGE('',*,*,#6283,.T.);
#4065=ORIENTED_EDGE('',*,*,#6280,.T.);
#4066=ORIENTED_EDGE('',*,*,#6277,.T.);
#4067=ORIENTED_EDGE('',*,*,#6274,.T.);
#4068=ORIENTED_EDGE('',*,*,#6271,.T.);
#4069=ORIENTED_EDGE('',*,*,#6268,.T.);
#4070=ORIENTED_EDGE('',*,*,#6265,.T.);
#4071=ORIENTED_EDGE('',*,*,#6262,.T.);
#4072=ORIENTED_EDGE('',*,*,#6259,.T.);
#4073=ORIENTED_EDGE('',*,*,#6256,.T.);
#4074=ORIENTED_EDGE('',*,*,#6253,.T.);
#4075=ORIENTED_EDGE('',*,*,#6250,.T.);
#4076=ORIENTED_EDGE('',*,*,#6247,.T.);
#4077=ORIENTED_EDGE('',*,*,#6244,.T.);
#4078=ORIENTED_EDGE('',*,*,#6241,.T.);
#4079=ORIENTED_EDGE('',*,*,#6238,.T.);
#4080=ORIENTED_EDGE('',*,*,#6235,.T.);
#4081=ORIENTED_EDGE('',*,*,#6232,.T.);
#4082=ORIENTED_EDGE('',*,*,#6229,.T.);
#4083=ORIENTED_EDGE('',*,*,#6226,.T.);
#4084=ORIENTED_EDGE('',*,*,#6223,.T.);
#4085=ORIENTED_EDGE('',*,*,#6220,.T.);
#4086=ORIENTED_EDGE('',*,*,#6217,.T.);
#4087=ORIENTED_EDGE('',*,*,#6214,.T.);
#4088=ORIENTED_EDGE('',*,*,#6211,.T.);
#4089=ORIENTED_EDGE('',*,*,#6208,.T.);
#4090=ORIENTED_EDGE('',*,*,#6205,.T.);
#4091=ORIENTED_EDGE('',*,*,#6202,.T.);
#4092=ORIENTED_EDGE('',*,*,#6199,.T.);
#4093=ORIENTED_EDGE('',*,*,#6196,.T.);
#4094=ORIENTED_EDGE('',*,*,#6193,.T.);
#4095=ORIENTED_EDGE('',*,*,#6310,.T.);
#4096=CARTESIAN_POINT('',(-5.0,0.0,-5.11));
#4097=DIRECTION('',(0.0,0.0,-1.0));
#4098=DIRECTION('',(1.0,0.0,0.0));
#4099=SURFACE_STYLE_FILL_AREA(#6482);
#4100=ORIENTED_EDGE('',*,*,#6343,.T.);
#4101=ORIENTED_EDGE('',*,*,#6340,.T.);
#4102=ORIENTED_EDGE('',*,*,#6337,.T.);
#4103=ORIENTED_EDGE('',*,*,#6334,.T.);
#4104=ORIENTED_EDGE('',*,*,#6331,.T.);
#4105=ORIENTED_EDGE('',*,*,#6328,.T.);
#4106=ORIENTED_EDGE('',*,*,#6325,.T.);
#4107=ORIENTED_EDGE('',*,*,#6322,.T.);
#4108=ORIENTED_EDGE('',*,*,#6319,.T.);
#4109=ORIENTED_EDGE('',*,*,#6316,.T.);
#4110=ORIENTED_EDGE('',*,*,#6313,.T.);
#4111=ORIENTED_EDGE('',*,*,#6346,.T.);
#4112=CARTESIAN_POINT('',(-5.0,0.0,-5.11));
#4113=DIRECTION('',(0.0,0.0,-1.0));
#4114=DIRECTION('',(1.0,0.0,0.0));
#4115=SURFACE_STYLE_FILL_AREA(#6483);
#4116=ORIENTED_EDGE('',*,*,#6484,.T.);
#4117=ORIENTED_EDGE('',*,*,#6485,.T.);
#4118=ORIENTED_EDGE('',*,*,#6486,.T.);
#4119=ORIENTED_EDGE('',*,*,#6487,.T.);
#4120=ORIENTED_EDGE('',*,*,#6488,.T.);
#4121=ORIENTED_EDGE('',*,*,#6489,.T.);
#4122=ORIENTED_EDGE('',*,*,#6490,.T.);
#4123=ORIENTED_EDGE('',*,*,#6491,.T.);
#4124=ORIENTED_EDGE('',*,*,#6492,.T.);
#4125=ORIENTED_EDGE('',*,*,#6493,.T.);
#4126=ORIENTED_EDGE('',*,*,#6494,.T.);
#4127=ORIENTED_EDGE('',*,*,#6495,.T.);
#4128=ORIENTED_EDGE('',*,*,#6385,.T.);
#4129=ORIENTED_EDGE('',*,*,#6382,.T.);
#4130=ORIENTED_EDGE('',*,*,#6379,.T.);
#4131=ORIENTED_EDGE('',*,*,#6376,.T.);
#4132=ORIENTED_EDGE('',*,*,#6373,.T.);
#4133=ORIENTED_EDGE('',*,*,#6370,.T.);
#4134=ORIENTED_EDGE('',*,*,#6367,.T.);
#4135=ORIENTED_EDGE('',*,*,#6364,.T.);
#4136=ORIENTED_EDGE('',*,*,#6361,.T.);
#4137=ORIENTED_EDGE('',*,*,#6358,.T.);
#4138=ORIENTED_EDGE('',*,*,#6355,.T.);
#4139=ORIENTED_EDGE('',*,*,#6352,.T.);
#4140=ORIENTED_EDGE('',*,*,#6349,.T.);
#4141=ORIENTED_EDGE('',*,*,#6388,.T.);
#4142=CARTESIAN_POINT('',(-5.0,0.0,-5.11));
#4143=DIRECTION('',(0.0,0.0,-1.0));
#4144=DIRECTION('',(1.0,0.0,0.0));
#4145=SURFACE_STYLE_FILL_AREA(#6496);
#4146=ORIENTED_EDGE('',*,*,#6497,.T.);
#4147=ORIENTED_EDGE('',*,*,#6498,.T.);
#4148=ORIENTED_EDGE('',*,*,#6499,.T.);
#4149=ORIENTED_EDGE('',*,*,#6409,.T.);
#4150=ORIENTED_EDGE('',*,*,#6406,.T.);
#4151=ORIENTED_EDGE('',*,*,#6403,.T.);
#4152=ORIENTED_EDGE('',*,*,#6400,.T.);
#4153=ORIENTED_EDGE('',*,*,#6397,.T.);
#4154=ORIENTED_EDGE('',*,*,#6394,.T.);
#4155=ORIENTED_EDGE('',*,*,#6391,.T.);
#4156=ORIENTED_EDGE('',*,*,#6412,.T.);
#4157=CARTESIAN_POINT('',(-5.0,0.0,-5.11));
#4158=DIRECTION('',(0.0,0.0,-1.0));
#4159=DIRECTION('',(1.0,0.0,0.0));
#4160=SURFACE_STYLE_FILL_AREA(#6500);
#4161=ORIENTED_EDGE('',*,*,#6449,.F.);
#4162=ORIENTED_EDGE('',*,*,#6446,.F.);
#4163=ORIENTED_EDGE('',*,*,#6501,.F.);
#4164=ORIENTED_EDGE('',*,*,#6502,.T.);
#4165=ORIENTED_EDGE('',*,*,#6503,.T.);
#4166=ORIENTED_EDGE('',*,*,#6418,.F.);
#4167=ORIENTED_EDGE('',*,*,#6414,.T.);
#4168=ORIENTED_EDGE('',*,*,#6452,.T.);
#4169=CARTESIAN_POINT('',(0.6,-3.4,-4.25));
#4170=DIRECTION('',(0.0,0.0,-1.0));
#4171=DIRECTION('',(0.0,1.0,0.0));
#4172=SURFACE_STYLE_FILL_AREA(#6504);
#4173=ORIENTED_EDGE('',*,*,#6419,.T.);
#4174=ORIENTED_EDGE('',*,*,#6503,.F.);
#4175=ORIENTED_EDGE('',*,*,#6505,.F.);
#4176=ORIENTED_EDGE('',*,*,#6506,.F.);
#4177=ORIENTED_EDGE('',*,*,#6470,.F.);
#4178=CARTESIAN_POINT('',(4.4,0.0,0.0));
#4179=DIRECTION('',(1.0,0.0,0.0));
#4180=DIRECTION('',(0.0,1.0,0.0));
#4181=SURFACE_STYLE_FILL_AREA(#6507);
#4182=ORIENTED_EDGE('',*,*,#6429,.F.);
#4183=ORIENTED_EDGE('',*,*,#6426,.F.);
#4184=ORIENTED_EDGE('',*,*,#6423,.T.);
#4185=ORIENTED_EDGE('',*,*,#6432,.F.);
#4186=CARTESIAN_POINT('',(5.0,-2.45,1.15));
#4187=DIRECTION('',(-0.0,0.0,1.0));
#4188=DIRECTION('',(0.0,-1.0,0.0));
#4189=SURFACE_STYLE_FILL_AREA(#6508);
#4190=ORIENTED_EDGE('',*,*,#6479,.F.);
#4191=ORIENTED_EDGE('',*,*,#6509,.F.);
#4192=ORIENTED_EDGE('',*,*,#6510,.F.);
#4193=ORIENTED_EDGE('',*,*,#6466,.F.);
#4194=ORIENTED_EDGE('',*,*,#6444,.T.);
#4195=CARTESIAN_POINT('',(-0.6,0.0,0.0));
#4196=DIRECTION('',(1.0,0.0,0.0));
#4197=DIRECTION('',(0.0,1.0,0.0));
#4198=SURFACE_STYLE_FILL_AREA(#6511);
#4199=ORIENTED_EDGE('',*,*,#6512,.T.);
#4200=ORIENTED_EDGE('',*,*,#6513,.T.);
#4201=ORIENTED_EDGE('',*,*,#6501,.T.);
#4202=ORIENTED_EDGE('',*,*,#6445,.F.);
#4203=ORIENTED_EDGE('',*,*,#6472,.T.);
#4204=CARTESIAN_POINT('',(0.6,0.0,0.0));
#4205=DIRECTION('',(1.0,0.0,0.0));
#4206=DIRECTION('',(0.0,1.0,0.0));
#4207=SURFACE_STYLE_FILL_AREA(#6514);
#4208=ORIENTED_EDGE('',*,*,#6455,.T.);
#4209=ORIENTED_EDGE('',*,*,#6515,.F.);
#4210=ORIENTED_EDGE('',*,*,#6516,.T.);
#4211=ORIENTED_EDGE('',*,*,#6517,.T.);
#4212=CARTESIAN_POINT('',(2.5,4.44089209850063E-16,0.217467935474453));
#4213=DIRECTION('',(-0.0,-0.0,1.0));
#4214=DIRECTION('',(0.0,1.0,0.0));
#4215=SURFACE_STYLE_FILL_AREA(#6518);
#4216=ORIENTED_EDGE('',*,*,#6519,.T.);
#4217=ORIENTED_EDGE('',*,*,#6515,.T.);
#4218=ORIENTED_EDGE('',*,*,#6458,.F.);
#4219=ORIENTED_EDGE('',*,*,#6517,.F.);
#4220=CARTESIAN_POINT('',(2.5,4.44089209850063E-16,0.217467935474453));
#4221=DIRECTION('',(-0.0,-0.0,1.0));
#4222=DIRECTION('',(0.0,1.0,0.0));
#4223=SURFACE_STYLE_FILL_AREA(#6520);
#4224=ORIENTED_EDGE('',*,*,#6521,.T.);
#4225=ORIENTED_EDGE('',*,*,#6461,.T.);
#4226=ORIENTED_EDGE('',*,*,#6522,.F.);
#4227=ORIENTED_EDGE('',*,*,#6523,.T.);
#4228=CARTESIAN_POINT('',(-2.5,4.44089209850063E-16,0.217467935474453));
#4229=DIRECTION('',(-0.0,-0.0,1.0));
#4230=DIRECTION('',(0.0,1.0,0.0));
#4231=SURFACE_STYLE_FILL_AREA(#6524);
#4232=ORIENTED_EDGE('',*,*,#6522,.T.);
#4233=ORIENTED_EDGE('',*,*,#6464,.F.);
#4234=ORIENTED_EDGE('',*,*,#6521,.F.);
#4235=ORIENTED_EDGE('',*,*,#6525,.T.);
#4236=CARTESIAN_POINT('',(-2.5,4.44089209850063E-16,0.217467935474453));
#4237=DIRECTION('',(-0.0,-0.0,1.0));
#4238=DIRECTION('',(0.0,1.0,0.0));
#4239=SURFACE_STYLE_FILL_AREA(#6526);
#4240=ORIENTED_EDGE('',*,*,#6523,.F.);
#4241=ORIENTED_EDGE('',*,*,#6525,.F.);
#4242=ORIENTED_EDGE('',*,*,#6467,.T.);
#4243=ORIENTED_EDGE('',*,*,#6510,.T.);
#4244=ORIENTED_EDGE('',*,*,#6527,.F.);
#4245=ORIENTED_EDGE('',*,*,#6474,.F.);
#4246=CARTESIAN_POINT('',(-4.4,2.1,0.644594594594595));
#4247=DIRECTION('',(-0.0,0.0,1.0));
#4248=DIRECTION('',(0.0,-1.0,0.0));
#4249=SURFACE_STYLE_FILL_AREA(#6528);
#4250=ORIENTED_EDGE('',*,*,#6516,.F.);
#4251=ORIENTED_EDGE('',*,*,#6519,.F.);
#4252=ORIENTED_EDGE('',*,*,#6471,.T.);
#4253=ORIENTED_EDGE('',*,*,#6506,.T.);
#4254=ORIENTED_EDGE('',*,*,#6529,.F.);
#4255=ORIENTED_EDGE('',*,*,#6512,.F.);
#4256=CARTESIAN_POINT('',(0.6,2.1,0.644594594594595));
#4257=DIRECTION('',(-0.0,0.0,1.0));
#4258=DIRECTION('',(0.0,-1.0,0.0));
#4259=SURFACE_STYLE_FILL_AREA(#6530);
#4260=ORIENTED_EDGE('',*,*,#6527,.T.);
#4261=ORIENTED_EDGE('',*,*,#6509,.T.);
#4262=ORIENTED_EDGE('',*,*,#6478,.F.);
#4263=ORIENTED_EDGE('',*,*,#6475,.F.);
#4264=CARTESIAN_POINT('',(-4.4,-3.4,0.644594594594595));
#4265=DIRECTION('',(0.0,-1.0,0.0));
#4266=DIRECTION('',(0.0,0.0,-1.0));
#4267=SURFACE_STYLE_FILL_AREA(#6531);
#4268=ORIENTED_EDGE('',*,*,#6532,.T.);
#4269=ORIENTED_EDGE('',*,*,#6484,.F.);
#4270=ORIENTED_EDGE('',*,*,#6533,.F.);
#4271=ORIENTED_EDGE('',*,*,#6534,.T.);
#4272=CARTESIAN_POINT('',(0.6835,-2.83600426445007,-5.05));
#4273=DIRECTION('',(-0.247383439065289,0.968917661143727,0.0));
#4274=DIRECTION('',(0.968917661143727,0.247383439065289,0.0));
#4275=SURFACE_STYLE_FILL_AREA(#6535);
#4276=ORIENTED_EDGE('',*,*,#6536,.T.);
#4277=ORIENTED_EDGE('',*,*,#6485,.F.);
#4278=ORIENTED_EDGE('',*,*,#6532,.F.);
#4279=ORIENTED_EDGE('',*,*,#6537,.T.);
#4280=CARTESIAN_POINT('',(0.733499952316285,-2.82323830852509,-5.05));
#4281=DIRECTION('',(-0.562790931241744,0.826599278799619,0.0));
#4282=DIRECTION('',(0.826599278799619,0.562790931241744,0.0));
#4283=SURFACE_STYLE_FILL_AREA(#6538);
#4284=ORIENTED_EDGE('',*,*,#6539,.T.);
#4285=ORIENTED_EDGE('',*,*,#6486,.F.);
#4286=ORIENTED_EDGE('',*,*,#6536,.F.);
#4287=ORIENTED_EDGE('',*,*,#6540,.T.);
#4288=CARTESIAN_POINT('',(0.770999952316284,-2.79770639667511,-5.05));
#4289=DIRECTION('',(-0.837378876955877,0.546622919779362,0.0));
#4290=DIRECTION('',(0.546622919779362,0.837378876955877,0.0));
#4291=SURFACE_STYLE_FILL_AREA(#6541);
#4292=ORIENTED_EDGE('',*,*,#6542,.T.);
#4293=ORIENTED_EDGE('',*,*,#6487,.F.);
#4294=ORIENTED_EDGE('',*,*,#6539,.F.);
#4295=ORIENTED_EDGE('',*,*,#6543,.T.);
#4296=CARTESIAN_POINT('',(0.796,-2.75940849313736,-5.05));
#4297=DIRECTION('',(-0.971321363344398,0.237770496720641,0.0));
#4298=DIRECTION('',(0.237770496720641,0.971321363344398,0.0));
#4299=SURFACE_STYLE_FILL_AREA(#6544);
#4300=ORIENTED_EDGE('',*,*,#6545,.T.);
#4301=ORIENTED_EDGE('',*,*,#6488,.F.);
#4302=ORIENTED_EDGE('',*,*,#6542,.F.);
#4303=ORIENTED_EDGE('',*,*,#6546,.T.);
#4304=CARTESIAN_POINT('',(0.808499952316284,-2.70834466943741,-5.05));
#4305=DIRECTION('',(-1.0,0.0,0.0));
#4306=DIRECTION('',(0.0,1.0,0.0));
#4307=SURFACE_STYLE_FILL_AREA(#6547);
#4308=ORIENTED_EDGE('',*,*,#6548,.T.);
#4309=ORIENTED_EDGE('',*,*,#6489,.F.);
#4310=ORIENTED_EDGE('',*,*,#6545,.F.);
#4311=ORIENTED_EDGE('',*,*,#6549,.T.);
#4312=CARTESIAN_POINT('',(0.808499952316284,-2.5168553126812,-5.05));
#4313=DIRECTION('',(-0.971321363344398,-0.237770496720641,-0.0));
#4314=DIRECTION('',(-0.237770496720641,0.971321363344398,0.0));
#4315=SURFACE_STYLE_FILL_AREA(#6550);
#4316=ORIENTED_EDGE('',*,*,#6551,.T.);
#4317=ORIENTED_EDGE('',*,*,#6490,.F.);
#4318=ORIENTED_EDGE('',*,*,#6548,.F.);
#4319=ORIENTED_EDGE('',*,*,#6552,.T.);
#4320=CARTESIAN_POINT('',(0.796,-2.46579148898125,-5.05));
#4321=DIRECTION('',(-0.837378643311971,-0.546623277701383,-0.0));
#4322=DIRECTION('',(-0.546623277701383,0.837378643311971,0.0));
#4323=SURFACE_STYLE_FILL_AREA(#6553);
#4324=ORIENTED_EDGE('',*,*,#6554,.T.);
#4325=ORIENTED_EDGE('',*,*,#6491,.F.);
#4326=ORIENTED_EDGE('',*,*,#6551,.F.);
#4327=ORIENTED_EDGE('',*,*,#6555,.T.);
#4328=CARTESIAN_POINT('',(0.770999952316284,-2.42749362120628,-5.05));
#4329=DIRECTION('',(-0.562791065897557,-0.826599187119061,-0.0));
#4330=DIRECTION('',(-0.826599187119061,0.562791065897557,0.0));
#4331=SURFACE_STYLE_FILL_AREA(#6556);
#4332=ORIENTED_EDGE('',*,*,#6557,.T.);
#4333=ORIENTED_EDGE('',*,*,#6492,.F.);
#4334=ORIENTED_EDGE('',*,*,#6554,.F.);
#4335=ORIENTED_EDGE('',*,*,#6558,.T.);
#4336=CARTESIAN_POINT('',(0.733499952316285,-2.40196170041561,-5.05));
#4337=DIRECTION('',(-0.247383439065289,-0.968917661143727,-0.0));
#4338=DIRECTION('',(-0.968917661143727,0.247383439065289,0.0));
#4339=SURFACE_STYLE_FILL_AREA(#6559);
#4340=ORIENTED_EDGE('',*,*,#6560,.T.);
#4341=ORIENTED_EDGE('',*,*,#6493,.F.);
#4342=ORIENTED_EDGE('',*,*,#6557,.F.);
#4343=ORIENTED_EDGE('',*,*,#6561,.T.);
#4344=CARTESIAN_POINT('',(0.6835,-2.38919574449062,-5.05));
#4345=DIRECTION('',(-0.0,-1.0,-0.0));
#4346=DIRECTION('',(-1.0,0.0,0.0));
#4347=SURFACE_STYLE_FILL_AREA(#6562);
#4348=ORIENTED_EDGE('',*,*,#6563,.T.);
#4349=ORIENTED_EDGE('',*,*,#6494,.F.);
#4350=ORIENTED_EDGE('',*,*,#6560,.F.);
#4351=ORIENTED_EDGE('',*,*,#6564,.T.);
#4352=CARTESIAN_POINT('',(0.4585,-2.38919574449062,-5.05));
#4353=DIRECTION('',(1.0,0.0,0.0));
#4354=DIRECTION('',(0.0,-1.0,0.0));
#4355=SURFACE_STYLE_FILL_AREA(#6565);
#4356=ORIENTED_EDGE('',*,*,#6533,.T.);
#4357=ORIENTED_EDGE('',*,*,#6495,.F.);
#4358=ORIENTED_EDGE('',*,*,#6563,.F.);
#4359=ORIENTED_EDGE('',*,*,#6566,.T.);
#4360=CARTESIAN_POINT('',(0.4585,-2.83600426445007,-5.05));
#4361=DIRECTION('',(-0.0,1.0,0.0));
#4362=DIRECTION('',(1.0,0.0,0.0));
#4363=SURFACE_STYLE_FILL_AREA(#6567);
#4364=ORIENTED_EDGE('',*,*,#6568,.T.);
#4365=ORIENTED_EDGE('',*,*,#6497,.F.);
#4366=ORIENTED_EDGE('',*,*,#6569,.F.);
#4367=ORIENTED_EDGE('',*,*,#6570,.T.);
#4368=CARTESIAN_POINT('',(1.34599990463257,-2.5168553126812,-5.05));
#4369=DIRECTION('',(-0.0,-1.0,-0.0));
#4370=DIRECTION('',(-1.0,0.0,0.0));
#4371=SURFACE_STYLE_FILL_AREA(#6571);
#4372=ORIENTED_EDGE('',*,*,#6572,.T.);
#4373=ORIENTED_EDGE('',*,*,#6498,.F.);
#4374=ORIENTED_EDGE('',*,*,#6568,.F.);
#4375=ORIENTED_EDGE('',*,*,#6573,.T.);
#4376=CARTESIAN_POINT('',(1.12099990463257,-2.5168553126812,-5.05));
#4377=DIRECTION('',(0.950645206354566,0.310280021327646,0.0));
#4378=DIRECTION('',(0.310280021327646,-0.950645206354566,0.0));
#4379=SURFACE_STYLE_FILL_AREA(#6574);
#4380=ORIENTED_EDGE('',*,*,#6569,.T.);
#4381=ORIENTED_EDGE('',*,*,#6499,.F.);
#4382=ORIENTED_EDGE('',*,*,#6572,.F.);
#4383=ORIENTED_EDGE('',*,*,#6575,.T.);
#4384=CARTESIAN_POINT('',(1.23349990463257,-2.86153617630005,-5.05));
#4385=DIRECTION('',(-0.950645206354565,0.310280021327648,0.0));
#4386=DIRECTION('',(0.310280021327648,0.950645206354565,0.0));
#4387=SURFACE_STYLE_FILL_AREA(#6576);
#4388=ORIENTED_EDGE('',*,*,#6529,.T.);
#4389=ORIENTED_EDGE('',*,*,#6505,.T.);
#4390=ORIENTED_EDGE('',*,*,#6502,.F.);
#4391=ORIENTED_EDGE('',*,*,#6513,.F.);
#4392=CARTESIAN_POINT('',(0.6,-3.4,0.644594594594595));
#4393=DIRECTION('',(0.0,-1.0,0.0));
#4394=DIRECTION('',(0.0,0.0,-1.0));
#4395=SURFACE_STYLE_FILL_AREA(#6577);
#4396=ORIENTED_EDGE('',*,*,#6564,.F.);
#4397=ORIENTED_EDGE('',*,*,#6561,.F.);
#4398=ORIENTED_EDGE('',*,*,#6558,.F.);
#4399=ORIENTED_EDGE('',*,*,#6555,.F.);
#4400=ORIENTED_EDGE('',*,*,#6552,.F.);
#4401=ORIENTED_EDGE('',*,*,#6549,.F.);
#4402=ORIENTED_EDGE('',*,*,#6546,.F.);
#4403=ORIENTED_EDGE('',*,*,#6543,.F.);
#4404=ORIENTED_EDGE('',*,*,#6540,.F.);
#4405=ORIENTED_EDGE('',*,*,#6537,.F.);
#4406=ORIENTED_EDGE('',*,*,#6534,.F.);
#4407=ORIENTED_EDGE('',*,*,#6566,.F.);
#4408=CARTESIAN_POINT('',(-5.0,-3.9,-5.05));
#4409=DIRECTION('',(0.0,0.0,-1.0));
#4410=DIRECTION('',(0.0,1.0,0.0));
#4411=SURFACE_STYLE_FILL_AREA(#6578);
#4412=ORIENTED_EDGE('',*,*,#6573,.F.);
#4413=ORIENTED_EDGE('',*,*,#6570,.F.);
#4414=ORIENTED_EDGE('',*,*,#6575,.F.);
#4415=CARTESIAN_POINT('',(-5.0,-3.9,-5.05));
#4416=DIRECTION('',(0.0,0.0,-1.0));
#4417=DIRECTION('',(0.0,1.0,0.0));
#4418=SURFACE_STYLE_FILL_AREA(#6579);
#4419=ORIENTED_EDGE('',*,*,#6580,.F.);
#4420=ORIENTED_EDGE('',*,*,#6581,.F.);
#4421=ORIENTED_EDGE('',*,*,#6582,.F.);
#4422=ORIENTED_EDGE('',*,*,#6583,.F.);
#4423=ORIENTED_EDGE('',*,*,#6584,.F.);
#4424=ORIENTED_EDGE('',*,*,#6585,.F.);
#4425=ORIENTED_EDGE('',*,*,#6586,.F.);
#4426=ORIENTED_EDGE('',*,*,#6587,.F.);
#4427=ORIENTED_EDGE('',*,*,#6588,.F.);
#4428=ORIENTED_EDGE('',*,*,#6589,.F.);
#4429=ORIENTED_EDGE('',*,*,#6590,.F.);
#4430=ORIENTED_EDGE('',*,*,#6591,.F.);
#4431=ORIENTED_EDGE('',*,*,#6592,.F.);
#4432=ORIENTED_EDGE('',*,*,#6593,.F.);
#4433=ORIENTED_EDGE('',*,*,#6594,.F.);
#4434=ORIENTED_EDGE('',*,*,#6595,.F.);
#4435=CARTESIAN_POINT('',(5.0,-2.2,0.0));
#4436=DIRECTION('',(0.0,1.0,-0.0));
#4437=DIRECTION('',(-1.0,0.0,0.0));
#4438=SURFACE_STYLE_FILL_AREA(#6596);
#4439=ORIENTED_EDGE('',*,*,#6597,.T.);
#4440=ORIENTED_EDGE('',*,*,#6598,.F.);
#4441=ORIENTED_EDGE('',*,*,#6599,.F.);
#4442=ORIENTED_EDGE('',*,*,#6580,.T.);
#4443=CARTESIAN_POINT('',(1.3,-2.2,-3.55));
#4444=DIRECTION('',(0.0,1.0,-0.0));
#4445=DIRECTION('',(-1.0,0.0,0.0));
#4446=SURFACE_STYLE_FILL_AREA(#6600);
#4447=ORIENTED_EDGE('',*,*,#6599,.T.);
#4448=ORIENTED_EDGE('',*,*,#6601,.F.);
#4449=ORIENTED_EDGE('',*,*,#6602,.F.);
#4450=ORIENTED_EDGE('',*,*,#6581,.T.);
#4451=CARTESIAN_POINT('',(1.2,-2.2,-0.850000000000002));
#4452=DIRECTION('',(1.0,-0.0,0.0));
#4453=DIRECTION('',(0.0,0.0,-1.0));
#4454=SURFACE_STYLE_FILL_AREA(#6603);
#4455=ORIENTED_EDGE('',*,*,#6602,.T.);
#4456=ORIENTED_EDGE('',*,*,#6604,.F.);
#4457=ORIENTED_EDGE('',*,*,#6605,.F.);
#4458=ORIENTED_EDGE('',*,*,#6582,.T.);
#4459=CARTESIAN_POINT('',(1.3,-2.2,-0.850000000000002));
#4460=DIRECTION('',(0.0,1.0,-0.0));
#4461=DIRECTION('',(-1.0,0.0,0.0));
#4462=SURFACE_STYLE_FILL_AREA(#6606);
#4463=ORIENTED_EDGE('',*,*,#6605,.T.);
#4464=ORIENTED_EDGE('',*,*,#6607,.F.);
#4465=ORIENTED_EDGE('',*,*,#6608,.F.);
#4466=ORIENTED_EDGE('',*,*,#6583,.T.);
#4467=CARTESIAN_POINT('',(3.7,-2.2,-0.75));
#4468=DIRECTION('',(-4.62592926927149E-17,0.0,-1.0));
#4469=DIRECTION('',(-1.0,0.0,4.62592926927149E-17));
#4470=SURFACE_STYLE_FILL_AREA(#6609);
#4471=ORIENTED_EDGE('',*,*,#6608,.T.);
#4472=ORIENTED_EDGE('',*,*,#6610,.F.);
#4473=ORIENTED_EDGE('',*,*,#6611,.F.);
#4474=ORIENTED_EDGE('',*,*,#6584,.T.);
#4475=CARTESIAN_POINT('',(3.7,-2.2,-0.850000000000002));
#4476=DIRECTION('',(0.0,1.0,-0.0));
#4477=DIRECTION('',(-1.0,0.0,0.0));
#4478=SURFACE_STYLE_FILL_AREA(#6612);
#4479=ORIENTED_EDGE('',*,*,#6611,.T.);
#4480=ORIENTED_EDGE('',*,*,#6613,.F.);
#4481=ORIENTED_EDGE('',*,*,#6614,.F.);
#4482=ORIENTED_EDGE('',*,*,#6585,.T.);
#4483=CARTESIAN_POINT('',(3.8,-2.2,-3.55));
#4484=DIRECTION('',(-1.0,0.0,-1.64477485129653E-16));
#4485=DIRECTION('',(-1.64477485129653E-16,0.0,1.0));
#4486=SURFACE_STYLE_FILL_AREA(#6615);
#4487=ORIENTED_EDGE('',*,*,#6614,.T.);
#4488=ORIENTED_EDGE('',*,*,#6616,.F.);
#4489=ORIENTED_EDGE('',*,*,#6617,.F.);
#4490=ORIENTED_EDGE('',*,*,#6586,.T.);
#4491=CARTESIAN_POINT('',(3.7,-2.2,-3.55));
#4492=DIRECTION('',(0.0,1.0,-0.0));
#4493=DIRECTION('',(-1.0,0.0,0.0));
#4494=SURFACE_STYLE_FILL_AREA(#6618);
#4495=ORIENTED_EDGE('',*,*,#6617,.T.);
#4496=ORIENTED_EDGE('',*,*,#6619,.F.);
#4497=ORIENTED_EDGE('',*,*,#6597,.F.);
#4498=ORIENTED_EDGE('',*,*,#6587,.T.);
#4499=CARTESIAN_POINT('',(1.3,-2.2,-3.65));
#4500=DIRECTION('',(0.0,0.0,1.0));
#4501=DIRECTION('',(1.0,0.0,0.0));
#4502=SURFACE_STYLE_FILL_AREA(#6620);
#4503=ORIENTED_EDGE('',*,*,#6621,.T.);
#4504=ORIENTED_EDGE('',*,*,#6622,.F.);
#4505=ORIENTED_EDGE('',*,*,#6623,.F.);
#4506=ORIENTED_EDGE('',*,*,#6588,.T.);
#4507=CARTESIAN_POINT('',(1.3,-2.2,-0.250000000000002));
#4508=DIRECTION('',(-6.93889390390723E-17,0.0,1.0));
#4509=DIRECTION('',(1.0,0.0,6.93889390390723E-17));
#4510=SURFACE_STYLE_FILL_AREA(#6624);
#4511=ORIENTED_EDGE('',*,*,#6623,.T.);
#4512=ORIENTED_EDGE('',*,*,#6625,.F.);
#4513=ORIENTED_EDGE('',*,*,#6626,.F.);
#4514=ORIENTED_EDGE('',*,*,#6589,.T.);
#4515=CARTESIAN_POINT('',(1.3,-2.2,-0.850000000000002));
#4516=DIRECTION('',(0.0,1.0,-0.0));
#4517=DIRECTION('',(-1.0,0.0,0.0));
#4518=SURFACE_STYLE_FILL_AREA(#6627);
#4519=ORIENTED_EDGE('',*,*,#6626,.T.);
#4520=ORIENTED_EDGE('',*,*,#6628,.F.);
#4521=ORIENTED_EDGE('',*,*,#6629,.F.);
#4522=ORIENTED_EDGE('',*,*,#6590,.T.);
#4523=CARTESIAN_POINT('',(0.7,-2.2,-3.55));
#4524=DIRECTION('',(-1.0,0.0,0.0));
#4525=DIRECTION('',(0.0,0.0,1.0));
#4526=SURFACE_STYLE_FILL_AREA(#6630);
#4527=ORIENTED_EDGE('',*,*,#6629,.T.);
#4528=ORIENTED_EDGE('',*,*,#6631,.F.);
#4529=ORIENTED_EDGE('',*,*,#6632,.F.);
#4530=ORIENTED_EDGE('',*,*,#6591,.T.);
#4531=CARTESIAN_POINT('',(1.3,-2.2,-3.55));
#4532=DIRECTION('',(0.0,1.0,-0.0));
#4533=DIRECTION('',(-1.0,0.0,0.0));
#4534=SURFACE_STYLE_FILL_AREA(#6633);
#4535=ORIENTED_EDGE('',*,*,#6634,.F.);
#4536=ORIENTED_EDGE('',*,*,#6635,.F.);
#4537=ORIENTED_EDGE('',*,*,#6636,.F.);
#4538=ORIENTED_EDGE('',*,*,#6637,.F.);
#4539=ORIENTED_EDGE('',*,*,#6632,.T.);
#4540=ORIENTED_EDGE('',*,*,#6638,.F.);
#4541=ORIENTED_EDGE('',*,*,#6639,.F.);
#4542=ORIENTED_EDGE('',*,*,#6592,.T.);
#4543=CARTESIAN_POINT('',(3.7,-2.2,-4.15));
#4544=DIRECTION('',(0.0,0.0,-1.0));
#4545=DIRECTION('',(-1.0,0.0,0.0));
#4546=SURFACE_STYLE_FILL_AREA(#6640);
#4547=ORIENTED_EDGE('',*,*,#6639,.T.);
#4548=ORIENTED_EDGE('',*,*,#6641,.F.);
#4549=ORIENTED_EDGE('',*,*,#6642,.F.);
#4550=ORIENTED_EDGE('',*,*,#6593,.T.);
#4551=CARTESIAN_POINT('',(3.7,-2.2,-3.55));
#4552=DIRECTION('',(0.0,1.0,-0.0));
#4553=DIRECTION('',(-1.0,0.0,0.0));
#4554=SURFACE_STYLE_FILL_AREA(#6643);
#4555=ORIENTED_EDGE('',*,*,#6642,.T.);
#4556=ORIENTED_EDGE('',*,*,#6644,.F.);
#4557=ORIENTED_EDGE('',*,*,#6645,.F.);
#4558=ORIENTED_EDGE('',*,*,#6594,.T.);
#4559=CARTESIAN_POINT('',(4.3,-2.2,-0.850000000000002));
#4560=DIRECTION('',(1.0,-0.0,4.11193712824132E-17));
#4561=DIRECTION('',(4.11193712824132E-17,0.0,-1.0));
#4562=SURFACE_STYLE_FILL_AREA(#6646);
#4563=ORIENTED_EDGE('',*,*,#6645,.T.);
#4564=ORIENTED_EDGE('',*,*,#6647,.F.);
#4565=ORIENTED_EDGE('',*,*,#6621,.F.);
#4566=ORIENTED_EDGE('',*,*,#6595,.T.);
#4567=CARTESIAN_POINT('',(3.7,-2.2,-0.850000000000002));
#4568=DIRECTION('',(0.0,1.0,-0.0));
#4569=DIRECTION('',(-1.0,0.0,0.0));
#4570=SURFACE_STYLE_FILL_AREA(#6648);
#4571=ORIENTED_EDGE('',*,*,#6616,.T.);
#4572=ORIENTED_EDGE('',*,*,#6613,.T.);
#4573=ORIENTED_EDGE('',*,*,#6610,.T.);
#4574=ORIENTED_EDGE('',*,*,#6607,.T.);
#4575=ORIENTED_EDGE('',*,*,#6604,.T.);
#4576=ORIENTED_EDGE('',*,*,#6601,.T.);
#4577=ORIENTED_EDGE('',*,*,#6598,.T.);
#4578=ORIENTED_EDGE('',*,*,#6619,.T.);
#4579=ORIENTED_EDGE('',*,*,#6644,.T.);
#4580=ORIENTED_EDGE('',*,*,#6641,.T.);
#4581=ORIENTED_EDGE('',*,*,#6638,.T.);
#4582=ORIENTED_EDGE('',*,*,#6631,.T.);
#4583=ORIENTED_EDGE('',*,*,#6628,.T.);
#4584=ORIENTED_EDGE('',*,*,#6625,.T.);
#4585=ORIENTED_EDGE('',*,*,#6622,.T.);
#4586=ORIENTED_EDGE('',*,*,#6647,.T.);
#4587=CARTESIAN_POINT('',(5.0,2.2,0.0));
#4588=DIRECTION('',(0.0,1.0,-0.0));
#4589=DIRECTION('',(-1.0,0.0,0.0));
#4590=SURFACE_STYLE_FILL_AREA(#6649);
#4591=ORIENTED_EDGE('',*,*,#6650,.F.);
#4592=ORIENTED_EDGE('',*,*,#6634,.T.);
#4593=ORIENTED_EDGE('',*,*,#6651,.T.);
#4594=ORIENTED_EDGE('',*,*,#6652,.T.);
#4595=CARTESIAN_POINT('',(2.8,0.5,-4.15));
#4596=DIRECTION('',(1.0,0.0,0.0));
#4597=DIRECTION('',(0.0,-1.0,0.0));
#4598=SURFACE_STYLE_FILL_AREA(#6653);
#4599=ORIENTED_EDGE('',*,*,#6654,.F.);
#4600=ORIENTED_EDGE('',*,*,#6635,.T.);
#4601=ORIENTED_EDGE('',*,*,#6650,.T.);
#4602=ORIENTED_EDGE('',*,*,#6655,.F.);
#4603=CARTESIAN_POINT('',(2.2,0.5,-4.15));
#4604=DIRECTION('',(-0.0,1.0,0.0));
#4605=DIRECTION('',(1.0,0.0,0.0));
#4606=SURFACE_STYLE_FILL_AREA(#6656);
#4607=ORIENTED_EDGE('',*,*,#6657,.F.);
#4608=ORIENTED_EDGE('',*,*,#6636,.T.);
#4609=ORIENTED_EDGE('',*,*,#6654,.T.);
#4610=ORIENTED_EDGE('',*,*,#6658,.T.);
#4611=CARTESIAN_POINT('',(2.2,-0.5,-4.15));
#4612=DIRECTION('',(-1.0,0.0,0.0));
#4613=DIRECTION('',(0.0,1.0,0.0));
#4614=SURFACE_STYLE_FILL_AREA(#6659);
#4615=ORIENTED_EDGE('',*,*,#6651,.F.);
#4616=ORIENTED_EDGE('',*,*,#6637,.T.);
#4617=ORIENTED_EDGE('',*,*,#6657,.T.);
#4618=ORIENTED_EDGE('',*,*,#6660,.T.);
#4619=CARTESIAN_POINT('',(2.8,-0.5,-4.15));
#4620=DIRECTION('',(-0.0,-1.0,-0.0));
#4621=DIRECTION('',(-1.0,0.0,0.0));
#4622=SURFACE_STYLE_FILL_AREA(#6661);
#4623=ORIENTED_EDGE('',*,*,#6660,.F.);
#4624=ORIENTED_EDGE('',*,*,#6658,.F.);
#4625=ORIENTED_EDGE('',*,*,#6655,.T.);
#4626=ORIENTED_EDGE('',*,*,#6652,.F.);
#4627=CARTESIAN_POINT('',(-18.6878,1.11022302462516E-16,-8.35));
#4628=DIRECTION('',(1.0,0.0,0.0));
#4629=DIRECTION('',(0.0,1.0,0.0));
#4630=SURFACE_STYLE_FILL_AREA(#6662);
#4631=ORIENTED_EDGE('',*,*,#6663,.F.);
#4632=ORIENTED_EDGE('',*,*,#6664,.T.);
#4633=ORIENTED_EDGE('',*,*,#6665,.F.);
#4634=ORIENTED_EDGE('',*,*,#6666,.T.);
#4635=CARTESIAN_POINT('',(2.5,5.72749767319019E-16,3.57192560515504));
#4636=DIRECTION('',(-5.72082829123956E-18,-4.54848367322851E-16,-1.0));
#4637=DIRECTION('',(0.0210935903214963,0.999777505471767,-4.54867838858221E-16));
#4638=SURFACE_STYLE_FILL_AREA(#6667);
#4639=ORIENTED_EDGE('',*,*,#6668,.F.);
#4640=ORIENTED_EDGE('',*,*,#6669,.T.);
#4641=ORIENTED_EDGE('',*,*,#6670,.F.);
#4642=ORIENTED_EDGE('',*,*,#6671,.T.);
#4643=CARTESIAN_POINT('',(2.5,5.72749767319019E-16,3.57192560515504));
#4644=DIRECTION('',(-5.72082829123957E-18,-4.54848367322852E-16,-1.0));
#4645=DIRECTION('',(-0.0210935903214964,-0.999777505471767,4.54867838858221E-16));
#4646=SURFACE_STYLE_FILL_AREA(#6672);
#4647=ORIENTED_EDGE('',*,*,#6673,.F.);
#4648=ORIENTED_EDGE('',*,*,#6674,.T.);
#4649=ORIENTED_EDGE('',*,*,#6675,.F.);
#4650=ORIENTED_EDGE('',*,*,#6676,.T.);
#4651=CARTESIAN_POINT('',(2.5,9.74730981449372E-17,0.984639924064576));
#4652=DIRECTION('',(0.0,-1.83697019872103E-16,-1.0));
#4653=DIRECTION('',(0.0,-1.0,1.83697019872103E-16));
#4654=SURFACE_STYLE_FILL_AREA(#6677);
#4655=ORIENTED_EDGE('',*,*,#6678,.F.);
#4656=ORIENTED_EDGE('',*,*,#6679,.F.);
#4657=ORIENTED_EDGE('',*,*,#6673,.T.);
#4658=ORIENTED_EDGE('',*,*,#6680,.T.);
#4659=ORIENTED_EDGE('',*,*,#6681,.T.);
#4660=CARTESIAN_POINT('',(5.0,0.35,0.0));
#4661=DIRECTION('',(0.0,1.0,-0.0));
#4662=DIRECTION('',(-1.0,0.0,0.0));
#4663=SURFACE_STYLE_FILL_AREA(#6682);
#4664=ORIENTED_EDGE('',*,*,#6668,.T.);
#4665=ORIENTED_EDGE('',*,*,#6683,.T.);
#4666=ORIENTED_EDGE('',*,*,#6684,.T.);
#4667=ORIENTED_EDGE('',*,*,#6674,.F.);
#4668=ORIENTED_EDGE('',*,*,#6679,.T.);
#4669=ORIENTED_EDGE('',*,*,#6685,.F.);
#4670=ORIENTED_EDGE('',*,*,#6686,.T.);
#4671=ORIENTED_EDGE('',*,*,#6687,.F.);
#4672=ORIENTED_EDGE('',*,*,#6688,.T.);
#4673=ORIENTED_EDGE('',*,*,#6689,.T.);
#4674=ORIENTED_EDGE('',*,*,#6665,.T.);
#4675=ORIENTED_EDGE('',*,*,#6690,.T.);
#4676=CARTESIAN_POINT('',(2.5,5.72749767319019E-16,3.57192560515504));
#4677=DIRECTION('',(-5.72082829123957E-18,-4.54848367322852E-16,-1.0));
#4678=DIRECTION('',(-0.0210935903214964,-0.999777505471767,4.54867838858221E-16));
#4679=SURFACE_STYLE_FILL_AREA(#6691);
#4680=ORIENTED_EDGE('',*,*,#6692,.F.);
#4681=ORIENTED_EDGE('',*,*,#6675,.T.);
#4682=ORIENTED_EDGE('',*,*,#6684,.F.);
#4683=ORIENTED_EDGE('',*,*,#6693,.T.);
#4684=ORIENTED_EDGE('',*,*,#6694,.T.);
#4685=ORIENTED_EDGE('',*,*,#6695,.T.);
#4686=CARTESIAN_POINT('',(2.85,0.0,0.0));
#4687=DIRECTION('',(-1.0,0.0,0.0));
#4688=DIRECTION('',(0.0,-1.0,0.0));
#4689=SURFACE_STYLE_FILL_AREA(#6696);
#4690=ORIENTED_EDGE('',*,*,#6680,.F.);
#4691=ORIENTED_EDGE('',*,*,#6676,.F.);
#4692=ORIENTED_EDGE('',*,*,#6692,.T.);
#4693=ORIENTED_EDGE('',*,*,#6697,.F.);
#4694=ORIENTED_EDGE('',*,*,#6698,.F.);
#4695=CARTESIAN_POINT('',(3.15,0.65,23.17004));
#4696=DIRECTION('',(-0.0,-0.0,-1.0));
#4697=DIRECTION('',(0.0,-1.0,0.0));
#4698=SURFACE_STYLE_FILL_AREA(#6699);
#4699=ORIENTED_EDGE('',*,*,#6700,.F.);
#4700=ORIENTED_EDGE('',*,*,#6701,.F.);
#4701=ORIENTED_EDGE('',*,*,#6702,.F.);
#4702=ORIENTED_EDGE('',*,*,#6685,.T.);
#4703=ORIENTED_EDGE('',*,*,#6678,.T.);
#4704=ORIENTED_EDGE('',*,*,#6703,.F.);
#4705=CARTESIAN_POINT('',(4.24672663160588,-0.35,4.2094588947537));
#4706=DIRECTION('',(0.5,0.0,-0.866025403784439));
#4707=DIRECTION('',(-0.866025403784439,0.0,-0.5));
#4708=SURFACE_STYLE_FILL_AREA(#6704);
#4709=ORIENTED_EDGE('',*,*,#6705,.F.);
#4710=ORIENTED_EDGE('',*,*,#6703,.T.);
#4711=ORIENTED_EDGE('',*,*,#6681,.F.);
#4712=ORIENTED_EDGE('',*,*,#6698,.T.);
#4713=ORIENTED_EDGE('',*,*,#6706,.F.);
#4714=CARTESIAN_POINT('',(2.87987115883418,0.225204747524201,3.76671468111942));
#4715=DIRECTION('',(0.690009293915893,0.604303648077345,0.398377051585684));
#4716=DIRECTION('',(0.5,-1.8756442711316E-16,-0.866025403784439));
#4717=SURFACE_STYLE_FILL_AREA(#6707);
#4718=ORIENTED_EDGE('',*,*,#6708,.T.);
#4719=ORIENTED_EDGE('',*,*,#6709,.T.);
#4720=ORIENTED_EDGE('',*,*,#6686,.F.);
#4721=ORIENTED_EDGE('',*,*,#6702,.T.);
#4722=ORIENTED_EDGE('',*,*,#6710,.T.);
#4723=CARTESIAN_POINT('',(5.0,-0.35,0.0));
#4724=DIRECTION('',(0.0,1.0,-0.0));
#4725=DIRECTION('',(-1.0,0.0,0.0));
#4726=SURFACE_STYLE_FILL_AREA(#6711);
#4727=ORIENTED_EDGE('',*,*,#6712,.F.);
#4728=ORIENTED_EDGE('',*,*,#6687,.T.);
#4729=ORIENTED_EDGE('',*,*,#6709,.F.);
#4730=ORIENTED_EDGE('',*,*,#6713,.T.);
#4731=CARTESIAN_POINT('',(2.5,9.74730981449372E-17,0.984639924064576));
#4732=DIRECTION('',(0.0,-1.83697019872103E-16,-1.0));
#4733=DIRECTION('',(0.0,-1.0,1.83697019872103E-16));
#4734=SURFACE_STYLE_FILL_AREA(#6714);
#4735=ORIENTED_EDGE('',*,*,#6688,.F.);
#4736=ORIENTED_EDGE('',*,*,#6712,.T.);
#4737=ORIENTED_EDGE('',*,*,#6715,.F.);
#4738=ORIENTED_EDGE('',*,*,#6716,.T.);
#4739=ORIENTED_EDGE('',*,*,#6717,.T.);
#4740=ORIENTED_EDGE('',*,*,#6718,.T.);
#4741=CARTESIAN_POINT('',(2.85,0.0,0.0));
#4742=DIRECTION('',(-1.0,0.0,0.0));
#4743=DIRECTION('',(0.0,-1.0,0.0));
#4744=SURFACE_STYLE_FILL_AREA(#6719);
#4745=ORIENTED_EDGE('',*,*,#6720,.T.);
#4746=ORIENTED_EDGE('',*,*,#6721,.F.);
#4747=ORIENTED_EDGE('',*,*,#6666,.F.);
#4748=ORIENTED_EDGE('',*,*,#6689,.F.);
#4749=ORIENTED_EDGE('',*,*,#6718,.F.);
#4750=ORIENTED_EDGE('',*,*,#6722,.T.);
#4751=CARTESIAN_POINT('',(2.85,-0.805074140695603,3.78966093839017));
#4752=DIRECTION('',(-0.0,-0.0,-1.0));
#4753=DIRECTION('',(0.0,-1.0,0.0));
#4754=SURFACE_STYLE_FILL_AREA(#6723);
#4755=ORIENTED_EDGE('',*,*,#6663,.T.);
#4756=ORIENTED_EDGE('',*,*,#6721,.T.);
#4757=ORIENTED_EDGE('',*,*,#6724,.T.);
#4758=ORIENTED_EDGE('',*,*,#6725,.F.);
#4759=ORIENTED_EDGE('',*,*,#6726,.T.);
#4760=ORIENTED_EDGE('',*,*,#6727,.F.);
#4761=ORIENTED_EDGE('',*,*,#6728,.T.);
#4762=ORIENTED_EDGE('',*,*,#6729,.F.);
#4763=ORIENTED_EDGE('',*,*,#6730,.T.);
#4764=ORIENTED_EDGE('',*,*,#6731,.T.);
#4765=ORIENTED_EDGE('',*,*,#6670,.T.);
#4766=ORIENTED_EDGE('',*,*,#6732,.T.);
#4767=CARTESIAN_POINT('',(2.5,5.72749767319019E-16,3.57192560515504));
#4768=DIRECTION('',(-5.72082829123956E-18,-4.54848367322851E-16,-1.0));
#4769=DIRECTION('',(0.0210935903214963,0.999777505471767,-4.54867838858221E-16));
#4770=SURFACE_STYLE_FILL_AREA(#6733);
#4771=ORIENTED_EDGE('',*,*,#6734,.F.);
#4772=ORIENTED_EDGE('',*,*,#6735,.F.);
#4773=ORIENTED_EDGE('',*,*,#6736,.T.);
#4774=ORIENTED_EDGE('',*,*,#6669,.F.);
#4775=ORIENTED_EDGE('',*,*,#6690,.F.);
#4776=CARTESIAN_POINT('',(2.5,8.86481010241365E-16,5.27979894540181));
#4777=DIRECTION('',(-0.0,-1.83697019872103E-16,-1.0));
#4778=DIRECTION('',(0.0,-1.0,1.83697019872103E-16));
#4779=SURFACE_STYLE_FILL_AREA(#6737);
#4780=ORIENTED_EDGE('',*,*,#6693,.F.);
#4781=ORIENTED_EDGE('',*,*,#6683,.F.);
#4782=ORIENTED_EDGE('',*,*,#6671,.F.);
#4783=ORIENTED_EDGE('',*,*,#6731,.F.);
#4784=ORIENTED_EDGE('',*,*,#6738,.T.);
#4785=ORIENTED_EDGE('',*,*,#6739,.F.);
#4786=CARTESIAN_POINT('',(2.85,1.95231167330585,3.78966093839017));
#4787=DIRECTION('',(-0.0,-0.0,-1.0));
#4788=DIRECTION('',(0.0,-1.0,0.0));
#4789=SURFACE_STYLE_FILL_AREA(#6740);
#4790=ORIENTED_EDGE('',*,*,#6741,.F.);
#4791=ORIENTED_EDGE('',*,*,#6742,.F.);
#4792=ORIENTED_EDGE('',*,*,#6694,.F.);
#4793=ORIENTED_EDGE('',*,*,#6739,.T.);
#4794=CARTESIAN_POINT('',(19.1878,0.895061898805853,3.48966093839017));
#4795=DIRECTION('',(-1.0,0.0,0.0));
#4796=DIRECTION('',(0.0,-0.550396203912351,0.834903598458453));
#4797=SURFACE_STYLE_FILL_AREA(#6743);
#4798=ORIENTED_EDGE('',*,*,#6697,.T.);
#4799=ORIENTED_EDGE('',*,*,#6695,.F.);
#4800=ORIENTED_EDGE('',*,*,#6742,.T.);
#4801=ORIENTED_EDGE('',*,*,#6744,.T.);
#4802=ORIENTED_EDGE('',*,*,#6745,.T.);
#4803=ORIENTED_EDGE('',*,*,#6746,.T.);
#4804=ORIENTED_EDGE('',*,*,#6747,.F.);
#4805=ORIENTED_EDGE('',*,*,#6706,.T.);
#4806=CARTESIAN_POINT('',(2.85,0.805074140695604,3.78966093839017));
#4807=DIRECTION('',(0.0,0.550396203912351,-0.834903598458453));
#4808=DIRECTION('',(0.0,-0.834903598458453,-0.550396203912351));
#4809=SURFACE_STYLE_FILL_AREA(#6748);
#4810=ORIENTED_EDGE('',*,*,#6749,.T.);
#4811=ORIENTED_EDGE('',*,*,#6750,.F.);
#4812=ORIENTED_EDGE('',*,*,#6751,.F.);
#4813=ORIENTED_EDGE('',*,*,#6700,.T.);
#4814=CARTESIAN_POINT('',(2.91961524227066,-0.285530828328357,3.78966093839017));
#4815=DIRECTION('',(0.0,1.0,0.0));
#4816=DIRECTION('',(0.500000000000001,0.0,-0.866025403784438));
#4817=SURFACE_STYLE_FILL_AREA(#6752);
#4818=ORIENTED_EDGE('',*,*,#6753,.T.);
#4819=ORIENTED_EDGE('',*,*,#6754,.F.);
#4820=ORIENTED_EDGE('',*,*,#6755,.T.);
#4821=ORIENTED_EDGE('',*,*,#6710,.F.);
#4822=ORIENTED_EDGE('',*,*,#6701,.T.);
#4823=CARTESIAN_POINT('',(18.6860186297561,-14.06808,12.8923981783071));
#4824=DIRECTION('',(-0.690009293915893,0.604303648077345,-0.398377051585684));
#4825=DIRECTION('',(0.500000000000002,2.75073847823783E-15,-0.866025403784438));
#4826=SURFACE_STYLE_FILL_AREA(#6756);
#4827=ORIENTED_EDGE('',*,*,#6749,.F.);
#4828=ORIENTED_EDGE('',*,*,#6705,.T.);
#4829=ORIENTED_EDGE('',*,*,#6757,.F.);
#4830=CARTESIAN_POINT('',(2.91961524227066,0.260012241889751,3.78966093839017));
#4831=DIRECTION('',(-6.28560395092706E-13,-0.957837042128548,-0.287312026769563));
#4832=DIRECTION('',(5.44465305157935E-12,0.287312026769563,-0.957837042128548));
#4833=SURFACE_STYLE_FILL_AREA(#6758);
#4834=ORIENTED_EDGE('',*,*,#6759,.F.);
#4835=ORIENTED_EDGE('',*,*,#6715,.T.);
#4836=ORIENTED_EDGE('',*,*,#6713,.F.);
#4837=ORIENTED_EDGE('',*,*,#6708,.F.);
#4838=ORIENTED_EDGE('',*,*,#6755,.F.);
#4839=CARTESIAN_POINT('',(3.15,-0.65,-26.97004));
#4840=DIRECTION('',(0.0,-0.0,1.0));
#4841=DIRECTION('',(0.0,1.0,0.0));
#4842=SURFACE_STYLE_FILL_AREA(#6760);
#4843=ORIENTED_EDGE('',*,*,#6761,.F.);
#4844=ORIENTED_EDGE('',*,*,#6762,.T.);
#4845=ORIENTED_EDGE('',*,*,#6763,.T.);
#4846=ORIENTED_EDGE('',*,*,#6764,.T.);
#4847=ORIENTED_EDGE('',*,*,#6765,.F.);
#4848=ORIENTED_EDGE('',*,*,#6716,.F.);
#4849=ORIENTED_EDGE('',*,*,#6759,.T.);
#4850=ORIENTED_EDGE('',*,*,#6754,.T.);
#4851=CARTESIAN_POINT('',(2.85,-0.349999999999999,3.48966093839017));
#4852=DIRECTION('',(-0.0,-0.550396203912351,-0.834903598458453));
#4853=DIRECTION('',(0.0,-0.834903598458453,0.550396203912351));
#4854=SURFACE_STYLE_FILL_AREA(#6766);
#4855=ORIENTED_EDGE('',*,*,#6767,.F.);
#4856=ORIENTED_EDGE('',*,*,#6722,.F.);
#4857=ORIENTED_EDGE('',*,*,#6717,.F.);
#4858=ORIENTED_EDGE('',*,*,#6765,.T.);
#4859=CARTESIAN_POINT('',(19.1878,-0.895061898805853,3.48966093839017));
#4860=DIRECTION('',(-1.0,0.0,0.0));
#4861=DIRECTION('',(0.0,0.0,1.0));
#4862=SURFACE_STYLE_FILL_AREA(#6768);
#4863=ORIENTED_EDGE('',*,*,#6769,.F.);
#4864=ORIENTED_EDGE('',*,*,#6770,.F.);
#4865=ORIENTED_EDGE('',*,*,#6724,.F.);
#4866=ORIENTED_EDGE('',*,*,#6720,.F.);
#4867=ORIENTED_EDGE('',*,*,#6767,.T.);
#4868=ORIENTED_EDGE('',*,*,#6764,.F.);
#4869=CARTESIAN_POINT('',(2.15,0.0,0.0));
#4870=DIRECTION('',(-1.0,0.0,0.0));
#4871=DIRECTION('',(0.0,-1.0,0.0));
#4872=SURFACE_STYLE_FILL_AREA(#6771);
#4873=ORIENTED_EDGE('',*,*,#6772,.F.);
#4874=ORIENTED_EDGE('',*,*,#6725,.T.);
#4875=ORIENTED_EDGE('',*,*,#6770,.T.);
#4876=ORIENTED_EDGE('',*,*,#6773,.T.);
#4877=CARTESIAN_POINT('',(2.5,9.74730981449372E-17,0.984639924064576));
#4878=DIRECTION('',(0.0,-1.83697019872103E-16,-1.0));
#4879=DIRECTION('',(0.0,-1.0,1.83697019872103E-16));
#4880=SURFACE_STYLE_FILL_AREA(#6774);
#4881=ORIENTED_EDGE('',*,*,#6775,.T.);
#4882=ORIENTED_EDGE('',*,*,#6726,.F.);
#4883=ORIENTED_EDGE('',*,*,#6772,.T.);
#4884=ORIENTED_EDGE('',*,*,#6776,.T.);
#4885=ORIENTED_EDGE('',*,*,#6777,.T.);
#4886=CARTESIAN_POINT('',(5.0,-0.35,0.0));
#4887=DIRECTION('',(0.0,1.0,-0.0));
#4888=DIRECTION('',(-1.0,0.0,0.0));
#4889=SURFACE_STYLE_FILL_AREA(#6778);
#4890=ORIENTED_EDGE('',*,*,#6779,.F.);
#4891=ORIENTED_EDGE('',*,*,#6780,.F.);
#4892=ORIENTED_EDGE('',*,*,#6781,.T.);
#4893=ORIENTED_EDGE('',*,*,#6727,.T.);
#4894=ORIENTED_EDGE('',*,*,#6775,.F.);
#4895=ORIENTED_EDGE('',*,*,#6782,.F.);
#4896=CARTESIAN_POINT('',(2.0,-0.35,3.48966093839017));
#4897=DIRECTION('',(-0.5,0.0,-0.866025403784439));
#4898=DIRECTION('',(-0.866025403784439,0.0,0.5));
#4899=SURFACE_STYLE_FILL_AREA(#6783);
#4900=ORIENTED_EDGE('',*,*,#6784,.T.);
#4901=ORIENTED_EDGE('',*,*,#6785,.T.);
#4902=ORIENTED_EDGE('',*,*,#6728,.F.);
#4903=ORIENTED_EDGE('',*,*,#6781,.F.);
#4904=ORIENTED_EDGE('',*,*,#6786,.T.);
#4905=CARTESIAN_POINT('',(5.0,0.35,0.0));
#4906=DIRECTION('',(0.0,1.0,-0.0));
#4907=DIRECTION('',(-1.0,0.0,0.0));
#4908=SURFACE_STYLE_FILL_AREA(#6787);
#4909=ORIENTED_EDGE('',*,*,#6788,.T.);
#4910=ORIENTED_EDGE('',*,*,#6729,.T.);
#4911=ORIENTED_EDGE('',*,*,#6785,.F.);
#4912=ORIENTED_EDGE('',*,*,#6789,.T.);
#4913=CARTESIAN_POINT('',(2.5,9.74730981449372E-17,0.984639924064576));
#4914=DIRECTION('',(0.0,-1.83697019872103E-16,-1.0));
#4915=DIRECTION('',(0.0,-1.0,1.83697019872103E-16));
#4916=SURFACE_STYLE_FILL_AREA(#6790);
#4917=ORIENTED_EDGE('',*,*,#6730,.F.);
#4918=ORIENTED_EDGE('',*,*,#6788,.F.);
#4919=ORIENTED_EDGE('',*,*,#6791,.F.);
#4920=ORIENTED_EDGE('',*,*,#6744,.F.);
#4921=ORIENTED_EDGE('',*,*,#6741,.T.);
#4922=ORIENTED_EDGE('',*,*,#6738,.F.);
#4923=CARTESIAN_POINT('',(2.15,0.0,0.0));
#4924=DIRECTION('',(-1.0,0.0,0.0));
#4925=DIRECTION('',(0.0,-1.0,0.0));
#4926=SURFACE_STYLE_FILL_AREA(#6792);
#4927=ORIENTED_EDGE('',*,*,#6736,.F.);
#4928=ORIENTED_EDGE('',*,*,#6793,.T.);
#4929=ORIENTED_EDGE('',*,*,#6734,.T.);
#4930=ORIENTED_EDGE('',*,*,#6664,.F.);
#4931=ORIENTED_EDGE('',*,*,#6732,.F.);
#4932=CARTESIAN_POINT('',(2.5,8.86481010241365E-16,5.27979894540181));
#4933=DIRECTION('',(-0.0,-1.83697019872103E-16,-1.0));
#4934=DIRECTION('',(0.0,-1.0,1.83697019872103E-16));
#4935=SURFACE_STYLE_FILL_AREA(#6794);
#4936=ORIENTED_EDGE('',*,*,#6735,.T.);
#4937=ORIENTED_EDGE('',*,*,#6793,.F.);
#4938=ORIENTED_EDGE('',*,*,#6795,.T.);
#4939=ORIENTED_EDGE('',*,*,#6796,.F.);
#4940=CARTESIAN_POINT('',(2.5,4.47419781270279E-16,2.88966093839017));
#4941=DIRECTION('',(-0.0,-1.83697019872103E-16,-1.0));
#4942=DIRECTION('',(0.0,-1.0,1.83697019872103E-16));
#4943=SURFACE_STYLE_FILL_AREA(#6797);
#4944=ORIENTED_EDGE('',*,*,#6745,.F.);
#4945=ORIENTED_EDGE('',*,*,#6791,.T.);
#4946=ORIENTED_EDGE('',*,*,#6789,.F.);
#4947=ORIENTED_EDGE('',*,*,#6784,.F.);
#4948=ORIENTED_EDGE('',*,*,#6798,.F.);
#4949=CARTESIAN_POINT('',(1.85,0.65,-26.97004));
#4950=DIRECTION('',(-0.0,0.0,1.0));
#4951=DIRECTION('',(7.40148683083438E-16,-1.0,0.0));
#4952=SURFACE_STYLE_FILL_AREA(#6799);
#4953=ORIENTED_EDGE('',*,*,#6800,.T.);
#4954=ORIENTED_EDGE('',*,*,#6746,.F.);
#4955=ORIENTED_EDGE('',*,*,#6798,.T.);
#4956=ORIENTED_EDGE('',*,*,#6786,.F.);
#4957=ORIENTED_EDGE('',*,*,#6780,.T.);
#4958=CARTESIAN_POINT('',(-13.6860186297561,14.06808,12.8923981783071));
#4959=DIRECTION('',(0.690009293915893,-0.604303648077345,-0.398377051585684));
#4960=DIRECTION('',(-0.5,-4.3609268557429E-16,-0.866025403784439));
#4961=SURFACE_STYLE_FILL_AREA(#6801);
#4962=ORIENTED_EDGE('',*,*,#6747,.T.);
#4963=ORIENTED_EDGE('',*,*,#6802,.T.);
#4964=ORIENTED_EDGE('',*,*,#6803,.T.);
#4965=ORIENTED_EDGE('',*,*,#6757,.T.);
#4966=CARTESIAN_POINT('',(-18.6878,0.260012241889751,3.78966093839017));
#4967=DIRECTION('',(1.0,-0.0,0.0));
#4968=DIRECTION('',(0.0,0.0,-1.0));
#4969=SURFACE_STYLE_FILL_AREA(#6804);
#4970=ORIENTED_EDGE('',*,*,#6803,.F.);
#4971=ORIENTED_EDGE('',*,*,#6805,.T.);
#4972=ORIENTED_EDGE('',*,*,#6806,.F.);
#4973=ORIENTED_EDGE('',*,*,#6750,.T.);
#4974=CARTESIAN_POINT('',(3.0,-0.35,3.48966093839017));
#4975=DIRECTION('',(0.0,0.0,-1.0));
#4976=DIRECTION('',(-1.0,0.0,0.0));
#4977=SURFACE_STYLE_FILL_AREA(#6807);
#4978=ORIENTED_EDGE('',*,*,#6753,.F.);
#4979=ORIENTED_EDGE('',*,*,#6751,.T.);
#4980=ORIENTED_EDGE('',*,*,#6808,.F.);
#4981=CARTESIAN_POINT('',(2.91961524227066,-0.26001224188975,3.78966093839017));
#4982=DIRECTION('',(4.71417440788681E-13,-0.957837042128556,0.287312026769537));
#4983=DIRECTION('',(5.39597111630186E-12,-0.287312026769537,-0.957837042128556));
#4984=SURFACE_STYLE_FILL_AREA(#6809);
#4985=ORIENTED_EDGE('',*,*,#6806,.T.);
#4986=ORIENTED_EDGE('',*,*,#6810,.T.);
#4987=ORIENTED_EDGE('',*,*,#6761,.T.);
#4988=ORIENTED_EDGE('',*,*,#6808,.T.);
#4989=CARTESIAN_POINT('',(19.1878,-0.26001224188975,3.78966093839017));
#4990=DIRECTION('',(-1.0,-0.0,-0.0));
#4991=DIRECTION('',(0.0,0.0,-1.0));
#4992=SURFACE_STYLE_FILL_AREA(#6811);
#4993=ORIENTED_EDGE('',*,*,#6812,.F.);
#4994=ORIENTED_EDGE('',*,*,#6782,.T.);
#4995=ORIENTED_EDGE('',*,*,#6777,.F.);
#4996=ORIENTED_EDGE('',*,*,#6813,.T.);
#4997=ORIENTED_EDGE('',*,*,#6762,.F.);
#4998=CARTESIAN_POINT('',(2.10836260122519,-0.235509509768662,3.77350792291649));
#4999=DIRECTION('',(-0.690009293915893,-0.604303648077346,0.398377051585684));
#5000=DIRECTION('',(-0.5,1.28591432925752E-16,-0.866025403784439));
#5001=SURFACE_STYLE_FILL_AREA(#6814);
#5002=ORIENTED_EDGE('',*,*,#6776,.F.);
#5003=ORIENTED_EDGE('',*,*,#6773,.F.);
#5004=ORIENTED_EDGE('',*,*,#6769,.T.);
#5005=ORIENTED_EDGE('',*,*,#6763,.F.);
#5006=ORIENTED_EDGE('',*,*,#6813,.F.);
#5007=CARTESIAN_POINT('',(1.85,-0.65,23.17004));
#5008=DIRECTION('',(0.0,0.0,-1.0));
#5009=DIRECTION('',(7.40148683083438E-16,1.0,0.0));
#5010=SURFACE_STYLE_FILL_AREA(#6815);
#5011=ORIENTED_EDGE('',*,*,#6816,.T.);
#5012=ORIENTED_EDGE('',*,*,#6805,.F.);
#5013=ORIENTED_EDGE('',*,*,#6817,.F.);
#5014=ORIENTED_EDGE('',*,*,#6779,.T.);
#5015=CARTESIAN_POINT('',(2.08038475772934,0.304063982291848,3.78966093839017));
#5016=DIRECTION('',(0.0,-1.0,-0.0));
#5017=DIRECTION('',(-0.5,0.0,-0.866025403784439));
#5018=SURFACE_STYLE_FILL_AREA(#6818);
#5019=ORIENTED_EDGE('',*,*,#6819,.T.);
#5020=ORIENTED_EDGE('',*,*,#6820,.T.);
#5021=ORIENTED_EDGE('',*,*,#6795,.F.);
#5022=ORIENTED_EDGE('',*,*,#6821,.F.);
#5023=CARTESIAN_POINT('',(2.5,8.86481010241365E-16,5.27979894540181));
#5024=DIRECTION('',(-0.0,-1.83697019872103E-16,-1.0));
#5025=DIRECTION('',(0.0,-1.0,1.83697019872103E-16));
#5026=SURFACE_STYLE_FILL_AREA(#6822);
#5027=ORIENTED_EDGE('',*,*,#6796,.T.);
#5028=ORIENTED_EDGE('',*,*,#6820,.F.);
#5029=ORIENTED_EDGE('',*,*,#6823,.F.);
#5030=ORIENTED_EDGE('',*,*,#6821,.T.);
#5031=CARTESIAN_POINT('',(2.5,8.86481010241365E-16,5.27979894540181));
#5032=DIRECTION('',(-0.0,-1.83697019872103E-16,-1.0));
#5033=DIRECTION('',(0.0,-1.0,1.83697019872103E-16));
#5034=SURFACE_STYLE_FILL_AREA(#6824);
#5035=ORIENTED_EDGE('',*,*,#6800,.F.);
#5036=ORIENTED_EDGE('',*,*,#6817,.T.);
#5037=ORIENTED_EDGE('',*,*,#6802,.F.);
#5038=CARTESIAN_POINT('',(2.08038475772934,0.260012241889751,3.78966093839017));
#5039=DIRECTION('',(-4.76569672658848E-13,0.957837042128556,0.287312026769537));
#5040=DIRECTION('',(-5.39597111529022E-12,0.287312026769537,-0.957837042128556));
#5041=SURFACE_STYLE_FILL_AREA(#6825);
#5042=ORIENTED_EDGE('',*,*,#6816,.F.);
#5043=ORIENTED_EDGE('',*,*,#6812,.T.);
#5044=ORIENTED_EDGE('',*,*,#6810,.F.);
#5045=CARTESIAN_POINT('',(2.08038475772934,-0.26001224188975,3.78966093839017));
#5046=DIRECTION('',(6.31136509338848E-13,0.957837042128548,-0.287312026769562));
#5047=DIRECTION('',(-5.44542578073175E-12,-0.287312026769562,-0.957837042128548));
#5048=SURFACE_STYLE_FILL_AREA(#6826);
#5049=ORIENTED_EDGE('',*,*,#6823,.T.);
#5050=ORIENTED_EDGE('',*,*,#6819,.F.);
#5051=CARTESIAN_POINT('',(2.5,0.0,0.454021091963751));
#5052=DIRECTION('',(-0.0,-1.83697019872103E-16,-1.0));
#5053=DIRECTION('',(0.0,-1.0,1.83697019872103E-16));
#5054=SURFACE_STYLE_FILL_AREA(#6827);
#5055=ORIENTED_EDGE('',*,*,#6828,.F.);
#5056=ORIENTED_EDGE('',*,*,#6829,.F.);
#5057=ORIENTED_EDGE('',*,*,#6830,.F.);
#5058=ORIENTED_EDGE('',*,*,#6831,.F.);
#5059=ORIENTED_EDGE('',*,*,#6832,.F.);
#5060=ORIENTED_EDGE('',*,*,#6833,.F.);
#5061=ORIENTED_EDGE('',*,*,#6834,.F.);
#5062=ORIENTED_EDGE('',*,*,#6835,.F.);
#5063=ORIENTED_EDGE('',*,*,#6836,.F.);
#5064=ORIENTED_EDGE('',*,*,#6837,.F.);
#5065=ORIENTED_EDGE('',*,*,#6838,.F.);
#5066=ORIENTED_EDGE('',*,*,#6839,.F.);
#5067=ORIENTED_EDGE('',*,*,#6840,.F.);
#5068=ORIENTED_EDGE('',*,*,#6841,.F.);
#5069=ORIENTED_EDGE('',*,*,#6842,.F.);
#5070=ORIENTED_EDGE('',*,*,#6843,.F.);
#5071=CARTESIAN_POINT('',(0.0,-2.2,0.0));
#5072=DIRECTION('',(0.0,1.0,-0.0));
#5073=DIRECTION('',(-1.0,0.0,0.0));
#5074=SURFACE_STYLE_FILL_AREA(#6844);
#5075=ORIENTED_EDGE('',*,*,#6845,.T.);
#5076=ORIENTED_EDGE('',*,*,#6846,.F.);
#5077=ORIENTED_EDGE('',*,*,#6847,.F.);
#5078=ORIENTED_EDGE('',*,*,#6828,.T.);
#5079=CARTESIAN_POINT('',(-3.7,-2.2,-3.55));
#5080=DIRECTION('',(0.0,1.0,-0.0));
#5081=DIRECTION('',(-1.0,0.0,0.0));
#5082=SURFACE_STYLE_FILL_AREA(#6848);
#5083=ORIENTED_EDGE('',*,*,#6847,.T.);
#5084=ORIENTED_EDGE('',*,*,#6849,.F.);
#5085=ORIENTED_EDGE('',*,*,#6850,.F.);
#5086=ORIENTED_EDGE('',*,*,#6829,.T.);
#5087=CARTESIAN_POINT('',(-3.8,-2.2,-0.850000000000002));
#5088=DIRECTION('',(1.0,-0.0,0.0));
#5089=DIRECTION('',(0.0,0.0,-1.0));
#5090=SURFACE_STYLE_FILL_AREA(#6851);
#5091=ORIENTED_EDGE('',*,*,#6850,.T.);
#5092=ORIENTED_EDGE('',*,*,#6852,.F.);
#5093=ORIENTED_EDGE('',*,*,#6853,.F.);
#5094=ORIENTED_EDGE('',*,*,#6830,.T.);
#5095=CARTESIAN_POINT('',(-3.7,-2.2,-0.850000000000002));
#5096=DIRECTION('',(0.0,1.0,-0.0));
#5097=DIRECTION('',(-1.0,0.0,0.0));
#5098=SURFACE_STYLE_FILL_AREA(#6854);
#5099=ORIENTED_EDGE('',*,*,#6853,.T.);
#5100=ORIENTED_EDGE('',*,*,#6855,.F.);
#5101=ORIENTED_EDGE('',*,*,#6856,.F.);
#5102=ORIENTED_EDGE('',*,*,#6831,.T.);
#5103=CARTESIAN_POINT('',(-1.3,-2.2,-0.75));
#5104=DIRECTION('',(-4.62592926927149E-17,0.0,-1.0));
#5105=DIRECTION('',(-1.0,0.0,4.62592926927149E-17));
#5106=SURFACE_STYLE_FILL_AREA(#6857);
#5107=ORIENTED_EDGE('',*,*,#6856,.T.);
#5108=ORIENTED_EDGE('',*,*,#6858,.F.);
#5109=ORIENTED_EDGE('',*,*,#6859,.F.);
#5110=ORIENTED_EDGE('',*,*,#6832,.T.);
#5111=CARTESIAN_POINT('',(-1.3,-2.2,-0.850000000000002));
#5112=DIRECTION('',(0.0,1.0,-0.0));
#5113=DIRECTION('',(-1.0,0.0,0.0));
#5114=SURFACE_STYLE_FILL_AREA(#6860);
#5115=ORIENTED_EDGE('',*,*,#6859,.T.);
#5116=ORIENTED_EDGE('',*,*,#6861,.F.);
#5117=ORIENTED_EDGE('',*,*,#6862,.F.);
#5118=ORIENTED_EDGE('',*,*,#6833,.T.);
#5119=CARTESIAN_POINT('',(-1.2,-2.2,-3.55));
#5120=DIRECTION('',(-1.0,0.0,-1.64477485129653E-16));
#5121=DIRECTION('',(-1.64477485129653E-16,0.0,1.0));
#5122=SURFACE_STYLE_FILL_AREA(#6863);
#5123=ORIENTED_EDGE('',*,*,#6862,.T.);
#5124=ORIENTED_EDGE('',*,*,#6864,.F.);
#5125=ORIENTED_EDGE('',*,*,#6865,.F.);
#5126=ORIENTED_EDGE('',*,*,#6834,.T.);
#5127=CARTESIAN_POINT('',(-1.3,-2.2,-3.55));
#5128=DIRECTION('',(0.0,1.0,-0.0));
#5129=DIRECTION('',(-1.0,0.0,0.0));
#5130=SURFACE_STYLE_FILL_AREA(#6866);
#5131=ORIENTED_EDGE('',*,*,#6865,.T.);
#5132=ORIENTED_EDGE('',*,*,#6867,.F.);
#5133=ORIENTED_EDGE('',*,*,#6845,.F.);
#5134=ORIENTED_EDGE('',*,*,#6835,.T.);
#5135=CARTESIAN_POINT('',(-3.7,-2.2,-3.65));
#5136=DIRECTION('',(0.0,0.0,1.0));
#5137=DIRECTION('',(1.0,0.0,0.0));
#5138=SURFACE_STYLE_FILL_AREA(#6868);
#5139=ORIENTED_EDGE('',*,*,#6869,.T.);
#5140=ORIENTED_EDGE('',*,*,#6870,.F.);
#5141=ORIENTED_EDGE('',*,*,#6871,.F.);
#5142=ORIENTED_EDGE('',*,*,#6836,.T.);
#5143=CARTESIAN_POINT('',(-3.7,-2.2,-0.250000000000002));
#5144=DIRECTION('',(-6.93889390390723E-17,0.0,1.0));
#5145=DIRECTION('',(1.0,0.0,6.93889390390723E-17));
#5146=SURFACE_STYLE_FILL_AREA(#6872);
#5147=ORIENTED_EDGE('',*,*,#6871,.T.);
#5148=ORIENTED_EDGE('',*,*,#6873,.F.);
#5149=ORIENTED_EDGE('',*,*,#6874,.F.);
#5150=ORIENTED_EDGE('',*,*,#6837,.T.);
#5151=CARTESIAN_POINT('',(-3.7,-2.2,-0.850000000000002));
#5152=DIRECTION('',(0.0,1.0,-0.0));
#5153=DIRECTION('',(-1.0,0.0,0.0));
#5154=SURFACE_STYLE_FILL_AREA(#6875);
#5155=ORIENTED_EDGE('',*,*,#6874,.T.);
#5156=ORIENTED_EDGE('',*,*,#6876,.F.);
#5157=ORIENTED_EDGE('',*,*,#6877,.F.);
#5158=ORIENTED_EDGE('',*,*,#6838,.T.);
#5159=CARTESIAN_POINT('',(-4.3,-2.2,-3.55));
#5160=DIRECTION('',(-1.0,0.0,0.0));
#5161=DIRECTION('',(0.0,0.0,1.0));
#5162=SURFACE_STYLE_FILL_AREA(#6878);
#5163=ORIENTED_EDGE('',*,*,#6877,.T.);
#5164=ORIENTED_EDGE('',*,*,#6879,.F.);
#5165=ORIENTED_EDGE('',*,*,#6880,.F.);
#5166=ORIENTED_EDGE('',*,*,#6839,.T.);
#5167=CARTESIAN_POINT('',(-3.7,-2.2,-3.55));
#5168=DIRECTION('',(0.0,1.0,-0.0));
#5169=DIRECTION('',(-1.0,0.0,0.0));
#5170=SURFACE_STYLE_FILL_AREA(#6881);
#5171=ORIENTED_EDGE('',*,*,#6882,.F.);
#5172=ORIENTED_EDGE('',*,*,#6883,.F.);
#5173=ORIENTED_EDGE('',*,*,#6884,.F.);
#5174=ORIENTED_EDGE('',*,*,#6885,.F.);
#5175=ORIENTED_EDGE('',*,*,#6880,.T.);
#5176=ORIENTED_EDGE('',*,*,#6886,.F.);
#5177=ORIENTED_EDGE('',*,*,#6887,.F.);
#5178=ORIENTED_EDGE('',*,*,#6840,.T.);
#5179=CARTESIAN_POINT('',(-1.3,-2.2,-4.15));
#5180=DIRECTION('',(0.0,0.0,-1.0));
#5181=DIRECTION('',(-1.0,0.0,0.0));
#5182=SURFACE_STYLE_FILL_AREA(#6888);
#5183=ORIENTED_EDGE('',*,*,#6887,.T.);
#5184=ORIENTED_EDGE('',*,*,#6889,.F.);
#5185=ORIENTED_EDGE('',*,*,#6890,.F.);
#5186=ORIENTED_EDGE('',*,*,#6841,.T.);
#5187=CARTESIAN_POINT('',(-1.3,-2.2,-3.55));
#5188=DIRECTION('',(0.0,1.0,-0.0));
#5189=DIRECTION('',(-1.0,0.0,0.0));
#5190=SURFACE_STYLE_FILL_AREA(#6891);
#5191=ORIENTED_EDGE('',*,*,#6890,.T.);
#5192=ORIENTED_EDGE('',*,*,#6892,.F.);
#5193=ORIENTED_EDGE('',*,*,#6893,.F.);
#5194=ORIENTED_EDGE('',*,*,#6842,.T.);
#5195=CARTESIAN_POINT('',(-0.7,-2.2,-0.850000000000002));
#5196=DIRECTION('',(1.0,-0.0,4.11193712824132E-17));
#5197=DIRECTION('',(4.11193712824132E-17,0.0,-1.0));
#5198=SURFACE_STYLE_FILL_AREA(#6894);
#5199=ORIENTED_EDGE('',*,*,#6893,.T.);
#5200=ORIENTED_EDGE('',*,*,#6895,.F.);
#5201=ORIENTED_EDGE('',*,*,#6869,.F.);
#5202=ORIENTED_EDGE('',*,*,#6843,.T.);
#5203=CARTESIAN_POINT('',(-1.3,-2.2,-0.850000000000002));
#5204=DIRECTION('',(0.0,1.0,-0.0));
#5205=DIRECTION('',(-1.0,0.0,0.0));
#5206=SURFACE_STYLE_FILL_AREA(#6896);
#5207=ORIENTED_EDGE('',*,*,#6864,.T.);
#5208=ORIENTED_EDGE('',*,*,#6861,.T.);
#5209=ORIENTED_EDGE('',*,*,#6858,.T.);
#5210=ORIENTED_EDGE('',*,*,#6855,.T.);
#5211=ORIENTED_EDGE('',*,*,#6852,.T.);
#5212=ORIENTED_EDGE('',*,*,#6849,.T.);
#5213=ORIENTED_EDGE('',*,*,#6846,.T.);
#5214=ORIENTED_EDGE('',*,*,#6867,.T.);
#5215=ORIENTED_EDGE('',*,*,#6892,.T.);
#5216=ORIENTED_EDGE('',*,*,#6889,.T.);
#5217=ORIENTED_EDGE('',*,*,#6886,.T.);
#5218=ORIENTED_EDGE('',*,*,#6879,.T.);
#5219=ORIENTED_EDGE('',*,*,#6876,.T.);
#5220=ORIENTED_EDGE('',*,*,#6873,.T.);
#5221=ORIENTED_EDGE('',*,*,#6870,.T.);
#5222=ORIENTED_EDGE('',*,*,#6895,.T.);
#5223=CARTESIAN_POINT('',(0.0,2.2,0.0));
#5224=DIRECTION('',(0.0,1.0,-0.0));
#5225=DIRECTION('',(-1.0,0.0,0.0));
#5226=SURFACE_STYLE_FILL_AREA(#6897);
#5227=ORIENTED_EDGE('',*,*,#6898,.F.);
#5228=ORIENTED_EDGE('',*,*,#6882,.T.);
#5229=ORIENTED_EDGE('',*,*,#6899,.T.);
#5230=ORIENTED_EDGE('',*,*,#6900,.T.);
#5231=CARTESIAN_POINT('',(-2.2,0.5,-4.15));
#5232=DIRECTION('',(1.0,0.0,0.0));
#5233=DIRECTION('',(0.0,-1.0,0.0));
#5234=SURFACE_STYLE_FILL_AREA(#6901);
#5235=ORIENTED_EDGE('',*,*,#6902,.F.);
#5236=ORIENTED_EDGE('',*,*,#6883,.T.);
#5237=ORIENTED_EDGE('',*,*,#6898,.T.);
#5238=ORIENTED_EDGE('',*,*,#6903,.F.);
#5239=CARTESIAN_POINT('',(-2.8,0.5,-4.15));
#5240=DIRECTION('',(-0.0,1.0,0.0));
#5241=DIRECTION('',(1.0,0.0,0.0));
#5242=SURFACE_STYLE_FILL_AREA(#6904);
#5243=ORIENTED_EDGE('',*,*,#6905,.F.);
#5244=ORIENTED_EDGE('',*,*,#6884,.T.);
#5245=ORIENTED_EDGE('',*,*,#6902,.T.);
#5246=ORIENTED_EDGE('',*,*,#6906,.T.);
#5247=CARTESIAN_POINT('',(-2.8,-0.5,-4.15));
#5248=DIRECTION('',(-1.0,0.0,0.0));
#5249=DIRECTION('',(0.0,1.0,0.0));
#5250=SURFACE_STYLE_FILL_AREA(#6907);
#5251=ORIENTED_EDGE('',*,*,#6899,.F.);
#5252=ORIENTED_EDGE('',*,*,#6885,.T.);
#5253=ORIENTED_EDGE('',*,*,#6905,.T.);
#5254=ORIENTED_EDGE('',*,*,#6908,.T.);
#5255=CARTESIAN_POINT('',(-2.2,-0.5,-4.15));
#5256=DIRECTION('',(-0.0,-1.0,-0.0));
#5257=DIRECTION('',(-1.0,0.0,0.0));
#5258=SURFACE_STYLE_FILL_AREA(#6909);
#5259=ORIENTED_EDGE('',*,*,#6908,.F.);
#5260=ORIENTED_EDGE('',*,*,#6906,.F.);
#5261=ORIENTED_EDGE('',*,*,#6903,.T.);
#5262=ORIENTED_EDGE('',*,*,#6900,.F.);
#5263=CARTESIAN_POINT('',(-18.6878,1.11022302462516E-16,-8.35));
#5264=DIRECTION('',(1.0,0.0,0.0));
#5265=DIRECTION('',(0.0,1.0,0.0));
#5266=SURFACE_STYLE_FILL_AREA(#6910);
#5267=ORIENTED_EDGE('',*,*,#6911,.F.);
#5268=ORIENTED_EDGE('',*,*,#6912,.T.);
#5269=ORIENTED_EDGE('',*,*,#6913,.F.);
#5270=ORIENTED_EDGE('',*,*,#6914,.T.);
#5271=CARTESIAN_POINT('',(-2.5,5.72749767319019E-16,3.57192560515504));
#5272=DIRECTION('',(-5.72082829123956E-18,-4.54848367322851E-16,-1.0));
#5273=DIRECTION('',(0.0210935903214963,0.999777505471767,-4.54867838858221E-16));
#5274=SURFACE_STYLE_FILL_AREA(#6915);
#5275=ORIENTED_EDGE('',*,*,#6916,.F.);
#5276=ORIENTED_EDGE('',*,*,#6917,.T.);
#5277=ORIENTED_EDGE('',*,*,#6918,.F.);
#5278=ORIENTED_EDGE('',*,*,#6919,.T.);
#5279=CARTESIAN_POINT('',(-2.5,5.72749767319019E-16,3.57192560515504));
#5280=DIRECTION('',(-5.72082829123957E-18,-4.54848367322852E-16,-1.0));
#5281=DIRECTION('',(-0.0210935903214964,-0.999777505471767,4.54867838858221E-16));
#5282=SURFACE_STYLE_FILL_AREA(#6920);
#5283=ORIENTED_EDGE('',*,*,#6921,.F.);
#5284=ORIENTED_EDGE('',*,*,#6922,.T.);
#5285=ORIENTED_EDGE('',*,*,#6923,.F.);
#5286=ORIENTED_EDGE('',*,*,#6924,.T.);
#5287=CARTESIAN_POINT('',(-2.5,9.74730981449372E-17,0.984639924064576));
#5288=DIRECTION('',(0.0,-1.83697019872103E-16,-1.0));
#5289=DIRECTION('',(0.0,-1.0,1.83697019872103E-16));
#5290=SURFACE_STYLE_FILL_AREA(#6925);
#5291=ORIENTED_EDGE('',*,*,#6926,.F.);
#5292=ORIENTED_EDGE('',*,*,#6927,.F.);
#5293=ORIENTED_EDGE('',*,*,#6921,.T.);
#5294=ORIENTED_EDGE('',*,*,#6928,.T.);
#5295=ORIENTED_EDGE('',*,*,#6929,.T.);
#5296=CARTESIAN_POINT('',(0.0,0.35,0.0));
#5297=DIRECTION('',(0.0,1.0,-0.0));
#5298=DIRECTION('',(-1.0,0.0,0.0));
#5299=SURFACE_STYLE_FILL_AREA(#6930);
#5300=ORIENTED_EDGE('',*,*,#6916,.T.);
#5301=ORIENTED_EDGE('',*,*,#6931,.T.);
#5302=ORIENTED_EDGE('',*,*,#6932,.T.);
#5303=ORIENTED_EDGE('',*,*,#6922,.F.);
#5304=ORIENTED_EDGE('',*,*,#6927,.T.);
#5305=ORIENTED_EDGE('',*,*,#6933,.F.);
#5306=ORIENTED_EDGE('',*,*,#6934,.T.);
#5307=ORIENTED_EDGE('',*,*,#6935,.F.);
#5308=ORIENTED_EDGE('',*,*,#6936,.T.);
#5309=ORIENTED_EDGE('',*,*,#6937,.T.);
#5310=ORIENTED_EDGE('',*,*,#6913,.T.);
#5311=ORIENTED_EDGE('',*,*,#6938,.T.);
#5312=CARTESIAN_POINT('',(-2.5,5.72749767319019E-16,3.57192560515504));
#5313=DIRECTION('',(-5.72082829123957E-18,-4.54848367322852E-16,-1.0));
#5314=DIRECTION('',(-0.0210935903214964,-0.999777505471767,4.54867838858221E-16));
#5315=SURFACE_STYLE_FILL_AREA(#6939);
#5316=ORIENTED_EDGE('',*,*,#6940,.F.);
#5317=ORIENTED_EDGE('',*,*,#6923,.T.);
#5318=ORIENTED_EDGE('',*,*,#6932,.F.);
#5319=ORIENTED_EDGE('',*,*,#6941,.T.);
#5320=ORIENTED_EDGE('',*,*,#6942,.T.);
#5321=ORIENTED_EDGE('',*,*,#6943,.T.);
#5322=CARTESIAN_POINT('',(-2.15,0.0,0.0));
#5323=DIRECTION('',(-1.0,0.0,0.0));
#5324=DIRECTION('',(0.0,-1.0,0.0));
#5325=SURFACE_STYLE_FILL_AREA(#6944);
#5326=ORIENTED_EDGE('',*,*,#6928,.F.);
#5327=ORIENTED_EDGE('',*,*,#6924,.F.);
#5328=ORIENTED_EDGE('',*,*,#6940,.T.);
#5329=ORIENTED_EDGE('',*,*,#6945,.F.);
#5330=ORIENTED_EDGE('',*,*,#6946,.T.);
#5331=CARTESIAN_POINT('',(-1.85,0.65,18.21636));
#5332=DIRECTION('',(-0.0,-0.0,-1.0));
#5333=DIRECTION('',(0.0,-1.0,0.0));
#5334=SURFACE_STYLE_FILL_AREA(#6947);
#5335=ORIENTED_EDGE('',*,*,#6948,.F.);
#5336=ORIENTED_EDGE('',*,*,#6949,.F.);
#5337=ORIENTED_EDGE('',*,*,#6950,.F.);
#5338=ORIENTED_EDGE('',*,*,#6933,.T.);
#5339=ORIENTED_EDGE('',*,*,#6926,.T.);
#5340=ORIENTED_EDGE('',*,*,#6951,.F.);
#5341=CARTESIAN_POINT('',(-0.753273368394122,-0.35,4.2094588947537));
#5342=DIRECTION('',(0.5,0.0,-0.866025403784439));
#5343=DIRECTION('',(-0.866025403784439,0.0,-0.5));
#5344=SURFACE_STYLE_FILL_AREA(#6952);
#5345=ORIENTED_EDGE('',*,*,#6953,.F.);
#5346=ORIENTED_EDGE('',*,*,#6954,.F.);
#5347=ORIENTED_EDGE('',*,*,#6951,.T.);
#5348=ORIENTED_EDGE('',*,*,#6929,.F.);
#5349=ORIENTED_EDGE('',*,*,#6946,.F.);
#5350=CARTESIAN_POINT('',(-2.12012884116582,0.225204747524201,3.76671468111942));
#5351=DIRECTION('',(0.690009293915892,0.604303648077346,0.398377051585684));
#5352=DIRECTION('',(0.5,1.42300553000727E-16,-0.866025403784439));
#5353=SURFACE_STYLE_FILL_AREA(#6955);
#5354=ORIENTED_EDGE('',*,*,#6956,.T.);
#5355=ORIENTED_EDGE('',*,*,#6957,.T.);
#5356=ORIENTED_EDGE('',*,*,#6934,.F.);
#5357=ORIENTED_EDGE('',*,*,#6950,.T.);
#5358=ORIENTED_EDGE('',*,*,#6958,.T.);
#5359=CARTESIAN_POINT('',(0.0,-0.35,0.0));
#5360=DIRECTION('',(0.0,1.0,-0.0));
#5361=DIRECTION('',(-1.0,0.0,0.0));
#5362=SURFACE_STYLE_FILL_AREA(#6959);
#5363=ORIENTED_EDGE('',*,*,#6960,.F.);
#5364=ORIENTED_EDGE('',*,*,#6935,.T.);
#5365=ORIENTED_EDGE('',*,*,#6957,.F.);
#5366=ORIENTED_EDGE('',*,*,#6961,.T.);
#5367=CARTESIAN_POINT('',(-2.5,9.74730981449372E-17,0.984639924064576));
#5368=DIRECTION('',(0.0,-1.83697019872103E-16,-1.0));
#5369=DIRECTION('',(0.0,-1.0,1.83697019872103E-16));
#5370=SURFACE_STYLE_FILL_AREA(#6962);
#5371=ORIENTED_EDGE('',*,*,#6936,.F.);
#5372=ORIENTED_EDGE('',*,*,#6960,.T.);
#5373=ORIENTED_EDGE('',*,*,#6963,.F.);
#5374=ORIENTED_EDGE('',*,*,#6964,.T.);
#5375=ORIENTED_EDGE('',*,*,#6965,.T.);
#5376=ORIENTED_EDGE('',*,*,#6966,.T.);
#5377=CARTESIAN_POINT('',(-2.15,0.0,0.0));
#5378=DIRECTION('',(-1.0,0.0,0.0));
#5379=DIRECTION('',(0.0,-1.0,0.0));
#5380=SURFACE_STYLE_FILL_AREA(#6967);
#5381=ORIENTED_EDGE('',*,*,#6968,.T.);
#5382=ORIENTED_EDGE('',*,*,#6969,.F.);
#5383=ORIENTED_EDGE('',*,*,#6914,.F.);
#5384=ORIENTED_EDGE('',*,*,#6937,.F.);
#5385=ORIENTED_EDGE('',*,*,#6966,.F.);
#5386=ORIENTED_EDGE('',*,*,#6970,.T.);
#5387=CARTESIAN_POINT('',(-2.15,-0.805074140695603,3.78966093839017));
#5388=DIRECTION('',(-0.0,-0.0,-1.0));
#5389=DIRECTION('',(0.0,-1.0,0.0));
#5390=SURFACE_STYLE_FILL_AREA(#6971);
#5391=ORIENTED_EDGE('',*,*,#6911,.T.);
#5392=ORIENTED_EDGE('',*,*,#6969,.T.);
#5393=ORIENTED_EDGE('',*,*,#6972,.T.);
#5394=ORIENTED_EDGE('',*,*,#6973,.F.);
#5395=ORIENTED_EDGE('',*,*,#6974,.T.);
#5396=ORIENTED_EDGE('',*,*,#6975,.F.);
#5397=ORIENTED_EDGE('',*,*,#6976,.T.);
#5398=ORIENTED_EDGE('',*,*,#6977,.F.);
#5399=ORIENTED_EDGE('',*,*,#6978,.T.);
#5400=ORIENTED_EDGE('',*,*,#6979,.T.);
#5401=ORIENTED_EDGE('',*,*,#6918,.T.);
#5402=ORIENTED_EDGE('',*,*,#6980,.T.);
#5403=CARTESIAN_POINT('',(-2.5,5.72749767319019E-16,3.57192560515504));
#5404=DIRECTION('',(-5.72082829123956E-18,-4.54848367322851E-16,-1.0));
#5405=DIRECTION('',(0.0210935903214963,0.999777505471767,-4.54867838858221E-16));
#5406=SURFACE_STYLE_FILL_AREA(#6981);
#5407=ORIENTED_EDGE('',*,*,#6982,.F.);
#5408=ORIENTED_EDGE('',*,*,#6983,.F.);
#5409=ORIENTED_EDGE('',*,*,#6984,.T.);
#5410=ORIENTED_EDGE('',*,*,#6917,.F.);
#5411=ORIENTED_EDGE('',*,*,#6938,.F.);
#5412=CARTESIAN_POINT('',(-2.5,8.86481010241365E-16,5.27979894540181));
#5413=DIRECTION('',(-0.0,-1.83697019872103E-16,-1.0));
#5414=DIRECTION('',(0.0,-1.0,1.83697019872103E-16));
#5415=SURFACE_STYLE_FILL_AREA(#6985);
#5416=ORIENTED_EDGE('',*,*,#6941,.F.);
#5417=ORIENTED_EDGE('',*,*,#6931,.F.);
#5418=ORIENTED_EDGE('',*,*,#6919,.F.);
#5419=ORIENTED_EDGE('',*,*,#6979,.F.);
#5420=ORIENTED_EDGE('',*,*,#6986,.T.);
#5421=ORIENTED_EDGE('',*,*,#6987,.F.);
#5422=CARTESIAN_POINT('',(-2.15,1.95231167330585,3.78966093839017));
#5423=DIRECTION('',(-0.0,-0.0,-1.0));
#5424=DIRECTION('',(0.0,-1.0,0.0));
#5425=SURFACE_STYLE_FILL_AREA(#6988);
#5426=ORIENTED_EDGE('',*,*,#6989,.F.);
#5427=ORIENTED_EDGE('',*,*,#6990,.F.);
#5428=ORIENTED_EDGE('',*,*,#6942,.F.);
#5429=ORIENTED_EDGE('',*,*,#6987,.T.);
#5430=CARTESIAN_POINT('',(18.7486023361535,0.895061898805853,3.48966093839017));
#5431=DIRECTION('',(-1.0,0.0,0.0));
#5432=DIRECTION('',(0.0,-0.550396203912351,0.834903598458453));
#5433=SURFACE_STYLE_FILL_AREA(#6991);
#5434=ORIENTED_EDGE('',*,*,#6945,.T.);
#5435=ORIENTED_EDGE('',*,*,#6943,.F.);
#5436=ORIENTED_EDGE('',*,*,#6990,.T.);
#5437=ORIENTED_EDGE('',*,*,#6992,.T.);
#5438=ORIENTED_EDGE('',*,*,#6993,.T.);
#5439=ORIENTED_EDGE('',*,*,#6994,.T.);
#5440=ORIENTED_EDGE('',*,*,#6995,.F.);
#5441=ORIENTED_EDGE('',*,*,#6953,.T.);
#5442=CARTESIAN_POINT('',(-2.15,0.805074140695604,3.78966093839017));
#5443=DIRECTION('',(0.0,0.550396203912351,-0.834903598458453));
#5444=DIRECTION('',(0.0,-0.834903598458453,-0.550396203912351));
#5445=SURFACE_STYLE_FILL_AREA(#6996);
#5446=ORIENTED_EDGE('',*,*,#6997,.T.);
#5447=ORIENTED_EDGE('',*,*,#6998,.F.);
#5448=ORIENTED_EDGE('',*,*,#6999,.F.);
#5449=ORIENTED_EDGE('',*,*,#6948,.T.);
#5450=CARTESIAN_POINT('',(-2.08038475772934,-0.285530828328357,3.78966093839017));
#5451=DIRECTION('',(0.0,1.0,0.0));
#5452=DIRECTION('',(0.500000000000001,0.0,-0.866025403784438));
#5453=SURFACE_STYLE_FILL_AREA(#7000);
#5454=ORIENTED_EDGE('',*,*,#6958,.F.);
#5455=ORIENTED_EDGE('',*,*,#6949,.T.);
#5456=ORIENTED_EDGE('',*,*,#7001,.T.);
#5457=ORIENTED_EDGE('',*,*,#7002,.F.);
#5458=ORIENTED_EDGE('',*,*,#7003,.F.);
#5459=CARTESIAN_POINT('',(13.6860186297561,-14.06808,12.8923981783071));
#5460=DIRECTION('',(-0.690009293915893,0.604303648077346,-0.398377051585684));
#5461=DIRECTION('',(0.5,3.96956162509931E-16,-0.866025403784439));
#5462=SURFACE_STYLE_FILL_AREA(#7004);
#5463=ORIENTED_EDGE('',*,*,#6997,.F.);
#5464=ORIENTED_EDGE('',*,*,#6954,.T.);
#5465=ORIENTED_EDGE('',*,*,#7005,.F.);
#5466=CARTESIAN_POINT('',(-2.08038475772934,0.260012241889751,3.78966093839017));
#5467=DIRECTION('',(5.92249898714765E-12,-0.957837042129564,-0.287312026766175));
#5468=DIRECTION('',(3.80105851232457E-12,0.287312026766175,-0.957837042129564));
#5469=SURFACE_STYLE_FILL_AREA(#7006);
#5470=ORIENTED_EDGE('',*,*,#7007,.F.);
#5471=ORIENTED_EDGE('',*,*,#6963,.T.);
#5472=ORIENTED_EDGE('',*,*,#6961,.F.);
#5473=ORIENTED_EDGE('',*,*,#6956,.F.);
#5474=ORIENTED_EDGE('',*,*,#7003,.T.);
#5475=CARTESIAN_POINT('',(-1.85,-0.65,-18.21636));
#5476=DIRECTION('',(0.0,-0.0,1.0));
#5477=DIRECTION('',(0.0,1.0,0.0));
#5478=SURFACE_STYLE_FILL_AREA(#7008);
#5479=ORIENTED_EDGE('',*,*,#7009,.F.);
#5480=ORIENTED_EDGE('',*,*,#7010,.T.);
#5481=ORIENTED_EDGE('',*,*,#7011,.T.);
#5482=ORIENTED_EDGE('',*,*,#7012,.T.);
#5483=ORIENTED_EDGE('',*,*,#7013,.F.);
#5484=ORIENTED_EDGE('',*,*,#6964,.F.);
#5485=ORIENTED_EDGE('',*,*,#7007,.T.);
#5486=ORIENTED_EDGE('',*,*,#7002,.T.);
#5487=CARTESIAN_POINT('',(-2.15,-0.349999999999999,3.48966093839017));
#5488=DIRECTION('',(-0.0,-0.550396203912351,-0.834903598458453));
#5489=DIRECTION('',(0.0,-0.834903598458453,0.550396203912351));
#5490=SURFACE_STYLE_FILL_AREA(#7014);
#5491=ORIENTED_EDGE('',*,*,#7015,.F.);
#5492=ORIENTED_EDGE('',*,*,#6970,.F.);
#5493=ORIENTED_EDGE('',*,*,#6965,.F.);
#5494=ORIENTED_EDGE('',*,*,#7013,.T.);
#5495=CARTESIAN_POINT('',(17.817116255655,-0.895061898805853,3.48966093839017));
#5496=DIRECTION('',(-1.0,0.0,0.0));
#5497=DIRECTION('',(0.0,0.0,1.0));
#5498=SURFACE_STYLE_FILL_AREA(#7016);
#5499=ORIENTED_EDGE('',*,*,#7017,.F.);
#5500=ORIENTED_EDGE('',*,*,#7018,.F.);
#5501=ORIENTED_EDGE('',*,*,#6972,.F.);
#5502=ORIENTED_EDGE('',*,*,#6968,.F.);
#5503=ORIENTED_EDGE('',*,*,#7015,.T.);
#5504=ORIENTED_EDGE('',*,*,#7012,.F.);
#5505=CARTESIAN_POINT('',(-2.85,0.0,0.0));
#5506=DIRECTION('',(-1.0,0.0,0.0));
#5507=DIRECTION('',(0.0,-1.0,0.0));
#5508=SURFACE_STYLE_FILL_AREA(#7019);
#5509=ORIENTED_EDGE('',*,*,#7020,.F.);
#5510=ORIENTED_EDGE('',*,*,#6973,.T.);
#5511=ORIENTED_EDGE('',*,*,#7018,.T.);
#5512=ORIENTED_EDGE('',*,*,#7021,.T.);
#5513=CARTESIAN_POINT('',(-2.5,9.74730981449372E-17,0.984639924064576));
#5514=DIRECTION('',(0.0,-1.83697019872103E-16,-1.0));
#5515=DIRECTION('',(0.0,-1.0,1.83697019872103E-16));
#5516=SURFACE_STYLE_FILL_AREA(#7022);
#5517=ORIENTED_EDGE('',*,*,#7023,.T.);
#5518=ORIENTED_EDGE('',*,*,#6974,.F.);
#5519=ORIENTED_EDGE('',*,*,#7020,.T.);
#5520=ORIENTED_EDGE('',*,*,#7024,.T.);
#5521=ORIENTED_EDGE('',*,*,#7025,.T.);
#5522=CARTESIAN_POINT('',(0.0,-0.35,0.0));
#5523=DIRECTION('',(0.0,1.0,-0.0));
#5524=DIRECTION('',(-1.0,0.0,0.0));
#5525=SURFACE_STYLE_FILL_AREA(#7026);
#5526=ORIENTED_EDGE('',*,*,#7027,.F.);
#5527=ORIENTED_EDGE('',*,*,#7028,.F.);
#5528=ORIENTED_EDGE('',*,*,#7029,.T.);
#5529=ORIENTED_EDGE('',*,*,#6975,.T.);
#5530=ORIENTED_EDGE('',*,*,#7023,.F.);
#5531=ORIENTED_EDGE('',*,*,#7030,.F.);
#5532=CARTESIAN_POINT('',(-3.0,-0.35,3.48966093839017));
#5533=DIRECTION('',(-0.5,0.0,-0.866025403784439));
#5534=DIRECTION('',(-0.866025403784439,0.0,0.5));
#5535=SURFACE_STYLE_FILL_AREA(#7031);
#5536=ORIENTED_EDGE('',*,*,#7032,.T.);
#5537=ORIENTED_EDGE('',*,*,#7033,.T.);
#5538=ORIENTED_EDGE('',*,*,#6976,.F.);
#5539=ORIENTED_EDGE('',*,*,#7029,.F.);
#5540=ORIENTED_EDGE('',*,*,#7034,.T.);
#5541=CARTESIAN_POINT('',(0.0,0.35,0.0));
#5542=DIRECTION('',(0.0,1.0,-0.0));
#5543=DIRECTION('',(-1.0,0.0,0.0));
#5544=SURFACE_STYLE_FILL_AREA(#7035);
#5545=ORIENTED_EDGE('',*,*,#7036,.T.);
#5546=ORIENTED_EDGE('',*,*,#6977,.T.);
#5547=ORIENTED_EDGE('',*,*,#7033,.F.);
#5548=ORIENTED_EDGE('',*,*,#7037,.T.);
#5549=CARTESIAN_POINT('',(-2.5,9.74730981449372E-17,0.984639924064576));
#5550=DIRECTION('',(0.0,-1.83697019872103E-16,-1.0));
#5551=DIRECTION('',(0.0,-1.0,1.83697019872103E-16));
#5552=SURFACE_STYLE_FILL_AREA(#7038);
#5553=ORIENTED_EDGE('',*,*,#6978,.F.);
#5554=ORIENTED_EDGE('',*,*,#7036,.F.);
#5555=ORIENTED_EDGE('',*,*,#7039,.F.);
#5556=ORIENTED_EDGE('',*,*,#6992,.F.);
#5557=ORIENTED_EDGE('',*,*,#6989,.T.);
#5558=ORIENTED_EDGE('',*,*,#6986,.F.);
#5559=CARTESIAN_POINT('',(-2.85,0.0,0.0));
#5560=DIRECTION('',(-1.0,0.0,0.0));
#5561=DIRECTION('',(0.0,-1.0,0.0));
#5562=SURFACE_STYLE_FILL_AREA(#7040);
#5563=ORIENTED_EDGE('',*,*,#6984,.F.);
#5564=ORIENTED_EDGE('',*,*,#7041,.T.);
#5565=ORIENTED_EDGE('',*,*,#6982,.T.);
#5566=ORIENTED_EDGE('',*,*,#6912,.F.);
#5567=ORIENTED_EDGE('',*,*,#6980,.F.);
#5568=CARTESIAN_POINT('',(-2.5,8.86481010241365E-16,5.27979894540181));
#5569=DIRECTION('',(-0.0,-1.83697019872103E-16,-1.0));
#5570=DIRECTION('',(0.0,-1.0,1.83697019872103E-16));
#5571=SURFACE_STYLE_FILL_AREA(#7042);
#5572=ORIENTED_EDGE('',*,*,#6983,.T.);
#5573=ORIENTED_EDGE('',*,*,#7041,.F.);
#5574=ORIENTED_EDGE('',*,*,#7043,.T.);
#5575=ORIENTED_EDGE('',*,*,#7044,.F.);
#5576=CARTESIAN_POINT('',(-2.5,4.47419781270279E-16,2.88966093839017));
#5577=DIRECTION('',(-0.0,-1.83697019872103E-16,-1.0));
#5578=DIRECTION('',(0.0,-1.0,1.83697019872103E-16));
#5579=SURFACE_STYLE_FILL_AREA(#7045);
#5580=ORIENTED_EDGE('',*,*,#6993,.F.);
#5581=ORIENTED_EDGE('',*,*,#7039,.T.);
#5582=ORIENTED_EDGE('',*,*,#7037,.F.);
#5583=ORIENTED_EDGE('',*,*,#7032,.F.);
#5584=ORIENTED_EDGE('',*,*,#7046,.T.);
#5585=CARTESIAN_POINT('',(-3.15,0.65,-18.21636));
#5586=DIRECTION('',(-0.0,0.0,1.0));
#5587=DIRECTION('',(0.0,-1.0,0.0));
#5588=SURFACE_STYLE_FILL_AREA(#7047);
#5589=ORIENTED_EDGE('',*,*,#7034,.F.);
#5590=ORIENTED_EDGE('',*,*,#7028,.T.);
#5591=ORIENTED_EDGE('',*,*,#7048,.T.);
#5592=ORIENTED_EDGE('',*,*,#6994,.F.);
#5593=ORIENTED_EDGE('',*,*,#7046,.F.);
#5594=CARTESIAN_POINT('',(-18.6860186297561,14.06808,12.8923981783071));
#5595=DIRECTION('',(0.690009293915893,-0.604303648077345,-0.398377051585684));
#5596=DIRECTION('',(-0.499999999999998,2.04628106307936E-15,-0.86602540378444));
#5597=SURFACE_STYLE_FILL_AREA(#7049);
#5598=ORIENTED_EDGE('',*,*,#6995,.T.);
#5599=ORIENTED_EDGE('',*,*,#7050,.T.);
#5600=ORIENTED_EDGE('',*,*,#7051,.T.);
#5601=ORIENTED_EDGE('',*,*,#7005,.T.);
#5602=CARTESIAN_POINT('',(-18.6878,0.260012241889751,3.78966093839017));
#5603=DIRECTION('',(1.0,-0.0,0.0));
#5604=DIRECTION('',(0.0,1.85037170770859E-16,-1.0));
#5605=SURFACE_STYLE_FILL_AREA(#7052);
#5606=ORIENTED_EDGE('',*,*,#7051,.F.);
#5607=ORIENTED_EDGE('',*,*,#7053,.T.);
#5608=ORIENTED_EDGE('',*,*,#7054,.F.);
#5609=ORIENTED_EDGE('',*,*,#6998,.T.);
#5610=CARTESIAN_POINT('',(-2.0,-0.35,3.48966093839017));
#5611=DIRECTION('',(0.0,0.0,-1.0));
#5612=DIRECTION('',(-1.0,0.0,0.0));
#5613=SURFACE_STYLE_FILL_AREA(#7055);
#5614=ORIENTED_EDGE('',*,*,#7001,.F.);
#5615=ORIENTED_EDGE('',*,*,#6999,.T.);
#5616=ORIENTED_EDGE('',*,*,#7056,.F.);
#5617=CARTESIAN_POINT('',(-2.08038475772934,-0.26001224188975,3.78966093839017));
#5618=DIRECTION('',(-5.99463017931256E-12,-0.957837042129565,0.287312026766174));
#5619=DIRECTION('',(3.77633117612068E-12,-0.287312026766174,-0.957837042129565));
#5620=SURFACE_STYLE_FILL_AREA(#7057);
#5621=ORIENTED_EDGE('',*,*,#7054,.T.);
#5622=ORIENTED_EDGE('',*,*,#7058,.T.);
#5623=ORIENTED_EDGE('',*,*,#7009,.T.);
#5624=ORIENTED_EDGE('',*,*,#7056,.T.);
#5625=CARTESIAN_POINT('',(17.817116255655,-0.26001224188975,3.78966093839017));
#5626=DIRECTION('',(-1.0,-0.0,-0.0));
#5627=DIRECTION('',(0.0,0.0,-1.0));
#5628=SURFACE_STYLE_FILL_AREA(#7059);
#5629=ORIENTED_EDGE('',*,*,#7010,.F.);
#5630=ORIENTED_EDGE('',*,*,#7060,.F.);
#5631=ORIENTED_EDGE('',*,*,#7030,.T.);
#5632=ORIENTED_EDGE('',*,*,#7025,.F.);
#5633=ORIENTED_EDGE('',*,*,#7061,.F.);
#5634=CARTESIAN_POINT('',(-2.89163739877481,-0.235509509768662,3.77350792291649));
#5635=DIRECTION('',(-0.690009293915893,-0.604303648077345,0.398377051585684));
#5636=DIRECTION('',(-0.5,2.01273547188134E-16,-0.866025403784439));
#5637=SURFACE_STYLE_FILL_AREA(#7062);
#5638=ORIENTED_EDGE('',*,*,#7024,.F.);
#5639=ORIENTED_EDGE('',*,*,#7021,.F.);
#5640=ORIENTED_EDGE('',*,*,#7017,.T.);
#5641=ORIENTED_EDGE('',*,*,#7011,.F.);
#5642=ORIENTED_EDGE('',*,*,#7061,.T.);
#5643=CARTESIAN_POINT('',(-3.15,-0.65,18.21636));
#5644=DIRECTION('',(0.0,0.0,-1.0));
#5645=DIRECTION('',(0.0,1.0,0.0));
#5646=SURFACE_STYLE_FILL_AREA(#7063);
#5647=ORIENTED_EDGE('',*,*,#7064,.T.);
#5648=ORIENTED_EDGE('',*,*,#7053,.F.);
#5649=ORIENTED_EDGE('',*,*,#7065,.F.);
#5650=ORIENTED_EDGE('',*,*,#7027,.T.);
#5651=CARTESIAN_POINT('',(-2.91961524227066,0.304063982291848,3.78966093839017));
#5652=DIRECTION('',(0.0,-1.0,-0.0));
#5653=DIRECTION('',(-0.5,0.0,-0.866025403784438));
#5654=SURFACE_STYLE_FILL_AREA(#7066);
#5655=ORIENTED_EDGE('',*,*,#7067,.T.);
#5656=ORIENTED_EDGE('',*,*,#7068,.T.);
#5657=ORIENTED_EDGE('',*,*,#7043,.F.);
#5658=ORIENTED_EDGE('',*,*,#7069,.F.);
#5659=CARTESIAN_POINT('',(-2.5,8.86481010241365E-16,5.27979894540181));
#5660=DIRECTION('',(-0.0,-1.83697019872103E-16,-1.0));
#5661=DIRECTION('',(0.0,-1.0,1.83697019872103E-16));
#5662=SURFACE_STYLE_FILL_AREA(#7070);
#5663=ORIENTED_EDGE('',*,*,#7044,.T.);
#5664=ORIENTED_EDGE('',*,*,#7068,.F.);
#5665=ORIENTED_EDGE('',*,*,#7071,.F.);
#5666=ORIENTED_EDGE('',*,*,#7069,.T.);
#5667=CARTESIAN_POINT('',(-2.5,8.86481010241365E-16,5.27979894540181));
#5668=DIRECTION('',(-0.0,-1.83697019872103E-16,-1.0));
#5669=DIRECTION('',(0.0,-1.0,1.83697019872103E-16));
#5670=SURFACE_STYLE_FILL_AREA(#7072);
#5671=ORIENTED_EDGE('',*,*,#7048,.F.);
#5672=ORIENTED_EDGE('',*,*,#7065,.T.);
#5673=ORIENTED_EDGE('',*,*,#7050,.F.);
#5674=CARTESIAN_POINT('',(-2.91961524227066,0.260012241889751,3.78966093839017));
#5675=DIRECTION('',(5.99463019593894E-12,0.957837042129565,0.287312026766174));
#5676=DIRECTION('',(-3.78405847306275E-12,0.287312026766174,-0.957837042129565));
#5677=SURFACE_STYLE_FILL_AREA(#7073);
#5678=ORIENTED_EDGE('',*,*,#7064,.F.);
#5679=ORIENTED_EDGE('',*,*,#7060,.T.);
#5680=ORIENTED_EDGE('',*,*,#7058,.F.);
#5681=CARTESIAN_POINT('',(-2.91961524227066,-0.26001224188975,3.78966093839017));
#5682=DIRECTION('',(-5.92249898714765E-12,0.957837042129564,-0.287312026766175));
#5683=DIRECTION('',(-3.80105851232456E-12,-0.287312026766175,-0.957837042129564));
#5684=SURFACE_STYLE_FILL_AREA(#7074);
#5685=ORIENTED_EDGE('',*,*,#7071,.T.);
#5686=ORIENTED_EDGE('',*,*,#7067,.F.);
#5687=CARTESIAN_POINT('',(-2.5,0.0,0.454021091963751));
#5688=DIRECTION('',(-0.0,-1.83697019872103E-16,-1.0));
#5689=DIRECTION('',(0.0,-1.0,1.83697019872103E-16));
#5690=SURFACE_STYLE_FILL_AREA(#7075);
#5691=ORIENTED_EDGE('',*,*,#7076,.F.);
#5692=ORIENTED_EDGE('',*,*,#7077,.F.);
#5693=ORIENTED_EDGE('',*,*,#7078,.F.);
#5694=ORIENTED_EDGE('',*,*,#7079,.F.);
#5695=ORIENTED_EDGE('',*,*,#7080,.F.);
#5696=ORIENTED_EDGE('',*,*,#7081,.F.);
#5697=ORIENTED_EDGE('',*,*,#7082,.F.);
#5698=ORIENTED_EDGE('',*,*,#7083,.F.);
#5699=ORIENTED_EDGE('',*,*,#7084,.F.);
#5700=ORIENTED_EDGE('',*,*,#7085,.F.);
#5701=ORIENTED_EDGE('',*,*,#7086,.F.);
#5702=ORIENTED_EDGE('',*,*,#7087,.F.);
#5703=ORIENTED_EDGE('',*,*,#7088,.F.);
#5704=ORIENTED_EDGE('',*,*,#7089,.F.);
#5705=ORIENTED_EDGE('',*,*,#7090,.F.);
#5706=ORIENTED_EDGE('',*,*,#7091,.F.);
#5707=CARTESIAN_POINT('',(-3.7,0.0,0.0));
#5708=DIRECTION('',(1.0,0.0,0.0));
#5709=DIRECTION('',(0.0,1.0,0.0));
#5710=SURFACE_STYLE_FILL_AREA(#7092);
#5711=ORIENTED_EDGE('',*,*,#7093,.T.);
#5712=ORIENTED_EDGE('',*,*,#7094,.F.);
#5713=ORIENTED_EDGE('',*,*,#7095,.F.);
#5714=ORIENTED_EDGE('',*,*,#7076,.T.);
#5715=CARTESIAN_POINT('',(-3.7,2.1865,0.3989));
#5716=DIRECTION('',(-0.0,0.0,1.0));
#5717=DIRECTION('',(0.0,-1.0,0.0));
#5718=SURFACE_STYLE_FILL_AREA(#7096);
#5719=ORIENTED_EDGE('',*,*,#7095,.T.);
#5720=ORIENTED_EDGE('',*,*,#7097,.F.);
#5721=ORIENTED_EDGE('',*,*,#7098,.F.);
#5722=ORIENTED_EDGE('',*,*,#7077,.T.);
#5723=CARTESIAN_POINT('',(-3.7,2.1865,-0.227));
#5724=DIRECTION('',(1.0,0.0,0.0));
#5725=DIRECTION('',(0.0,1.0,0.0));
#5726=SURFACE_STYLE_FILL_AREA(#7099);
#5727=ORIENTED_EDGE('',*,*,#7098,.T.);
#5728=ORIENTED_EDGE('',*,*,#7100,.F.);
#5729=ORIENTED_EDGE('',*,*,#7101,.F.);
#5730=ORIENTED_EDGE('',*,*,#7078,.T.);
#5731=CARTESIAN_POINT('',(-3.7,2.8124,-1.37923586633541));
#5732=DIRECTION('',(0.0,1.0,0.0));
#5733=DIRECTION('',(0.0,0.0,1.0));
#5734=SURFACE_STYLE_FILL_AREA(#7102);
#5735=ORIENTED_EDGE('',*,*,#7101,.T.);
#5736=ORIENTED_EDGE('',*,*,#7103,.F.);
#5737=ORIENTED_EDGE('',*,*,#7104,.F.);
#5738=ORIENTED_EDGE('',*,*,#7079,.T.);
#5739=CARTESIAN_POINT('',(-3.7,2.4126,-1.37923586633541));
#5740=DIRECTION('',(1.0,0.0,0.0));
#5741=DIRECTION('',(0.0,1.0,0.0));
#5742=SURFACE_STYLE_FILL_AREA(#7105);
#5743=ORIENTED_EDGE('',*,*,#7104,.T.);
#5744=ORIENTED_EDGE('',*,*,#7106,.F.);
#5745=ORIENTED_EDGE('',*,*,#7107,.F.);
#5746=ORIENTED_EDGE('',*,*,#7080,.T.);
#5747=CARTESIAN_POINT('',(-3.7,-0.944756447754924,-2.64216029685963));
#5748=DIRECTION('',(0.0,0.245566253332633,-0.969379809581453));
#5749=DIRECTION('',(0.0,0.969379809581453,0.245566253332633));
#5750=SURFACE_STYLE_FILL_AREA(#7108);
#5751=ORIENTED_EDGE('',*,*,#7107,.T.);
#5752=ORIENTED_EDGE('',*,*,#7109,.F.);
#5753=ORIENTED_EDGE('',*,*,#7110,.F.);
#5754=ORIENTED_EDGE('',*,*,#7081,.T.);
#5755=CARTESIAN_POINT('',(-3.7,-1.0365,-2.27999999999998));
#5756=DIRECTION('',(1.0,0.0,0.0));
#5757=DIRECTION('',(0.0,1.0,0.0));
#5758=SURFACE_STYLE_FILL_AREA(#7111);
#5759=ORIENTED_EDGE('',*,*,#7110,.T.);
#5760=ORIENTED_EDGE('',*,*,#7112,.F.);
#5761=ORIENTED_EDGE('',*,*,#7113,.F.);
#5762=ORIENTED_EDGE('',*,*,#7082,.T.);
#5763=CARTESIAN_POINT('',(-3.7,-1.9651,-2.6536));
#5764=DIRECTION('',(0.0,0.0,-1.0));
#5765=DIRECTION('',(0.0,1.0,0.0));
#5766=SURFACE_STYLE_FILL_AREA(#7114);
#5767=ORIENTED_EDGE('',*,*,#7113,.T.);
#5768=ORIENTED_EDGE('',*,*,#7115,.F.);
#5769=ORIENTED_EDGE('',*,*,#7116,.F.);
#5770=ORIENTED_EDGE('',*,*,#7083,.T.);
#5771=CARTESIAN_POINT('',(-3.7,-1.9651,-2.4536));
#5772=DIRECTION('',(0.0,-1.0,-2.22044604925029E-15));
#5773=DIRECTION('',(0.0,2.22044604925029E-15,-1.0));
#5774=SURFACE_STYLE_FILL_AREA(#7117);
#5775=ORIENTED_EDGE('',*,*,#7116,.T.);
#5776=ORIENTED_EDGE('',*,*,#7118,.F.);
#5777=ORIENTED_EDGE('',*,*,#7119,.F.);
#5778=ORIENTED_EDGE('',*,*,#7084,.T.);
#5779=CARTESIAN_POINT('',(-3.7,-1.0365,-2.4536));
#5780=DIRECTION('',(-0.0,0.0,1.0));
#5781=DIRECTION('',(0.0,-1.0,0.0));
#5782=SURFACE_STYLE_FILL_AREA(#7120);
#5783=ORIENTED_EDGE('',*,*,#7119,.T.);
#5784=ORIENTED_EDGE('',*,*,#7121,.F.);
#5785=ORIENTED_EDGE('',*,*,#7122,.F.);
#5786=ORIENTED_EDGE('',*,*,#7085,.T.);
#5787=CARTESIAN_POINT('',(-3.7,-1.0365,-2.27999999999998));
#5788=DIRECTION('',(1.0,0.0,0.0));
#5789=DIRECTION('',(0.0,1.0,0.0));
#5790=SURFACE_STYLE_FILL_AREA(#7123);
#5791=ORIENTED_EDGE('',*,*,#7122,.T.);
#5792=ORIENTED_EDGE('',*,*,#7124,.F.);
#5793=ORIENTED_EDGE('',*,*,#7125,.F.);
#5794=ORIENTED_EDGE('',*,*,#7086,.T.);
#5795=CARTESIAN_POINT('',(-3.7,2.46166413741586,-1.57291795228978));
#5796=DIRECTION('',(0.0,-0.245566253332633,0.969379809581453));
#5797=DIRECTION('',(0.0,-0.969379809581453,-0.245566253332633));
#5798=SURFACE_STYLE_FILL_AREA(#7126);
#5799=ORIENTED_EDGE('',*,*,#7125,.T.);
#5800=ORIENTED_EDGE('',*,*,#7127,.F.);
#5801=ORIENTED_EDGE('',*,*,#7128,.F.);
#5802=ORIENTED_EDGE('',*,*,#7087,.T.);
#5803=CARTESIAN_POINT('',(-3.7,2.4126,-1.37923586633541));
#5804=DIRECTION('',(1.0,0.0,0.0));
#5805=DIRECTION('',(0.0,1.0,0.0));
#5806=SURFACE_STYLE_FILL_AREA(#7129);
#5807=ORIENTED_EDGE('',*,*,#7128,.T.);
#5808=ORIENTED_EDGE('',*,*,#7130,.F.);
#5809=ORIENTED_EDGE('',*,*,#7131,.F.);
#5810=ORIENTED_EDGE('',*,*,#7088,.T.);
#5811=CARTESIAN_POINT('',(-3.7,2.6124,-0.227));
#5812=DIRECTION('',(0.0,-1.0,0.0));
#5813=DIRECTION('',(0.0,0.0,-1.0));
#5814=SURFACE_STYLE_FILL_AREA(#7132);
#5815=ORIENTED_EDGE('',*,*,#7131,.T.);
#5816=ORIENTED_EDGE('',*,*,#7133,.F.);
#5817=ORIENTED_EDGE('',*,*,#7134,.F.);
#5818=ORIENTED_EDGE('',*,*,#7089,.T.);
#5819=CARTESIAN_POINT('',(-3.7,2.1865,-0.227));
#5820=DIRECTION('',(1.0,0.0,0.0));
#5821=DIRECTION('',(0.0,1.0,0.0));
#5822=SURFACE_STYLE_FILL_AREA(#7135);
#5823=ORIENTED_EDGE('',*,*,#7134,.T.);
#5824=ORIENTED_EDGE('',*,*,#7136,.F.);
#5825=ORIENTED_EDGE('',*,*,#7137,.F.);
#5826=ORIENTED_EDGE('',*,*,#7090,.T.);
#5827=CARTESIAN_POINT('',(-3.7,-1.7005,0.1989));
#5828=DIRECTION('',(0.0,0.0,-1.0));
#5829=DIRECTION('',(0.0,1.0,0.0));
#5830=SURFACE_STYLE_FILL_AREA(#7138);
#5831=ORIENTED_EDGE('',*,*,#7137,.T.);
#5832=ORIENTED_EDGE('',*,*,#7139,.F.);
#5833=ORIENTED_EDGE('',*,*,#7093,.F.);
#5834=ORIENTED_EDGE('',*,*,#7091,.T.);
#5835=CARTESIAN_POINT('',(-3.7,-1.7005,0.3989));
#5836=DIRECTION('',(0.0,-1.0,-1.11022302462516E-15));
#5837=DIRECTION('',(0.0,1.11022302462516E-15,-1.0));
#5838=SURFACE_STYLE_FILL_AREA(#7140);
#5839=ORIENTED_EDGE('',*,*,#7136,.T.);
#5840=ORIENTED_EDGE('',*,*,#7133,.T.);
#5841=ORIENTED_EDGE('',*,*,#7130,.T.);
#5842=ORIENTED_EDGE('',*,*,#7127,.T.);
#5843=ORIENTED_EDGE('',*,*,#7124,.T.);
#5844=ORIENTED_EDGE('',*,*,#7121,.T.);
#5845=ORIENTED_EDGE('',*,*,#7118,.T.);
#5846=ORIENTED_EDGE('',*,*,#7115,.T.);
#5847=ORIENTED_EDGE('',*,*,#7112,.T.);
#5848=ORIENTED_EDGE('',*,*,#7109,.T.);
#5849=ORIENTED_EDGE('',*,*,#7106,.T.);
#5850=ORIENTED_EDGE('',*,*,#7103,.T.);
#5851=ORIENTED_EDGE('',*,*,#7100,.T.);
#5852=ORIENTED_EDGE('',*,*,#7097,.T.);
#5853=ORIENTED_EDGE('',*,*,#7094,.T.);
#5854=ORIENTED_EDGE('',*,*,#7139,.T.);
#5855=CARTESIAN_POINT('',(-1.3,0.0,0.0));
#5856=DIRECTION('',(1.0,0.0,0.0));
#5857=DIRECTION('',(0.0,1.0,0.0));
#5858=SURFACE_STYLE_FILL_AREA(#7141);
#5859=ORIENTED_EDGE('',*,*,#7142,.F.);
#5860=ORIENTED_EDGE('',*,*,#7143,.F.);
#5861=ORIENTED_EDGE('',*,*,#7144,.F.);
#5862=ORIENTED_EDGE('',*,*,#7145,.F.);
#5863=ORIENTED_EDGE('',*,*,#7146,.F.);
#5864=ORIENTED_EDGE('',*,*,#7147,.F.);
#5865=ORIENTED_EDGE('',*,*,#7148,.F.);
#5866=ORIENTED_EDGE('',*,*,#7149,.F.);
#5867=ORIENTED_EDGE('',*,*,#7150,.F.);
#5868=ORIENTED_EDGE('',*,*,#7151,.F.);
#5869=ORIENTED_EDGE('',*,*,#7152,.F.);
#5870=ORIENTED_EDGE('',*,*,#7153,.F.);
#5871=ORIENTED_EDGE('',*,*,#7154,.F.);
#5872=ORIENTED_EDGE('',*,*,#7155,.F.);
#5873=ORIENTED_EDGE('',*,*,#7156,.F.);
#5874=ORIENTED_EDGE('',*,*,#7157,.F.);
#5875=CARTESIAN_POINT('',(1.3,0.0,0.0));
#5876=DIRECTION('',(1.0,0.0,0.0));
#5877=DIRECTION('',(0.0,1.0,0.0));
#5878=SURFACE_STYLE_FILL_AREA(#7158);
#5879=ORIENTED_EDGE('',*,*,#7159,.T.);
#5880=ORIENTED_EDGE('',*,*,#7160,.F.);
#5881=ORIENTED_EDGE('',*,*,#7161,.F.);
#5882=ORIENTED_EDGE('',*,*,#7142,.T.);
#5883=CARTESIAN_POINT('',(1.3,2.1865,0.3989));
#5884=DIRECTION('',(-0.0,0.0,1.0));
#5885=DIRECTION('',(0.0,-1.0,0.0));
#5886=SURFACE_STYLE_FILL_AREA(#7162);
#5887=ORIENTED_EDGE('',*,*,#7161,.T.);
#5888=ORIENTED_EDGE('',*,*,#7163,.F.);
#5889=ORIENTED_EDGE('',*,*,#7164,.F.);
#5890=ORIENTED_EDGE('',*,*,#7143,.T.);
#5891=CARTESIAN_POINT('',(1.3,2.1865,-0.227));
#5892=DIRECTION('',(1.0,0.0,0.0));
#5893=DIRECTION('',(0.0,1.0,0.0));
#5894=SURFACE_STYLE_FILL_AREA(#7165);
#5895=ORIENTED_EDGE('',*,*,#7164,.T.);
#5896=ORIENTED_EDGE('',*,*,#7166,.F.);
#5897=ORIENTED_EDGE('',*,*,#7167,.F.);
#5898=ORIENTED_EDGE('',*,*,#7144,.T.);
#5899=CARTESIAN_POINT('',(1.3,2.8124,-1.37923586633541));
#5900=DIRECTION('',(0.0,1.0,0.0));
#5901=DIRECTION('',(0.0,0.0,1.0));
#5902=SURFACE_STYLE_FILL_AREA(#7168);
#5903=ORIENTED_EDGE('',*,*,#7167,.T.);
#5904=ORIENTED_EDGE('',*,*,#7169,.F.);
#5905=ORIENTED_EDGE('',*,*,#7170,.F.);
#5906=ORIENTED_EDGE('',*,*,#7145,.T.);
#5907=CARTESIAN_POINT('',(1.3,2.4126,-1.37923586633541));
#5908=DIRECTION('',(1.0,0.0,0.0));
#5909=DIRECTION('',(0.0,1.0,0.0));
#5910=SURFACE_STYLE_FILL_AREA(#7171);
#5911=ORIENTED_EDGE('',*,*,#7170,.T.);
#5912=ORIENTED_EDGE('',*,*,#7172,.F.);
#5913=ORIENTED_EDGE('',*,*,#7173,.F.);
#5914=ORIENTED_EDGE('',*,*,#7146,.T.);
#5915=CARTESIAN_POINT('',(1.3,-0.944756447754924,-2.64216029685963));
#5916=DIRECTION('',(0.0,0.245566253332633,-0.969379809581453));
#5917=DIRECTION('',(0.0,0.969379809581453,0.245566253332633));
#5918=SURFACE_STYLE_FILL_AREA(#7174);
#5919=ORIENTED_EDGE('',*,*,#7173,.T.);
#5920=ORIENTED_EDGE('',*,*,#7175,.F.);
#5921=ORIENTED_EDGE('',*,*,#7176,.F.);
#5922=ORIENTED_EDGE('',*,*,#7147,.T.);
#5923=CARTESIAN_POINT('',(1.3,-1.0365,-2.27999999999998));
#5924=DIRECTION('',(1.0,0.0,0.0));
#5925=DIRECTION('',(0.0,1.0,0.0));
#5926=SURFACE_STYLE_FILL_AREA(#7177);
#5927=ORIENTED_EDGE('',*,*,#7176,.T.);
#5928=ORIENTED_EDGE('',*,*,#7178,.F.);
#5929=ORIENTED_EDGE('',*,*,#7179,.F.);
#5930=ORIENTED_EDGE('',*,*,#7148,.T.);
#5931=CARTESIAN_POINT('',(1.3,-1.9651,-2.6536));
#5932=DIRECTION('',(0.0,0.0,-1.0));
#5933=DIRECTION('',(0.0,1.0,0.0));
#5934=SURFACE_STYLE_FILL_AREA(#7180);
#5935=ORIENTED_EDGE('',*,*,#7179,.T.);
#5936=ORIENTED_EDGE('',*,*,#7181,.F.);
#5937=ORIENTED_EDGE('',*,*,#7182,.F.);
#5938=ORIENTED_EDGE('',*,*,#7149,.T.);
#5939=CARTESIAN_POINT('',(1.3,-1.9651,-2.4536));
#5940=DIRECTION('',(0.0,-1.0,-2.22044604925029E-15));
#5941=DIRECTION('',(0.0,2.22044604925029E-15,-1.0));
#5942=SURFACE_STYLE_FILL_AREA(#7183);
#5943=ORIENTED_EDGE('',*,*,#7182,.T.);
#5944=ORIENTED_EDGE('',*,*,#7184,.F.);
#5945=ORIENTED_EDGE('',*,*,#7185,.F.);
#5946=ORIENTED_EDGE('',*,*,#7150,.T.);
#5947=CARTESIAN_POINT('',(1.3,-1.0365,-2.4536));
#5948=DIRECTION('',(-0.0,0.0,1.0));
#5949=DIRECTION('',(0.0,-1.0,0.0));
#5950=SURFACE_STYLE_FILL_AREA(#7186);
#5951=ORIENTED_EDGE('',*,*,#7185,.T.);
#5952=ORIENTED_EDGE('',*,*,#7187,.F.);
#5953=ORIENTED_EDGE('',*,*,#7188,.F.);
#5954=ORIENTED_EDGE('',*,*,#7151,.T.);
#5955=CARTESIAN_POINT('',(1.3,-1.0365,-2.27999999999998));
#5956=DIRECTION('',(1.0,0.0,0.0));
#5957=DIRECTION('',(0.0,1.0,0.0));
#5958=SURFACE_STYLE_FILL_AREA(#7189);
#5959=ORIENTED_EDGE('',*,*,#7188,.T.);
#5960=ORIENTED_EDGE('',*,*,#7190,.F.);
#5961=ORIENTED_EDGE('',*,*,#7191,.F.);
#5962=ORIENTED_EDGE('',*,*,#7152,.T.);
#5963=CARTESIAN_POINT('',(1.3,2.46166413741586,-1.57291795228978));
#5964=DIRECTION('',(0.0,-0.245566253332633,0.969379809581453));
#5965=DIRECTION('',(0.0,-0.969379809581453,-0.245566253332633));
#5966=SURFACE_STYLE_FILL_AREA(#7192);
#5967=ORIENTED_EDGE('',*,*,#7191,.T.);
#5968=ORIENTED_EDGE('',*,*,#7193,.F.);
#5969=ORIENTED_EDGE('',*,*,#7194,.F.);
#5970=ORIENTED_EDGE('',*,*,#7153,.T.);
#5971=CARTESIAN_POINT('',(1.3,2.4126,-1.37923586633541));
#5972=DIRECTION('',(1.0,0.0,0.0));
#5973=DIRECTION('',(0.0,1.0,0.0));
#5974=SURFACE_STYLE_FILL_AREA(#7195);
#5975=ORIENTED_EDGE('',*,*,#7194,.T.);
#5976=ORIENTED_EDGE('',*,*,#7196,.F.);
#5977=ORIENTED_EDGE('',*,*,#7197,.F.);
#5978=ORIENTED_EDGE('',*,*,#7154,.T.);
#5979=CARTESIAN_POINT('',(1.3,2.6124,-0.227));
#5980=DIRECTION('',(0.0,-1.0,0.0));
#5981=DIRECTION('',(0.0,0.0,-1.0));
#5982=SURFACE_STYLE_FILL_AREA(#7198);
#5983=ORIENTED_EDGE('',*,*,#7197,.T.);
#5984=ORIENTED_EDGE('',*,*,#7199,.F.);
#5985=ORIENTED_EDGE('',*,*,#7200,.F.);
#5986=ORIENTED_EDGE('',*,*,#7155,.T.);
#5987=CARTESIAN_POINT('',(1.3,2.1865,-0.227));
#5988=DIRECTION('',(1.0,0.0,0.0));
#5989=DIRECTION('',(0.0,1.0,0.0));
#5990=SURFACE_STYLE_FILL_AREA(#7201);
#5991=ORIENTED_EDGE('',*,*,#7200,.T.);
#5992=ORIENTED_EDGE('',*,*,#7202,.F.);
#5993=ORIENTED_EDGE('',*,*,#7203,.F.);
#5994=ORIENTED_EDGE('',*,*,#7156,.T.);
#5995=CARTESIAN_POINT('',(1.3,-1.7005,0.1989));
#5996=DIRECTION('',(0.0,0.0,-1.0));
#5997=DIRECTION('',(0.0,1.0,0.0));
#5998=SURFACE_STYLE_FILL_AREA(#7204);
#5999=ORIENTED_EDGE('',*,*,#7203,.T.);
#6000=ORIENTED_EDGE('',*,*,#7205,.F.);
#6001=ORIENTED_EDGE('',*,*,#7159,.F.);
#6002=ORIENTED_EDGE('',*,*,#7157,.T.);
#6003=CARTESIAN_POINT('',(1.3,-1.7005,0.3989));
#6004=DIRECTION('',(0.0,-1.0,-1.11022302462516E-15));
#6005=DIRECTION('',(0.0,1.11022302462516E-15,-1.0));
#6006=SURFACE_STYLE_FILL_AREA(#7206);
#6007=ORIENTED_EDGE('',*,*,#7202,.T.);
#6008=ORIENTED_EDGE('',*,*,#7199,.T.);
#6009=ORIENTED_EDGE('',*,*,#7196,.T.);
#6010=ORIENTED_EDGE('',*,*,#7193,.T.);
#6011=ORIENTED_EDGE('',*,*,#7190,.T.);
#6012=ORIENTED_EDGE('',*,*,#7187,.T.);
#6013=ORIENTED_EDGE('',*,*,#7184,.T.);
#6014=ORIENTED_EDGE('',*,*,#7181,.T.);
#6015=ORIENTED_EDGE('',*,*,#7178,.T.);
#6016=ORIENTED_EDGE('',*,*,#7175,.T.);
#6017=ORIENTED_EDGE('',*,*,#7172,.T.);
#6018=ORIENTED_EDGE('',*,*,#7169,.T.);
#6019=ORIENTED_EDGE('',*,*,#7166,.T.);
#6020=ORIENTED_EDGE('',*,*,#7163,.T.);
#6021=ORIENTED_EDGE('',*,*,#7160,.T.);
#6022=ORIENTED_EDGE('',*,*,#7205,.T.);
#6023=CARTESIAN_POINT('',(3.7,0.0,0.0));
#6024=DIRECTION('',(1.0,0.0,0.0));
#6025=DIRECTION('',(0.0,1.0,0.0));
#6026=FILL_AREA_STYLE('',(#7207));
#6027=EDGE_CURVE('',#7208,#7209,#7210,.T.);
#6028=EDGE_CURVE('',#7211,#7208,#7212,.T.);
#6029=EDGE_CURVE('',#7213,#7211,#7214,.T.);
#6030=EDGE_CURVE('',#7215,#7213,#7216,.T.);
#6031=EDGE_CURVE('',#7217,#7215,#7218,.T.);
#6032=EDGE_CURVE('',#7219,#7217,#7220,.T.);
#6033=EDGE_CURVE('',#7221,#7219,#7222,.T.);
#6034=EDGE_CURVE('',#7223,#7221,#7224,.T.);
#6035=EDGE_CURVE('',#7225,#7223,#7226,.T.);
#6036=EDGE_CURVE('',#7225,#7227,#7228,.T.);
#6037=EDGE_CURVE('',#7227,#7209,#7229,.T.);
#6038=FILL_AREA_STYLE('',(#7230));
#6039=EDGE_CURVE('',#7231,#7209,#7232,.T.);
#6040=EDGE_CURVE('',#7233,#7231,#7234,.T.);
#6041=EDGE_CURVE('',#7233,#7208,#7235,.T.);
#6042=FILL_AREA_STYLE('',(#7236));
#6043=EDGE_CURVE('',#7237,#7238,#7239,.T.);
#6044=EDGE_CURVE('',#7240,#7237,#7241,.T.);
#6045=EDGE_CURVE('',#7242,#7240,#7243,.T.);
#6046=EDGE_CURVE('',#7244,#7242,#7245,.T.);
#6047=EDGE_CURVE('',#7246,#7244,#7247,.T.);
#6048=EDGE_CURVE('',#7238,#7246,#7248,.T.);
#6049=EDGE_CURVE('',#7249,#7250,#7251,.T.);
#6050=EDGE_CURVE('',#7252,#7249,#7253,.T.);
#6051=EDGE_CURVE('',#7254,#7252,#7255,.T.);
#6052=EDGE_CURVE('',#7256,#7254,#7257,.T.);
#6053=EDGE_CURVE('',#7258,#7256,#7259,.T.);
#6054=EDGE_CURVE('',#7260,#7258,#7261,.T.);
#6055=EDGE_CURVE('',#7262,#7260,#7263,.T.);
#6056=EDGE_CURVE('',#7264,#7262,#7265,.T.);
#6057=EDGE_CURVE('',#7266,#7264,#7267,.T.);
#6058=EDGE_CURVE('',#7268,#7266,#7269,.T.);
#6059=EDGE_CURVE('',#7270,#7268,#7271,.T.);
#6060=EDGE_CURVE('',#7272,#7270,#7273,.T.);
#6061=EDGE_CURVE('',#7274,#7272,#7275,.T.);
#6062=EDGE_CURVE('',#7276,#7274,#7277,.T.);
#6063=EDGE_CURVE('',#7278,#7276,#7279,.T.);
#6064=EDGE_CURVE('',#7280,#7278,#7281,.T.);
#6065=EDGE_CURVE('',#7282,#7280,#7283,.T.);
#6066=EDGE_CURVE('',#7284,#7282,#7285,.T.);
#6067=EDGE_CURVE('',#7286,#7284,#7287,.T.);
#6068=EDGE_CURVE('',#7288,#7286,#7289,.T.);
#6069=EDGE_CURVE('',#7290,#7288,#7291,.T.);
#6070=EDGE_CURVE('',#7292,#7290,#7293,.T.);
#6071=EDGE_CURVE('',#7294,#7292,#7295,.T.);
#6072=EDGE_CURVE('',#7296,#7294,#7297,.T.);
#6073=EDGE_CURVE('',#7298,#7296,#7299,.T.);
#6074=EDGE_CURVE('',#7300,#7298,#7301,.T.);
#6075=EDGE_CURVE('',#7302,#7300,#7303,.T.);
#6076=EDGE_CURVE('',#7304,#7302,#7305,.T.);
#6077=EDGE_CURVE('',#7306,#7304,#7307,.T.);
#6078=EDGE_CURVE('',#7308,#7306,#7309,.T.);
#6079=EDGE_CURVE('',#7310,#7308,#7311,.T.);
#6080=EDGE_CURVE('',#7312,#7310,#7313,.T.);
#6081=EDGE_CURVE('',#7314,#7312,#7315,.T.);
#6082=EDGE_CURVE('',#7316,#7314,#7317,.T.);
#6083=EDGE_CURVE('',#7318,#7316,#7319,.T.);
#6084=EDGE_CURVE('',#7320,#7318,#7321,.T.);
#6085=EDGE_CURVE('',#7322,#7320,#7323,.T.);
#6086=EDGE_CURVE('',#7324,#7322,#7325,.T.);
#6087=EDGE_CURVE('',#7326,#7324,#7327,.T.);
#6088=EDGE_CURVE('',#7250,#7326,#7328,.T.);
#6089=EDGE_CURVE('',#7329,#7330,#7331,.T.);
#6090=EDGE_CURVE('',#7332,#7329,#7333,.T.);
#6091=EDGE_CURVE('',#7334,#7332,#7335,.T.);
#6092=EDGE_CURVE('',#7336,#7334,#7337,.T.);
#6093=EDGE_CURVE('',#7338,#7336,#7339,.T.);
#6094=EDGE_CURVE('',#7340,#7338,#7341,.T.);
#6095=EDGE_CURVE('',#7342,#7340,#7343,.T.);
#6096=EDGE_CURVE('',#7344,#7342,#7345,.T.);
#6097=EDGE_CURVE('',#7346,#7344,#7347,.T.);
#6098=EDGE_CURVE('',#7348,#7346,#7349,.T.);
#6099=EDGE_CURVE('',#7350,#7348,#7351,.T.);
#6100=EDGE_CURVE('',#7330,#7350,#7352,.T.);
#6101=EDGE_CURVE('',#7353,#7354,#7355,.T.);
#6102=EDGE_CURVE('',#7356,#7353,#7357,.T.);
#6103=EDGE_CURVE('',#7358,#7356,#7359,.T.);
#6104=EDGE_CURVE('',#7360,#7358,#7361,.T.);
#6105=EDGE_CURVE('',#7362,#7360,#7363,.T.);
#6106=EDGE_CURVE('',#7364,#7362,#7365,.T.);
#6107=EDGE_CURVE('',#7366,#7364,#7367,.T.);
#6108=EDGE_CURVE('',#7368,#7366,#7369,.T.);
#6109=EDGE_CURVE('',#7370,#7368,#7371,.T.);
#6110=EDGE_CURVE('',#7372,#7370,#7373,.T.);
#6111=EDGE_CURVE('',#7374,#7372,#7375,.T.);
#6112=EDGE_CURVE('',#7376,#7374,#7377,.T.);
#6113=EDGE_CURVE('',#7378,#7376,#7379,.T.);
#6114=EDGE_CURVE('',#7354,#7378,#7380,.T.);
#6115=EDGE_CURVE('',#7381,#7382,#7383,.T.);
#6116=EDGE_CURVE('',#7384,#7381,#7385,.T.);
#6117=EDGE_CURVE('',#7386,#7384,#7387,.T.);
#6118=EDGE_CURVE('',#7388,#7386,#7389,.T.);
#6119=EDGE_CURVE('',#7390,#7388,#7391,.T.);
#6120=EDGE_CURVE('',#7392,#7390,#7393,.T.);
#6121=EDGE_CURVE('',#7394,#7392,#7395,.T.);
#6122=EDGE_CURVE('',#7382,#7394,#7396,.T.);
#6123=EDGE_CURVE('',#7397,#7398,#7399,.T.);
#6124=EDGE_CURVE('',#7397,#7400,#7401,.T.);
#6125=EDGE_CURVE('',#7400,#7402,#7403,.T.);
#6126=EDGE_CURVE('',#7402,#7404,#7405,.T.);
#6127=EDGE_CURVE('',#7406,#7404,#7407,.T.);
#6128=EDGE_CURVE('',#7406,#7408,#7409,.T.);
#6129=EDGE_CURVE('',#7408,#7410,#7411,.T.);
#6130=EDGE_CURVE('',#7211,#7410,#7412,.T.);
#6131=EDGE_CURVE('',#7413,#7233,#7414,.T.);
#6132=EDGE_CURVE('',#7225,#7413,#7415,.T.);
#6133=EDGE_CURVE('',#7223,#7416,#7417,.T.);
#6134=EDGE_CURVE('',#7416,#7418,#7419,.T.);
#6135=EDGE_CURVE('',#7420,#7418,#7421,.T.);
#6136=EDGE_CURVE('',#7422,#7420,#7423,.T.);
#6137=EDGE_CURVE('',#7422,#7424,#7425,.T.);
#6138=EDGE_CURVE('',#7424,#7426,#7427,.T.);
#6139=EDGE_CURVE('',#7398,#7426,#7428,.T.);
#6140=FILL_AREA_STYLE('',(#7429));
#6141=EDGE_CURVE('',#7430,#7410,#7431,.T.);
#6142=EDGE_CURVE('',#7213,#7430,#7432,.T.);
#6143=FILL_AREA_STYLE('',(#7433));
#6144=EDGE_CURVE('',#7434,#7430,#7435,.T.);
#6145=EDGE_CURVE('',#7215,#7434,#7436,.T.);
#6146=FILL_AREA_STYLE('',(#7437));
#6147=EDGE_CURVE('',#7438,#7434,#7439,.T.);
#6148=EDGE_CURVE('',#7217,#7438,#7440,.T.);
#6149=FILL_AREA_STYLE('',(#7441));
#6150=EDGE_CURVE('',#7442,#7443,#7444,.T.);
#6151=EDGE_CURVE('',#7443,#7442,#7445,.T.);
#6152=EDGE_CURVE('',#7446,#7447,#7448,.T.);
#6153=EDGE_CURVE('',#7447,#7446,#7449,.T.);
#6154=EDGE_CURVE('',#7450,#7438,#7451,.T.);
#6155=EDGE_CURVE('',#7219,#7450,#7452,.T.);
#6156=FILL_AREA_STYLE('',(#7453));
#6157=EDGE_CURVE('',#7454,#7455,#7456,.T.);
#6158=EDGE_CURVE('',#7457,#7454,#7458,.T.);
#6159=EDGE_CURVE('',#7221,#7457,#7459,.T.);
#6160=EDGE_CURVE('',#7460,#7450,#7461,.T.);
#6161=EDGE_CURVE('',#7462,#7460,#7463,.T.);
#6162=EDGE_CURVE('',#7455,#7462,#7464,.T.);
#6163=FILL_AREA_STYLE('',(#7465));
#6164=EDGE_CURVE('',#7457,#7466,#7467,.T.);
#6165=EDGE_CURVE('',#7466,#7468,#7469,.T.);
#6166=EDGE_CURVE('',#7416,#7468,#7470,.T.);
#6167=FILL_AREA_STYLE('',(#7471));
#6168=EDGE_CURVE('',#7413,#7472,#7473,.T.);
#6169=EDGE_CURVE('',#7227,#7472,#7474,.T.);
#6170=FILL_AREA_STYLE('',(#7475));
#6171=EDGE_CURVE('',#7472,#7231,#7476,.T.);
#6172=FILL_AREA_STYLE('',(#7477));
#6173=FILL_AREA_STYLE('',(#7478));
#6174=EDGE_CURVE('',#7238,#7479,#7480,.T.);
#6175=EDGE_CURVE('',#7481,#7479,#7482,.T.);
#6176=EDGE_CURVE('',#7237,#7481,#7483,.T.);
#6177=FILL_AREA_STYLE('',(#7484));
#6178=EDGE_CURVE('',#7485,#7481,#7486,.T.);
#6179=EDGE_CURVE('',#7240,#7485,#7487,.T.);
#6180=FILL_AREA_STYLE('',(#7488));
#6181=EDGE_CURVE('',#7489,#7485,#7490,.T.);
#6182=EDGE_CURVE('',#7242,#7489,#7491,.T.);
#6183=FILL_AREA_STYLE('',(#7492));
#6184=EDGE_CURVE('',#7493,#7489,#7494,.T.);
#6185=EDGE_CURVE('',#7244,#7493,#7495,.T.);
#6186=FILL_AREA_STYLE('',(#7496));
#6187=EDGE_CURVE('',#7497,#7493,#7498,.T.);
#6188=EDGE_CURVE('',#7246,#7497,#7499,.T.);
#6189=FILL_AREA_STYLE('',(#7500));
#6190=EDGE_CURVE('',#7479,#7497,#7501,.T.);
#6191=FILL_AREA_STYLE('',(#7502));
#6192=EDGE_CURVE('',#7250,#7503,#7504,.T.);
#6193=EDGE_CURVE('',#7505,#7503,#7506,.T.);
#6194=EDGE_CURVE('',#7249,#7505,#7507,.T.);
#6195=FILL_AREA_STYLE('',(#7508));
#6196=EDGE_CURVE('',#7509,#7505,#7510,.T.);
#6197=EDGE_CURVE('',#7252,#7509,#7511,.T.);
#6198=FILL_AREA_STYLE('',(#7512));
#6199=EDGE_CURVE('',#7513,#7509,#7514,.T.);
#6200=EDGE_CURVE('',#7254,#7513,#7515,.T.);
#6201=FILL_AREA_STYLE('',(#7516));
#6202=EDGE_CURVE('',#7517,#7513,#7518,.T.);
#6203=EDGE_CURVE('',#7256,#7517,#7519,.T.);
#6204=FILL_AREA_STYLE('',(#7520));
#6205=EDGE_CURVE('',#7521,#7517,#7522,.T.);
#6206=EDGE_CURVE('',#7258,#7521,#7523,.T.);
#6207=FILL_AREA_STYLE('',(#7524));
#6208=EDGE_CURVE('',#7525,#7521,#7526,.T.);
#6209=EDGE_CURVE('',#7260,#7525,#7527,.T.);
#6210=FILL_AREA_STYLE('',(#7528));
#6211=EDGE_CURVE('',#7529,#7525,#7530,.T.);
#6212=EDGE_CURVE('',#7262,#7529,#7531,.T.);
#6213=FILL_AREA_STYLE('',(#7532));
#6214=EDGE_CURVE('',#7533,#7529,#7534,.T.);
#6215=EDGE_CURVE('',#7264,#7533,#7535,.T.);
#6216=FILL_AREA_STYLE('',(#7536));
#6217=EDGE_CURVE('',#7537,#7533,#7538,.T.);
#6218=EDGE_CURVE('',#7266,#7537,#7539,.T.);
#6219=FILL_AREA_STYLE('',(#7540));
#6220=EDGE_CURVE('',#7541,#7537,#7542,.T.);
#6221=EDGE_CURVE('',#7268,#7541,#7543,.T.);
#6222=FILL_AREA_STYLE('',(#7544));
#6223=EDGE_CURVE('',#7545,#7541,#7546,.T.);
#6224=EDGE_CURVE('',#7270,#7545,#7547,.T.);
#6225=FILL_AREA_STYLE('',(#7548));
#6226=EDGE_CURVE('',#7549,#7545,#7550,.T.);
#6227=EDGE_CURVE('',#7272,#7549,#7551,.T.);
#6228=FILL_AREA_STYLE('',(#7552));
#6229=EDGE_CURVE('',#7553,#7549,#7554,.T.);
#6230=EDGE_CURVE('',#7274,#7553,#7555,.T.);
#6231=FILL_AREA_STYLE('',(#7556));
#6232=EDGE_CURVE('',#7557,#7553,#7558,.T.);
#6233=EDGE_CURVE('',#7276,#7557,#7559,.T.);
#6234=FILL_AREA_STYLE('',(#7560));
#6235=EDGE_CURVE('',#7561,#7557,#7562,.T.);
#6236=EDGE_CURVE('',#7278,#7561,#7563,.T.);
#6237=FILL_AREA_STYLE('',(#7564));
#6238=EDGE_CURVE('',#7565,#7561,#7566,.T.);
#6239=EDGE_CURVE('',#7280,#7565,#7567,.T.);
#6240=FILL_AREA_STYLE('',(#7568));
#6241=EDGE_CURVE('',#7569,#7565,#7570,.T.);
#6242=EDGE_CURVE('',#7282,#7569,#7571,.T.);
#6243=FILL_AREA_STYLE('',(#7572));
#6244=EDGE_CURVE('',#7573,#7569,#7574,.T.);
#6245=EDGE_CURVE('',#7284,#7573,#7575,.T.);
#6246=FILL_AREA_STYLE('',(#7576));
#6247=EDGE_CURVE('',#7577,#7573,#7578,.T.);
#6248=EDGE_CURVE('',#7286,#7577,#7579,.T.);
#6249=FILL_AREA_STYLE('',(#7580));
#6250=EDGE_CURVE('',#7581,#7577,#7582,.T.);
#6251=EDGE_CURVE('',#7288,#7581,#7583,.T.);
#6252=FILL_AREA_STYLE('',(#7584));
#6253=EDGE_CURVE('',#7585,#7581,#7586,.T.);
#6254=EDGE_CURVE('',#7290,#7585,#7587,.T.);
#6255=FILL_AREA_STYLE('',(#7588));
#6256=EDGE_CURVE('',#7589,#7585,#7590,.T.);
#6257=EDGE_CURVE('',#7292,#7589,#7591,.T.);
#6258=FILL_AREA_STYLE('',(#7592));
#6259=EDGE_CURVE('',#7593,#7589,#7594,.T.);
#6260=EDGE_CURVE('',#7294,#7593,#7595,.T.);
#6261=FILL_AREA_STYLE('',(#7596));
#6262=EDGE_CURVE('',#7597,#7593,#7598,.T.);
#6263=EDGE_CURVE('',#7296,#7597,#7599,.T.);
#6264=FILL_AREA_STYLE('',(#7600));
#6265=EDGE_CURVE('',#7601,#7597,#7602,.T.);
#6266=EDGE_CURVE('',#7298,#7601,#7603,.T.);
#6267=FILL_AREA_STYLE('',(#7604));
#6268=EDGE_CURVE('',#7605,#7601,#7606,.T.);
#6269=EDGE_CURVE('',#7300,#7605,#7607,.T.);
#6270=FILL_AREA_STYLE('',(#7608));
#6271=EDGE_CURVE('',#7609,#7605,#7610,.T.);
#6272=EDGE_CURVE('',#7302,#7609,#7611,.T.);
#6273=FILL_AREA_STYLE('',(#7612));
#6274=EDGE_CURVE('',#7613,#7609,#7614,.T.);
#6275=EDGE_CURVE('',#7304,#7613,#7615,.T.);
#6276=FILL_AREA_STYLE('',(#7616));
#6277=EDGE_CURVE('',#7617,#7613,#7618,.T.);
#6278=EDGE_CURVE('',#7306,#7617,#7619,.T.);
#6279=FILL_AREA_STYLE('',(#7620));
#6280=EDGE_CURVE('',#7621,#7617,#7622,.T.);
#6281=EDGE_CURVE('',#7308,#7621,#7623,.T.);
#6282=FILL_AREA_STYLE('',(#7624));
#6283=EDGE_CURVE('',#7625,#7621,#7626,.T.);
#6284=EDGE_CURVE('',#7310,#7625,#7627,.T.);
#6285=FILL_AREA_STYLE('',(#7628));
#6286=EDGE_CURVE('',#7629,#7625,#7630,.T.);
#6287=EDGE_CURVE('',#7312,#7629,#7631,.T.);
#6288=FILL_AREA_STYLE('',(#7632));
#6289=EDGE_CURVE('',#7633,#7629,#7634,.T.);
#6290=EDGE_CURVE('',#7314,#7633,#7635,.T.);
#6291=FILL_AREA_STYLE('',(#7636));
#6292=EDGE_CURVE('',#7637,#7633,#7638,.T.);
#6293=EDGE_CURVE('',#7316,#7637,#7639,.T.);
#6294=FILL_AREA_STYLE('',(#7640));
#6295=EDGE_CURVE('',#7641,#7637,#7642,.T.);
#6296=EDGE_CURVE('',#7318,#7641,#7643,.T.);
#6297=FILL_AREA_STYLE('',(#7644));
#6298=EDGE_CURVE('',#7645,#7641,#7646,.T.);
#6299=EDGE_CURVE('',#7320,#7645,#7647,.T.);
#6300=FILL_AREA_STYLE('',(#7648));
#6301=EDGE_CURVE('',#7649,#7645,#7650,.T.);
#6302=EDGE_CURVE('',#7322,#7649,#7651,.T.);
#6303=FILL_AREA_STYLE('',(#7652));
#6304=EDGE_CURVE('',#7653,#7649,#7654,.T.);
#6305=EDGE_CURVE('',#7324,#7653,#7655,.T.);
#6306=FILL_AREA_STYLE('',(#7656));
#6307=EDGE_CURVE('',#7657,#7653,#7658,.T.);
#6308=EDGE_CURVE('',#7326,#7657,#7659,.T.);
#6309=FILL_AREA_STYLE('',(#7660));
#6310=EDGE_CURVE('',#7503,#7657,#7661,.T.);
#6311=FILL_AREA_STYLE('',(#7662));
#6312=EDGE_CURVE('',#7330,#7663,#7664,.T.);
#6313=EDGE_CURVE('',#7665,#7663,#7666,.T.);
#6314=EDGE_CURVE('',#7329,#7665,#7667,.T.);
#6315=FILL_AREA_STYLE('',(#7668));
#6316=EDGE_CURVE('',#7669,#7665,#7670,.T.);
#6317=EDGE_CURVE('',#7332,#7669,#7671,.T.);
#6318=FILL_AREA_STYLE('',(#7672));
#6319=EDGE_CURVE('',#7673,#7669,#7674,.T.);
#6320=EDGE_CURVE('',#7334,#7673,#7675,.T.);
#6321=FILL_AREA_STYLE('',(#7676));
#6322=EDGE_CURVE('',#7677,#7673,#7678,.T.);
#6323=EDGE_CURVE('',#7336,#7677,#7679,.T.);
#6324=FILL_AREA_STYLE('',(#7680));
#6325=EDGE_CURVE('',#7681,#7677,#7682,.T.);
#6326=EDGE_CURVE('',#7338,#7681,#7683,.T.);
#6327=FILL_AREA_STYLE('',(#7684));
#6328=EDGE_CURVE('',#7685,#7681,#7686,.T.);
#6329=EDGE_CURVE('',#7340,#7685,#7687,.T.);
#6330=FILL_AREA_STYLE('',(#7688));
#6331=EDGE_CURVE('',#7689,#7685,#7690,.T.);
#6332=EDGE_CURVE('',#7342,#7689,#7691,.T.);
#6333=FILL_AREA_STYLE('',(#7692));
#6334=EDGE_CURVE('',#7693,#7689,#7694,.T.);
#6335=EDGE_CURVE('',#7344,#7693,#7695,.T.);
#6336=FILL_AREA_STYLE('',(#7696));
#6337=EDGE_CURVE('',#7697,#7693,#7698,.T.);
#6338=EDGE_CURVE('',#7346,#7697,#7699,.T.);
#6339=FILL_AREA_STYLE('',(#7700));
#6340=EDGE_CURVE('',#7701,#7697,#7702,.T.);
#6341=EDGE_CURVE('',#7348,#7701,#7703,.T.);
#6342=FILL_AREA_STYLE('',(#7704));
#6343=EDGE_CURVE('',#7705,#7701,#7706,.T.);
#6344=EDGE_CURVE('',#7350,#7705,#7707,.T.);
#6345=FILL_AREA_STYLE('',(#7708));
#6346=EDGE_CURVE('',#7663,#7705,#7709,.T.);
#6347=FILL_AREA_STYLE('',(#7710));
#6348=EDGE_CURVE('',#7354,#7711,#7712,.T.);
#6349=EDGE_CURVE('',#7713,#7711,#7714,.T.);
#6350=EDGE_CURVE('',#7353,#7713,#7715,.T.);
#6351=FILL_AREA_STYLE('',(#7716));
#6352=EDGE_CURVE('',#7717,#7713,#7718,.T.);
#6353=EDGE_CURVE('',#7356,#7717,#7719,.T.);
#6354=FILL_AREA_STYLE('',(#7720));
#6355=EDGE_CURVE('',#7721,#7717,#7722,.T.);
#6356=EDGE_CURVE('',#7358,#7721,#7723,.T.);
#6357=FILL_AREA_STYLE('',(#7724));
#6358=EDGE_CURVE('',#7725,#7721,#7726,.T.);
#6359=EDGE_CURVE('',#7360,#7725,#7727,.T.);
#6360=FILL_AREA_STYLE('',(#7728));
#6361=EDGE_CURVE('',#7729,#7725,#7730,.T.);
#6362=EDGE_CURVE('',#7362,#7729,#7731,.T.);
#6363=FILL_AREA_STYLE('',(#7732));
#6364=EDGE_CURVE('',#7733,#7729,#7734,.T.);
#6365=EDGE_CURVE('',#7364,#7733,#7735,.T.);
#6366=FILL_AREA_STYLE('',(#7736));
#6367=EDGE_CURVE('',#7737,#7733,#7738,.T.);
#6368=EDGE_CURVE('',#7366,#7737,#7739,.T.);
#6369=FILL_AREA_STYLE('',(#7740));
#6370=EDGE_CURVE('',#7741,#7737,#7742,.T.);
#6371=EDGE_CURVE('',#7368,#7741,#7743,.T.);
#6372=FILL_AREA_STYLE('',(#7744));
#6373=EDGE_CURVE('',#7745,#7741,#7746,.T.);
#6374=EDGE_CURVE('',#7370,#7745,#7747,.T.);
#6375=FILL_AREA_STYLE('',(#7748));
#6376=EDGE_CURVE('',#7749,#7745,#7750,.T.);
#6377=EDGE_CURVE('',#7372,#7749,#7751,.T.);
#6378=FILL_AREA_STYLE('',(#7752));
#6379=EDGE_CURVE('',#7753,#7749,#7754,.T.);
#6380=EDGE_CURVE('',#7374,#7753,#7755,.T.);
#6381=FILL_AREA_STYLE('',(#7756));
#6382=EDGE_CURVE('',#7757,#7753,#7758,.T.);
#6383=EDGE_CURVE('',#7376,#7757,#7759,.T.);
#6384=FILL_AREA_STYLE('',(#7760));
#6385=EDGE_CURVE('',#7761,#7757,#7762,.T.);
#6386=EDGE_CURVE('',#7378,#7761,#7763,.T.);
#6387=FILL_AREA_STYLE('',(#7764));
#6388=EDGE_CURVE('',#7711,#7761,#7765,.T.);
#6389=FILL_AREA_STYLE('',(#7766));
#6390=EDGE_CURVE('',#7382,#7767,#7768,.T.);
#6391=EDGE_CURVE('',#7769,#7767,#7770,.T.);
#6392=EDGE_CURVE('',#7381,#7769,#7771,.T.);
#6393=FILL_AREA_STYLE('',(#7772));
#6394=EDGE_CURVE('',#7773,#7769,#7774,.T.);
#6395=EDGE_CURVE('',#7384,#7773,#7775,.T.);
#6396=FILL_AREA_STYLE('',(#7776));
#6397=EDGE_CURVE('',#7777,#7773,#7778,.T.);
#6398=EDGE_CURVE('',#7386,#7777,#7779,.T.);
#6399=FILL_AREA_STYLE('',(#7780));
#6400=EDGE_CURVE('',#7781,#7777,#7782,.T.);
#6401=EDGE_CURVE('',#7388,#7781,#7783,.T.);
#6402=FILL_AREA_STYLE('',(#7784));
#6403=EDGE_CURVE('',#7785,#7781,#7786,.T.);
#6404=EDGE_CURVE('',#7390,#7785,#7787,.T.);
#6405=FILL_AREA_STYLE('',(#7788));
#6406=EDGE_CURVE('',#7789,#7785,#7790,.T.);
#6407=EDGE_CURVE('',#7392,#7789,#7791,.T.);
#6408=FILL_AREA_STYLE('',(#7792));
#6409=EDGE_CURVE('',#7793,#7789,#7794,.T.);
#6410=EDGE_CURVE('',#7394,#7793,#7795,.T.);
#6411=FILL_AREA_STYLE('',(#7796));
#6412=EDGE_CURVE('',#7767,#7793,#7797,.T.);
#6413=FILL_AREA_STYLE('',(#7798));
#6414=EDGE_CURVE('',#7799,#7800,#7801,.T.);
#6415=EDGE_CURVE('',#7397,#7799,#7802,.T.);
#6416=EDGE_CURVE('',#7800,#7398,#7803,.T.);
#6417=FILL_AREA_STYLE('',(#7804));
#6418=EDGE_CURVE('',#7799,#7805,#7806,.T.);
#6419=EDGE_CURVE('',#7462,#7805,#7807,.T.);
#6420=EDGE_CURVE('',#7400,#7460,#7808,.T.);
#6421=FILL_AREA_STYLE('',(#7809));
#6422=EDGE_CURVE('',#7810,#7408,#7811,.T.);
#6423=EDGE_CURVE('',#7812,#7810,#7813,.T.);
#6424=EDGE_CURVE('',#7812,#7402,#7814,.T.);
#6425=FILL_AREA_STYLE('',(#7815));
#6426=EDGE_CURVE('',#7812,#7816,#7817,.T.);
#6427=EDGE_CURVE('',#7404,#7816,#7818,.T.);
#6428=FILL_AREA_STYLE('',(#7819));
#6429=EDGE_CURVE('',#7816,#7820,#7821,.T.);
#6430=EDGE_CURVE('',#7406,#7820,#7822,.T.);
#6431=FILL_AREA_STYLE('',(#7823));
#6432=EDGE_CURVE('',#7820,#7810,#7824,.T.);
#6433=FILL_AREA_STYLE('',(#7825));
#6434=EDGE_CURVE('',#7468,#7826,#7827,.T.);
#6435=EDGE_CURVE('',#7418,#7826,#7828,.T.);
#6436=FILL_AREA_STYLE('',(#7829));
#6437=EDGE_CURVE('',#7830,#7826,#7831,.T.);
#6438=EDGE_CURVE('',#7830,#7420,#7832,.T.);
#6439=FILL_AREA_STYLE('',(#7833));
#6440=EDGE_CURVE('',#7834,#7830,#7835,.T.);
#6441=EDGE_CURVE('',#7422,#7834,#7836,.T.);
#6442=FILL_AREA_STYLE('',(#7837));
#6443=EDGE_CURVE('',#7834,#7838,#7839,.T.);
#6444=EDGE_CURVE('',#7454,#7838,#7840,.T.);
#6445=EDGE_CURVE('',#7455,#7841,#7842,.T.);
#6446=EDGE_CURVE('',#7841,#7843,#7844,.T.);
#6447=EDGE_CURVE('',#7424,#7843,#7845,.T.);
#6448=FILL_AREA_STYLE('',(#7846));
#6449=EDGE_CURVE('',#7843,#7847,#7848,.T.);
#6450=EDGE_CURVE('',#7426,#7847,#7849,.T.);
#6451=FILL_AREA_STYLE('',(#7850));
#6452=EDGE_CURVE('',#7800,#7847,#7851,.T.);
#6453=FILL_AREA_STYLE('',(#7852));
#6454=EDGE_CURVE('',#7853,#7442,#7854,.T.);
#6455=EDGE_CURVE('',#7855,#7853,#7856,.T.);
#6456=EDGE_CURVE('',#7855,#7443,#7857,.T.);
#6457=FILL_AREA_STYLE('',(#7858));
#6458=EDGE_CURVE('',#7855,#7853,#7859,.T.);
#6459=FILL_AREA_STYLE('',(#7860));
#6460=EDGE_CURVE('',#7861,#7446,#7862,.T.);
#6461=EDGE_CURVE('',#7863,#7861,#7864,.T.);
#6462=EDGE_CURVE('',#7863,#7447,#7865,.T.);
#6463=FILL_AREA_STYLE('',(#7866));
#6464=EDGE_CURVE('',#7863,#7861,#7867,.T.);
#6465=FILL_AREA_STYLE('',(#7868));
#6466=EDGE_CURVE('',#7454,#7869,#7870,.T.);
#6467=EDGE_CURVE('',#7871,#7869,#7872,.T.);
#6468=EDGE_CURVE('',#7457,#7871,#7873,.T.);
#6469=FILL_AREA_STYLE('',(#7874));
#6470=EDGE_CURVE('',#7462,#7875,#7876,.T.);
#6471=EDGE_CURVE('',#7877,#7875,#7878,.T.);
#6472=EDGE_CURVE('',#7455,#7877,#7879,.T.);
#6473=FILL_AREA_STYLE('',(#7880));
#6474=EDGE_CURVE('',#7871,#7881,#7882,.T.);
#6475=EDGE_CURVE('',#7881,#7883,#7884,.T.);
#6476=EDGE_CURVE('',#7883,#7466,#7885,.T.);
#6477=FILL_AREA_STYLE('',(#7886));
#6478=EDGE_CURVE('',#7883,#7887,#7888,.T.);
#6479=EDGE_CURVE('',#7887,#7838,#7889,.T.);
#6480=FILL_AREA_STYLE('',(#7890));
#6481=FILL_AREA_STYLE('',(#7891));
#6482=FILL_AREA_STYLE('',(#7892));
#6483=FILL_AREA_STYLE('',(#7893));
#6484=EDGE_CURVE('',#7894,#7895,#7896,.T.);
#6485=EDGE_CURVE('',#7895,#7897,#7898,.T.);
#6486=EDGE_CURVE('',#7897,#7899,#7900,.T.);
#6487=EDGE_CURVE('',#7899,#7901,#7902,.T.);
#6488=EDGE_CURVE('',#7901,#7903,#7904,.T.);
#6489=EDGE_CURVE('',#7903,#7905,#7906,.T.);
#6490=EDGE_CURVE('',#7905,#7907,#7908,.T.);
#6491=EDGE_CURVE('',#7907,#7909,#7910,.T.);
#6492=EDGE_CURVE('',#7909,#7911,#7912,.T.);
#6493=EDGE_CURVE('',#7911,#7913,#7914,.T.);
#6494=EDGE_CURVE('',#7913,#7915,#7916,.T.);
#6495=EDGE_CURVE('',#7915,#7894,#7917,.T.);
#6496=FILL_AREA_STYLE('',(#7918));
#6497=EDGE_CURVE('',#7919,#7920,#7921,.T.);
#6498=EDGE_CURVE('',#7920,#7922,#7923,.T.);
#6499=EDGE_CURVE('',#7922,#7919,#7924,.T.);
#6500=FILL_AREA_STYLE('',(#7925));
#6501=EDGE_CURVE('',#7926,#7841,#7927,.T.);
#6502=EDGE_CURVE('',#7926,#7928,#7929,.T.);
#6503=EDGE_CURVE('',#7928,#7805,#7930,.T.);
#6504=FILL_AREA_STYLE('',(#7931));
#6505=EDGE_CURVE('',#7932,#7928,#7933,.T.);
#6506=EDGE_CURVE('',#7875,#7932,#7934,.T.);
#6507=FILL_AREA_STYLE('',(#7935));
#6508=FILL_AREA_STYLE('',(#7936));
#6509=EDGE_CURVE('',#7937,#7887,#7938,.T.);
#6510=EDGE_CURVE('',#7869,#7937,#7939,.T.);
#6511=FILL_AREA_STYLE('',(#7940));
#6512=EDGE_CURVE('',#7877,#7941,#7942,.T.);
#6513=EDGE_CURVE('',#7941,#7926,#7943,.T.);
#6514=FILL_AREA_STYLE('',(#7944));
#6515=EDGE_CURVE('',#7945,#7853,#7946,.T.);
#6516=EDGE_CURVE('',#7945,#7947,#7948,.T.);
#6517=EDGE_CURVE('',#7947,#7855,#7949,.T.);
#6518=FILL_AREA_STYLE('',(#7950));
#6519=EDGE_CURVE('',#7947,#7945,#7951,.T.);
#6520=FILL_AREA_STYLE('',(#7952));
#6521=EDGE_CURVE('',#7953,#7863,#7954,.T.);
#6522=EDGE_CURVE('',#7955,#7861,#7956,.T.);
#6523=EDGE_CURVE('',#7955,#7953,#7957,.T.);
#6524=FILL_AREA_STYLE('',(#7958));
#6525=EDGE_CURVE('',#7953,#7955,#7959,.T.);
#6526=FILL_AREA_STYLE('',(#7960));
#6527=EDGE_CURVE('',#7881,#7937,#7961,.T.);
#6528=FILL_AREA_STYLE('',(#7962));
#6529=EDGE_CURVE('',#7941,#7932,#7963,.T.);
#6530=FILL_AREA_STYLE('',(#7964));
#6531=FILL_AREA_STYLE('',(#7965));
#6532=EDGE_CURVE('',#7966,#7895,#7967,.T.);
#6533=EDGE_CURVE('',#7968,#7894,#7969,.T.);
#6534=EDGE_CURVE('',#7968,#7966,#7970,.T.);
#6535=FILL_AREA_STYLE('',(#7971));
#6536=EDGE_CURVE('',#7972,#7897,#7973,.T.);
#6537=EDGE_CURVE('',#7966,#7972,#7974,.T.);
#6538=FILL_AREA_STYLE('',(#7975));
#6539=EDGE_CURVE('',#7976,#7899,#7977,.T.);
#6540=EDGE_CURVE('',#7972,#7976,#7978,.T.);
#6541=FILL_AREA_STYLE('',(#7979));
#6542=EDGE_CURVE('',#7980,#7901,#7981,.T.);
#6543=EDGE_CURVE('',#7976,#7980,#7982,.T.);
#6544=FILL_AREA_STYLE('',(#7983));
#6545=EDGE_CURVE('',#7984,#7903,#7985,.T.);
#6546=EDGE_CURVE('',#7980,#7984,#7986,.T.);
#6547=FILL_AREA_STYLE('',(#7987));
#6548=EDGE_CURVE('',#7988,#7905,#7989,.T.);
#6549=EDGE_CURVE('',#7984,#7988,#7990,.T.);
#6550=FILL_AREA_STYLE('',(#7991));
#6551=EDGE_CURVE('',#7992,#7907,#7993,.T.);
#6552=EDGE_CURVE('',#7988,#7992,#7994,.T.);
#6553=FILL_AREA_STYLE('',(#7995));
#6554=EDGE_CURVE('',#7996,#7909,#7997,.T.);
#6555=EDGE_CURVE('',#7992,#7996,#7998,.T.);
#6556=FILL_AREA_STYLE('',(#7999));
#6557=EDGE_CURVE('',#8000,#7911,#8001,.T.);
#6558=EDGE_CURVE('',#7996,#8000,#8002,.T.);
#6559=FILL_AREA_STYLE('',(#8003));
#6560=EDGE_CURVE('',#8004,#7913,#8005,.T.);
#6561=EDGE_CURVE('',#8000,#8004,#8006,.T.);
#6562=FILL_AREA_STYLE('',(#8007));
#6563=EDGE_CURVE('',#8008,#7915,#8009,.T.);
#6564=EDGE_CURVE('',#8004,#8008,#8010,.T.);
#6565=FILL_AREA_STYLE('',(#8011));
#6566=EDGE_CURVE('',#8008,#7968,#8012,.T.);
#6567=FILL_AREA_STYLE('',(#8013));
#6568=EDGE_CURVE('',#8014,#7920,#8015,.T.);
#6569=EDGE_CURVE('',#8016,#7919,#8017,.T.);
#6570=EDGE_CURVE('',#8016,#8014,#8018,.T.);
#6571=FILL_AREA_STYLE('',(#8019));
#6572=EDGE_CURVE('',#8020,#7922,#8021,.T.);
#6573=EDGE_CURVE('',#8014,#8020,#8022,.T.);
#6574=FILL_AREA_STYLE('',(#8023));
#6575=EDGE_CURVE('',#8020,#8016,#8024,.T.);
#6576=FILL_AREA_STYLE('',(#8025));
#6577=FILL_AREA_STYLE('',(#8026));
#6578=FILL_AREA_STYLE('',(#8027));
#6579=FILL_AREA_STYLE('',(#8028));
#6580=EDGE_CURVE('',#8029,#8030,#8031,.T.);
#6581=EDGE_CURVE('',#8032,#8029,#8033,.T.);
#6582=EDGE_CURVE('',#8034,#8032,#8035,.T.);
#6583=EDGE_CURVE('',#8036,#8034,#8037,.T.);
#6584=EDGE_CURVE('',#8038,#8036,#8039,.T.);
#6585=EDGE_CURVE('',#8040,#8038,#8041,.T.);
#6586=EDGE_CURVE('',#8042,#8040,#8043,.T.);
#6587=EDGE_CURVE('',#8030,#8042,#8044,.T.);
#6588=EDGE_CURVE('',#8045,#8046,#8047,.T.);
#6589=EDGE_CURVE('',#8048,#8045,#8049,.T.);
#6590=EDGE_CURVE('',#8050,#8048,#8051,.T.);
#6591=EDGE_CURVE('',#8052,#8050,#8053,.T.);
#6592=EDGE_CURVE('',#8054,#8052,#8055,.T.);
#6593=EDGE_CURVE('',#8056,#8054,#8057,.T.);
#6594=EDGE_CURVE('',#8058,#8056,#8059,.T.);
#6595=EDGE_CURVE('',#8046,#8058,#8060,.T.);
#6596=FILL_AREA_STYLE('',(#8061));
#6597=EDGE_CURVE('',#8030,#8062,#8063,.T.);
#6598=EDGE_CURVE('',#8064,#8062,#8065,.T.);
#6599=EDGE_CURVE('',#8029,#8064,#8066,.T.);
#6600=FILL_AREA_STYLE('',(#8067));
#6601=EDGE_CURVE('',#8068,#8064,#8069,.T.);
#6602=EDGE_CURVE('',#8032,#8068,#8070,.T.);
#6603=FILL_AREA_STYLE('',(#8071));
#6604=EDGE_CURVE('',#8072,#8068,#8073,.T.);
#6605=EDGE_CURVE('',#8034,#8072,#8074,.T.);
#6606=FILL_AREA_STYLE('',(#8075));
#6607=EDGE_CURVE('',#8076,#8072,#8077,.T.);
#6608=EDGE_CURVE('',#8036,#8076,#8078,.T.);
#6609=FILL_AREA_STYLE('',(#8079));
#6610=EDGE_CURVE('',#8080,#8076,#8081,.T.);
#6611=EDGE_CURVE('',#8038,#8080,#8082,.T.);
#6612=FILL_AREA_STYLE('',(#8083));
#6613=EDGE_CURVE('',#8084,#8080,#8085,.T.);
#6614=EDGE_CURVE('',#8040,#8084,#8086,.T.);
#6615=FILL_AREA_STYLE('',(#8087));
#6616=EDGE_CURVE('',#8088,#8084,#8089,.T.);
#6617=EDGE_CURVE('',#8042,#8088,#8090,.T.);
#6618=FILL_AREA_STYLE('',(#8091));
#6619=EDGE_CURVE('',#8062,#8088,#8092,.T.);
#6620=FILL_AREA_STYLE('',(#8093));
#6621=EDGE_CURVE('',#8046,#8094,#8095,.T.);
#6622=EDGE_CURVE('',#8096,#8094,#8097,.T.);
#6623=EDGE_CURVE('',#8045,#8096,#8098,.T.);
#6624=FILL_AREA_STYLE('',(#8099));
#6625=EDGE_CURVE('',#8100,#8096,#8101,.T.);
#6626=EDGE_CURVE('',#8048,#8100,#8102,.T.);
#6627=FILL_AREA_STYLE('',(#8103));
#6628=EDGE_CURVE('',#8104,#8100,#8105,.T.);
#6629=EDGE_CURVE('',#8050,#8104,#8106,.T.);
#6630=FILL_AREA_STYLE('',(#8107));
#6631=EDGE_CURVE('',#8108,#8104,#8109,.T.);
#6632=EDGE_CURVE('',#8052,#8108,#8110,.T.);
#6633=FILL_AREA_STYLE('',(#8111));
#6634=EDGE_CURVE('',#8112,#8113,#8114,.T.);
#6635=EDGE_CURVE('',#8115,#8112,#8116,.T.);
#6636=EDGE_CURVE('',#8117,#8115,#8118,.T.);
#6637=EDGE_CURVE('',#8113,#8117,#8119,.T.);
#6638=EDGE_CURVE('',#8120,#8108,#8121,.T.);
#6639=EDGE_CURVE('',#8054,#8120,#8122,.T.);
#6640=FILL_AREA_STYLE('',(#8123));
#6641=EDGE_CURVE('',#8124,#8120,#8125,.T.);
#6642=EDGE_CURVE('',#8056,#8124,#8126,.T.);
#6643=FILL_AREA_STYLE('',(#8127));
#6644=EDGE_CURVE('',#8128,#8124,#8129,.T.);
#6645=EDGE_CURVE('',#8058,#8128,#8130,.T.);
#6646=FILL_AREA_STYLE('',(#8131));
#6647=EDGE_CURVE('',#8094,#8128,#8132,.T.);
#6648=FILL_AREA_STYLE('',(#8133));
#6649=FILL_AREA_STYLE('',(#8134));
#6650=EDGE_CURVE('',#8112,#8135,#8136,.T.);
#6651=EDGE_CURVE('',#8113,#8137,#8138,.T.);
#6652=EDGE_CURVE('',#8137,#8135,#8139,.T.);
#6653=FILL_AREA_STYLE('',(#8140));
#6654=EDGE_CURVE('',#8115,#8141,#8142,.T.);
#6655=EDGE_CURVE('',#8141,#8135,#8143,.T.);
#6656=FILL_AREA_STYLE('',(#8144));
#6657=EDGE_CURVE('',#8117,#8145,#8146,.T.);
#6658=EDGE_CURVE('',#8141,#8145,#8147,.T.);
#6659=FILL_AREA_STYLE('',(#8148));
#6660=EDGE_CURVE('',#8145,#8137,#8149,.T.);
#6661=FILL_AREA_STYLE('',(#8150));
#6662=FILL_AREA_STYLE('',(#8151));
#6663=EDGE_CURVE('',#8152,#8153,#8154,.T.);
#6664=EDGE_CURVE('',#8152,#8155,#8156,.T.);
#6665=EDGE_CURVE('',#8157,#8155,#8158,.T.);
#6666=EDGE_CURVE('',#8157,#8153,#8159,.T.);
#6667=FILL_AREA_STYLE('',(#8160));
#6668=EDGE_CURVE('',#8161,#8162,#8163,.T.);
#6669=EDGE_CURVE('',#8161,#8164,#8165,.T.);
#6670=EDGE_CURVE('',#8166,#8164,#8167,.T.);
#6671=EDGE_CURVE('',#8166,#8162,#8168,.T.);
#6672=FILL_AREA_STYLE('',(#8169));
#6673=EDGE_CURVE('',#8170,#8171,#8172,.T.);
#6674=EDGE_CURVE('',#8170,#8173,#8174,.T.);
#6675=EDGE_CURVE('',#8175,#8173,#8176,.T.);
#6676=EDGE_CURVE('',#8175,#8171,#8177,.T.);
#6677=FILL_AREA_STYLE('',(#8178));
#6678=EDGE_CURVE('',#8179,#8180,#8181,.T.);
#6679=EDGE_CURVE('',#8170,#8179,#8182,.T.);
#6680=EDGE_CURVE('',#8171,#8183,#8184,.T.);
#6681=EDGE_CURVE('',#8183,#8180,#8185,.T.);
#6682=FILL_AREA_STYLE('',(#8186));
#6683=EDGE_CURVE('',#8162,#8187,#8188,.T.);
#6684=EDGE_CURVE('',#8187,#8173,#8189,.T.);
#6685=EDGE_CURVE('',#8190,#8179,#8191,.T.);
#6686=EDGE_CURVE('',#8190,#8192,#8193,.T.);
#6687=EDGE_CURVE('',#8194,#8192,#8195,.T.);
#6688=EDGE_CURVE('',#8194,#8196,#8197,.T.);
#6689=EDGE_CURVE('',#8196,#8157,#8198,.T.);
#6690=EDGE_CURVE('',#8155,#8161,#8199,.T.);
#6691=FILL_AREA_STYLE('',(#8200));
#6692=EDGE_CURVE('',#8175,#8201,#8202,.T.);
#6693=EDGE_CURVE('',#8187,#8203,#8204,.T.);
#6694=EDGE_CURVE('',#8203,#8205,#8206,.T.);
#6695=EDGE_CURVE('',#8205,#8201,#8207,.T.);
#6696=FILL_AREA_STYLE('',(#8208));
#6697=EDGE_CURVE('',#8209,#8201,#8210,.T.);
#6698=EDGE_CURVE('',#8183,#8209,#8211,.T.);
#6699=FILL_AREA_STYLE('',(#8212));
#6700=EDGE_CURVE('',#8213,#8214,#8215,.T.);
#6701=EDGE_CURVE('',#8216,#8213,#8217,.T.);
#6702=EDGE_CURVE('',#8190,#8216,#8218,.T.);
#6703=EDGE_CURVE('',#8214,#8180,#8219,.T.);
#6704=FILL_AREA_STYLE('',(#8220));
#6705=EDGE_CURVE('',#8214,#8221,#8222,.T.);
#6706=EDGE_CURVE('',#8221,#8209,#8223,.T.);
#6707=FILL_AREA_STYLE('',(#8224));
#6708=EDGE_CURVE('',#8225,#8226,#8227,.T.);
#6709=EDGE_CURVE('',#8226,#8192,#8228,.T.);
#6710=EDGE_CURVE('',#8216,#8225,#8229,.T.);
#6711=FILL_AREA_STYLE('',(#8230));
#6712=EDGE_CURVE('',#8194,#8231,#8232,.T.);
#6713=EDGE_CURVE('',#8226,#8231,#8233,.T.);
#6714=FILL_AREA_STYLE('',(#8234));
#6715=EDGE_CURVE('',#8235,#8231,#8236,.T.);
#6716=EDGE_CURVE('',#8235,#8237,#8238,.T.);
#6717=EDGE_CURVE('',#8237,#8239,#8240,.T.);
#6718=EDGE_CURVE('',#8239,#8196,#8241,.T.);
#6719=FILL_AREA_STYLE('',(#8242));
#6720=EDGE_CURVE('',#8243,#8244,#8245,.T.);
#6721=EDGE_CURVE('',#8153,#8244,#8246,.T.);
#6722=EDGE_CURVE('',#8239,#8243,#8247,.T.);
#6723=FILL_AREA_STYLE('',(#8248));
#6724=EDGE_CURVE('',#8244,#8249,#8250,.T.);
#6725=EDGE_CURVE('',#8251,#8249,#8252,.T.);
#6726=EDGE_CURVE('',#8251,#8253,#8254,.T.);
#6727=EDGE_CURVE('',#8255,#8253,#8256,.T.);
#6728=EDGE_CURVE('',#8255,#8257,#8258,.T.);
#6729=EDGE_CURVE('',#8259,#8257,#8260,.T.);
#6730=EDGE_CURVE('',#8259,#8261,#8262,.T.);
#6731=EDGE_CURVE('',#8261,#8166,#8263,.T.);
#6732=EDGE_CURVE('',#8164,#8152,#8264,.T.);
#6733=FILL_AREA_STYLE('',(#8265));
#6734=EDGE_CURVE('',#8266,#8155,#8267,.T.);
#6735=EDGE_CURVE('',#8268,#8266,#8269,.T.);
#6736=EDGE_CURVE('',#8268,#8164,#8270,.T.);
#6737=FILL_AREA_STYLE('',(#8271));
#6738=EDGE_CURVE('',#8261,#8272,#8273,.T.);
#6739=EDGE_CURVE('',#8203,#8272,#8274,.T.);
#6740=FILL_AREA_STYLE('',(#8275));
#6741=EDGE_CURVE('',#8276,#8272,#8277,.T.);
#6742=EDGE_CURVE('',#8205,#8276,#8278,.T.);
#6743=FILL_AREA_STYLE('',(#8279));
#6744=EDGE_CURVE('',#8276,#8280,#8281,.T.);
#6745=EDGE_CURVE('',#8280,#8282,#8283,.T.);
#6746=EDGE_CURVE('',#8282,#8284,#8285,.T.);
#6747=EDGE_CURVE('',#8221,#8284,#8286,.T.);
#6748=FILL_AREA_STYLE('',(#8287));
#6749=EDGE_CURVE('',#8214,#8288,#8289,.T.);
#6750=EDGE_CURVE('',#8290,#8288,#8291,.T.);
#6751=EDGE_CURVE('',#8213,#8290,#8292,.T.);
#6752=FILL_AREA_STYLE('',(#8293));
#6753=EDGE_CURVE('',#8213,#8294,#8295,.T.);
#6754=EDGE_CURVE('',#8296,#8294,#8297,.T.);
#6755=EDGE_CURVE('',#8296,#8225,#8298,.T.);
#6756=FILL_AREA_STYLE('',(#8299));
#6757=EDGE_CURVE('',#8288,#8221,#8300,.T.);
#6758=FILL_AREA_STYLE('',(#8301));
#6759=EDGE_CURVE('',#8235,#8296,#8302,.T.);
#6760=FILL_AREA_STYLE('',(#8303));
#6761=EDGE_CURVE('',#8304,#8294,#8305,.T.);
#6762=EDGE_CURVE('',#8304,#8306,#8307,.T.);
#6763=EDGE_CURVE('',#8306,#8308,#8309,.T.);
#6764=EDGE_CURVE('',#8308,#8310,#8311,.T.);
#6765=EDGE_CURVE('',#8237,#8310,#8312,.T.);
#6766=FILL_AREA_STYLE('',(#8313));
#6767=EDGE_CURVE('',#8243,#8310,#8314,.T.);
#6768=FILL_AREA_STYLE('',(#8315));
#6769=EDGE_CURVE('',#8316,#8308,#8317,.T.);
#6770=EDGE_CURVE('',#8249,#8316,#8318,.T.);
#6771=FILL_AREA_STYLE('',(#8319));
#6772=EDGE_CURVE('',#8251,#8320,#8321,.T.);
#6773=EDGE_CURVE('',#8316,#8320,#8322,.T.);
#6774=FILL_AREA_STYLE('',(#8323));
#6775=EDGE_CURVE('',#8324,#8253,#8325,.T.);
#6776=EDGE_CURVE('',#8320,#8326,#8327,.T.);
#6777=EDGE_CURVE('',#8326,#8324,#8328,.T.);
#6778=FILL_AREA_STYLE('',(#8329));
#6779=EDGE_CURVE('',#8330,#8331,#8332,.T.);
#6780=EDGE_CURVE('',#8333,#8330,#8334,.T.);
#6781=EDGE_CURVE('',#8333,#8255,#8335,.T.);
#6782=EDGE_CURVE('',#8331,#8324,#8336,.T.);
#6783=FILL_AREA_STYLE('',(#8337));
#6784=EDGE_CURVE('',#8338,#8339,#8340,.T.);
#6785=EDGE_CURVE('',#8339,#8257,#8341,.T.);
#6786=EDGE_CURVE('',#8333,#8338,#8342,.T.);
#6787=FILL_AREA_STYLE('',(#8343));
#6788=EDGE_CURVE('',#8344,#8259,#8345,.T.);
#6789=EDGE_CURVE('',#8339,#8344,#8346,.T.);
#6790=FILL_AREA_STYLE('',(#8347));
#6791=EDGE_CURVE('',#8280,#8344,#8348,.T.);
#6792=FILL_AREA_STYLE('',(#8349));
#6793=EDGE_CURVE('',#8268,#8266,#8350,.T.);
#6794=FILL_AREA_STYLE('',(#8351));
#6795=EDGE_CURVE('',#8352,#8353,#8354,.T.);
#6796=EDGE_CURVE('',#8352,#8353,#8355,.T.);
#6797=FILL_AREA_STYLE('',(#8356));
#6798=EDGE_CURVE('',#8282,#8338,#8357,.T.);
#6799=FILL_AREA_STYLE('',(#8358));
#6800=EDGE_CURVE('',#8330,#8284,#8359,.T.);
#6801=FILL_AREA_STYLE('',(#8360));
#6802=EDGE_CURVE('',#8284,#8361,#8362,.T.);
#6803=EDGE_CURVE('',#8361,#8288,#8363,.T.);
#6804=FILL_AREA_STYLE('',(#8364));
#6805=EDGE_CURVE('',#8361,#8365,#8366,.T.);
#6806=EDGE_CURVE('',#8290,#8365,#8367,.T.);
#6807=FILL_AREA_STYLE('',(#8368));
#6808=EDGE_CURVE('',#8294,#8290,#8369,.T.);
#6809=FILL_AREA_STYLE('',(#8370));
#6810=EDGE_CURVE('',#8365,#8304,#8371,.T.);
#6811=FILL_AREA_STYLE('',(#8372));
#6812=EDGE_CURVE('',#8331,#8304,#8373,.T.);
#6813=EDGE_CURVE('',#8326,#8306,#8374,.T.);
#6814=FILL_AREA_STYLE('',(#8375));
#6815=FILL_AREA_STYLE('',(#8376));
#6816=EDGE_CURVE('',#8331,#8365,#8377,.T.);
#6817=EDGE_CURVE('',#8330,#8361,#8378,.T.);
#6818=FILL_AREA_STYLE('',(#8379));
#6819=EDGE_CURVE('',#8380,#8381,#8382,.T.);
#6820=EDGE_CURVE('',#8381,#8353,#8383,.T.);
#6821=EDGE_CURVE('',#8380,#8352,#8384,.T.);
#6822=FILL_AREA_STYLE('',(#8385));
#6823=EDGE_CURVE('',#8380,#8381,#8386,.T.);
#6824=FILL_AREA_STYLE('',(#8387));
#6825=FILL_AREA_STYLE('',(#8388));
#6826=FILL_AREA_STYLE('',(#8389));
#6827=FILL_AREA_STYLE('',(#8390));
#6828=EDGE_CURVE('',#8391,#8392,#8393,.T.);
#6829=EDGE_CURVE('',#8394,#8391,#8395,.T.);
#6830=EDGE_CURVE('',#8396,#8394,#8397,.T.);
#6831=EDGE_CURVE('',#8398,#8396,#8399,.T.);
#6832=EDGE_CURVE('',#8400,#8398,#8401,.T.);
#6833=EDGE_CURVE('',#8402,#8400,#8403,.T.);
#6834=EDGE_CURVE('',#8404,#8402,#8405,.T.);
#6835=EDGE_CURVE('',#8392,#8404,#8406,.T.);
#6836=EDGE_CURVE('',#8407,#8408,#8409,.T.);
#6837=EDGE_CURVE('',#8410,#8407,#8411,.T.);
#6838=EDGE_CURVE('',#8412,#8410,#8413,.T.);
#6839=EDGE_CURVE('',#8414,#8412,#8415,.T.);
#6840=EDGE_CURVE('',#8416,#8414,#8417,.T.);
#6841=EDGE_CURVE('',#8418,#8416,#8419,.T.);
#6842=EDGE_CURVE('',#8420,#8418,#8421,.T.);
#6843=EDGE_CURVE('',#8408,#8420,#8422,.T.);
#6844=FILL_AREA_STYLE('',(#8423));
#6845=EDGE_CURVE('',#8392,#8424,#8425,.T.);
#6846=EDGE_CURVE('',#8426,#8424,#8427,.T.);
#6847=EDGE_CURVE('',#8391,#8426,#8428,.T.);
#6848=FILL_AREA_STYLE('',(#8429));
#6849=EDGE_CURVE('',#8430,#8426,#8431,.T.);
#6850=EDGE_CURVE('',#8394,#8430,#8432,.T.);
#6851=FILL_AREA_STYLE('',(#8433));
#6852=EDGE_CURVE('',#8434,#8430,#8435,.T.);
#6853=EDGE_CURVE('',#8396,#8434,#8436,.T.);
#6854=FILL_AREA_STYLE('',(#8437));
#6855=EDGE_CURVE('',#8438,#8434,#8439,.T.);
#6856=EDGE_CURVE('',#8398,#8438,#8440,.T.);
#6857=FILL_AREA_STYLE('',(#8441));
#6858=EDGE_CURVE('',#8442,#8438,#8443,.T.);
#6859=EDGE_CURVE('',#8400,#8442,#8444,.T.);
#6860=FILL_AREA_STYLE('',(#8445));
#6861=EDGE_CURVE('',#8446,#8442,#8447,.T.);
#6862=EDGE_CURVE('',#8402,#8446,#8448,.T.);
#6863=FILL_AREA_STYLE('',(#8449));
#6864=EDGE_CURVE('',#8450,#8446,#8451,.T.);
#6865=EDGE_CURVE('',#8404,#8450,#8452,.T.);
#6866=FILL_AREA_STYLE('',(#8453));
#6867=EDGE_CURVE('',#8424,#8450,#8454,.T.);
#6868=FILL_AREA_STYLE('',(#8455));
#6869=EDGE_CURVE('',#8408,#8456,#8457,.T.);
#6870=EDGE_CURVE('',#8458,#8456,#8459,.T.);
#6871=EDGE_CURVE('',#8407,#8458,#8460,.T.);
#6872=FILL_AREA_STYLE('',(#8461));
#6873=EDGE_CURVE('',#8462,#8458,#8463,.T.);
#6874=EDGE_CURVE('',#8410,#8462,#8464,.T.);
#6875=FILL_AREA_STYLE('',(#8465));
#6876=EDGE_CURVE('',#8466,#8462,#8467,.T.);
#6877=EDGE_CURVE('',#8412,#8466,#8468,.T.);
#6878=FILL_AREA_STYLE('',(#8469));
#6879=EDGE_CURVE('',#8470,#8466,#8471,.T.);
#6880=EDGE_CURVE('',#8414,#8470,#8472,.T.);
#6881=FILL_AREA_STYLE('',(#8473));
#6882=EDGE_CURVE('',#8474,#8475,#8476,.T.);
#6883=EDGE_CURVE('',#8477,#8474,#8478,.T.);
#6884=EDGE_CURVE('',#8479,#8477,#8480,.T.);
#6885=EDGE_CURVE('',#8475,#8479,#8481,.T.);
#6886=EDGE_CURVE('',#8482,#8470,#8483,.T.);
#6887=EDGE_CURVE('',#8416,#8482,#8484,.T.);
#6888=FILL_AREA_STYLE('',(#8485));
#6889=EDGE_CURVE('',#8486,#8482,#8487,.T.);
#6890=EDGE_CURVE('',#8418,#8486,#8488,.T.);
#6891=FILL_AREA_STYLE('',(#8489));
#6892=EDGE_CURVE('',#8490,#8486,#8491,.T.);
#6893=EDGE_CURVE('',#8420,#8490,#8492,.T.);
#6894=FILL_AREA_STYLE('',(#8493));
#6895=EDGE_CURVE('',#8456,#8490,#8494,.T.);
#6896=FILL_AREA_STYLE('',(#8495));
#6897=FILL_AREA_STYLE('',(#8496));
#6898=EDGE_CURVE('',#8474,#8497,#8498,.T.);
#6899=EDGE_CURVE('',#8475,#8499,#8500,.T.);
#6900=EDGE_CURVE('',#8499,#8497,#8501,.T.);
#6901=FILL_AREA_STYLE('',(#8502));
#6902=EDGE_CURVE('',#8477,#8503,#8504,.T.);
#6903=EDGE_CURVE('',#8503,#8497,#8505,.T.);
#6904=FILL_AREA_STYLE('',(#8506));
#6905=EDGE_CURVE('',#8479,#8507,#8508,.T.);
#6906=EDGE_CURVE('',#8503,#8507,#8509,.T.);
#6907=FILL_AREA_STYLE('',(#8510));
#6908=EDGE_CURVE('',#8507,#8499,#8511,.T.);
#6909=FILL_AREA_STYLE('',(#8512));
#6910=FILL_AREA_STYLE('',(#8513));
#6911=EDGE_CURVE('',#8514,#8515,#8516,.T.);
#6912=EDGE_CURVE('',#8514,#8517,#8518,.T.);
#6913=EDGE_CURVE('',#8519,#8517,#8520,.T.);
#6914=EDGE_CURVE('',#8519,#8515,#8521,.T.);
#6915=FILL_AREA_STYLE('',(#8522));
#6916=EDGE_CURVE('',#8523,#8524,#8525,.T.);
#6917=EDGE_CURVE('',#8523,#8526,#8527,.T.);
#6918=EDGE_CURVE('',#8528,#8526,#8529,.T.);
#6919=EDGE_CURVE('',#8528,#8524,#8530,.T.);
#6920=FILL_AREA_STYLE('',(#8531));
#6921=EDGE_CURVE('',#8532,#8533,#8534,.T.);
#6922=EDGE_CURVE('',#8532,#8535,#8536,.T.);
#6923=EDGE_CURVE('',#8537,#8535,#8538,.T.);
#6924=EDGE_CURVE('',#8537,#8533,#8539,.T.);
#6925=FILL_AREA_STYLE('',(#8540));
#6926=EDGE_CURVE('',#8541,#8542,#8543,.T.);
#6927=EDGE_CURVE('',#8532,#8541,#8544,.T.);
#6928=EDGE_CURVE('',#8533,#8545,#8546,.T.);
#6929=EDGE_CURVE('',#8545,#8542,#8547,.T.);
#6930=FILL_AREA_STYLE('',(#8548));
#6931=EDGE_CURVE('',#8524,#8549,#8550,.T.);
#6932=EDGE_CURVE('',#8549,#8535,#8551,.T.);
#6933=EDGE_CURVE('',#8552,#8541,#8553,.T.);
#6934=EDGE_CURVE('',#8552,#8554,#8555,.T.);
#6935=EDGE_CURVE('',#8556,#8554,#8557,.T.);
#6936=EDGE_CURVE('',#8556,#8558,#8559,.T.);
#6937=EDGE_CURVE('',#8558,#8519,#8560,.T.);
#6938=EDGE_CURVE('',#8517,#8523,#8561,.T.);
#6939=FILL_AREA_STYLE('',(#8562));
#6940=EDGE_CURVE('',#8537,#8563,#8564,.T.);
#6941=EDGE_CURVE('',#8549,#8565,#8566,.T.);
#6942=EDGE_CURVE('',#8565,#8567,#8568,.T.);
#6943=EDGE_CURVE('',#8567,#8563,#8569,.T.);
#6944=FILL_AREA_STYLE('',(#8570));
#6945=EDGE_CURVE('',#8571,#8563,#8572,.T.);
#6946=EDGE_CURVE('',#8571,#8545,#8573,.T.);
#6947=FILL_AREA_STYLE('',(#8574));
#6948=EDGE_CURVE('',#8575,#8576,#8577,.T.);
#6949=EDGE_CURVE('',#8578,#8575,#8579,.T.);
#6950=EDGE_CURVE('',#8552,#8578,#8580,.T.);
#6951=EDGE_CURVE('',#8576,#8542,#8581,.T.);
#6952=FILL_AREA_STYLE('',(#8582));
#6953=EDGE_CURVE('',#8583,#8571,#8584,.T.);
#6954=EDGE_CURVE('',#8576,#8583,#8585,.T.);
#6955=FILL_AREA_STYLE('',(#8586));
#6956=EDGE_CURVE('',#8587,#8588,#8589,.T.);
#6957=EDGE_CURVE('',#8588,#8554,#8590,.T.);
#6958=EDGE_CURVE('',#8578,#8587,#8591,.T.);
#6959=FILL_AREA_STYLE('',(#8592));
#6960=EDGE_CURVE('',#8556,#8593,#8594,.T.);
#6961=EDGE_CURVE('',#8588,#8593,#8595,.T.);
#6962=FILL_AREA_STYLE('',(#8596));
#6963=EDGE_CURVE('',#8597,#8593,#8598,.T.);
#6964=EDGE_CURVE('',#8597,#8599,#8600,.T.);
#6965=EDGE_CURVE('',#8599,#8601,#8602,.T.);
#6966=EDGE_CURVE('',#8601,#8558,#8603,.T.);
#6967=FILL_AREA_STYLE('',(#8604));
#6968=EDGE_CURVE('',#8605,#8606,#8607,.T.);
#6969=EDGE_CURVE('',#8515,#8606,#8608,.T.);
#6970=EDGE_CURVE('',#8601,#8605,#8609,.T.);
#6971=FILL_AREA_STYLE('',(#8610));
#6972=EDGE_CURVE('',#8606,#8611,#8612,.T.);
#6973=EDGE_CURVE('',#8613,#8611,#8614,.T.);
#6974=EDGE_CURVE('',#8613,#8615,#8616,.T.);
#6975=EDGE_CURVE('',#8617,#8615,#8618,.T.);
#6976=EDGE_CURVE('',#8617,#8619,#8620,.T.);
#6977=EDGE_CURVE('',#8621,#8619,#8622,.T.);
#6978=EDGE_CURVE('',#8621,#8623,#8624,.T.);
#6979=EDGE_CURVE('',#8623,#8528,#8625,.T.);
#6980=EDGE_CURVE('',#8526,#8514,#8626,.T.);
#6981=FILL_AREA_STYLE('',(#8627));
#6982=EDGE_CURVE('',#8628,#8517,#8629,.T.);
#6983=EDGE_CURVE('',#8630,#8628,#8631,.T.);
#6984=EDGE_CURVE('',#8630,#8526,#8632,.T.);
#6985=FILL_AREA_STYLE('',(#8633));
#6986=EDGE_CURVE('',#8623,#8634,#8635,.T.);
#6987=EDGE_CURVE('',#8565,#8634,#8636,.T.);
#6988=FILL_AREA_STYLE('',(#8637));
#6989=EDGE_CURVE('',#8638,#8634,#8639,.T.);
#6990=EDGE_CURVE('',#8567,#8638,#8640,.T.);
#6991=FILL_AREA_STYLE('',(#8641));
#6992=EDGE_CURVE('',#8638,#8642,#8643,.T.);
#6993=EDGE_CURVE('',#8642,#8644,#8645,.T.);
#6994=EDGE_CURVE('',#8644,#8646,#8647,.T.);
#6995=EDGE_CURVE('',#8583,#8646,#8648,.T.);
#6996=FILL_AREA_STYLE('',(#8649));
#6997=EDGE_CURVE('',#8576,#8650,#8651,.T.);
#6998=EDGE_CURVE('',#8652,#8650,#8653,.T.);
#6999=EDGE_CURVE('',#8575,#8652,#8654,.T.);
#7000=FILL_AREA_STYLE('',(#8655));
#7001=EDGE_CURVE('',#8575,#8656,#8657,.T.);
#7002=EDGE_CURVE('',#8658,#8656,#8659,.T.);
#7003=EDGE_CURVE('',#8587,#8658,#8660,.T.);
#7004=FILL_AREA_STYLE('',(#8661));
#7005=EDGE_CURVE('',#8650,#8583,#8662,.T.);
#7006=FILL_AREA_STYLE('',(#8663));
#7007=EDGE_CURVE('',#8597,#8658,#8664,.T.);
#7008=FILL_AREA_STYLE('',(#8665));
#7009=EDGE_CURVE('',#8666,#8656,#8667,.T.);
#7010=EDGE_CURVE('',#8666,#8668,#8669,.T.);
#7011=EDGE_CURVE('',#8668,#8670,#8671,.T.);
#7012=EDGE_CURVE('',#8670,#8672,#8673,.T.);
#7013=EDGE_CURVE('',#8599,#8672,#8674,.T.);
#7014=FILL_AREA_STYLE('',(#8675));
#7015=EDGE_CURVE('',#8605,#8672,#8676,.T.);
#7016=FILL_AREA_STYLE('',(#8677));
#7017=EDGE_CURVE('',#8678,#8670,#8679,.T.);
#7018=EDGE_CURVE('',#8611,#8678,#8680,.T.);
#7019=FILL_AREA_STYLE('',(#8681));
#7020=EDGE_CURVE('',#8613,#8682,#8683,.T.);
#7021=EDGE_CURVE('',#8678,#8682,#8684,.T.);
#7022=FILL_AREA_STYLE('',(#8685));
#7023=EDGE_CURVE('',#8686,#8615,#8687,.T.);
#7024=EDGE_CURVE('',#8682,#8688,#8689,.T.);
#7025=EDGE_CURVE('',#8688,#8686,#8690,.T.);
#7026=FILL_AREA_STYLE('',(#8691));
#7027=EDGE_CURVE('',#8692,#8693,#8694,.T.);
#7028=EDGE_CURVE('',#8695,#8692,#8696,.T.);
#7029=EDGE_CURVE('',#8695,#8617,#8697,.T.);
#7030=EDGE_CURVE('',#8693,#8686,#8698,.T.);
#7031=FILL_AREA_STYLE('',(#8699));
#7032=EDGE_CURVE('',#8700,#8701,#8702,.T.);
#7033=EDGE_CURVE('',#8701,#8619,#8703,.T.);
#7034=EDGE_CURVE('',#8695,#8700,#8704,.T.);
#7035=FILL_AREA_STYLE('',(#8705));
#7036=EDGE_CURVE('',#8706,#8621,#8707,.T.);
#7037=EDGE_CURVE('',#8701,#8706,#8708,.T.);
#7038=FILL_AREA_STYLE('',(#8709));
#7039=EDGE_CURVE('',#8642,#8706,#8710,.T.);
#7040=FILL_AREA_STYLE('',(#8711));
#7041=EDGE_CURVE('',#8630,#8628,#8712,.T.);
#7042=FILL_AREA_STYLE('',(#8713));
#7043=EDGE_CURVE('',#8714,#8715,#8716,.T.);
#7044=EDGE_CURVE('',#8714,#8715,#8717,.T.);
#7045=FILL_AREA_STYLE('',(#8718));
#7046=EDGE_CURVE('',#8700,#8644,#8719,.T.);
#7047=FILL_AREA_STYLE('',(#8720));
#7048=EDGE_CURVE('',#8692,#8646,#8721,.T.);
#7049=FILL_AREA_STYLE('',(#8722));
#7050=EDGE_CURVE('',#8646,#8723,#8724,.T.);
#7051=EDGE_CURVE('',#8723,#8650,#8725,.T.);
#7052=FILL_AREA_STYLE('',(#8726));
#7053=EDGE_CURVE('',#8723,#8727,#8728,.T.);
#7054=EDGE_CURVE('',#8652,#8727,#8729,.T.);
#7055=FILL_AREA_STYLE('',(#8730));
#7056=EDGE_CURVE('',#8656,#8652,#8731,.T.);
#7057=FILL_AREA_STYLE('',(#8732));
#7058=EDGE_CURVE('',#8727,#8666,#8733,.T.);
#7059=FILL_AREA_STYLE('',(#8734));
#7060=EDGE_CURVE('',#8693,#8666,#8735,.T.);
#7061=EDGE_CURVE('',#8668,#8688,#8736,.T.);
#7062=FILL_AREA_STYLE('',(#8737));
#7063=FILL_AREA_STYLE('',(#8738));
#7064=EDGE_CURVE('',#8693,#8727,#8739,.T.);
#7065=EDGE_CURVE('',#8692,#8723,#8740,.T.);
#7066=FILL_AREA_STYLE('',(#8741));
#7067=EDGE_CURVE('',#8742,#8743,#8744,.T.);
#7068=EDGE_CURVE('',#8743,#8715,#8745,.T.);
#7069=EDGE_CURVE('',#8742,#8714,#8746,.T.);
#7070=FILL_AREA_STYLE('',(#8747));
#7071=EDGE_CURVE('',#8742,#8743,#8748,.T.);
#7072=FILL_AREA_STYLE('',(#8749));
#7073=FILL_AREA_STYLE('',(#8750));
#7074=FILL_AREA_STYLE('',(#8751));
#7075=FILL_AREA_STYLE('',(#8752));
#7076=EDGE_CURVE('',#8753,#8754,#8755,.T.);
#7077=EDGE_CURVE('',#8756,#8753,#8757,.T.);
#7078=EDGE_CURVE('',#8758,#8756,#8759,.T.);
#7079=EDGE_CURVE('',#8760,#8758,#8761,.T.);
#7080=EDGE_CURVE('',#8762,#8760,#8763,.T.);
#7081=EDGE_CURVE('',#8764,#8762,#8765,.T.);
#7082=EDGE_CURVE('',#8766,#8764,#8767,.T.);
#7083=EDGE_CURVE('',#8768,#8766,#8769,.T.);
#7084=EDGE_CURVE('',#8770,#8768,#8771,.T.);
#7085=EDGE_CURVE('',#8772,#8770,#8773,.T.);
#7086=EDGE_CURVE('',#8774,#8772,#8775,.T.);
#7087=EDGE_CURVE('',#8776,#8774,#8777,.T.);
#7088=EDGE_CURVE('',#8778,#8776,#8779,.T.);
#7089=EDGE_CURVE('',#8780,#8778,#8781,.T.);
#7090=EDGE_CURVE('',#8782,#8780,#8783,.T.);
#7091=EDGE_CURVE('',#8754,#8782,#8784,.T.);
#7092=FILL_AREA_STYLE('',(#8785));
#7093=EDGE_CURVE('',#8754,#8786,#8787,.T.);
#7094=EDGE_CURVE('',#8788,#8786,#8789,.T.);
#7095=EDGE_CURVE('',#8753,#8788,#8790,.T.);
#7096=FILL_AREA_STYLE('',(#8791));
#7097=EDGE_CURVE('',#8792,#8788,#8793,.T.);
#7098=EDGE_CURVE('',#8756,#8792,#8794,.T.);
#7099=FILL_AREA_STYLE('',(#8795));
#7100=EDGE_CURVE('',#8796,#8792,#8797,.T.);
#7101=EDGE_CURVE('',#8758,#8796,#8798,.T.);
#7102=FILL_AREA_STYLE('',(#8799));
#7103=EDGE_CURVE('',#8800,#8796,#8801,.T.);
#7104=EDGE_CURVE('',#8760,#8800,#8802,.T.);
#7105=FILL_AREA_STYLE('',(#8803));
#7106=EDGE_CURVE('',#8804,#8800,#8805,.T.);
#7107=EDGE_CURVE('',#8762,#8804,#8806,.T.);
#7108=FILL_AREA_STYLE('',(#8807));
#7109=EDGE_CURVE('',#8808,#8804,#8809,.T.);
#7110=EDGE_CURVE('',#8764,#8808,#8810,.T.);
#7111=FILL_AREA_STYLE('',(#8811));
#7112=EDGE_CURVE('',#8812,#8808,#8813,.T.);
#7113=EDGE_CURVE('',#8766,#8812,#8814,.T.);
#7114=FILL_AREA_STYLE('',(#8815));
#7115=EDGE_CURVE('',#8816,#8812,#8817,.T.);
#7116=EDGE_CURVE('',#8768,#8816,#8818,.T.);
#7117=FILL_AREA_STYLE('',(#8819));
#7118=EDGE_CURVE('',#8820,#8816,#8821,.T.);
#7119=EDGE_CURVE('',#8770,#8820,#8822,.T.);
#7120=FILL_AREA_STYLE('',(#8823));
#7121=EDGE_CURVE('',#8824,#8820,#8825,.T.);
#7122=EDGE_CURVE('',#8772,#8824,#8826,.T.);
#7123=FILL_AREA_STYLE('',(#8827));
#7124=EDGE_CURVE('',#8828,#8824,#8829,.T.);
#7125=EDGE_CURVE('',#8774,#8828,#8830,.T.);
#7126=FILL_AREA_STYLE('',(#8831));
#7127=EDGE_CURVE('',#8832,#8828,#8833,.T.);
#7128=EDGE_CURVE('',#8776,#8832,#8834,.T.);
#7129=FILL_AREA_STYLE('',(#8835));
#7130=EDGE_CURVE('',#8836,#8832,#8837,.T.);
#7131=EDGE_CURVE('',#8778,#8836,#8838,.T.);
#7132=FILL_AREA_STYLE('',(#8839));
#7133=EDGE_CURVE('',#8840,#8836,#8841,.T.);
#7134=EDGE_CURVE('',#8780,#8840,#8842,.T.);
#7135=FILL_AREA_STYLE('',(#8843));
#7136=EDGE_CURVE('',#8844,#8840,#8845,.T.);
#7137=EDGE_CURVE('',#8782,#8844,#8846,.T.);
#7138=FILL_AREA_STYLE('',(#8847));
#7139=EDGE_CURVE('',#8786,#8844,#8848,.T.);
#7140=FILL_AREA_STYLE('',(#8849));
#7141=FILL_AREA_STYLE('',(#8850));
#7142=EDGE_CURVE('',#8851,#8852,#8853,.T.);
#7143=EDGE_CURVE('',#8854,#8851,#8855,.T.);
#7144=EDGE_CURVE('',#8856,#8854,#8857,.T.);
#7145=EDGE_CURVE('',#8858,#8856,#8859,.T.);
#7146=EDGE_CURVE('',#8860,#8858,#8861,.T.);
#7147=EDGE_CURVE('',#8862,#8860,#8863,.T.);
#7148=EDGE_CURVE('',#8864,#8862,#8865,.T.);
#7149=EDGE_CURVE('',#8866,#8864,#8867,.T.);
#7150=EDGE_CURVE('',#8868,#8866,#8869,.T.);
#7151=EDGE_CURVE('',#8870,#8868,#8871,.T.);
#7152=EDGE_CURVE('',#8872,#8870,#8873,.T.);
#7153=EDGE_CURVE('',#8874,#8872,#8875,.T.);
#7154=EDGE_CURVE('',#8876,#8874,#8877,.T.);
#7155=EDGE_CURVE('',#8878,#8876,#8879,.T.);
#7156=EDGE_CURVE('',#8880,#8878,#8881,.T.);
#7157=EDGE_CURVE('',#8852,#8880,#8882,.T.);
#7158=FILL_AREA_STYLE('',(#8883));
#7159=EDGE_CURVE('',#8852,#8884,#8885,.T.);
#7160=EDGE_CURVE('',#8886,#8884,#8887,.T.);
#7161=EDGE_CURVE('',#8851,#8886,#8888,.T.);
#7162=FILL_AREA_STYLE('',(#8889));
#7163=EDGE_CURVE('',#8890,#8886,#8891,.T.);
#7164=EDGE_CURVE('',#8854,#8890,#8892,.T.);
#7165=FILL_AREA_STYLE('',(#8893));
#7166=EDGE_CURVE('',#8894,#8890,#8895,.T.);
#7167=EDGE_CURVE('',#8856,#8894,#8896,.T.);
#7168=FILL_AREA_STYLE('',(#8897));
#7169=EDGE_CURVE('',#8898,#8894,#8899,.T.);
#7170=EDGE_CURVE('',#8858,#8898,#8900,.T.);
#7171=FILL_AREA_STYLE('',(#8901));
#7172=EDGE_CURVE('',#8902,#8898,#8903,.T.);
#7173=EDGE_CURVE('',#8860,#8902,#8904,.T.);
#7174=FILL_AREA_STYLE('',(#8905));
#7175=EDGE_CURVE('',#8906,#8902,#8907,.T.);
#7176=EDGE_CURVE('',#8862,#8906,#8908,.T.);
#7177=FILL_AREA_STYLE('',(#8909));
#7178=EDGE_CURVE('',#8910,#8906,#8911,.T.);
#7179=EDGE_CURVE('',#8864,#8910,#8912,.T.);
#7180=FILL_AREA_STYLE('',(#8913));
#7181=EDGE_CURVE('',#8914,#8910,#8915,.T.);
#7182=EDGE_CURVE('',#8866,#8914,#8916,.T.);
#7183=FILL_AREA_STYLE('',(#8917));
#7184=EDGE_CURVE('',#8918,#8914,#8919,.T.);
#7185=EDGE_CURVE('',#8868,#8918,#8920,.T.);
#7186=FILL_AREA_STYLE('',(#8921));
#7187=EDGE_CURVE('',#8922,#8918,#8923,.T.);
#7188=EDGE_CURVE('',#8870,#8922,#8924,.T.);
#7189=FILL_AREA_STYLE('',(#8925));
#7190=EDGE_CURVE('',#8926,#8922,#8927,.T.);
#7191=EDGE_CURVE('',#8872,#8926,#8928,.T.);
#7192=FILL_AREA_STYLE('',(#8929));
#7193=EDGE_CURVE('',#8930,#8926,#8931,.T.);
#7194=EDGE_CURVE('',#8874,#8930,#8932,.T.);
#7195=FILL_AREA_STYLE('',(#8933));
#7196=EDGE_CURVE('',#8934,#8930,#8935,.T.);
#7197=EDGE_CURVE('',#8876,#8934,#8936,.T.);
#7198=FILL_AREA_STYLE('',(#8937));
#7199=EDGE_CURVE('',#8938,#8934,#8939,.T.);
#7200=EDGE_CURVE('',#8878,#8938,#8940,.T.);
#7201=FILL_AREA_STYLE('',(#8941));
#7202=EDGE_CURVE('',#8942,#8938,#8943,.T.);
#7203=EDGE_CURVE('',#8880,#8942,#8944,.T.);
#7204=FILL_AREA_STYLE('',(#8945));
#7205=EDGE_CURVE('',#8884,#8942,#8946,.T.);
#7206=FILL_AREA_STYLE('',(#8947));
#7207=FILL_AREA_STYLE_COLOUR('',#8948);
#7208=VERTEX_POINT('',#8949);
#7209=VERTEX_POINT('',#8950);
#7210=LINE('',#8951,#8952);
#7211=VERTEX_POINT('',#8953);
#7212=LINE('',#8954,#8955);
#7213=VERTEX_POINT('',#8956);
#7214=LINE('',#8957,#8958);
#7215=VERTEX_POINT('',#8959);
#7216=LINE('',#8960,#8961);
#7217=VERTEX_POINT('',#8962);
#7218=LINE('',#8963,#8964);
#7219=VERTEX_POINT('',#8965);
#7220=LINE('',#8966,#8967);
#7221=VERTEX_POINT('',#8968);
#7222=LINE('',#8969,#8970);
#7223=VERTEX_POINT('',#8971);
#7224=LINE('',#8972,#8973);
#7225=VERTEX_POINT('',#8974);
#7226=LINE('',#8975,#8976);
#7227=VERTEX_POINT('',#8977);
#7228=LINE('',#8978,#8979);
#7229=LINE('',#8980,#8981);
#7230=FILL_AREA_STYLE_COLOUR('',#8982);
#7231=VERTEX_POINT('',#8983);
#7232=LINE('',#8984,#8985);
#7233=VERTEX_POINT('',#8986);
#7234=LINE('',#8987,#8988);
#7235=LINE('',#8989,#8990);
#7236=FILL_AREA_STYLE_COLOUR('',#8991);
#7237=VERTEX_POINT('',#8992);
#7238=VERTEX_POINT('',#8993);
#7239=LINE('',#8994,#8995);
#7240=VERTEX_POINT('',#8996);
#7241=LINE('',#8997,#8998);
#7242=VERTEX_POINT('',#8999);
#7243=LINE('',#9000,#9001);
#7244=VERTEX_POINT('',#9002);
#7245=LINE('',#9003,#9004);
#7246=VERTEX_POINT('',#9005);
#7247=LINE('',#9006,#9007);
#7248=LINE('',#9008,#9009);
#7249=VERTEX_POINT('',#9010);
#7250=VERTEX_POINT('',#9011);
#7251=LINE('',#9012,#9013);
#7252=VERTEX_POINT('',#9014);
#7253=LINE('',#9015,#9016);
#7254=VERTEX_POINT('',#9017);
#7255=LINE('',#9018,#9019);
#7256=VERTEX_POINT('',#9020);
#7257=LINE('',#9021,#9022);
#7258=VERTEX_POINT('',#9023);
#7259=LINE('',#9024,#9025);
#7260=VERTEX_POINT('',#9026);
#7261=LINE('',#9027,#9028);
#7262=VERTEX_POINT('',#9029);
#7263=LINE('',#9030,#9031);
#7264=VERTEX_POINT('',#9032);
#7265=LINE('',#9033,#9034);
#7266=VERTEX_POINT('',#9035);
#7267=LINE('',#9036,#9037);
#7268=VERTEX_POINT('',#9038);
#7269=LINE('',#9039,#9040);
#7270=VERTEX_POINT('',#9041);
#7271=LINE('',#9042,#9043);
#7272=VERTEX_POINT('',#9044);
#7273=LINE('',#9045,#9046);
#7274=VERTEX_POINT('',#9047);
#7275=LINE('',#9048,#9049);
#7276=VERTEX_POINT('',#9050);
#7277=LINE('',#9051,#9052);
#7278=VERTEX_POINT('',#9053);
#7279=LINE('',#9054,#9055);
#7280=VERTEX_POINT('',#9056);
#7281=LINE('',#9057,#9058);
#7282=VERTEX_POINT('',#9059);
#7283=LINE('',#9060,#9061);
#7284=VERTEX_POINT('',#9062);
#7285=LINE('',#9063,#9064);
#7286=VERTEX_POINT('',#9065);
#7287=LINE('',#9066,#9067);
#7288=VERTEX_POINT('',#9068);
#7289=LINE('',#9069,#9070);
#7290=VERTEX_POINT('',#9071);
#7291=LINE('',#9072,#9073);
#7292=VERTEX_POINT('',#9074);
#7293=LINE('',#9075,#9076);
#7294=VERTEX_POINT('',#9077);
#7295=LINE('',#9078,#9079);
#7296=VERTEX_POINT('',#9080);
#7297=LINE('',#9081,#9082);
#7298=VERTEX_POINT('',#9083);
#7299=LINE('',#9084,#9085);
#7300=VERTEX_POINT('',#9086);
#7301=LINE('',#9087,#9088);
#7302=VERTEX_POINT('',#9089);
#7303=LINE('',#9090,#9091);
#7304=VERTEX_POINT('',#9092);
#7305=LINE('',#9093,#9094);
#7306=VERTEX_POINT('',#9095);
#7307=LINE('',#9096,#9097);
#7308=VERTEX_POINT('',#9098);
#7309=LINE('',#9099,#9100);
#7310=VERTEX_POINT('',#9101);
#7311=LINE('',#9102,#9103);
#7312=VERTEX_POINT('',#9104);
#7313=LINE('',#9105,#9106);
#7314=VERTEX_POINT('',#9107);
#7315=LINE('',#9108,#9109);
#7316=VERTEX_POINT('',#9110);
#7317=LINE('',#9111,#9112);
#7318=VERTEX_POINT('',#9113);
#7319=LINE('',#9114,#9115);
#7320=VERTEX_POINT('',#9116);
#7321=LINE('',#9117,#9118);
#7322=VERTEX_POINT('',#9119);
#7323=LINE('',#9120,#9121);
#7324=VERTEX_POINT('',#9122);
#7325=LINE('',#9123,#9124);
#7326=VERTEX_POINT('',#9125);
#7327=LINE('',#9126,#9127);
#7328=LINE('',#9128,#9129);
#7329=VERTEX_POINT('',#9130);
#7330=VERTEX_POINT('',#9131);
#7331=LINE('',#9132,#9133);
#7332=VERTEX_POINT('',#9134);
#7333=LINE('',#9135,#9136);
#7334=VERTEX_POINT('',#9137);
#7335=LINE('',#9138,#9139);
#7336=VERTEX_POINT('',#9140);
#7337=LINE('',#9141,#9142);
#7338=VERTEX_POINT('',#9143);
#7339=LINE('',#9144,#9145);
#7340=VERTEX_POINT('',#9146);
#7341=LINE('',#9147,#9148);
#7342=VERTEX_POINT('',#9149);
#7343=LINE('',#9150,#9151);
#7344=VERTEX_POINT('',#9152);
#7345=LINE('',#9153,#9154);
#7346=VERTEX_POINT('',#9155);
#7347=LINE('',#9156,#9157);
#7348=VERTEX_POINT('',#9158);
#7349=LINE('',#9159,#9160);
#7350=VERTEX_POINT('',#9161);
#7351=LINE('',#9162,#9163);
#7352=LINE('',#9164,#9165);
#7353=VERTEX_POINT('',#9166);
#7354=VERTEX_POINT('',#9167);
#7355=LINE('',#9168,#9169);
#7356=VERTEX_POINT('',#9170);
#7357=LINE('',#9171,#9172);
#7358=VERTEX_POINT('',#9173);
#7359=LINE('',#9174,#9175);
#7360=VERTEX_POINT('',#9176);
#7361=LINE('',#9177,#9178);
#7362=VERTEX_POINT('',#9179);
#7363=LINE('',#9180,#9181);
#7364=VERTEX_POINT('',#9182);
#7365=LINE('',#9183,#9184);
#7366=VERTEX_POINT('',#9185);
#7367=LINE('',#9186,#9187);
#7368=VERTEX_POINT('',#9188);
#7369=LINE('',#9189,#9190);
#7370=VERTEX_POINT('',#9191);
#7371=LINE('',#9192,#9193);
#7372=VERTEX_POINT('',#9194);
#7373=LINE('',#9195,#9196);
#7374=VERTEX_POINT('',#9197);
#7375=LINE('',#9198,#9199);
#7376=VERTEX_POINT('',#9200);
#7377=LINE('',#9201,#9202);
#7378=VERTEX_POINT('',#9203);
#7379=LINE('',#9204,#9205);
#7380=LINE('',#9206,#9207);
#7381=VERTEX_POINT('',#9208);
#7382=VERTEX_POINT('',#9209);
#7383=LINE('',#9210,#9211);
#7384=VERTEX_POINT('',#9212);
#7385=LINE('',#9213,#9214);
#7386=VERTEX_POINT('',#9215);
#7387=LINE('',#9216,#9217);
#7388=VERTEX_POINT('',#9218);
#7389=LINE('',#9219,#9220);
#7390=VERTEX_POINT('',#9221);
#7391=LINE('',#9222,#9223);
#7392=VERTEX_POINT('',#9224);
#7393=LINE('',#9225,#9226);
#7394=VERTEX_POINT('',#9227);
#7395=LINE('',#9228,#9229);
#7396=LINE('',#9230,#9231);
#7397=VERTEX_POINT('',#9232);
#7398=VERTEX_POINT('',#9233);
#7399=LINE('',#9234,#9235);
#7400=VERTEX_POINT('',#9236);
#7401=LINE('',#9237,#9238);
#7402=VERTEX_POINT('',#9239);
#7403=LINE('',#9240,#9241);
#7404=VERTEX_POINT('',#9242);
#7405=LINE('',#9243,#9244);
#7406=VERTEX_POINT('',#9245);
#7407=LINE('',#9246,#9247);
#7408=VERTEX_POINT('',#9248);
#7409=LINE('',#9249,#9250);
#7410=VERTEX_POINT('',#9251);
#7411=LINE('',#9252,#9253);
#7412=LINE('',#9254,#9255);
#7413=VERTEX_POINT('',#9256);
#7414=LINE('',#9257,#9258);
#7415=LINE('',#9259,#9260);
#7416=VERTEX_POINT('',#9261);
#7417=LINE('',#9262,#9263);
#7418=VERTEX_POINT('',#9264);
#7419=LINE('',#9265,#9266);
#7420=VERTEX_POINT('',#9267);
#7421=LINE('',#9268,#9269);
#7422=VERTEX_POINT('',#9270);
#7423=LINE('',#9271,#9272);
#7424=VERTEX_POINT('',#9273);
#7425=LINE('',#9274,#9275);
#7426=VERTEX_POINT('',#9276);
#7427=LINE('',#9277,#9278);
#7428=LINE('',#9279,#9280);
#7429=FILL_AREA_STYLE_COLOUR('',#9281);
#7430=VERTEX_POINT('',#9282);
#7431=LINE('',#9283,#9284);
#7432=LINE('',#9285,#9286);
#7433=FILL_AREA_STYLE_COLOUR('',#9287);
#7434=VERTEX_POINT('',#9288);
#7435=LINE('',#9289,#9290);
#7436=LINE('',#9291,#9292);
#7437=FILL_AREA_STYLE_COLOUR('',#9293);
#7438=VERTEX_POINT('',#9294);
#7439=LINE('',#9295,#9296);
#7440=LINE('',#9297,#9298);
#7441=FILL_AREA_STYLE_COLOUR('',#9299);
#7442=VERTEX_POINT('',#9300);
#7443=VERTEX_POINT('',#9301);
#7444=CIRCLE('',#9302,2.1);
#7445=CIRCLE('',#9303,2.1);
#7446=VERTEX_POINT('',#9304);
#7447=VERTEX_POINT('',#9305);
#7448=CIRCLE('',#9306,2.1);
#7449=CIRCLE('',#9307,2.1);
#7450=VERTEX_POINT('',#9308);
#7451=LINE('',#9309,#9310);
#7452=LINE('',#9311,#9312);
#7453=FILL_AREA_STYLE_COLOUR('',#9313);
#7454=VERTEX_POINT('',#9314);
#7455=VERTEX_POINT('',#9315);
#7456=LINE('',#9316,#9317);
#7457=VERTEX_POINT('',#9318);
#7458=LINE('',#9319,#9320);
#7459=LINE('',#9321,#9322);
#7460=VERTEX_POINT('',#9323);
#7461=LINE('',#9324,#9325);
#7462=VERTEX_POINT('',#9326);
#7463=LINE('',#9327,#9328);
#7464=LINE('',#9329,#9330);
#7465=FILL_AREA_STYLE_COLOUR('',#9331);
#7466=VERTEX_POINT('',#9332);
#7467=LINE('',#9333,#9334);
#7468=VERTEX_POINT('',#9335);
#7469=LINE('',#9336,#9337);
#7470=LINE('',#9338,#9339);
#7471=FILL_AREA_STYLE_COLOUR('',#9340);
#7472=VERTEX_POINT('',#9341);
#7473=LINE('',#9342,#9343);
#7474=LINE('',#9344,#9345);
#7475=FILL_AREA_STYLE_COLOUR('',#9346);
#7476=LINE('',#9347,#9348);
#7477=FILL_AREA_STYLE_COLOUR('',#9349);
#7478=FILL_AREA_STYLE_COLOUR('',#9350);
#7479=VERTEX_POINT('',#9351);
#7480=LINE('',#9352,#9353);
#7481=VERTEX_POINT('',#9354);
#7482=LINE('',#9355,#9356);
#7483=LINE('',#9357,#9358);
#7484=FILL_AREA_STYLE_COLOUR('',#9359);
#7485=VERTEX_POINT('',#9360);
#7486=LINE('',#9361,#9362);
#7487=LINE('',#9363,#9364);
#7488=FILL_AREA_STYLE_COLOUR('',#9365);
#7489=VERTEX_POINT('',#9366);
#7490=LINE('',#9367,#9368);
#7491=LINE('',#9369,#9370);
#7492=FILL_AREA_STYLE_COLOUR('',#9371);
#7493=VERTEX_POINT('',#9372);
#7494=LINE('',#9373,#9374);
#7495=LINE('',#9375,#9376);
#7496=FILL_AREA_STYLE_COLOUR('',#9377);
#7497=VERTEX_POINT('',#9378);
#7498=LINE('',#9379,#9380);
#7499=LINE('',#9381,#9382);
#7500=FILL_AREA_STYLE_COLOUR('',#9383);
#7501=LINE('',#9384,#9385);
#7502=FILL_AREA_STYLE_COLOUR('',#9386);
#7503=VERTEX_POINT('',#9387);
#7504=LINE('',#9388,#9389);
#7505=VERTEX_POINT('',#9390);
#7506=LINE('',#9391,#9392);
#7507=LINE('',#9393,#9394);
#7508=FILL_AREA_STYLE_COLOUR('',#9395);
#7509=VERTEX_POINT('',#9396);
#7510=LINE('',#9397,#9398);
#7511=LINE('',#9399,#9400);
#7512=FILL_AREA_STYLE_COLOUR('',#9401);
#7513=VERTEX_POINT('',#9402);
#7514=LINE('',#9403,#9404);
#7515=LINE('',#9405,#9406);
#7516=FILL_AREA_STYLE_COLOUR('',#9407);
#7517=VERTEX_POINT('',#9408);
#7518=LINE('',#9409,#9410);
#7519=LINE('',#9411,#9412);
#7520=FILL_AREA_STYLE_COLOUR('',#9413);
#7521=VERTEX_POINT('',#9414);
#7522=LINE('',#9415,#9416);
#7523=LINE('',#9417,#9418);
#7524=FILL_AREA_STYLE_COLOUR('',#9419);
#7525=VERTEX_POINT('',#9420);
#7526=LINE('',#9421,#9422);
#7527=LINE('',#9423,#9424);
#7528=FILL_AREA_STYLE_COLOUR('',#9425);
#7529=VERTEX_POINT('',#9426);
#7530=LINE('',#9427,#9428);
#7531=LINE('',#9429,#9430);
#7532=FILL_AREA_STYLE_COLOUR('',#9431);
#7533=VERTEX_POINT('',#9432);
#7534=LINE('',#9433,#9434);
#7535=LINE('',#9435,#9436);
#7536=FILL_AREA_STYLE_COLOUR('',#9437);
#7537=VERTEX_POINT('',#9438);
#7538=LINE('',#9439,#9440);
#7539=LINE('',#9441,#9442);
#7540=FILL_AREA_STYLE_COLOUR('',#9443);
#7541=VERTEX_POINT('',#9444);
#7542=LINE('',#9445,#9446);
#7543=LINE('',#9447,#9448);
#7544=FILL_AREA_STYLE_COLOUR('',#9449);
#7545=VERTEX_POINT('',#9450);
#7546=LINE('',#9451,#9452);
#7547=LINE('',#9453,#9454);
#7548=FILL_AREA_STYLE_COLOUR('',#9455);
#7549=VERTEX_POINT('',#9456);
#7550=LINE('',#9457,#9458);
#7551=LINE('',#9459,#9460);
#7552=FILL_AREA_STYLE_COLOUR('',#9461);
#7553=VERTEX_POINT('',#9462);
#7554=LINE('',#9463,#9464);
#7555=LINE('',#9465,#9466);
#7556=FILL_AREA_STYLE_COLOUR('',#9467);
#7557=VERTEX_POINT('',#9468);
#7558=LINE('',#9469,#9470);
#7559=LINE('',#9471,#9472);
#7560=FILL_AREA_STYLE_COLOUR('',#9473);
#7561=VERTEX_POINT('',#9474);
#7562=LINE('',#9475,#9476);
#7563=LINE('',#9477,#9478);
#7564=FILL_AREA_STYLE_COLOUR('',#9479);
#7565=VERTEX_POINT('',#9480);
#7566=LINE('',#9481,#9482);
#7567=LINE('',#9483,#9484);
#7568=FILL_AREA_STYLE_COLOUR('',#9485);
#7569=VERTEX_POINT('',#9486);
#7570=LINE('',#9487,#9488);
#7571=LINE('',#9489,#9490);
#7572=FILL_AREA_STYLE_COLOUR('',#9491);
#7573=VERTEX_POINT('',#9492);
#7574=LINE('',#9493,#9494);
#7575=LINE('',#9495,#9496);
#7576=FILL_AREA_STYLE_COLOUR('',#9497);
#7577=VERTEX_POINT('',#9498);
#7578=LINE('',#9499,#9500);
#7579=LINE('',#9501,#9502);
#7580=FILL_AREA_STYLE_COLOUR('',#9503);
#7581=VERTEX_POINT('',#9504);
#7582=LINE('',#9505,#9506);
#7583=LINE('',#9507,#9508);
#7584=FILL_AREA_STYLE_COLOUR('',#9509);
#7585=VERTEX_POINT('',#9510);
#7586=LINE('',#9511,#9512);
#7587=LINE('',#9513,#9514);
#7588=FILL_AREA_STYLE_COLOUR('',#9515);
#7589=VERTEX_POINT('',#9516);
#7590=LINE('',#9517,#9518);
#7591=LINE('',#9519,#9520);
#7592=FILL_AREA_STYLE_COLOUR('',#9521);
#7593=VERTEX_POINT('',#9522);
#7594=LINE('',#9523,#9524);
#7595=LINE('',#9525,#9526);
#7596=FILL_AREA_STYLE_COLOUR('',#9527);
#7597=VERTEX_POINT('',#9528);
#7598=LINE('',#9529,#9530);
#7599=LINE('',#9531,#9532);
#7600=FILL_AREA_STYLE_COLOUR('',#9533);
#7601=VERTEX_POINT('',#9534);
#7602=LINE('',#9535,#9536);
#7603=LINE('',#9537,#9538);
#7604=FILL_AREA_STYLE_COLOUR('',#9539);
#7605=VERTEX_POINT('',#9540);
#7606=LINE('',#9541,#9542);
#7607=LINE('',#9543,#9544);
#7608=FILL_AREA_STYLE_COLOUR('',#9545);
#7609=VERTEX_POINT('',#9546);
#7610=LINE('',#9547,#9548);
#7611=LINE('',#9549,#9550);
#7612=FILL_AREA_STYLE_COLOUR('',#9551);
#7613=VERTEX_POINT('',#9552);
#7614=LINE('',#9553,#9554);
#7615=LINE('',#9555,#9556);
#7616=FILL_AREA_STYLE_COLOUR('',#9557);
#7617=VERTEX_POINT('',#9558);
#7618=LINE('',#9559,#9560);
#7619=LINE('',#9561,#9562);
#7620=FILL_AREA_STYLE_COLOUR('',#9563);
#7621=VERTEX_POINT('',#9564);
#7622=LINE('',#9565,#9566);
#7623=LINE('',#9567,#9568);
#7624=FILL_AREA_STYLE_COLOUR('',#9569);
#7625=VERTEX_POINT('',#9570);
#7626=LINE('',#9571,#9572);
#7627=LINE('',#9573,#9574);
#7628=FILL_AREA_STYLE_COLOUR('',#9575);
#7629=VERTEX_POINT('',#9576);
#7630=LINE('',#9577,#9578);
#7631=LINE('',#9579,#9580);
#7632=FILL_AREA_STYLE_COLOUR('',#9581);
#7633=VERTEX_POINT('',#9582);
#7634=LINE('',#9583,#9584);
#7635=LINE('',#9585,#9586);
#7636=FILL_AREA_STYLE_COLOUR('',#9587);
#7637=VERTEX_POINT('',#9588);
#7638=LINE('',#9589,#9590);
#7639=LINE('',#9591,#9592);
#7640=FILL_AREA_STYLE_COLOUR('',#9593);
#7641=VERTEX_POINT('',#9594);
#7642=LINE('',#9595,#9596);
#7643=LINE('',#9597,#9598);
#7644=FILL_AREA_STYLE_COLOUR('',#9599);
#7645=VERTEX_POINT('',#9600);
#7646=LINE('',#9601,#9602);
#7647=LINE('',#9603,#9604);
#7648=FILL_AREA_STYLE_COLOUR('',#9605);
#7649=VERTEX_POINT('',#9606);
#7650=LINE('',#9607,#9608);
#7651=LINE('',#9609,#9610);
#7652=FILL_AREA_STYLE_COLOUR('',#9611);
#7653=VERTEX_POINT('',#9612);
#7654=LINE('',#9613,#9614);
#7655=LINE('',#9615,#9616);
#7656=FILL_AREA_STYLE_COLOUR('',#9617);
#7657=VERTEX_POINT('',#9618);
#7658=LINE('',#9619,#9620);
#7659=LINE('',#9621,#9622);
#7660=FILL_AREA_STYLE_COLOUR('',#9623);
#7661=LINE('',#9624,#9625);
#7662=FILL_AREA_STYLE_COLOUR('',#9626);
#7663=VERTEX_POINT('',#9627);
#7664=LINE('',#9628,#9629);
#7665=VERTEX_POINT('',#9630);
#7666=LINE('',#9631,#9632);
#7667=LINE('',#9633,#9634);
#7668=FILL_AREA_STYLE_COLOUR('',#9635);
#7669=VERTEX_POINT('',#9636);
#7670=LINE('',#9637,#9638);
#7671=LINE('',#9639,#9640);
#7672=FILL_AREA_STYLE_COLOUR('',#9641);
#7673=VERTEX_POINT('',#9642);
#7674=LINE('',#9643,#9644);
#7675=LINE('',#9645,#9646);
#7676=FILL_AREA_STYLE_COLOUR('',#9647);
#7677=VERTEX_POINT('',#9648);
#7678=LINE('',#9649,#9650);
#7679=LINE('',#9651,#9652);
#7680=FILL_AREA_STYLE_COLOUR('',#9653);
#7681=VERTEX_POINT('',#9654);
#7682=LINE('',#9655,#9656);
#7683=LINE('',#9657,#9658);
#7684=FILL_AREA_STYLE_COLOUR('',#9659);
#7685=VERTEX_POINT('',#9660);
#7686=LINE('',#9661,#9662);
#7687=LINE('',#9663,#9664);
#7688=FILL_AREA_STYLE_COLOUR('',#9665);
#7689=VERTEX_POINT('',#9666);
#7690=LINE('',#9667,#9668);
#7691=LINE('',#9669,#9670);
#7692=FILL_AREA_STYLE_COLOUR('',#9671);
#7693=VERTEX_POINT('',#9672);
#7694=LINE('',#9673,#9674);
#7695=LINE('',#9675,#9676);
#7696=FILL_AREA_STYLE_COLOUR('',#9677);
#7697=VERTEX_POINT('',#9678);
#7698=LINE('',#9679,#9680);
#7699=LINE('',#9681,#9682);
#7700=FILL_AREA_STYLE_COLOUR('',#9683);
#7701=VERTEX_POINT('',#9684);
#7702=LINE('',#9685,#9686);
#7703=LINE('',#9687,#9688);
#7704=FILL_AREA_STYLE_COLOUR('',#9689);
#7705=VERTEX_POINT('',#9690);
#7706=LINE('',#9691,#9692);
#7707=LINE('',#9693,#9694);
#7708=FILL_AREA_STYLE_COLOUR('',#9695);
#7709=LINE('',#9696,#9697);
#7710=FILL_AREA_STYLE_COLOUR('',#9698);
#7711=VERTEX_POINT('',#9699);
#7712=LINE('',#9700,#9701);
#7713=VERTEX_POINT('',#9702);
#7714=LINE('',#9703,#9704);
#7715=LINE('',#9705,#9706);
#7716=FILL_AREA_STYLE_COLOUR('',#9707);
#7717=VERTEX_POINT('',#9708);
#7718=LINE('',#9709,#9710);
#7719=LINE('',#9711,#9712);
#7720=FILL_AREA_STYLE_COLOUR('',#9713);
#7721=VERTEX_POINT('',#9714);
#7722=LINE('',#9715,#9716);
#7723=LINE('',#9717,#9718);
#7724=FILL_AREA_STYLE_COLOUR('',#9719);
#7725=VERTEX_POINT('',#9720);
#7726=LINE('',#9721,#9722);
#7727=LINE('',#9723,#9724);
#7728=FILL_AREA_STYLE_COLOUR('',#9725);
#7729=VERTEX_POINT('',#9726);
#7730=LINE('',#9727,#9728);
#7731=LINE('',#9729,#9730);
#7732=FILL_AREA_STYLE_COLOUR('',#9731);
#7733=VERTEX_POINT('',#9732);
#7734=LINE('',#9733,#9734);
#7735=LINE('',#9735,#9736);
#7736=FILL_AREA_STYLE_COLOUR('',#9737);
#7737=VERTEX_POINT('',#9738);
#7738=LINE('',#9739,#9740);
#7739=LINE('',#9741,#9742);
#7740=FILL_AREA_STYLE_COLOUR('',#9743);
#7741=VERTEX_POINT('',#9744);
#7742=LINE('',#9745,#9746);
#7743=LINE('',#9747,#9748);
#7744=FILL_AREA_STYLE_COLOUR('',#9749);
#7745=VERTEX_POINT('',#9750);
#7746=LINE('',#9751,#9752);
#7747=LINE('',#9753,#9754);
#7748=FILL_AREA_STYLE_COLOUR('',#9755);
#7749=VERTEX_POINT('',#9756);
#7750=LINE('',#9757,#9758);
#7751=LINE('',#9759,#9760);
#7752=FILL_AREA_STYLE_COLOUR('',#9761);
#7753=VERTEX_POINT('',#9762);
#7754=LINE('',#9763,#9764);
#7755=LINE('',#9765,#9766);
#7756=FILL_AREA_STYLE_COLOUR('',#9767);
#7757=VERTEX_POINT('',#9768);
#7758=LINE('',#9769,#9770);
#7759=LINE('',#9771,#9772);
#7760=FILL_AREA_STYLE_COLOUR('',#9773);
#7761=VERTEX_POINT('',#9774);
#7762=LINE('',#9775,#9776);
#7763=LINE('',#9777,#9778);
#7764=FILL_AREA_STYLE_COLOUR('',#9779);
#7765=LINE('',#9780,#9781);
#7766=FILL_AREA_STYLE_COLOUR('',#9782);
#7767=VERTEX_POINT('',#9783);
#7768=LINE('',#9784,#9785);
#7769=VERTEX_POINT('',#9786);
#7770=LINE('',#9787,#9788);
#7771=LINE('',#9789,#9790);
#7772=FILL_AREA_STYLE_COLOUR('',#9791);
#7773=VERTEX_POINT('',#9792);
#7774=LINE('',#9793,#9794);
#7775=LINE('',#9795,#9796);
#7776=FILL_AREA_STYLE_COLOUR('',#9797);
#7777=VERTEX_POINT('',#9798);
#7778=LINE('',#9799,#9800);
#7779=LINE('',#9801,#9802);
#7780=FILL_AREA_STYLE_COLOUR('',#9803);
#7781=VERTEX_POINT('',#9804);
#7782=LINE('',#9805,#9806);
#7783=LINE('',#9807,#9808);
#7784=FILL_AREA_STYLE_COLOUR('',#9809);
#7785=VERTEX_POINT('',#9810);
#7786=LINE('',#9811,#9812);
#7787=LINE('',#9813,#9814);
#7788=FILL_AREA_STYLE_COLOUR('',#9815);
#7789=VERTEX_POINT('',#9816);
#7790=LINE('',#9817,#9818);
#7791=LINE('',#9819,#9820);
#7792=FILL_AREA_STYLE_COLOUR('',#9821);
#7793=VERTEX_POINT('',#9822);
#7794=LINE('',#9823,#9824);
#7795=LINE('',#9825,#9826);
#7796=FILL_AREA_STYLE_COLOUR('',#9827);
#7797=LINE('',#9828,#9829);
#7798=FILL_AREA_STYLE_COLOUR('',#9830);
#7799=VERTEX_POINT('',#9831);
#7800=VERTEX_POINT('',#9832);
#7801=LINE('',#9833,#9834);
#7802=LINE('',#9835,#9836);
#7803=LINE('',#9837,#9838);
#7804=FILL_AREA_STYLE_COLOUR('',#9839);
#7805=VERTEX_POINT('',#9840);
#7806=LINE('',#9841,#9842);
#7807=LINE('',#9843,#9844);
#7808=LINE('',#9845,#9846);
#7809=FILL_AREA_STYLE_COLOUR('',#9847);
#7810=VERTEX_POINT('',#9848);
#7811=LINE('',#9849,#9850);
#7812=VERTEX_POINT('',#9851);
#7813=LINE('',#9852,#9853);
#7814=LINE('',#9854,#9855);
#7815=FILL_AREA_STYLE_COLOUR('',#9856);
#7816=VERTEX_POINT('',#9857);
#7817=LINE('',#9858,#9859);
#7818=LINE('',#9860,#9861);
#7819=FILL_AREA_STYLE_COLOUR('',#9862);
#7820=VERTEX_POINT('',#9863);
#7821=LINE('',#9864,#9865);
#7822=LINE('',#9866,#9867);
#7823=FILL_AREA_STYLE_COLOUR('',#9868);
#7824=LINE('',#9869,#9870);
#7825=FILL_AREA_STYLE_COLOUR('',#9871);
#7826=VERTEX_POINT('',#9872);
#7827=LINE('',#9873,#9874);
#7828=LINE('',#9875,#9876);
#7829=FILL_AREA_STYLE_COLOUR('',#9877);
#7830=VERTEX_POINT('',#9878);
#7831=LINE('',#9879,#9880);
#7832=LINE('',#9881,#9882);
#7833=FILL_AREA_STYLE_COLOUR('',#9883);
#7834=VERTEX_POINT('',#9884);
#7835=LINE('',#9885,#9886);
#7836=LINE('',#9887,#9888);
#7837=FILL_AREA_STYLE_COLOUR('',#9889);
#7838=VERTEX_POINT('',#9890);
#7839=LINE('',#9891,#9892);
#7840=LINE('',#9893,#9894);
#7841=VERTEX_POINT('',#9895);
#7842=LINE('',#9896,#9897);
#7843=VERTEX_POINT('',#9898);
#7844=LINE('',#9899,#9900);
#7845=LINE('',#9901,#9902);
#7846=FILL_AREA_STYLE_COLOUR('',#9903);
#7847=VERTEX_POINT('',#9904);
#7848=LINE('',#9905,#9906);
#7849=LINE('',#9907,#9908);
#7850=FILL_AREA_STYLE_COLOUR('',#9909);
#7851=LINE('',#9910,#9911);
#7852=FILL_AREA_STYLE_COLOUR('',#9912);
#7853=VERTEX_POINT('',#9913);
#7854=LINE('',#9914,#9915);
#7855=VERTEX_POINT('',#9916);
#7856=CIRCLE('',#9917,2.1);
#7857=LINE('',#9918,#9919);
#7858=FILL_AREA_STYLE_COLOUR('',#9920);
#7859=CIRCLE('',#9921,2.1);
#7860=FILL_AREA_STYLE_COLOUR('',#9922);
#7861=VERTEX_POINT('',#9923);
#7862=LINE('',#9924,#9925);
#7863=VERTEX_POINT('',#9926);
#7864=CIRCLE('',#9927,2.1);
#7865=LINE('',#9928,#9929);
#7866=FILL_AREA_STYLE_COLOUR('',#9930);
#7867=CIRCLE('',#9931,2.1);
#7868=FILL_AREA_STYLE_COLOUR('',#9932);
#7869=VERTEX_POINT('',#9933);
#7870=LINE('',#9934,#9935);
#7871=VERTEX_POINT('',#9936);
#7872=LINE('',#9937,#9938);
#7873=LINE('',#9939,#9940);
#7874=FILL_AREA_STYLE_COLOUR('',#9941);
#7875=VERTEX_POINT('',#9942);
#7876=LINE('',#9943,#9944);
#7877=VERTEX_POINT('',#9945);
#7878=LINE('',#9946,#9947);
#7879=LINE('',#9948,#9949);
#7880=FILL_AREA_STYLE_COLOUR('',#9950);
#7881=VERTEX_POINT('',#9951);
#7882=LINE('',#9952,#9953);
#7883=VERTEX_POINT('',#9954);
#7884=LINE('',#9955,#9956);
#7885=LINE('',#9957,#9958);
#7886=FILL_AREA_STYLE_COLOUR('',#9959);
#7887=VERTEX_POINT('',#9960);
#7888=LINE('',#9961,#9962);
#7889=LINE('',#9963,#9964);
#7890=FILL_AREA_STYLE_COLOUR('',#9965);
#7891=FILL_AREA_STYLE_COLOUR('',#9966);
#7892=FILL_AREA_STYLE_COLOUR('',#9967);
#7893=FILL_AREA_STYLE_COLOUR('',#9968);
#7894=VERTEX_POINT('',#9969);
#7895=VERTEX_POINT('',#9970);
#7896=LINE('',#9971,#9972);
#7897=VERTEX_POINT('',#9973);
#7898=LINE('',#9974,#9975);
#7899=VERTEX_POINT('',#9976);
#7900=LINE('',#9977,#9978);
#7901=VERTEX_POINT('',#9979);
#7902=LINE('',#9980,#9981);
#7903=VERTEX_POINT('',#9982);
#7904=LINE('',#9983,#9984);
#7905=VERTEX_POINT('',#9985);
#7906=LINE('',#9986,#9987);
#7907=VERTEX_POINT('',#9988);
#7908=LINE('',#9989,#9990);
#7909=VERTEX_POINT('',#9991);
#7910=LINE('',#9992,#9993);
#7911=VERTEX_POINT('',#9994);
#7912=LINE('',#9995,#9996);
#7913=VERTEX_POINT('',#9997);
#7914=LINE('',#9998,#9999);
#7915=VERTEX_POINT('',#10000);
#7916=LINE('',#10001,#10002);
#7917=LINE('',#10003,#10004);
#7918=FILL_AREA_STYLE_COLOUR('',#10005);
#7919=VERTEX_POINT('',#10006);
#7920=VERTEX_POINT('',#10007);
#7921=LINE('',#10008,#10009);
#7922=VERTEX_POINT('',#10010);
#7923=LINE('',#10011,#10012);
#7924=LINE('',#10013,#10014);
#7925=FILL_AREA_STYLE_COLOUR('',#10015);
#7926=VERTEX_POINT('',#10016);
#7927=LINE('',#10017,#10018);
#7928=VERTEX_POINT('',#10019);
#7929=LINE('',#10020,#10021);
#7930=LINE('',#10022,#10023);
#7931=FILL_AREA_STYLE_COLOUR('',#10024);
#7932=VERTEX_POINT('',#10025);
#7933=LINE('',#10026,#10027);
#7934=LINE('',#10028,#10029);
#7935=FILL_AREA_STYLE_COLOUR('',#10030);
#7936=FILL_AREA_STYLE_COLOUR('',#10031);
#7937=VERTEX_POINT('',#10032);
#7938=LINE('',#10033,#10034);
#7939=LINE('',#10035,#10036);
#7940=FILL_AREA_STYLE_COLOUR('',#10037);
#7941=VERTEX_POINT('',#10038);
#7942=LINE('',#10039,#10040);
#7943=LINE('',#10041,#10042);
#7944=FILL_AREA_STYLE_COLOUR('',#10043);
#7945=VERTEX_POINT('',#10044);
#7946=LINE('',#10045,#10046);
#7947=VERTEX_POINT('',#10047);
#7948=CIRCLE('',#10048,1.45503606248592);
#7949=LINE('',#10049,#10050);
#7950=FILL_AREA_STYLE_COLOUR('',#10051);
#7951=CIRCLE('',#10052,1.45503606248592);
#7952=FILL_AREA_STYLE_COLOUR('',#10053);
#7953=VERTEX_POINT('',#10054);
#7954=LINE('',#10055,#10056);
#7955=VERTEX_POINT('',#10057);
#7956=LINE('',#10058,#10059);
#7957=CIRCLE('',#10060,1.45503606248592);
#7958=FILL_AREA_STYLE_COLOUR('',#10061);
#7959=CIRCLE('',#10062,1.45503606248592);
#7960=FILL_AREA_STYLE_COLOUR('',#10063);
#7961=LINE('',#10064,#10065);
#7962=FILL_AREA_STYLE_COLOUR('',#10066);
#7963=LINE('',#10067,#10068);
#7964=FILL_AREA_STYLE_COLOUR('',#10069);
#7965=FILL_AREA_STYLE_COLOUR('',#10070);
#7966=VERTEX_POINT('',#10071);
#7967=LINE('',#10072,#10073);
#7968=VERTEX_POINT('',#10074);
#7969=LINE('',#10075,#10076);
#7970=LINE('',#10077,#10078);
#7971=FILL_AREA_STYLE_COLOUR('',#10079);
#7972=VERTEX_POINT('',#10080);
#7973=LINE('',#10081,#10082);
#7974=LINE('',#10083,#10084);
#7975=FILL_AREA_STYLE_COLOUR('',#10085);
#7976=VERTEX_POINT('',#10086);
#7977=LINE('',#10087,#10088);
#7978=LINE('',#10089,#10090);
#7979=FILL_AREA_STYLE_COLOUR('',#10091);
#7980=VERTEX_POINT('',#10092);
#7981=LINE('',#10093,#10094);
#7982=LINE('',#10095,#10096);
#7983=FILL_AREA_STYLE_COLOUR('',#10097);
#7984=VERTEX_POINT('',#10098);
#7985=LINE('',#10099,#10100);
#7986=LINE('',#10101,#10102);
#7987=FILL_AREA_STYLE_COLOUR('',#10103);
#7988=VERTEX_POINT('',#10104);
#7989=LINE('',#10105,#10106);
#7990=LINE('',#10107,#10108);
#7991=FILL_AREA_STYLE_COLOUR('',#10109);
#7992=VERTEX_POINT('',#10110);
#7993=LINE('',#10111,#10112);
#7994=LINE('',#10113,#10114);
#7995=FILL_AREA_STYLE_COLOUR('',#10115);
#7996=VERTEX_POINT('',#10116);
#7997=LINE('',#10117,#10118);
#7998=LINE('',#10119,#10120);
#7999=FILL_AREA_STYLE_COLOUR('',#10121);
#8000=VERTEX_POINT('',#10122);
#8001=LINE('',#10123,#10124);
#8002=LINE('',#10125,#10126);
#8003=FILL_AREA_STYLE_COLOUR('',#10127);
#8004=VERTEX_POINT('',#10128);
#8005=LINE('',#10129,#10130);
#8006=LINE('',#10131,#10132);
#8007=FILL_AREA_STYLE_COLOUR('',#10133);
#8008=VERTEX_POINT('',#10134);
#8009=LINE('',#10135,#10136);
#8010=LINE('',#10137,#10138);
#8011=FILL_AREA_STYLE_COLOUR('',#10139);
#8012=LINE('',#10140,#10141);
#8013=FILL_AREA_STYLE_COLOUR('',#10142);
#8014=VERTEX_POINT('',#10143);
#8015=LINE('',#10144,#10145);
#8016=VERTEX_POINT('',#10146);
#8017=LINE('',#10147,#10148);
#8018=LINE('',#10149,#10150);
#8019=FILL_AREA_STYLE_COLOUR('',#10151);
#8020=VERTEX_POINT('',#10152);
#8021=LINE('',#10153,#10154);
#8022=LINE('',#10155,#10156);
#8023=FILL_AREA_STYLE_COLOUR('',#10157);
#8024=LINE('',#10158,#10159);
#8025=FILL_AREA_STYLE_COLOUR('',#10160);
#8026=FILL_AREA_STYLE_COLOUR('',#10161);
#8027=FILL_AREA_STYLE_COLOUR('',#10162);
#8028=FILL_AREA_STYLE_COLOUR('',#10163);
#8029=VERTEX_POINT('',#10164);
#8030=VERTEX_POINT('',#10165);
#8031=CIRCLE('',#10166,0.0999999999999934);
#8032=VERTEX_POINT('',#10167);
#8033=LINE('',#10168,#10169);
#8034=VERTEX_POINT('',#10170);
#8035=CIRCLE('',#10171,0.1);
#8036=VERTEX_POINT('',#10172);
#8037=LINE('',#10173,#10174);
#8038=VERTEX_POINT('',#10175);
#8039=CIRCLE('',#10176,0.100000000000004);
#8040=VERTEX_POINT('',#10177);
#8041=LINE('',#10178,#10179);
#8042=VERTEX_POINT('',#10180);
#8043=CIRCLE('',#10181,0.0999999999999961);
#8044=LINE('',#10182,#10183);
#8045=VERTEX_POINT('',#10184);
#8046=VERTEX_POINT('',#10185);
#8047=LINE('',#10186,#10187);
#8048=VERTEX_POINT('',#10188);
#8049=CIRCLE('',#10189,0.599999999999999);
#8050=VERTEX_POINT('',#10190);
#8051=LINE('',#10191,#10192);
#8052=VERTEX_POINT('',#10193);
#8053=CIRCLE('',#10194,0.599999999999995);
#8054=VERTEX_POINT('',#10195);
#8055=LINE('',#10196,#10197);
#8056=VERTEX_POINT('',#10198);
#8057=CIRCLE('',#10199,0.599999999999995);
#8058=VERTEX_POINT('',#10200);
#8059=LINE('',#10201,#10202);
#8060=CIRCLE('',#10203,0.599999999999999);
#8061=FILL_AREA_STYLE_COLOUR('',#10204);
#8062=VERTEX_POINT('',#10205);
#8063=LINE('',#10206,#10207);
#8064=VERTEX_POINT('',#10208);
#8065=CIRCLE('',#10209,0.0999999999999934);
#8066=LINE('',#10210,#10211);
#8067=FILL_AREA_STYLE_COLOUR('',#10212);
#8068=VERTEX_POINT('',#10213);
#8069=LINE('',#10214,#10215);
#8070=LINE('',#10216,#10217);
#8071=FILL_AREA_STYLE_COLOUR('',#10218);
#8072=VERTEX_POINT('',#10219);
#8073=CIRCLE('',#10220,0.1);
#8074=LINE('',#10221,#10222);
#8075=FILL_AREA_STYLE_COLOUR('',#10223);
#8076=VERTEX_POINT('',#10224);
#8077=LINE('',#10225,#10226);
#8078=LINE('',#10227,#10228);
#8079=FILL_AREA_STYLE_COLOUR('',#10229);
#8080=VERTEX_POINT('',#10230);
#8081=CIRCLE('',#10231,0.100000000000004);
#8082=LINE('',#10232,#10233);
#8083=FILL_AREA_STYLE_COLOUR('',#10234);
#8084=VERTEX_POINT('',#10235);
#8085=LINE('',#10236,#10237);
#8086=LINE('',#10238,#10239);
#8087=FILL_AREA_STYLE_COLOUR('',#10240);
#8088=VERTEX_POINT('',#10241);
#8089=CIRCLE('',#10242,0.0999999999999961);
#8090=LINE('',#10243,#10244);
#8091=FILL_AREA_STYLE_COLOUR('',#10245);
#8092=LINE('',#10246,#10247);
#8093=FILL_AREA_STYLE_COLOUR('',#10248);
#8094=VERTEX_POINT('',#10249);
#8095=LINE('',#10250,#10251);
#8096=VERTEX_POINT('',#10252);
#8097=LINE('',#10253,#10254);
#8098=LINE('',#10255,#10256);
#8099=FILL_AREA_STYLE_COLOUR('',#10257);
#8100=VERTEX_POINT('',#10258);
#8101=CIRCLE('',#10259,0.599999999999999);
#8102=LINE('',#10260,#10261);
#8103=FILL_AREA_STYLE_COLOUR('',#10262);
#8104=VERTEX_POINT('',#10263);
#8105=LINE('',#10264,#10265);
#8106=LINE('',#10266,#10267);
#8107=FILL_AREA_STYLE_COLOUR('',#10268);
#8108=VERTEX_POINT('',#10269);
#8109=CIRCLE('',#10270,0.599999999999995);
#8110=LINE('',#10271,#10272);
#8111=FILL_AREA_STYLE_COLOUR('',#10273);
#8112=VERTEX_POINT('',#10274);
#8113=VERTEX_POINT('',#10275);
#8114=LINE('',#10276,#10277);
#8115=VERTEX_POINT('',#10278);
#8116=LINE('',#10279,#10280);
#8117=VERTEX_POINT('',#10281);
#8118=LINE('',#10282,#10283);
#8119=LINE('',#10284,#10285);
#8120=VERTEX_POINT('',#10286);
#8121=LINE('',#10287,#10288);
#8122=LINE('',#10289,#10290);
#8123=FILL_AREA_STYLE_COLOUR('',#10291);
#8124=VERTEX_POINT('',#10292);
#8125=CIRCLE('',#10293,0.599999999999995);
#8126=LINE('',#10294,#10295);
#8127=FILL_AREA_STYLE_COLOUR('',#10296);
#8128=VERTEX_POINT('',#10297);
#8129=LINE('',#10298,#10299);
#8130=LINE('',#10300,#10301);
#8131=FILL_AREA_STYLE_COLOUR('',#10302);
#8132=CIRCLE('',#10303,0.599999999999999);
#8133=FILL_AREA_STYLE_COLOUR('',#10304);
#8134=FILL_AREA_STYLE_COLOUR('',#10305);
#8135=VERTEX_POINT('',#10306);
#8136=LINE('',#10307,#10308);
#8137=VERTEX_POINT('',#10309);
#8138=LINE('',#10310,#10311);
#8139=CIRCLE('',#10312,0.5);
#8140=FILL_AREA_STYLE_COLOUR('',#10313);
#8141=VERTEX_POINT('',#10314);
#8142=LINE('',#10315,#10316);
#8143=LINE('',#10317,#10318);
#8144=FILL_AREA_STYLE_COLOUR('',#10319);
#8145=VERTEX_POINT('',#10320);
#8146=LINE('',#10321,#10322);
#8147=CIRCLE('',#10323,0.5);
#8148=FILL_AREA_STYLE_COLOUR('',#10324);
#8149=LINE('',#10325,#10326);
#8150=FILL_AREA_STYLE_COLOUR('',#10327);
#8151=FILL_AREA_STYLE_COLOUR('',#10328);
#8152=VERTEX_POINT('',#10329);
#8153=VERTEX_POINT('',#10330);
#8154=CIRCLE('',#10331,1.0);
#8155=VERTEX_POINT('',#10332);
#8156=CIRCLE('',#10333,1.97630382258896);
#8157=VERTEX_POINT('',#10334);
#8158=CIRCLE('',#10335,0.999999999999941);
#8159=CIRCLE('',#10336,1.95231167330588);
#8160=FILL_AREA_STYLE_COLOUR('',#10337);
#8161=VERTEX_POINT('',#10338);
#8162=VERTEX_POINT('',#10339);
#8163=CIRCLE('',#10340,1.0);
#8164=VERTEX_POINT('',#10341);
#8165=CIRCLE('',#10342,1.97630382258896);
#8166=VERTEX_POINT('',#10343);
#8167=CIRCLE('',#10344,0.999999999999958);
#8168=CIRCLE('',#10345,1.95231167330584);
#8169=FILL_AREA_STYLE_COLOUR('',#10346);
#8170=VERTEX_POINT('',#10347);
#8171=VERTEX_POINT('',#10348);
#8172=CIRCLE('',#10349,3.74905808189837);
#8173=VERTEX_POINT('',#10350);
#8174=CIRCLE('',#10351,1.32935145319769);
#8175=VERTEX_POINT('',#10352);
#8176=CIRCLE('',#10353,3.74905808189846);
#8177=ELLIPSE('',#10354,0.308807571596438,0.299880613629808);
#8178=FILL_AREA_STYLE_COLOUR('',#10355);
#8179=VERTEX_POINT('',#10356);
#8180=VERTEX_POINT('',#10357);
#8181=LINE('',#10358,#10359);
#8182=B_SPLINE_CURVE_WITH_KNOTS('',3,(#10360,#10361,#10362,#10363,#10364,#10365,#10366),.UNSPECIFIED.,.F.,.F.,(4,1,1,1,4),(0.0,0.240955606300849,0.497010934905446,0.75433844629824,1.0),.UNSPECIFIED.);
#8183=VERTEX_POINT('',#10367);
#8184=LINE('',#10368,#10369);
#8185=B_SPLINE_CURVE_WITH_KNOTS('',3,(#10370,#10371,#10372,#10373,#10374),.UNSPECIFIED.,.F.,.F.,(4,1,4),(0.0,0.497374432770842,1.0),.UNSPECIFIED.);
#8186=FILL_AREA_STYLE_COLOUR('',#10375);
#8187=VERTEX_POINT('',#10376);
#8188=CIRCLE('',#10377,1.95231167330584);
#8189=ELLIPSE('',#10378,1.04438547538969,1.01608803573937);
#8190=VERTEX_POINT('',#10379);
#8191=CIRCLE('',#10380,2.22734947350408);
#8192=VERTEX_POINT('',#10381);
#8193=B_SPLINE_CURVE_WITH_KNOTS('',3,(#10382,#10383,#10384,#10385,#10386,#10387,#10388),.UNSPECIFIED.,.F.,.F.,(4,1,1,1,4),(0.0,0.245663371574838,0.502987438909954,0.759039935136899,1.0),.UNSPECIFIED.);
#8194=VERTEX_POINT('',#10389);
#8195=CIRCLE('',#10390,1.32935145319769);
#8196=VERTEX_POINT('',#10391);
#8197=ELLIPSE('',#10392,1.0402909786149,1.01382228203015);
#8198=CIRCLE('',#10393,1.9523116733058);
#8199=CIRCLE('',#10394,1.97630382258896);
#8200=FILL_AREA_STYLE_COLOUR('',#10395);
#8201=VERTEX_POINT('',#10396);
#8202=LINE('',#10397,#10398);
#8203=VERTEX_POINT('',#10399);
#8204=LINE('',#10400,#10401);
#8205=VERTEX_POINT('',#10402);
#8206=CIRCLE('',#10403,0.300000000000002);
#8207=LINE('',#10404,#10405);
#8208=FILL_AREA_STYLE_COLOUR('',#10406);
#8209=VERTEX_POINT('',#10407);
#8210=B_SPLINE_CURVE_WITH_KNOTS('',3,(#10408,#10409,#10410,#10411,#10412,#10413),.UNSPECIFIED.,.F.,.F.,(4,1,1,4),(0.0,0.309923069577905,0.646963612751003,1.0),.UNSPECIFIED.);
#8211=B_SPLINE_CURVE_WITH_KNOTS('',3,(#10414,#10415,#10416,#10417,#10418,#10419,#10420,#10421,#10422),.UNSPECIFIED.,.F.,.F.,(4,1,1,1,1,1,4),(0.0,0.216378031035317,0.409625606809227,0.581840837819897,0.735112130801268,0.871032472751519,1.0),.UNSPECIFIED.);
#8212=FILL_AREA_STYLE_COLOUR('',#10423);
#8213=VERTEX_POINT('',#10424);
#8214=VERTEX_POINT('',#10425);
#8215=LINE('',#10426,#10427);
#8216=VERTEX_POINT('',#10428);
#8217=LINE('',#10429,#10430);
#8218=LINE('',#10431,#10432);
#8219=LINE('',#10433,#10434);
#8220=FILL_AREA_STYLE_COLOUR('',#10435);
#8221=VERTEX_POINT('',#10436);
#8222=CIRCLE('',#10437,0.3);
#8223=LINE('',#10438,#10439);
#8224=FILL_AREA_STYLE_COLOUR('',#10440);
#8225=VERTEX_POINT('',#10441);
#8226=VERTEX_POINT('',#10442);
#8227=LINE('',#10443,#10444);
#8228=CIRCLE('',#10445,3.74905808189853);
#8229=B_SPLINE_CURVE_WITH_KNOTS('',3,(#10446,#10447,#10448,#10449,#10450),.UNSPECIFIED.,.F.,.F.,(4,1,4),(0.0,0.502625567228691,1.0),.UNSPECIFIED.);
#8230=FILL_AREA_STYLE_COLOUR('',#10451);
#8231=VERTEX_POINT('',#10452);
#8232=CIRCLE('',#10453,3.74905808189848);
#8233=ELLIPSE('',#10454,0.308810567953179,0.299881793845629);
#8234=FILL_AREA_STYLE_COLOUR('',#10455);
#8235=VERTEX_POINT('',#10456);
#8236=LINE('',#10457,#10458);
#8237=VERTEX_POINT('',#10459);
#8238=LINE('',#10460,#10461);
#8239=VERTEX_POINT('',#10462);
#8240=CIRCLE('',#10463,0.299999999999998);
#8241=LINE('',#10464,#10465);
#8242=FILL_AREA_STYLE_COLOUR('',#10466);
#8243=VERTEX_POINT('',#10467);
#8244=VERTEX_POINT('',#10468);
#8245=LINE('',#10469,#10470);
#8246=CIRCLE('',#10471,1.95231167330588);
#8247=LINE('',#10472,#10473);
#8248=FILL_AREA_STYLE_COLOUR('',#10474);
#8249=VERTEX_POINT('',#10475);
#8250=ELLIPSE('',#10476,1.04438547539022,1.01608803573967);
#8251=VERTEX_POINT('',#10477);
#8252=CIRCLE('',#10478,1.32935145319769);
#8253=VERTEX_POINT('',#10479);
#8254=B_SPLINE_CURVE_WITH_KNOTS('',3,(#10480,#10481,#10482,#10483,#10484,#10485,#10486),.UNSPECIFIED.,.F.,.F.,(4,1,1,1,4),(0.0,0.242674787050107,0.497406020967608,0.753190659877701,1.0),.UNSPECIFIED.);
#8255=VERTEX_POINT('',#10487);
#8256=CIRCLE('',#10488,2.22734947300046);
#8257=VERTEX_POINT('',#10489);
#8258=B_SPLINE_CURVE_WITH_KNOTS('',3,(#10490,#10491,#10492,#10493,#10494,#10495,#10496),.UNSPECIFIED.,.F.,.F.,(4,1,1,1,4),(0.0,0.246810785486225,0.502592460324371,0.757321230448479,1.0),.UNSPECIFIED.);
#8259=VERTEX_POINT('',#10497);
#8260=CIRCLE('',#10498,1.32935145319769);
#8261=VERTEX_POINT('',#10499);
#8262=ELLIPSE('',#10500,1.04029097861519,1.01382228203031);
#8263=CIRCLE('',#10501,1.95231167330581);
#8264=CIRCLE('',#10502,1.97630382258896);
#8265=FILL_AREA_STYLE_COLOUR('',#10503);
#8266=VERTEX_POINT('',#10504);
#8267=LINE('',#10505,#10506);
#8268=VERTEX_POINT('',#10507);
#8269=CIRCLE('',#10508,1.97630382258896);
#8270=LINE('',#10509,#10510);
#8271=FILL_AREA_STYLE_COLOUR('',#10511);
#8272=VERTEX_POINT('',#10512);
#8273=LINE('',#10513,#10514);
#8274=LINE('',#10515,#10516);
#8275=FILL_AREA_STYLE_COLOUR('',#10517);
#8276=VERTEX_POINT('',#10518);
#8277=CIRCLE('',#10519,0.300000000000005);
#8278=LINE('',#10520,#10521);
#8279=FILL_AREA_STYLE_COLOUR('',#10522);
#8280=VERTEX_POINT('',#10523);
#8281=LINE('',#10524,#10525);
#8282=VERTEX_POINT('',#10526);
#8283=B_SPLINE_CURVE_WITH_KNOTS('',3,(#10527,#10528,#10529,#10530,#10531,#10532),.UNSPECIFIED.,.F.,.F.,(4,1,1,4),(0.0,0.353036387249002,0.690076930422098,1.0),.UNSPECIFIED.);
#8284=VERTEX_POINT('',#10533);
#8285=LINE('',#10534,#10535);
#8286=LINE('',#10536,#10537);
#8287=FILL_AREA_STYLE_COLOUR('',#10538);
#8288=VERTEX_POINT('',#10539);
#8289=CIRCLE('',#10540,0.3);
#8290=VERTEX_POINT('',#10541);
#8291=LINE('',#10542,#10543);
#8292=CIRCLE('',#10544,0.3);
#8293=FILL_AREA_STYLE_COLOUR('',#10545);
#8294=VERTEX_POINT('',#10546);
#8295=CIRCLE('',#10547,0.3);
#8296=VERTEX_POINT('',#10548);
#8297=LINE('',#10549,#10550);
#8298=B_SPLINE_CURVE_WITH_KNOTS('',3,(#10551,#10552,#10553,#10554,#10555,#10556,#10557,#10558,#10559),.UNSPECIFIED.,.F.,.F.,(4,1,1,1,1,1,4),(0.0,0.128967527248514,0.264887869198784,0.418159162180156,0.590374393190827,0.783621968964723,1.0),.UNSPECIFIED.);
#8299=FILL_AREA_STYLE_COLOUR('',#10560);
#8300=CIRCLE('',#10561,0.3);
#8301=FILL_AREA_STYLE_COLOUR('',#10562);
#8302=B_SPLINE_CURVE_WITH_KNOTS('',3,(#10563,#10564,#10565,#10566,#10567,#10568),.UNSPECIFIED.,.F.,.F.,(4,1,1,4),(0.0,0.353036387249002,0.6900769304221,1.0),.UNSPECIFIED.);
#8303=FILL_AREA_STYLE_COLOUR('',#10569);
#8304=VERTEX_POINT('',#10570);
#8305=LINE('',#10571,#10572);
#8306=VERTEX_POINT('',#10573);
#8307=LINE('',#10574,#10575);
#8308=VERTEX_POINT('',#10576);
#8309=B_SPLINE_CURVE_WITH_KNOTS('',3,(#10577,#10578,#10579,#10580,#10581,#10582),.UNSPECIFIED.,.F.,.F.,(4,1,1,4),(0.0,0.309923069577903,0.646963612750999,1.0),.UNSPECIFIED.);
#8310=VERTEX_POINT('',#10583);
#8311=LINE('',#10584,#10585);
#8312=LINE('',#10586,#10587);
#8313=FILL_AREA_STYLE_COLOUR('',#10588);
#8314=CIRCLE('',#10589,0.299999999999999);
#8315=FILL_AREA_STYLE_COLOUR('',#10590);
#8316=VERTEX_POINT('',#10591);
#8317=LINE('',#10592,#10593);
#8318=CIRCLE('',#10594,3.74905808189849);
#8319=FILL_AREA_STYLE_COLOUR('',#10595);
#8320=VERTEX_POINT('',#10596);
#8321=CIRCLE('',#10597,3.74905808189866);
#8322=ELLIPSE('',#10598,0.308816348170827,0.299884131986521);
#8323=FILL_AREA_STYLE_COLOUR('',#10599);
#8324=VERTEX_POINT('',#10600);
#8325=LINE('',#10601,#10602);
#8326=VERTEX_POINT('',#10603);
#8327=LINE('',#10604,#10605);
#8328=B_SPLINE_CURVE_WITH_KNOTS('',3,(#10606,#10607,#10608,#10609,#10610),.UNSPECIFIED.,.F.,.F.,(4,1,4),(0.0,0.497374432770313,1.0),.UNSPECIFIED.);
#8329=FILL_AREA_STYLE_COLOUR('',#10611);
#8330=VERTEX_POINT('',#10612);
#8331=VERTEX_POINT('',#10613);
#8332=LINE('',#10614,#10615);
#8333=VERTEX_POINT('',#10616);
#8334=LINE('',#10617,#10618);
#8335=LINE('',#10619,#10620);
#8336=LINE('',#10621,#10622);
#8337=FILL_AREA_STYLE_COLOUR('',#10623);
#8338=VERTEX_POINT('',#10624);
#8339=VERTEX_POINT('',#10625);
#8340=LINE('',#10626,#10627);
#8341=CIRCLE('',#10628,3.74905808189838);
#8342=B_SPLINE_CURVE_WITH_KNOTS('',3,(#10629,#10630,#10631,#10632,#10633),.UNSPECIFIED.,.F.,.F.,(4,1,4),(0.0,0.502625567228589,1.0),.UNSPECIFIED.);
#8343=FILL_AREA_STYLE_COLOUR('',#10634);
#8344=VERTEX_POINT('',#10635);
#8345=CIRCLE('',#10636,3.74905808189855);
#8346=ELLIPSE('',#10637,0.308814652732292,0.299883454447615);
#8347=FILL_AREA_STYLE_COLOUR('',#10638);
#8348=LINE('',#10639,#10640);
#8349=FILL_AREA_STYLE_COLOUR('',#10641);
#8350=CIRCLE('',#10642,1.97630382258896);
#8351=FILL_AREA_STYLE_COLOUR('',#10643);
#8352=VERTEX_POINT('',#10644);
#8353=VERTEX_POINT('',#10645);
#8354=CIRCLE('',#10646,1.27630382258896);
#8355=CIRCLE('',#10647,1.27630382258896);
#8356=FILL_AREA_STYLE_COLOUR('',#10648);
#8357=B_SPLINE_CURVE_WITH_KNOTS('',3,(#10649,#10650,#10651,#10652,#10653,#10654,#10655,#10656,#10657),.UNSPECIFIED.,.F.,.F.,(4,1,1,1,1,1,4),(0.0,0.128967527248554,0.264887869198881,0.418159162180279,0.590374393190952,0.783621968964804,1.0),.UNSPECIFIED.);
#8358=FILL_AREA_STYLE_COLOUR('',#10658);
#8359=CIRCLE('',#10659,0.3);
#8360=FILL_AREA_STYLE_COLOUR('',#10660);
#8361=VERTEX_POINT('',#10661);
#8362=CIRCLE('',#10662,0.3);
#8363=LINE('',#10663,#10664);
#8364=FILL_AREA_STYLE_COLOUR('',#10665);
#8365=VERTEX_POINT('',#10666);
#8366=LINE('',#10667,#10668);
#8367=LINE('',#10669,#10670);
#8368=FILL_AREA_STYLE_COLOUR('',#10671);
#8369=CIRCLE('',#10672,0.3);
#8370=FILL_AREA_STYLE_COLOUR('',#10673);
#8371=CIRCLE('',#10674,0.3);
#8372=FILL_AREA_STYLE_COLOUR('',#10675);
#8373=CIRCLE('',#10676,0.3);
#8374=B_SPLINE_CURVE_WITH_KNOTS('',3,(#10677,#10678,#10679,#10680,#10681,#10682,#10683,#10684,#10685),.UNSPECIFIED.,.F.,.F.,(4,1,1,1,1,1,4),(0.0,0.216378031035393,0.409625606809332,0.581840837820006,0.735112130801348,0.871032472751556,1.0),.UNSPECIFIED.);
#8375=FILL_AREA_STYLE_COLOUR('',#10686);
#8376=FILL_AREA_STYLE_COLOUR('',#10687);
#8377=CIRCLE('',#10688,0.3);
#8378=CIRCLE('',#10689,0.3);
#8379=FILL_AREA_STYLE_COLOUR('',#10690);
#8380=VERTEX_POINT('',#10691);
#8381=VERTEX_POINT('',#10692);
#8382=CIRCLE('',#10693,1.27630382258896);
#8383=LINE('',#10694,#10695);
#8384=LINE('',#10696,#10697);
#8385=FILL_AREA_STYLE_COLOUR('',#10698);
#8386=CIRCLE('',#10699,1.27630382258896);
#8387=FILL_AREA_STYLE_COLOUR('',#10700);
#8388=FILL_AREA_STYLE_COLOUR('',#10701);
#8389=FILL_AREA_STYLE_COLOUR('',#10702);
#8390=FILL_AREA_STYLE_COLOUR('',#10703);
#8391=VERTEX_POINT('',#10704);
#8392=VERTEX_POINT('',#10705);
#8393=CIRCLE('',#10706,0.0999999999999948);
#8394=VERTEX_POINT('',#10707);
#8395=LINE('',#10708,#10709);
#8396=VERTEX_POINT('',#10710);
#8397=CIRCLE('',#10711,0.100000000000001);
#8398=VERTEX_POINT('',#10712);
#8399=LINE('',#10713,#10714);
#8400=VERTEX_POINT('',#10715);
#8401=CIRCLE('',#10716,0.100000000000003);
#8402=VERTEX_POINT('',#10717);
#8403=LINE('',#10718,#10719);
#8404=VERTEX_POINT('',#10720);
#8405=CIRCLE('',#10721,0.0999999999999956);
#8406=LINE('',#10722,#10723);
#8407=VERTEX_POINT('',#10724);
#8408=VERTEX_POINT('',#10725);
#8409=LINE('',#10726,#10727);
#8410=VERTEX_POINT('',#10728);
#8411=CIRCLE('',#10729,0.599999999999999);
#8412=VERTEX_POINT('',#10730);
#8413=LINE('',#10731,#10732);
#8414=VERTEX_POINT('',#10733);
#8415=CIRCLE('',#10734,0.599999999999994);
#8416=VERTEX_POINT('',#10735);
#8417=LINE('',#10736,#10737);
#8418=VERTEX_POINT('',#10738);
#8419=CIRCLE('',#10739,0.599999999999995);
#8420=VERTEX_POINT('',#10740);
#8421=LINE('',#10741,#10742);
#8422=CIRCLE('',#10743,0.6);
#8423=FILL_AREA_STYLE_COLOUR('',#10744);
#8424=VERTEX_POINT('',#10745);
#8425=LINE('',#10746,#10747);
#8426=VERTEX_POINT('',#10748);
#8427=CIRCLE('',#10749,0.0999999999999948);
#8428=LINE('',#10750,#10751);
#8429=FILL_AREA_STYLE_COLOUR('',#10752);
#8430=VERTEX_POINT('',#10753);
#8431=LINE('',#10754,#10755);
#8432=LINE('',#10756,#10757);
#8433=FILL_AREA_STYLE_COLOUR('',#10758);
#8434=VERTEX_POINT('',#10759);
#8435=CIRCLE('',#10760,0.100000000000001);
#8436=LINE('',#10761,#10762);
#8437=FILL_AREA_STYLE_COLOUR('',#10763);
#8438=VERTEX_POINT('',#10764);
#8439=LINE('',#10765,#10766);
#8440=LINE('',#10767,#10768);
#8441=FILL_AREA_STYLE_COLOUR('',#10769);
#8442=VERTEX_POINT('',#10770);
#8443=CIRCLE('',#10771,0.100000000000003);
#8444=LINE('',#10772,#10773);
#8445=FILL_AREA_STYLE_COLOUR('',#10774);
#8446=VERTEX_POINT('',#10775);
#8447=LINE('',#10776,#10777);
#8448=LINE('',#10778,#10779);
#8449=FILL_AREA_STYLE_COLOUR('',#10780);
#8450=VERTEX_POINT('',#10781);
#8451=CIRCLE('',#10782,0.0999999999999956);
#8452=LINE('',#10783,#10784);
#8453=FILL_AREA_STYLE_COLOUR('',#10785);
#8454=LINE('',#10786,#10787);
#8455=FILL_AREA_STYLE_COLOUR('',#10788);
#8456=VERTEX_POINT('',#10789);
#8457=LINE('',#10790,#10791);
#8458=VERTEX_POINT('',#10792);
#8459=LINE('',#10793,#10794);
#8460=LINE('',#10795,#10796);
#8461=FILL_AREA_STYLE_COLOUR('',#10797);
#8462=VERTEX_POINT('',#10798);
#8463=CIRCLE('',#10799,0.599999999999999);
#8464=LINE('',#10800,#10801);
#8465=FILL_AREA_STYLE_COLOUR('',#10802);
#8466=VERTEX_POINT('',#10803);
#8467=LINE('',#10804,#10805);
#8468=LINE('',#10806,#10807);
#8469=FILL_AREA_STYLE_COLOUR('',#10808);
#8470=VERTEX_POINT('',#10809);
#8471=CIRCLE('',#10810,0.599999999999994);
#8472=LINE('',#10811,#10812);
#8473=FILL_AREA_STYLE_COLOUR('',#10813);
#8474=VERTEX_POINT('',#10814);
#8475=VERTEX_POINT('',#10815);
#8476=LINE('',#10816,#10817);
#8477=VERTEX_POINT('',#10818);
#8478=LINE('',#10819,#10820);
#8479=VERTEX_POINT('',#10821);
#8480=LINE('',#10822,#10823);
#8481=LINE('',#10824,#10825);
#8482=VERTEX_POINT('',#10826);
#8483=LINE('',#10827,#10828);
#8484=LINE('',#10829,#10830);
#8485=FILL_AREA_STYLE_COLOUR('',#10831);
#8486=VERTEX_POINT('',#10832);
#8487=CIRCLE('',#10833,0.599999999999995);
#8488=LINE('',#10834,#10835);
#8489=FILL_AREA_STYLE_COLOUR('',#10836);
#8490=VERTEX_POINT('',#10837);
#8491=LINE('',#10838,#10839);
#8492=LINE('',#10840,#10841);
#8493=FILL_AREA_STYLE_COLOUR('',#10842);
#8494=CIRCLE('',#10843,0.6);
#8495=FILL_AREA_STYLE_COLOUR('',#10844);
#8496=FILL_AREA_STYLE_COLOUR('',#10845);
#8497=VERTEX_POINT('',#10846);
#8498=LINE('',#10847,#10848);
#8499=VERTEX_POINT('',#10849);
#8500=LINE('',#10850,#10851);
#8501=CIRCLE('',#10852,0.5);
#8502=FILL_AREA_STYLE_COLOUR('',#10853);
#8503=VERTEX_POINT('',#10854);
#8504=LINE('',#10855,#10856);
#8505=LINE('',#10857,#10858);
#8506=FILL_AREA_STYLE_COLOUR('',#10859);
#8507=VERTEX_POINT('',#10860);
#8508=LINE('',#10861,#10862);
#8509=CIRCLE('',#10863,0.5);
#8510=FILL_AREA_STYLE_COLOUR('',#10864);
#8511=LINE('',#10865,#10866);
#8512=FILL_AREA_STYLE_COLOUR('',#10867);
#8513=FILL_AREA_STYLE_COLOUR('',#10868);
#8514=VERTEX_POINT('',#10869);
#8515=VERTEX_POINT('',#10870);
#8516=CIRCLE('',#10871,1.0);
#8517=VERTEX_POINT('',#10872);
#8518=CIRCLE('',#10873,1.97630382258896);
#8519=VERTEX_POINT('',#10874);
#8520=CIRCLE('',#10875,1.00000000000001);
#8521=CIRCLE('',#10876,1.95231167330587);
#8522=FILL_AREA_STYLE_COLOUR('',#10877);
#8523=VERTEX_POINT('',#10878);
#8524=VERTEX_POINT('',#10879);
#8525=CIRCLE('',#10880,1.0);
#8526=VERTEX_POINT('',#10881);
#8527=CIRCLE('',#10882,1.97630382258896);
#8528=VERTEX_POINT('',#10883);
#8529=CIRCLE('',#10884,0.999999999999996);
#8530=CIRCLE('',#10885,1.9523116733059);
#8531=FILL_AREA_STYLE_COLOUR('',#10886);
#8532=VERTEX_POINT('',#10887);
#8533=VERTEX_POINT('',#10888);
#8534=CIRCLE('',#10889,3.74905808189843);
#8535=VERTEX_POINT('',#10890);
#8536=CIRCLE('',#10891,1.32935145319769);
#8537=VERTEX_POINT('',#10892);
#8538=CIRCLE('',#10893,3.74905808189849);
#8539=ELLIPSE('',#10894,0.308807461458144,0.299880569146888);
#8540=FILL_AREA_STYLE_COLOUR('',#10895);
#8541=VERTEX_POINT('',#10896);
#8542=VERTEX_POINT('',#10897);
#8543=LINE('',#10898,#10899);
#8544=B_SPLINE_CURVE_WITH_KNOTS('',3,(#10900,#10901,#10902,#10903,#10904,#10905,#10906),.UNSPECIFIED.,.F.,.F.,(4,1,1,1,4),(0.0,0.240851495467788,0.496972938274305,0.75438084711244,1.0),.UNSPECIFIED.);
#8545=VERTEX_POINT('',#10907);
#8546=LINE('',#10908,#10909);
#8547=B_SPLINE_CURVE_WITH_KNOTS('',3,(#10910,#10911,#10912,#10913,#10914),.UNSPECIFIED.,.F.,.F.,(4,1,4),(0.0,0.497324648433315,1.0),.UNSPECIFIED.);
#8548=FILL_AREA_STYLE_COLOUR('',#10915);
#8549=VERTEX_POINT('',#10916);
#8550=CIRCLE('',#10917,1.9523116733059);
#8551=ELLIPSE('',#10918,1.04438544110466,1.01608801880305);
#8552=VERTEX_POINT('',#10919);
#8553=CIRCLE('',#10920,2.22734947351356);
#8554=VERTEX_POINT('',#10921);
#8555=B_SPLINE_CURVE_WITH_KNOTS('',3,(#10922,#10923,#10924,#10925,#10926,#10927,#10928),.UNSPECIFIED.,.F.,.F.,(4,1,1,1,4),(0.0,0.245620982287866,0.503025419692042,0.759144007962679,1.0),.UNSPECIFIED.);
#8556=VERTEX_POINT('',#10929);
#8557=CIRCLE('',#10930,1.32935145319769);
#8558=VERTEX_POINT('',#10931);
#8559=ELLIPSE('',#10932,1.04031461313642,1.01383556334161);
#8560=CIRCLE('',#10933,1.95231167330582);
#8561=CIRCLE('',#10934,1.97630382258896);
#8562=FILL_AREA_STYLE_COLOUR('',#10935);
#8563=VERTEX_POINT('',#10936);
#8564=LINE('',#10937,#10938);
#8565=VERTEX_POINT('',#10939);
#8566=LINE('',#10940,#10941);
#8567=VERTEX_POINT('',#10942);
#8568=CIRCLE('',#10943,0.300000000000002);
#8569=LINE('',#10944,#10945);
#8570=FILL_AREA_STYLE_COLOUR('',#10946);
#8571=VERTEX_POINT('',#10947);
#8572=B_SPLINE_CURVE_WITH_KNOTS('',3,(#10948,#10949,#10950,#10951,#10952,#10953),.UNSPECIFIED.,.F.,.F.,(4,1,1,4),(0.0,0.309574559848055,0.646507143621374,1.0),.UNSPECIFIED.);
#8573=B_SPLINE_CURVE_WITH_KNOTS('',3,(#10954,#10955,#10956,#10957,#10958,#10959,#10960,#10961,#10962,#10963),.UNSPECIFIED.,.F.,.F.,(4,1,1,1,1,1,1,4),(0.0,0.109942215432706,0.222818559998923,0.347889286957738,0.4869984754358,0.641028359950844,0.811580709405896,1.0),.UNSPECIFIED.);
#8574=FILL_AREA_STYLE_COLOUR('',#10964);
#8575=VERTEX_POINT('',#10965);
#8576=VERTEX_POINT('',#10966);
#8577=LINE('',#10967,#10968);
#8578=VERTEX_POINT('',#10969);
#8579=LINE('',#10970,#10971);
#8580=LINE('',#10972,#10973);
#8581=LINE('',#10974,#10975);
#8582=FILL_AREA_STYLE_COLOUR('',#10976);
#8583=VERTEX_POINT('',#10977);
#8584=LINE('',#10978,#10979);
#8585=CIRCLE('',#10980,0.3);
#8586=FILL_AREA_STYLE_COLOUR('',#10981);
#8587=VERTEX_POINT('',#10982);
#8588=VERTEX_POINT('',#10983);
#8589=LINE('',#10984,#10985);
#8590=CIRCLE('',#10986,3.7490580818985);
#8591=B_SPLINE_CURVE_WITH_KNOTS('',3,(#10987,#10988,#10989,#10990,#10991),.UNSPECIFIED.,.F.,.F.,(4,1,4),(0.0,0.502675351567349,1.0),.UNSPECIFIED.);
#8592=FILL_AREA_STYLE_COLOUR('',#10992);
#8593=VERTEX_POINT('',#10993);
#8594=CIRCLE('',#10994,3.74905808189856);
#8595=ELLIPSE('',#10995,0.308810513031216,0.299881772099501);
#8596=FILL_AREA_STYLE_COLOUR('',#10996);
#8597=VERTEX_POINT('',#10997);
#8598=LINE('',#10998,#10999);
#8599=VERTEX_POINT('',#11000);
#8600=LINE('',#11001,#11002);
#8601=VERTEX_POINT('',#11003);
#8602=CIRCLE('',#11004,0.299999999999998);
#8603=LINE('',#11005,#11006);
#8604=FILL_AREA_STYLE_COLOUR('',#11007);
#8605=VERTEX_POINT('',#11008);
#8606=VERTEX_POINT('',#11009);
#8607=LINE('',#11010,#11011);
#8608=CIRCLE('',#11012,1.95231167330587);
#8609=LINE('',#11013,#11014);
#8610=FILL_AREA_STYLE_COLOUR('',#11015);
#8611=VERTEX_POINT('',#11016);
#8612=ELLIPSE('',#11017,1.04438544110372,1.01608801880254);
#8613=VERTEX_POINT('',#11018);
#8614=CIRCLE('',#11019,1.32935145319769);
#8615=VERTEX_POINT('',#11020);
#8616=B_SPLINE_CURVE_WITH_KNOTS('',3,(#11021,#11022,#11023,#11024,#11025,#11026,#11027),.UNSPECIFIED.,.F.,.F.,(4,1,1,1,4),(0.0,0.242592127258402,0.497374476150875,0.75322061498854,1.0),.UNSPECIFIED.);
#8617=VERTEX_POINT('',#11028);
#8618=CIRCLE('',#11029,2.22734947297846);
#8619=VERTEX_POINT('',#11030);
#8620=B_SPLINE_CURVE_WITH_KNOTS('',3,(#11031,#11032,#11033,#11034,#11035,#11036,#11037),.UNSPECIFIED.,.F.,.F.,(4,1,1,1,4),(0.0,0.246780838565951,0.502623990075443,0.757403856302011,1.0),.UNSPECIFIED.);
#8621=VERTEX_POINT('',#11038);
#8622=CIRCLE('',#11039,1.32935145319769);
#8623=VERTEX_POINT('',#11040);
#8624=ELLIPSE('',#11041,1.04031461313675,1.01383556334179);
#8625=CIRCLE('',#11042,1.95231167330591);
#8626=CIRCLE('',#11043,1.97630382258896);
#8627=FILL_AREA_STYLE_COLOUR('',#11044);
#8628=VERTEX_POINT('',#11045);
#8629=LINE('',#11046,#11047);
#8630=VERTEX_POINT('',#11048);
#8631=CIRCLE('',#11049,1.97630382258896);
#8632=LINE('',#11050,#11051);
#8633=FILL_AREA_STYLE_COLOUR('',#11052);
#8634=VERTEX_POINT('',#11053);
#8635=LINE('',#11054,#11055);
#8636=LINE('',#11056,#11057);
#8637=FILL_AREA_STYLE_COLOUR('',#11058);
#8638=VERTEX_POINT('',#11059);
#8639=CIRCLE('',#11060,0.300000000000005);
#8640=LINE('',#11061,#11062);
#8641=FILL_AREA_STYLE_COLOUR('',#11063);
#8642=VERTEX_POINT('',#11064);
#8643=LINE('',#11065,#11066);
#8644=VERTEX_POINT('',#11067);
#8645=B_SPLINE_CURVE_WITH_KNOTS('',3,(#11068,#11069,#11070,#11071,#11072,#11073),.UNSPECIFIED.,.F.,.F.,(4,1,1,4),(0.0,0.353492856378629,0.690425440151946,1.0),.UNSPECIFIED.);
#8646=VERTEX_POINT('',#11074);
#8647=LINE('',#11075,#11076);
#8648=LINE('',#11077,#11078);
#8649=FILL_AREA_STYLE_COLOUR('',#11079);
#8650=VERTEX_POINT('',#11080);
#8651=CIRCLE('',#11081,0.3);
#8652=VERTEX_POINT('',#11082);
#8653=LINE('',#11083,#11084);
#8654=CIRCLE('',#11085,0.3);
#8655=FILL_AREA_STYLE_COLOUR('',#11086);
#8656=VERTEX_POINT('',#11087);
#8657=CIRCLE('',#11088,0.3);
#8658=VERTEX_POINT('',#11089);
#8659=LINE('',#11090,#11091);
#8660=B_SPLINE_CURVE_WITH_KNOTS('',3,(#11092,#11093,#11094,#11095,#11096,#11097,#11098,#11099,#11100,#11101),.UNSPECIFIED.,.F.,.F.,(4,1,1,1,1,1,1,4),(0.0,0.188419290594064,0.358971640049095,0.513001524564148,0.652110713042211,0.777181440001044,0.89005778456729,1.0),.UNSPECIFIED.);
#8661=FILL_AREA_STYLE_COLOUR('',#11102);
#8662=CIRCLE('',#11103,0.3);
#8663=FILL_AREA_STYLE_COLOUR('',#11104);
#8664=B_SPLINE_CURVE_WITH_KNOTS('',3,(#11105,#11106,#11107,#11108,#11109,#11110),.UNSPECIFIED.,.F.,.F.,(4,1,1,4),(0.0,0.353492856378623,0.690425440151944,1.0),.UNSPECIFIED.);
#8665=FILL_AREA_STYLE_COLOUR('',#11111);
#8666=VERTEX_POINT('',#11112);
#8667=LINE('',#11113,#11114);
#8668=VERTEX_POINT('',#11115);
#8669=LINE('',#11116,#11117);
#8670=VERTEX_POINT('',#11118);
#8671=B_SPLINE_CURVE_WITH_KNOTS('',3,(#11119,#11120,#11121,#11122,#11123,#11124),.UNSPECIFIED.,.F.,.F.,(4,1,1,4),(0.0,0.309574559848057,0.646507143621374,1.0),.UNSPECIFIED.);
#8672=VERTEX_POINT('',#11125);
#8673=LINE('',#11126,#11127);
#8674=LINE('',#11128,#11129);
#8675=FILL_AREA_STYLE_COLOUR('',#11130);
#8676=CIRCLE('',#11131,0.299999999999999);
#8677=FILL_AREA_STYLE_COLOUR('',#11132);
#8678=VERTEX_POINT('',#11133);
#8679=LINE('',#11134,#11135);
#8680=CIRCLE('',#11136,3.74905808189846);
#8681=FILL_AREA_STYLE_COLOUR('',#11137);
#8682=VERTEX_POINT('',#11138);
#8683=CIRCLE('',#11139,3.7490580818986);
#8684=ELLIPSE('',#11140,0.30880926151406,0.299881275839176);
#8685=FILL_AREA_STYLE_COLOUR('',#11141);
#8686=VERTEX_POINT('',#11142);
#8687=LINE('',#11143,#11144);
#8688=VERTEX_POINT('',#11145);
#8689=LINE('',#11146,#11147);
#8690=B_SPLINE_CURVE_WITH_KNOTS('',3,(#11148,#11149,#11150,#11151,#11152),.UNSPECIFIED.,.F.,.F.,(4,1,4),(0.0,0.497324648432878,1.0),.UNSPECIFIED.);
#8691=FILL_AREA_STYLE_COLOUR('',#11153);
#8692=VERTEX_POINT('',#11154);
#8693=VERTEX_POINT('',#11155);
#8694=LINE('',#11156,#11157);
#8695=VERTEX_POINT('',#11158);
#8696=LINE('',#11159,#11160);
#8697=LINE('',#11161,#11162);
#8698=LINE('',#11163,#11164);
#8699=FILL_AREA_STYLE_COLOUR('',#11165);
#8700=VERTEX_POINT('',#11166);
#8701=VERTEX_POINT('',#11167);
#8702=LINE('',#11168,#11169);
#8703=CIRCLE('',#11170,3.74905808189855);
#8704=B_SPLINE_CURVE_WITH_KNOTS('',3,(#11171,#11172,#11173,#11174,#11175),.UNSPECIFIED.,.F.,.F.,(4,1,4),(0.0,0.502675351567336,1.0),.UNSPECIFIED.);
#8705=FILL_AREA_STYLE_COLOUR('',#11176);
#8706=VERTEX_POINT('',#11177);
#8707=CIRCLE('',#11178,3.74905808189837);
#8708=ELLIPSE('',#11179,0.308814652651209,0.299883454415688);
#8709=FILL_AREA_STYLE_COLOUR('',#11180);
#8710=LINE('',#11181,#11182);
#8711=FILL_AREA_STYLE_COLOUR('',#11183);
#8712=CIRCLE('',#11184,1.97630382258896);
#8713=FILL_AREA_STYLE_COLOUR('',#11185);
#8714=VERTEX_POINT('',#11186);
#8715=VERTEX_POINT('',#11187);
#8716=CIRCLE('',#11188,1.27630382258896);
#8717=CIRCLE('',#11189,1.27630382258896);
#8718=FILL_AREA_STYLE_COLOUR('',#11190);
#8719=B_SPLINE_CURVE_WITH_KNOTS('',3,(#11191,#11192,#11193,#11194,#11195,#11196,#11197,#11198,#11199,#11200),.UNSPECIFIED.,.F.,.F.,(4,1,1,1,1,1,1,4),(0.0,0.188419290593997,0.358971640048981,0.513001524564015,0.652110713042096,0.777181440000962,0.890057784567236,1.0),.UNSPECIFIED.);
#8720=FILL_AREA_STYLE_COLOUR('',#11201);
#8721=CIRCLE('',#11202,0.3);
#8722=FILL_AREA_STYLE_COLOUR('',#11203);
#8723=VERTEX_POINT('',#11204);
#8724=CIRCLE('',#11205,0.3);
#8725=LINE('',#11206,#11207);
#8726=FILL_AREA_STYLE_COLOUR('',#11208);
#8727=VERTEX_POINT('',#11209);
#8728=LINE('',#11210,#11211);
#8729=LINE('',#11212,#11213);
#8730=FILL_AREA_STYLE_COLOUR('',#11214);
#8731=CIRCLE('',#11215,0.3);
#8732=FILL_AREA_STYLE_COLOUR('',#11216);
#8733=CIRCLE('',#11217,0.3);
#8734=FILL_AREA_STYLE_COLOUR('',#11218);
#8735=CIRCLE('',#11219,0.3);
#8736=B_SPLINE_CURVE_WITH_KNOTS('',3,(#11220,#11221,#11222,#11223,#11224,#11225,#11226,#11227,#11228,#11229),.UNSPECIFIED.,.F.,.F.,(4,1,1,1,1,1,1,4),(0.0,0.109942215432734,0.222818559998973,0.347889286957806,0.486998475435877,0.641028359950914,0.811580709405945,1.0),.UNSPECIFIED.);
#8737=FILL_AREA_STYLE_COLOUR('',#11230);
#8738=FILL_AREA_STYLE_COLOUR('',#11231);
#8739=CIRCLE('',#11232,0.3);
#8740=CIRCLE('',#11233,0.3);
#8741=FILL_AREA_STYLE_COLOUR('',#11234);
#8742=VERTEX_POINT('',#11235);
#8743=VERTEX_POINT('',#11236);
#8744=CIRCLE('',#11237,1.27630382258896);
#8745=LINE('',#11238,#11239);
#8746=LINE('',#11240,#11241);
#8747=FILL_AREA_STYLE_COLOUR('',#11242);
#8748=CIRCLE('',#11243,1.27630382258896);
#8749=FILL_AREA_STYLE_COLOUR('',#11244);
#8750=FILL_AREA_STYLE_COLOUR('',#11245);
#8751=FILL_AREA_STYLE_COLOUR('',#11246);
#8752=FILL_AREA_STYLE_COLOUR('',#11247);
#8753=VERTEX_POINT('',#11248);
#8754=VERTEX_POINT('',#11249);
#8755=LINE('',#11250,#11251);
#8756=VERTEX_POINT('',#11252);
#8757=CIRCLE('',#11253,0.625900000000001);
#8758=VERTEX_POINT('',#11254);
#8759=LINE('',#11255,#11256);
#8760=VERTEX_POINT('',#11257);
#8761=CIRCLE('',#11258,0.399800000000001);
#8762=VERTEX_POINT('',#11259);
#8763=LINE('',#11260,#11261);
#8764=VERTEX_POINT('',#11262);
#8765=CIRCLE('',#11263,0.373600000000033);
#8766=VERTEX_POINT('',#11264);
#8767=LINE('',#11265,#11266);
#8768=VERTEX_POINT('',#11267);
#8769=LINE('',#11268,#11269);
#8770=VERTEX_POINT('',#11270);
#8771=LINE('',#11271,#11272);
#8772=VERTEX_POINT('',#11273);
#8773=B_SPLINE_CURVE_WITH_KNOTS('',3,(#11274,#11275,#11276,#11277,#11278,#11279),.UNSPECIFIED.,.F.,.F.,(4,1,1,4),(0.0,0.333333333333249,0.666666666666506,1.0),.UNSPECIFIED.);
#8774=VERTEX_POINT('',#11280);
#8775=LINE('',#11281,#11282);
#8776=VERTEX_POINT('',#11283);
#8777=CIRCLE('',#11284,0.199800000000001);
#8778=VERTEX_POINT('',#11285);
#8779=LINE('',#11286,#11287);
#8780=VERTEX_POINT('',#11288);
#8781=CIRCLE('',#11289,0.4259);
#8782=VERTEX_POINT('',#11290);
#8783=LINE('',#11291,#11292);
#8784=LINE('',#11293,#11294);
#8785=FILL_AREA_STYLE_COLOUR('',#11295);
#8786=VERTEX_POINT('',#11296);
#8787=LINE('',#11297,#11298);
#8788=VERTEX_POINT('',#11299);
#8789=LINE('',#11300,#11301);
#8790=LINE('',#11302,#11303);
#8791=FILL_AREA_STYLE_COLOUR('',#11304);
#8792=VERTEX_POINT('',#11305);
#8793=CIRCLE('',#11306,0.625900000000001);
#8794=LINE('',#11307,#11308);
#8795=FILL_AREA_STYLE_COLOUR('',#11309);
#8796=VERTEX_POINT('',#11310);
#8797=LINE('',#11311,#11312);
#8798=LINE('',#11313,#11314);
#8799=FILL_AREA_STYLE_COLOUR('',#11315);
#8800=VERTEX_POINT('',#11316);
#8801=CIRCLE('',#11317,0.399800000000001);
#8802=LINE('',#11318,#11319);
#8803=FILL_AREA_STYLE_COLOUR('',#11320);
#8804=VERTEX_POINT('',#11321);
#8805=LINE('',#11322,#11323);
#8806=LINE('',#11324,#11325);
#8807=FILL_AREA_STYLE_COLOUR('',#11326);
#8808=VERTEX_POINT('',#11327);
#8809=CIRCLE('',#11328,0.373600000000033);
#8810=LINE('',#11329,#11330);
#8811=FILL_AREA_STYLE_COLOUR('',#11331);
#8812=VERTEX_POINT('',#11332);
#8813=LINE('',#11333,#11334);
#8814=LINE('',#11335,#11336);
#8815=FILL_AREA_STYLE_COLOUR('',#11337);
#8816=VERTEX_POINT('',#11338);
#8817=LINE('',#11339,#11340);
#8818=LINE('',#11341,#11342);
#8819=FILL_AREA_STYLE_COLOUR('',#11343);
#8820=VERTEX_POINT('',#11344);
#8821=LINE('',#11345,#11346);
#8822=LINE('',#11347,#11348);
#8823=FILL_AREA_STYLE_COLOUR('',#11349);
#8824=VERTEX_POINT('',#11350);
#8825=B_SPLINE_CURVE_WITH_KNOTS('',3,(#11351,#11352,#11353,#11354,#11355,#11356),.UNSPECIFIED.,.F.,.F.,(4,1,1,4),(0.0,0.333333333333249,0.666666666666506,1.0),.UNSPECIFIED.);
#8826=LINE('',#11357,#11358);
#8827=FILL_AREA_STYLE_COLOUR('',#11359);
#8828=VERTEX_POINT('',#11360);
#8829=LINE('',#11361,#11362);
#8830=LINE('',#11363,#11364);
#8831=FILL_AREA_STYLE_COLOUR('',#11365);
#8832=VERTEX_POINT('',#11366);
#8833=CIRCLE('',#11367,0.199800000000001);
#8834=LINE('',#11368,#11369);
#8835=FILL_AREA_STYLE_COLOUR('',#11370);
#8836=VERTEX_POINT('',#11371);
#8837=LINE('',#11372,#11373);
#8838=LINE('',#11374,#11375);
#8839=FILL_AREA_STYLE_COLOUR('',#11376);
#8840=VERTEX_POINT('',#11377);
#8841=CIRCLE('',#11378,0.4259);
#8842=LINE('',#11379,#11380);
#8843=FILL_AREA_STYLE_COLOUR('',#11381);
#8844=VERTEX_POINT('',#11382);
#8845=LINE('',#11383,#11384);
#8846=LINE('',#11385,#11386);
#8847=FILL_AREA_STYLE_COLOUR('',#11387);
#8848=LINE('',#11388,#11389);
#8849=FILL_AREA_STYLE_COLOUR('',#11390);
#8850=FILL_AREA_STYLE_COLOUR('',#11391);
#8851=VERTEX_POINT('',#11392);
#8852=VERTEX_POINT('',#11393);
#8853=LINE('',#11394,#11395);
#8854=VERTEX_POINT('',#11396);
#8855=CIRCLE('',#11397,0.625900000000001);
#8856=VERTEX_POINT('',#11398);
#8857=LINE('',#11399,#11400);
#8858=VERTEX_POINT('',#11401);
#8859=CIRCLE('',#11402,0.399800000000001);
#8860=VERTEX_POINT('',#11403);
#8861=LINE('',#11404,#11405);
#8862=VERTEX_POINT('',#11406);
#8863=CIRCLE('',#11407,0.373600000000033);
#8864=VERTEX_POINT('',#11408);
#8865=LINE('',#11409,#11410);
#8866=VERTEX_POINT('',#11411);
#8867=LINE('',#11412,#11413);
#8868=VERTEX_POINT('',#11414);
#8869=LINE('',#11415,#11416);
#8870=VERTEX_POINT('',#11417);
#8871=B_SPLINE_CURVE_WITH_KNOTS('',3,(#11418,#11419,#11420,#11421,#11422,#11423),.UNSPECIFIED.,.F.,.F.,(4,1,1,4),(0.0,0.333333333333249,0.666666666666506,1.0),.UNSPECIFIED.);
#8872=VERTEX_POINT('',#11424);
#8873=LINE('',#11425,#11426);
#8874=VERTEX_POINT('',#11427);
#8875=CIRCLE('',#11428,0.199800000000002);
#8876=VERTEX_POINT('',#11429);
#8877=LINE('',#11430,#11431);
#8878=VERTEX_POINT('',#11432);
#8879=CIRCLE('',#11433,0.4259);
#8880=VERTEX_POINT('',#11434);
#8881=LINE('',#11435,#11436);
#8882=LINE('',#11437,#11438);
#8883=FILL_AREA_STYLE_COLOUR('',#11439);
#8884=VERTEX_POINT('',#11440);
#8885=LINE('',#11441,#11442);
#8886=VERTEX_POINT('',#11443);
#8887=LINE('',#11444,#11445);
#8888=LINE('',#11446,#11447);
#8889=FILL_AREA_STYLE_COLOUR('',#11448);
#8890=VERTEX_POINT('',#11449);
#8891=CIRCLE('',#11450,0.625900000000001);
#8892=LINE('',#11451,#11452);
#8893=FILL_AREA_STYLE_COLOUR('',#11453);
#8894=VERTEX_POINT('',#11454);
#8895=LINE('',#11455,#11456);
#8896=LINE('',#11457,#11458);
#8897=FILL_AREA_STYLE_COLOUR('',#11459);
#8898=VERTEX_POINT('',#11460);
#8899=CIRCLE('',#11461,0.399800000000001);
#8900=LINE('',#11462,#11463);
#8901=FILL_AREA_STYLE_COLOUR('',#11464);
#8902=VERTEX_POINT('',#11465);
#8903=LINE('',#11466,#11467);
#8904=LINE('',#11468,#11469);
#8905=FILL_AREA_STYLE_COLOUR('',#11470);
#8906=VERTEX_POINT('',#11471);
#8907=CIRCLE('',#11472,0.373600000000033);
#8908=LINE('',#11473,#11474);
#8909=FILL_AREA_STYLE_COLOUR('',#11475);
#8910=VERTEX_POINT('',#11476);
#8911=LINE('',#11477,#11478);
#8912=LINE('',#11479,#11480);
#8913=FILL_AREA_STYLE_COLOUR('',#11481);
#8914=VERTEX_POINT('',#11482);
#8915=LINE('',#11483,#11484);
#8916=LINE('',#11485,#11486);
#8917=FILL_AREA_STYLE_COLOUR('',#11487);
#8918=VERTEX_POINT('',#11488);
#8919=LINE('',#11489,#11490);
#8920=LINE('',#11491,#11492);
#8921=FILL_AREA_STYLE_COLOUR('',#11493);
#8922=VERTEX_POINT('',#11494);
#8923=B_SPLINE_CURVE_WITH_KNOTS('',3,(#11495,#11496,#11497,#11498,#11499,#11500),.UNSPECIFIED.,.F.,.F.,(4,1,1,4),(0.0,0.333333333333249,0.666666666666506,1.0),.UNSPECIFIED.);
#8924=LINE('',#11501,#11502);
#8925=FILL_AREA_STYLE_COLOUR('',#11503);
#8926=VERTEX_POINT('',#11504);
#8927=LINE('',#11505,#11506);
#8928=LINE('',#11507,#11508);
#8929=FILL_AREA_STYLE_COLOUR('',#11509);
#8930=VERTEX_POINT('',#11510);
#8931=CIRCLE('',#11511,0.199800000000002);
#8932=LINE('',#11512,#11513);
#8933=FILL_AREA_STYLE_COLOUR('',#11514);
#8934=VERTEX_POINT('',#11515);
#8935=LINE('',#11516,#11517);
#8936=LINE('',#11518,#11519);
#8937=FILL_AREA_STYLE_COLOUR('',#11520);
#8938=VERTEX_POINT('',#11521);
#8939=CIRCLE('',#11522,0.4259);
#8940=LINE('',#11523,#11524);
#8941=FILL_AREA_STYLE_COLOUR('',#11525);
#8942=VERTEX_POINT('',#11526);
#8943=LINE('',#11527,#11528);
#8944=LINE('',#11529,#11530);
#8945=FILL_AREA_STYLE_COLOUR('',#11531);
#8946=LINE('',#11532,#11533);
#8947=FILL_AREA_STYLE_COLOUR('',#11534);
#8948=COLOUR_RGB('',0.262743443250656,0.713592231273651,0.351823955774307);
#8949=CARTESIAN_POINT('',(-5.0,-3.25,-5.05));
#8950=CARTESIAN_POINT('',(-5.0,-3.25,1.15));
#8951=CARTESIAN_POINT('',(-5.0,-3.25,-5.05));
#8952=VECTOR('',#11535,1.0);
#8953=CARTESIAN_POINT('',(-5.0,-3.9,-5.05));
#8954=CARTESIAN_POINT('',(-5.0,-3.9,-5.05));
#8955=VECTOR('',#11536,1.0);
#8956=CARTESIAN_POINT('',(-5.0,-3.9,1.85));
#8957=CARTESIAN_POINT('',(-5.0,-3.9,1.85));
#8958=VECTOR('',#11537,1.0);
#8959=CARTESIAN_POINT('',(-5.0,-2.55,1.85));
#8960=CARTESIAN_POINT('',(-5.0,-2.55,1.85));
#8961=VECTOR('',#11538,1.0);
#8962=CARTESIAN_POINT('',(-5.0,-2.55,5.05));
#8963=CARTESIAN_POINT('',(-5.0,-2.55,5.05));
#8964=VECTOR('',#11539,1.0);
#8965=CARTESIAN_POINT('',(-5.0,2.45,5.05));
#8966=CARTESIAN_POINT('',(-5.0,2.45,5.05));
#8967=VECTOR('',#11540,1.0);
#8968=CARTESIAN_POINT('',(-5.0,3.9,1.35));
#8969=CARTESIAN_POINT('',(-5.0,3.9,1.35));
#8970=VECTOR('',#11541,1.0);
#8971=CARTESIAN_POINT('',(-5.0,3.9,-5.05));
#8972=CARTESIAN_POINT('',(-5.0,3.9,-5.05));
#8973=VECTOR('',#11542,1.0);
#8974=CARTESIAN_POINT('',(-5.0,-2.55,-5.05));
#8975=CARTESIAN_POINT('',(-5.0,-2.55,-5.05));
#8976=VECTOR('',#11543,1.0);
#8977=CARTESIAN_POINT('',(-5.0,-2.55,1.15));
#8978=CARTESIAN_POINT('',(-5.0,-2.55,-5.05));
#8979=VECTOR('',#11544,1.0);
#8980=CARTESIAN_POINT('',(-5.0,-2.55,1.15));
#8981=VECTOR('',#11545,1.0);
#8982=COLOUR_RGB('',0.262743443250656,0.713592231273651,0.351823955774307);
#8983=CARTESIAN_POINT('',(-4.5,-3.35,1.15));
#8984=CARTESIAN_POINT('',(-4.5,-3.35,1.15));
#8985=VECTOR('',#11546,1.0);
#8986=CARTESIAN_POINT('',(-4.5,-3.35,-5.05));
#8987=CARTESIAN_POINT('',(-4.5,-3.35,-5.05));
#8988=VECTOR('',#11547,1.0);
#8989=CARTESIAN_POINT('',(-4.5,-3.35,-5.05));
#8990=VECTOR('',#11548,1.0);
#8991=COLOUR_RGB('',0.262743443250656,0.713592231273651,0.351823955774307);
#8992=CARTESIAN_POINT('',(-1.229,-2.9126,-5.05));
#8993=CARTESIAN_POINT('',(-1.304,-2.9126,-5.05));
#8994=CARTESIAN_POINT('',(-1.229,-2.9126,-5.05));
#8995=VECTOR('',#11549,1.0);
#8996=CARTESIAN_POINT('',(-1.229,-2.38919574449062,-5.05));
#8997=CARTESIAN_POINT('',(-1.229,-2.38919574449062,-5.05));
#8998=VECTOR('',#11550,1.0);
#8999=CARTESIAN_POINT('',(-0.854,-2.38919574449062,-5.05));
#9000=CARTESIAN_POINT('',(-0.854,-2.38919574449062,-5.05));
#9001=VECTOR('',#11551,1.0);
#9002=CARTESIAN_POINT('',(-0.854,-2.3126,-5.05));
#9003=CARTESIAN_POINT('',(-0.854,-2.3126,-5.05));
#9004=VECTOR('',#11552,1.0);
#9005=CARTESIAN_POINT('',(-1.304,-2.3126,-5.05));
#9006=CARTESIAN_POINT('',(-1.304,-2.3126,-5.05));
#9007=VECTOR('',#11553,1.0);
#9008=CARTESIAN_POINT('',(-1.304,-2.9126,-5.05));
#9009=VECTOR('',#11554,1.0);
#9010=CARTESIAN_POINT('',(-0.278999976158143,-2.40196170041561,-5.05));
#9011=CARTESIAN_POINT('',(-0.266500023841858,-2.46579148898125,-5.05));
#9012=CARTESIAN_POINT('',(-0.278999976158143,-2.40196170041561,-5.05));
#9013=VECTOR('',#11555,1.0);
#9014=CARTESIAN_POINT('',(-0.329,-2.35089787224531,-5.05));
#9015=CARTESIAN_POINT('',(-0.328999999999999,-2.35089787224531,-5.05));
#9016=VECTOR('',#11556,1.0);
#9017=CARTESIAN_POINT('',(-0.379000023841858,-2.32536595704258,-5.05));
#9018=CARTESIAN_POINT('',(-0.379000023841858,-2.32536595704258,-5.05));
#9019=VECTOR('',#11557,1.0);
#9020=CARTESIAN_POINT('',(-0.4415,-2.3126,-5.05));
#9021=CARTESIAN_POINT('',(-0.4415,-2.3126,-5.05));
#9022=VECTOR('',#11558,1.0);
#9023=CARTESIAN_POINT('',(-0.554000000000001,-2.3126,-5.05));
#9024=CARTESIAN_POINT('',(-0.554000000000002,-2.3126,-5.05));
#9025=VECTOR('',#11559,1.0);
#9026=CARTESIAN_POINT('',(-0.616499976158142,-2.32536595704258,-5.05));
#9027=CARTESIAN_POINT('',(-0.616499976158142,-2.32536595704258,-5.05));
#9028=VECTOR('',#11560,1.0);
#9029=CARTESIAN_POINT('',(-0.6665,-2.35089787224531,-5.05));
#9030=CARTESIAN_POINT('',(-0.6665,-2.35089787224531,-5.05));
#9031=VECTOR('',#11561,1.0);
#9032=CARTESIAN_POINT('',(-0.716499988079072,-2.40196170041561,-5.05));
#9033=CARTESIAN_POINT('',(-0.716499988079072,-2.40196170041561,-5.05));
#9034=VECTOR('',#11562,1.0);
#9035=CARTESIAN_POINT('',(-0.7415,-2.45302553305626,-5.05));
#9036=CARTESIAN_POINT('',(-0.7415,-2.45302553305626,-5.05));
#9037=VECTOR('',#11563,1.0);
#9038=CARTESIAN_POINT('',(-0.753999988079071,-2.5168553126812,-5.05));
#9039=CARTESIAN_POINT('',(-0.753999988079071,-2.5168553126812,-5.05));
#9040=VECTOR('',#11564,1.0);
#9041=CARTESIAN_POINT('',(-0.753999988079071,-2.70834466943741,-5.05));
#9042=CARTESIAN_POINT('',(-0.753999988079071,-2.70834466943741,-5.05));
#9043=VECTOR('',#11565,1.0);
#9044=CARTESIAN_POINT('',(-0.7415,-2.77217448482513,-5.05));
#9045=CARTESIAN_POINT('',(-0.7415,-2.77217448482514,-5.05));
#9046=VECTOR('',#11566,1.0);
#9047=CARTESIAN_POINT('',(-0.716499988079072,-2.82323830852509,-5.05));
#9048=CARTESIAN_POINT('',(-0.716499988079072,-2.82323830852509,-5.05));
#9049=VECTOR('',#11567,1.0);
#9050=CARTESIAN_POINT('',(-0.666500000000001,-2.87430213222504,-5.05));
#9051=CARTESIAN_POINT('',(-0.6665,-2.87430213222504,-5.05));
#9052=VECTOR('',#11568,1.0);
#9053=CARTESIAN_POINT('',(-0.616499976158142,-2.89983404407501,-5.05));
#9054=CARTESIAN_POINT('',(-0.616499976158142,-2.89983404407501,-5.05));
#9055=VECTOR('',#11569,1.0);
#9056=CARTESIAN_POINT('',(-0.554,-2.9126,-5.05));
#9057=CARTESIAN_POINT('',(-0.554,-2.9126,-5.05));
#9058=VECTOR('',#11570,1.0);
#9059=CARTESIAN_POINT('',(-0.4415,-2.9126,-5.05));
#9060=CARTESIAN_POINT('',(-0.4415,-2.9126,-5.05));
#9061=VECTOR('',#11571,1.0);
#9062=CARTESIAN_POINT('',(-0.379000023841858,-2.89983404407501,-5.05));
#9063=CARTESIAN_POINT('',(-0.379000023841858,-2.89983404407501,-5.05));
#9064=VECTOR('',#11572,1.0);
#9065=CARTESIAN_POINT('',(-0.329,-2.87430213222504,-5.05));
#9066=CARTESIAN_POINT('',(-0.329,-2.87430213222504,-5.05));
#9067=VECTOR('',#11573,1.0);
#9068=CARTESIAN_POINT('',(-0.278999976158143,-2.82323830852509,-5.05));
#9069=CARTESIAN_POINT('',(-0.278999976158143,-2.82323830852509,-5.05));
#9070=VECTOR('',#11574,1.0);
#9071=CARTESIAN_POINT('',(-0.266500023841858,-2.75940849313736,-5.05));
#9072=CARTESIAN_POINT('',(-0.266500023841858,-2.75940849313736,-5.05));
#9073=VECTOR('',#11575,1.0);
#9074=CARTESIAN_POINT('',(-0.341500023841858,-2.75940849313736,-5.05));
#9075=CARTESIAN_POINT('',(-0.341500023841858,-2.75940849313736,-5.05));
#9076=VECTOR('',#11576,1.0);
#9077=CARTESIAN_POINT('',(-0.353999976158143,-2.79770639667511,-5.05));
#9078=CARTESIAN_POINT('',(-0.353999976158144,-2.79770639667511,-5.05));
#9079=VECTOR('',#11577,1.0);
#9080=CARTESIAN_POINT('',(-0.391499976158142,-2.82323830852509,-5.05));
#9081=CARTESIAN_POINT('',(-0.391499976158142,-2.82323830852509,-5.05));
#9082=VECTOR('',#11578,1.0);
#9083=CARTESIAN_POINT('',(-0.4415,-2.83600426445007,-5.05));
#9084=CARTESIAN_POINT('',(-0.4415,-2.83600426445007,-5.05));
#9085=VECTOR('',#11579,1.0);
#9086=CARTESIAN_POINT('',(-0.554,-2.83600426445007,-5.05));
#9087=CARTESIAN_POINT('',(-0.554,-2.83600426445007,-5.05));
#9088=VECTOR('',#11580,1.0);
#9089=CARTESIAN_POINT('',(-0.604000023841858,-2.82323830852509,-5.05));
#9090=CARTESIAN_POINT('',(-0.604000023841858,-2.82323830852509,-5.05));
#9091=VECTOR('',#11581,1.0);
#9092=CARTESIAN_POINT('',(-0.641500023841858,-2.79770639667511,-5.05));
#9093=CARTESIAN_POINT('',(-0.641500023841857,-2.79770639667511,-5.05));
#9094=VECTOR('',#11582,1.0);
#9095=CARTESIAN_POINT('',(-0.6665,-2.75940849313736,-5.05));
#9096=CARTESIAN_POINT('',(-0.6665,-2.75940849313736,-5.05));
#9097=VECTOR('',#11583,1.0);
#9098=CARTESIAN_POINT('',(-0.679000023841859,-2.70834466943741,-5.05));
#9099=CARTESIAN_POINT('',(-0.679000023841859,-2.70834466943741,-5.05));
#9100=VECTOR('',#11584,1.0);
#9101=CARTESIAN_POINT('',(-0.679000023841859,-2.5168553126812,-5.05));
#9102=CARTESIAN_POINT('',(-0.679000023841859,-2.5168553126812,-5.05));
#9103=VECTOR('',#11585,1.0);
#9104=CARTESIAN_POINT('',(-0.6665,-2.46579148898125,-5.05));
#9105=CARTESIAN_POINT('',(-0.6665,-2.46579148898125,-5.05));
#9106=VECTOR('',#11586,1.0);
#9107=CARTESIAN_POINT('',(-0.641500023841858,-2.42749362120628,-5.05));
#9108=CARTESIAN_POINT('',(-0.641500023841859,-2.42749362120628,-5.05));
#9109=VECTOR('',#11587,1.0);
#9110=CARTESIAN_POINT('',(-0.604000023841858,-2.40196170041561,-5.05));
#9111=CARTESIAN_POINT('',(-0.604000023841859,-2.40196170041561,-5.05));
#9112=VECTOR('',#11588,1.0);
#9113=CARTESIAN_POINT('',(-0.554,-2.38919574449062,-5.05));
#9114=CARTESIAN_POINT('',(-0.553999999999999,-2.38919574449062,-5.05));
#9115=VECTOR('',#11589,1.0);
#9116=CARTESIAN_POINT('',(-0.4415,-2.38919574449062,-5.05));
#9117=CARTESIAN_POINT('',(-0.4415,-2.38919574449062,-5.05));
#9118=VECTOR('',#11590,1.0);
#9119=CARTESIAN_POINT('',(-0.391499976158142,-2.40196170041561,-5.05));
#9120=CARTESIAN_POINT('',(-0.391499976158142,-2.40196170041561,-5.05));
#9121=VECTOR('',#11591,1.0);
#9122=CARTESIAN_POINT('',(-0.353999976158143,-2.42749362120628,-5.05));
#9123=CARTESIAN_POINT('',(-0.353999976158142,-2.42749362120628,-5.05));
#9124=VECTOR('',#11592,1.0);
#9125=CARTESIAN_POINT('',(-0.341500023841858,-2.46579148898125,-5.05));
#9126=CARTESIAN_POINT('',(-0.341500023841858,-2.46579148898125,-5.05));
#9127=VECTOR('',#11593,1.0);
#9128=CARTESIAN_POINT('',(-0.266500023841858,-2.46579148898125,-5.05));
#9129=VECTOR('',#11594,1.0);
#9130=CARTESIAN_POINT('',(0.283499952316284,-2.3126,-5.05));
#9131=CARTESIAN_POINT('',(0.283499952316284,-2.38919574449062,-5.05));
#9132=CARTESIAN_POINT('',(0.283499952316284,-2.3126,-5.05));
#9133=VECTOR('',#11595,1.0);
#9134=CARTESIAN_POINT('',(-0.166499976158143,-2.3126,-5.05));
#9135=CARTESIAN_POINT('',(-0.166499976158143,-2.3126,-5.05));
#9136=VECTOR('',#11596,1.0);
#9137=CARTESIAN_POINT('',(-0.166499976158143,-2.9126,-5.05));
#9138=CARTESIAN_POINT('',(-0.166499976158143,-2.9126,-5.05));
#9139=VECTOR('',#11597,1.0);
#9140=CARTESIAN_POINT('',(0.283499952316284,-2.9126,-5.05));
#9141=CARTESIAN_POINT('',(0.283499952316284,-2.9126,-5.05));
#9142=VECTOR('',#11598,1.0);
#9143=CARTESIAN_POINT('',(0.283499952316284,-2.83600426445007,-5.05));
#9144=CARTESIAN_POINT('',(0.283499952316284,-2.83600426445007,-5.05));
#9145=VECTOR('',#11599,1.0);
#9146=CARTESIAN_POINT('',(-0.0915000476837164,-2.83600426445007,-5.05));
#9147=CARTESIAN_POINT('',(-0.0915000476837164,-2.83600426445007,-5.05));
#9148=VECTOR('',#11600,1.0);
#9149=CARTESIAN_POINT('',(-0.0915000476837164,-2.67004680166245,-5.05));
#9150=CARTESIAN_POINT('',(-0.0915000476837164,-2.67004680166245,-5.05));
#9151=VECTOR('',#11601,1.0);
#9152=CARTESIAN_POINT('',(0.2335,-2.67004680166245,-5.05));
#9153=CARTESIAN_POINT('',(0.2335,-2.67004680166245,-5.05));
#9154=VECTOR('',#11602,1.0);
#9155=CARTESIAN_POINT('',(0.2335,-2.59345106611252,-5.05));
#9156=CARTESIAN_POINT('',(0.2335,-2.59345106611252,-5.05));
#9157=VECTOR('',#11603,1.0);
#9158=CARTESIAN_POINT('',(-0.0915000476837164,-2.59345106611252,-5.05));
#9159=CARTESIAN_POINT('',(-0.0915000476837164,-2.59345106611252,-5.05));
#9160=VECTOR('',#11604,1.0);
#9161=CARTESIAN_POINT('',(-0.0915000476837164,-2.38919574449062,-5.05));
#9162=CARTESIAN_POINT('',(-0.0915000476837164,-2.38919574449062,-5.05));
#9163=VECTOR('',#11605,1.0);
#9164=CARTESIAN_POINT('',(0.283499952316284,-2.38919574449062,-5.05));
#9165=VECTOR('',#11606,1.0);
#9166=CARTESIAN_POINT('',(0.746000047683716,-2.89983404407501,-5.05));
#9167=CARTESIAN_POINT('',(0.6835,-2.9126,-5.05));
#9168=CARTESIAN_POINT('',(0.746000047683716,-2.89983404407501,-5.05));
#9169=VECTOR('',#11607,1.0);
#9170=CARTESIAN_POINT('',(0.796,-2.87430213222504,-5.05));
#9171=CARTESIAN_POINT('',(0.796,-2.87430213222504,-5.05));
#9172=VECTOR('',#11608,1.0);
#9173=CARTESIAN_POINT('',(0.845999952316284,-2.82323830852509,-5.05));
#9174=CARTESIAN_POINT('',(0.845999952316284,-2.82323830852509,-5.05));
#9175=VECTOR('',#11609,1.0);
#9176=CARTESIAN_POINT('',(0.871,-2.77217448482513,-5.05));
#9177=CARTESIAN_POINT('',(0.871,-2.77217448482514,-5.05));
#9178=VECTOR('',#11610,1.0);
#9179=CARTESIAN_POINT('',(0.883499952316284,-2.70834466943741,-5.05));
#9180=CARTESIAN_POINT('',(0.883499952316284,-2.70834466943741,-5.05));
#9181=VECTOR('',#11611,1.0);
#9182=CARTESIAN_POINT('',(0.883499952316284,-2.5168553126812,-5.05));
#9183=CARTESIAN_POINT('',(0.883499952316284,-2.5168553126812,-5.05));
#9184=VECTOR('',#11612,1.0);
#9185=CARTESIAN_POINT('',(0.871,-2.45302553305626,-5.05));
#9186=CARTESIAN_POINT('',(0.871,-2.45302553305626,-5.05));
#9187=VECTOR('',#11613,1.0);
#9188=CARTESIAN_POINT('',(0.845999952316284,-2.40196170041561,-5.05));
#9189=CARTESIAN_POINT('',(0.845999952316284,-2.40196170041561,-5.05));
#9190=VECTOR('',#11614,1.0);
#9191=CARTESIAN_POINT('',(0.796000000000001,-2.35089787224531,-5.05));
#9192=CARTESIAN_POINT('',(0.796000000000001,-2.35089787224531,-5.05));
#9193=VECTOR('',#11615,1.0);
#9194=CARTESIAN_POINT('',(0.746000047683716,-2.32536595704258,-5.05));
#9195=CARTESIAN_POINT('',(0.746000047683716,-2.32536595704258,-5.05));
#9196=VECTOR('',#11616,1.0);
#9197=CARTESIAN_POINT('',(0.683500000000001,-2.3126,-5.05));
#9198=CARTESIAN_POINT('',(0.683500000000001,-2.3126,-5.05));
#9199=VECTOR('',#11617,1.0);
#9200=CARTESIAN_POINT('',(0.3835,-2.3126,-5.05));
#9201=CARTESIAN_POINT('',(0.3835,-2.3126,-5.05));
#9202=VECTOR('',#11618,1.0);
#9203=CARTESIAN_POINT('',(0.3835,-2.9126,-5.05));
#9204=CARTESIAN_POINT('',(0.3835,-2.9126,-5.05));
#9205=VECTOR('',#11619,1.0);
#9206=CARTESIAN_POINT('',(0.6835,-2.9126,-5.05));
#9207=VECTOR('',#11620,1.0);
#9208=CARTESIAN_POINT('',(1.48350009536743,-2.3126,-5.05));
#9209=CARTESIAN_POINT('',(1.2835,-2.9126,-5.05));
#9210=CARTESIAN_POINT('',(1.48350009536743,-2.3126,-5.05));
#9211=VECTOR('',#11621,1.0);
#9212=CARTESIAN_POINT('',(1.40850009536743,-2.3126,-5.05));
#9213=CARTESIAN_POINT('',(1.40850009536743,-2.3126,-5.05));
#9214=VECTOR('',#11622,1.0);
#9215=CARTESIAN_POINT('',(1.3585,-2.46579148898125,-5.05));
#9216=CARTESIAN_POINT('',(1.3585,-2.46579148898125,-5.05));
#9217=VECTOR('',#11623,1.0);
#9218=CARTESIAN_POINT('',(1.10850009536743,-2.46579148898125,-5.05));
#9219=CARTESIAN_POINT('',(1.10850009536743,-2.46579148898125,-5.05));
#9220=VECTOR('',#11624,1.0);
#9221=CARTESIAN_POINT('',(1.0585,-2.3126,-5.05));
#9222=CARTESIAN_POINT('',(1.0585,-2.3126,-5.05));
#9223=VECTOR('',#11625,1.0);
#9224=CARTESIAN_POINT('',(0.9835,-2.3126,-5.05));
#9225=CARTESIAN_POINT('',(0.9835,-2.3126,-5.05));
#9226=VECTOR('',#11626,1.0);
#9227=CARTESIAN_POINT('',(1.18350009536743,-2.9126,-5.05));
#9228=CARTESIAN_POINT('',(1.18350009536743,-2.9126,-5.05));
#9229=VECTOR('',#11627,1.0);
#9230=CARTESIAN_POINT('',(1.2835,-2.9126,-5.05));
#9231=VECTOR('',#11628,1.0);
#9232=CARTESIAN_POINT('',(2.95,3.9,-5.05));
#9233=CARTESIAN_POINT('',(2.95,-0.7,-5.05));
#9234=CARTESIAN_POINT('',(2.95,3.9,-5.05));
#9235=VECTOR('',#11629,1.0);
#9236=CARTESIAN_POINT('',(5.0,3.9,-5.05));
#9237=CARTESIAN_POINT('',(2.95,3.9,-5.05));
#9238=VECTOR('',#11630,1.0);
#9239=CARTESIAN_POINT('',(5.0,-2.575,-5.05));
#9240=CARTESIAN_POINT('',(5.0,3.9,-5.05));
#9241=VECTOR('',#11631,1.0);
#9242=CARTESIAN_POINT('',(5.5,-2.45,-5.05));
#9243=CARTESIAN_POINT('',(5.0,-2.575,-5.05));
#9244=VECTOR('',#11632,1.0);
#9245=CARTESIAN_POINT('',(5.5,-3.35,-5.05));
#9246=CARTESIAN_POINT('',(5.5,-3.35,-5.05));
#9247=VECTOR('',#11633,1.0);
#9248=CARTESIAN_POINT('',(5.0,-3.225,-5.05));
#9249=CARTESIAN_POINT('',(5.5,-3.35,-5.05));
#9250=VECTOR('',#11634,1.0);
#9251=CARTESIAN_POINT('',(5.0,-3.9,-5.05));
#9252=CARTESIAN_POINT('',(5.0,-3.225,-5.05));
#9253=VECTOR('',#11635,1.0);
#9254=CARTESIAN_POINT('',(-5.0,-3.9,-5.05));
#9255=VECTOR('',#11636,1.0);
#9256=CARTESIAN_POINT('',(-4.5,-2.45,-5.05));
#9257=CARTESIAN_POINT('',(-4.5,-2.45,-5.05));
#9258=VECTOR('',#11637,1.0);
#9259=CARTESIAN_POINT('',(-5.0,-2.55,-5.05));
#9260=VECTOR('',#11638,1.0);
#9261=CARTESIAN_POINT('',(-2.95,3.9,-5.05));
#9262=CARTESIAN_POINT('',(-5.0,3.9,-5.05));
#9263=VECTOR('',#11639,1.0);
#9264=CARTESIAN_POINT('',(-2.95,-0.7,-5.05));
#9265=CARTESIAN_POINT('',(-2.95,3.9,-5.05));
#9266=VECTOR('',#11640,1.0);
#9267=CARTESIAN_POINT('',(-2.05,-0.7,-5.05));
#9268=CARTESIAN_POINT('',(-2.05,-0.7,-5.05));
#9269=VECTOR('',#11641,1.0);
#9270=CARTESIAN_POINT('',(-2.05,3.9,-5.05));
#9271=CARTESIAN_POINT('',(-2.05,3.9,-5.05));
#9272=VECTOR('',#11642,1.0);
#9273=CARTESIAN_POINT('',(2.05,3.9,-5.05));
#9274=CARTESIAN_POINT('',(-2.05,3.9,-5.05));
#9275=VECTOR('',#11643,1.0);
#9276=CARTESIAN_POINT('',(2.05,-0.7,-5.05));
#9277=CARTESIAN_POINT('',(2.05,3.9,-5.05));
#9278=VECTOR('',#11644,1.0);
#9279=CARTESIAN_POINT('',(2.95,-0.7,-5.05));
#9280=VECTOR('',#11645,1.0);
#9281=COLOUR_RGB('',0.262743443250656,0.713592231273651,0.351823955774307);
#9282=CARTESIAN_POINT('',(5.0,-3.9,1.85));
#9283=CARTESIAN_POINT('',(5.0,-3.9,1.85));
#9284=VECTOR('',#11646,1.0);
#9285=CARTESIAN_POINT('',(-5.0,-3.9,1.85));
#9286=VECTOR('',#11647,1.0);
#9287=COLOUR_RGB('',0.262743443250656,0.713592231273651,0.351823955774307);
#9288=CARTESIAN_POINT('',(5.0,-2.55,1.85));
#9289=CARTESIAN_POINT('',(5.0,-2.55,1.85));
#9290=VECTOR('',#11648,1.0);
#9291=CARTESIAN_POINT('',(-5.0,-2.55,1.85));
#9292=VECTOR('',#11649,1.0);
#9293=COLOUR_RGB('',0.262743443250656,0.713592231273651,0.351823955774307);
#9294=CARTESIAN_POINT('',(5.0,-2.55,5.05));
#9295=CARTESIAN_POINT('',(5.0,-2.55,5.05));
#9296=VECTOR('',#11650,1.0);
#9297=CARTESIAN_POINT('',(-5.0,-2.55,5.05));
#9298=VECTOR('',#11651,1.0);
#9299=COLOUR_RGB('',0.262743443250656,0.713592231273651,0.351823955774307);
#9300=CARTESIAN_POINT('',(2.5,-2.1,5.05));
#9301=CARTESIAN_POINT('',(2.5,2.1,5.05));
#9302=AXIS2_PLACEMENT_3D('',#11652,#11653,#11654);
#9303=AXIS2_PLACEMENT_3D('',#11655,#11656,#11657);
#9304=CARTESIAN_POINT('',(-2.5,-2.1,5.05));
#9305=CARTESIAN_POINT('',(-2.5,2.1,5.05));
#9306=AXIS2_PLACEMENT_3D('',#11658,#11659,#11660);
#9307=AXIS2_PLACEMENT_3D('',#11661,#11662,#11663);
#9308=CARTESIAN_POINT('',(5.0,2.45,5.05));
#9309=CARTESIAN_POINT('',(5.0,2.45,5.05));
#9310=VECTOR('',#11664,1.0);
#9311=CARTESIAN_POINT('',(-5.0,2.45,5.05));
#9312=VECTOR('',#11665,1.0);
#9313=COLOUR_RGB('',0.262743443250656,0.713592231273651,0.351823955774307);
#9314=CARTESIAN_POINT('',(-0.6,3.9,1.35));
#9315=CARTESIAN_POINT('',(0.6,3.9,1.35));
#9316=CARTESIAN_POINT('',(-0.600000000000001,3.9,1.35));
#9317=VECTOR('',#11666,1.0);
#9318=CARTESIAN_POINT('',(-4.4,3.9,1.35));
#9319=CARTESIAN_POINT('',(-4.4,3.9,1.35));
#9320=VECTOR('',#11667,1.0);
#9321=CARTESIAN_POINT('',(-5.0,3.9,1.35));
#9322=VECTOR('',#11668,1.0);
#9323=CARTESIAN_POINT('',(5.0,3.9,1.35));
#9324=CARTESIAN_POINT('',(5.0,3.9,1.35));
#9325=VECTOR('',#11669,1.0);
#9326=CARTESIAN_POINT('',(4.4,3.9,1.35));
#9327=CARTESIAN_POINT('',(4.4,3.9,1.35));
#9328=VECTOR('',#11670,1.0);
#9329=CARTESIAN_POINT('',(0.6,3.9,1.35));
#9330=VECTOR('',#11671,1.0);
#9331=COLOUR_RGB('',0.262743443250656,0.713592231273651,0.351823955774307);
#9332=CARTESIAN_POINT('',(-4.4,3.9,-4.25));
#9333=CARTESIAN_POINT('',(-4.4,3.9,1.35));
#9334=VECTOR('',#11672,1.0);
#9335=CARTESIAN_POINT('',(-2.95,3.9,-4.25));
#9336=CARTESIAN_POINT('',(-4.4,3.9,-4.25));
#9337=VECTOR('',#11673,1.0);
#9338=CARTESIAN_POINT('',(-2.95,3.9,-5.05));
#9339=VECTOR('',#11674,1.0);
#9340=COLOUR_RGB('',0.262743443250656,0.713592231273651,0.351823955774307);
#9341=CARTESIAN_POINT('',(-4.5,-2.45,1.15));
#9342=CARTESIAN_POINT('',(-4.5,-2.45,-5.05));
#9343=VECTOR('',#11675,1.0);
#9344=CARTESIAN_POINT('',(-5.0,-2.55,1.15));
#9345=VECTOR('',#11676,1.0);
#9346=COLOUR_RGB('',0.262743443250656,0.713592231273651,0.351823955774307);
#9347=CARTESIAN_POINT('',(-4.5,-2.45,1.15));
#9348=VECTOR('',#11677,1.0);
#9349=COLOUR_RGB('',0.262743443250656,0.713592231273651,0.351823955774307);
#9350=COLOUR_RGB('',0.26213601231575,0.26213601231575,0.26213601231575);
#9351=CARTESIAN_POINT('',(-1.304,-2.9126,-5.11));
#9352=CARTESIAN_POINT('',(-1.304,-2.9126,-5.05));
#9353=VECTOR('',#11678,1.0);
#9354=CARTESIAN_POINT('',(-1.229,-2.9126,-5.11));
#9355=CARTESIAN_POINT('',(-1.229,-2.9126,-5.11));
#9356=VECTOR('',#11679,1.0);
#9357=CARTESIAN_POINT('',(-1.229,-2.9126,-5.05));
#9358=VECTOR('',#11680,1.0);
#9359=COLOUR_RGB('',0.26213601231575,0.26213601231575,0.26213601231575);
#9360=CARTESIAN_POINT('',(-1.229,-2.38919574449062,-5.11));
#9361=CARTESIAN_POINT('',(-1.229,-2.38919574449062,-5.11));
#9362=VECTOR('',#11681,1.0);
#9363=CARTESIAN_POINT('',(-1.229,-2.38919574449062,-5.05));
#9364=VECTOR('',#11682,1.0);
#9365=COLOUR_RGB('',0.26213601231575,0.26213601231575,0.26213601231575);
#9366=CARTESIAN_POINT('',(-0.854,-2.38919574449062,-5.11));
#9367=CARTESIAN_POINT('',(-0.854,-2.38919574449062,-5.11));
#9368=VECTOR('',#11683,1.0);
#9369=CARTESIAN_POINT('',(-0.854,-2.38919574449062,-5.05));
#9370=VECTOR('',#11684,1.0);
#9371=COLOUR_RGB('',0.26213601231575,0.26213601231575,0.26213601231575);
#9372=CARTESIAN_POINT('',(-0.854,-2.3126,-5.11));
#9373=CARTESIAN_POINT('',(-0.854,-2.3126,-5.11));
#9374=VECTOR('',#11685,1.0);
#9375=CARTESIAN_POINT('',(-0.854,-2.3126,-5.05));
#9376=VECTOR('',#11686,1.0);
#9377=COLOUR_RGB('',0.26213601231575,0.26213601231575,0.26213601231575);
#9378=CARTESIAN_POINT('',(-1.304,-2.3126,-5.11));
#9379=CARTESIAN_POINT('',(-1.304,-2.3126,-5.11));
#9380=VECTOR('',#11687,1.0);
#9381=CARTESIAN_POINT('',(-1.304,-2.3126,-5.05));
#9382=VECTOR('',#11688,1.0);
#9383=COLOUR_RGB('',0.26213601231575,0.26213601231575,0.26213601231575);
#9384=CARTESIAN_POINT('',(-1.304,-2.9126,-5.11));
#9385=VECTOR('',#11689,1.0);
#9386=COLOUR_RGB('',0.26213601231575,0.26213601231575,0.26213601231575);
#9387=CARTESIAN_POINT('',(-0.266500023841858,-2.46579148898125,-5.11));
#9388=CARTESIAN_POINT('',(-0.266500023841858,-2.46579148898125,-5.05));
#9389=VECTOR('',#11690,1.0);
#9390=CARTESIAN_POINT('',(-0.278999976158143,-2.40196170041561,-5.11));
#9391=CARTESIAN_POINT('',(-0.278999976158143,-2.40196170041561,-5.11));
#9392=VECTOR('',#11691,1.0);
#9393=CARTESIAN_POINT('',(-0.278999976158143,-2.40196170041561,-5.05));
#9394=VECTOR('',#11692,1.0);
#9395=COLOUR_RGB('',0.26213601231575,0.26213601231575,0.26213601231575);
#9396=CARTESIAN_POINT('',(-0.329000000000001,-2.35089787224531,-5.11));
#9397=CARTESIAN_POINT('',(-0.329000000000001,-2.35089787224531,-5.11));
#9398=VECTOR('',#11693,1.0);
#9399=CARTESIAN_POINT('',(-0.329000000000001,-2.35089787224531,-5.05));
#9400=VECTOR('',#11694,1.0);
#9401=COLOUR_RGB('',0.26213601231575,0.26213601231575,0.26213601231575);
#9402=CARTESIAN_POINT('',(-0.379000023841858,-2.32536595704258,-5.11));
#9403=CARTESIAN_POINT('',(-0.379000023841858,-2.32536595704258,-5.11));
#9404=VECTOR('',#11695,1.0);
#9405=CARTESIAN_POINT('',(-0.379000023841858,-2.32536595704258,-5.05));
#9406=VECTOR('',#11696,1.0);
#9407=COLOUR_RGB('',0.26213601231575,0.26213601231575,0.26213601231575);
#9408=CARTESIAN_POINT('',(-0.4415,-2.3126,-5.11));
#9409=CARTESIAN_POINT('',(-0.4415,-2.3126,-5.11));
#9410=VECTOR('',#11697,1.0);
#9411=CARTESIAN_POINT('',(-0.4415,-2.3126,-5.05));
#9412=VECTOR('',#11698,1.0);
#9413=COLOUR_RGB('',0.26213601231575,0.26213601231575,0.26213601231575);
#9414=CARTESIAN_POINT('',(-0.554,-2.3126,-5.11));
#9415=CARTESIAN_POINT('',(-0.554,-2.3126,-5.11));
#9416=VECTOR('',#11699,1.0);
#9417=CARTESIAN_POINT('',(-0.554,-2.3126,-5.05));
#9418=VECTOR('',#11700,1.0);
#9419=COLOUR_RGB('',0.26213601231575,0.26213601231575,0.26213601231575);
#9420=CARTESIAN_POINT('',(-0.616499976158142,-2.32536595704258,-5.11));
#9421=CARTESIAN_POINT('',(-0.616499976158142,-2.32536595704258,-5.11));
#9422=VECTOR('',#11701,1.0);
#9423=CARTESIAN_POINT('',(-0.616499976158142,-2.32536595704258,-5.05));
#9424=VECTOR('',#11702,1.0);
#9425=COLOUR_RGB('',0.26213601231575,0.26213601231575,0.26213601231575);
#9426=CARTESIAN_POINT('',(-0.6665,-2.35089787224531,-5.11));
#9427=CARTESIAN_POINT('',(-0.6665,-2.35089787224531,-5.11));
#9428=VECTOR('',#11703,1.0);
#9429=CARTESIAN_POINT('',(-0.6665,-2.35089787224531,-5.05));
#9430=VECTOR('',#11704,1.0);
#9431=COLOUR_RGB('',0.26213601231575,0.26213601231575,0.26213601231575);
#9432=CARTESIAN_POINT('',(-0.716499988079072,-2.40196170041561,-5.11));
#9433=CARTESIAN_POINT('',(-0.716499988079072,-2.40196170041561,-5.11));
#9434=VECTOR('',#11705,1.0);
#9435=CARTESIAN_POINT('',(-0.716499988079072,-2.40196170041561,-5.05));
#9436=VECTOR('',#11706,1.0);
#9437=COLOUR_RGB('',0.26213601231575,0.26213601231575,0.26213601231575);
#9438=CARTESIAN_POINT('',(-0.7415,-2.45302553305626,-5.11));
#9439=CARTESIAN_POINT('',(-0.7415,-2.45302553305626,-5.11));
#9440=VECTOR('',#11707,1.0);
#9441=CARTESIAN_POINT('',(-0.7415,-2.45302553305626,-5.05));
#9442=VECTOR('',#11708,1.0);
#9443=COLOUR_RGB('',0.26213601231575,0.26213601231575,0.26213601231575);
#9444=CARTESIAN_POINT('',(-0.753999988079071,-2.5168553126812,-5.11));
#9445=CARTESIAN_POINT('',(-0.753999988079071,-2.5168553126812,-5.11));
#9446=VECTOR('',#11709,1.0);
#9447=CARTESIAN_POINT('',(-0.753999988079071,-2.5168553126812,-5.05));
#9448=VECTOR('',#11710,1.0);
#9449=COLOUR_RGB('',0.26213601231575,0.26213601231575,0.26213601231575);
#9450=CARTESIAN_POINT('',(-0.753999988079071,-2.70834466943741,-5.11));
#9451=CARTESIAN_POINT('',(-0.753999988079071,-2.70834466943741,-5.11));
#9452=VECTOR('',#11711,1.0);
#9453=CARTESIAN_POINT('',(-0.753999988079071,-2.70834466943741,-5.05));
#9454=VECTOR('',#11712,1.0);
#9455=COLOUR_RGB('',0.26213601231575,0.26213601231575,0.26213601231575);
#9456=CARTESIAN_POINT('',(-0.7415,-2.77217448482513,-5.11));
#9457=CARTESIAN_POINT('',(-0.7415,-2.77217448482513,-5.11));
#9458=VECTOR('',#11713,1.0);
#9459=CARTESIAN_POINT('',(-0.7415,-2.77217448482513,-5.05));
#9460=VECTOR('',#11714,1.0);
#9461=COLOUR_RGB('',0.26213601231575,0.26213601231575,0.26213601231575);
#9462=CARTESIAN_POINT('',(-0.716499988079072,-2.82323830852509,-5.11));
#9463=CARTESIAN_POINT('',(-0.716499988079072,-2.82323830852509,-5.11));
#9464=VECTOR('',#11715,1.0);
#9465=CARTESIAN_POINT('',(-0.716499988079072,-2.82323830852509,-5.05));
#9466=VECTOR('',#11716,1.0);
#9467=COLOUR_RGB('',0.26213601231575,0.26213601231575,0.26213601231575);
#9468=CARTESIAN_POINT('',(-0.6665,-2.87430213222504,-5.11));
#9469=CARTESIAN_POINT('',(-0.6665,-2.87430213222504,-5.11));
#9470=VECTOR('',#11717,1.0);
#9471=CARTESIAN_POINT('',(-0.6665,-2.87430213222504,-5.05));
#9472=VECTOR('',#11718,1.0);
#9473=COLOUR_RGB('',0.26213601231575,0.26213601231575,0.26213601231575);
#9474=CARTESIAN_POINT('',(-0.616499976158142,-2.89983404407501,-5.11));
#9475=CARTESIAN_POINT('',(-0.616499976158142,-2.89983404407501,-5.11));
#9476=VECTOR('',#11719,1.0);
#9477=CARTESIAN_POINT('',(-0.616499976158142,-2.89983404407501,-5.05));
#9478=VECTOR('',#11720,1.0);
#9479=COLOUR_RGB('',0.26213601231575,0.26213601231575,0.26213601231575);
#9480=CARTESIAN_POINT('',(-0.554,-2.9126,-5.11));
#9481=CARTESIAN_POINT('',(-0.554,-2.9126,-5.11));
#9482=VECTOR('',#11721,1.0);
#9483=CARTESIAN_POINT('',(-0.554,-2.9126,-5.05));
#9484=VECTOR('',#11722,1.0);
#9485=COLOUR_RGB('',0.26213601231575,0.26213601231575,0.26213601231575);
#9486=CARTESIAN_POINT('',(-0.4415,-2.9126,-5.11));
#9487=CARTESIAN_POINT('',(-0.4415,-2.9126,-5.11));
#9488=VECTOR('',#11723,1.0);
#9489=CARTESIAN_POINT('',(-0.4415,-2.9126,-5.05));
#9490=VECTOR('',#11724,1.0);
#9491=COLOUR_RGB('',0.26213601231575,0.26213601231575,0.26213601231575);
#9492=CARTESIAN_POINT('',(-0.379000023841858,-2.89983404407501,-5.11));
#9493=CARTESIAN_POINT('',(-0.379000023841858,-2.89983404407501,-5.11));
#9494=VECTOR('',#11725,1.0);
#9495=CARTESIAN_POINT('',(-0.379000023841858,-2.89983404407501,-5.05));
#9496=VECTOR('',#11726,1.0);
#9497=COLOUR_RGB('',0.26213601231575,0.26213601231575,0.26213601231575);
#9498=CARTESIAN_POINT('',(-0.329000000000001,-2.87430213222504,-5.11));
#9499=CARTESIAN_POINT('',(-0.329000000000001,-2.87430213222504,-5.11));
#9500=VECTOR('',#11727,1.0);
#9501=CARTESIAN_POINT('',(-0.329000000000001,-2.87430213222504,-5.05));
#9502=VECTOR('',#11728,1.0);
#9503=COLOUR_RGB('',0.26213601231575,0.26213601231575,0.26213601231575);
#9504=CARTESIAN_POINT('',(-0.278999976158143,-2.82323830852509,-5.11));
#9505=CARTESIAN_POINT('',(-0.278999976158143,-2.82323830852509,-5.11));
#9506=VECTOR('',#11729,1.0);
#9507=CARTESIAN_POINT('',(-0.278999976158143,-2.82323830852509,-5.05));
#9508=VECTOR('',#11730,1.0);
#9509=COLOUR_RGB('',0.26213601231575,0.26213601231575,0.26213601231575);
#9510=CARTESIAN_POINT('',(-0.266500023841858,-2.75940849313736,-5.11));
#9511=CARTESIAN_POINT('',(-0.266500023841858,-2.75940849313736,-5.11));
#9512=VECTOR('',#11731,1.0);
#9513=CARTESIAN_POINT('',(-0.266500023841858,-2.75940849313736,-5.05));
#9514=VECTOR('',#11732,1.0);
#9515=COLOUR_RGB('',0.26213601231575,0.26213601231575,0.26213601231575);
#9516=CARTESIAN_POINT('',(-0.341500023841858,-2.75940849313736,-5.11));
#9517=CARTESIAN_POINT('',(-0.341500023841858,-2.75940849313736,-5.11));
#9518=VECTOR('',#11733,1.0);
#9519=CARTESIAN_POINT('',(-0.341500023841858,-2.75940849313736,-5.05));
#9520=VECTOR('',#11734,1.0);
#9521=COLOUR_RGB('',0.26213601231575,0.26213601231575,0.26213601231575);
#9522=CARTESIAN_POINT('',(-0.353999976158143,-2.79770639667511,-5.11));
#9523=CARTESIAN_POINT('',(-0.353999976158143,-2.79770639667511,-5.11));
#9524=VECTOR('',#11735,1.0);
#9525=CARTESIAN_POINT('',(-0.353999976158143,-2.79770639667511,-5.05));
#9526=VECTOR('',#11736,1.0);
#9527=COLOUR_RGB('',0.26213601231575,0.26213601231575,0.26213601231575);
#9528=CARTESIAN_POINT('',(-0.391499976158142,-2.82323830852509,-5.11));
#9529=CARTESIAN_POINT('',(-0.391499976158142,-2.82323830852509,-5.11));
#9530=VECTOR('',#11737,1.0);
#9531=CARTESIAN_POINT('',(-0.391499976158142,-2.82323830852509,-5.05));
#9532=VECTOR('',#11738,1.0);
#9533=COLOUR_RGB('',0.26213601231575,0.26213601231575,0.26213601231575);
#9534=CARTESIAN_POINT('',(-0.4415,-2.83600426445007,-5.11));
#9535=CARTESIAN_POINT('',(-0.4415,-2.83600426445007,-5.11));
#9536=VECTOR('',#11739,1.0);
#9537=CARTESIAN_POINT('',(-0.4415,-2.83600426445007,-5.05));
#9538=VECTOR('',#11740,1.0);
#9539=COLOUR_RGB('',0.26213601231575,0.26213601231575,0.26213601231575);
#9540=CARTESIAN_POINT('',(-0.554,-2.83600426445007,-5.11));
#9541=CARTESIAN_POINT('',(-0.554,-2.83600426445007,-5.11));
#9542=VECTOR('',#11741,1.0);
#9543=CARTESIAN_POINT('',(-0.554,-2.83600426445007,-5.05));
#9544=VECTOR('',#11742,1.0);
#9545=COLOUR_RGB('',0.26213601231575,0.26213601231575,0.26213601231575);
#9546=CARTESIAN_POINT('',(-0.604000023841858,-2.82323830852509,-5.11));
#9547=CARTESIAN_POINT('',(-0.604000023841858,-2.82323830852509,-5.11));
#9548=VECTOR('',#11743,1.0);
#9549=CARTESIAN_POINT('',(-0.604000023841858,-2.82323830852509,-5.05));
#9550=VECTOR('',#11744,1.0);
#9551=COLOUR_RGB('',0.26213601231575,0.26213601231575,0.26213601231575);
#9552=CARTESIAN_POINT('',(-0.641500023841858,-2.79770639667511,-5.11));
#9553=CARTESIAN_POINT('',(-0.641500023841858,-2.79770639667511,-5.11));
#9554=VECTOR('',#11745,1.0);
#9555=CARTESIAN_POINT('',(-0.641500023841858,-2.79770639667511,-5.05));
#9556=VECTOR('',#11746,1.0);
#9557=COLOUR_RGB('',0.26213601231575,0.26213601231575,0.26213601231575);
#9558=CARTESIAN_POINT('',(-0.6665,-2.75940849313736,-5.11));
#9559=CARTESIAN_POINT('',(-0.6665,-2.75940849313736,-5.11));
#9560=VECTOR('',#11747,1.0);
#9561=CARTESIAN_POINT('',(-0.6665,-2.75940849313736,-5.05));
#9562=VECTOR('',#11748,1.0);
#9563=COLOUR_RGB('',0.26213601231575,0.26213601231575,0.26213601231575);
#9564=CARTESIAN_POINT('',(-0.679000023841859,-2.70834466943741,-5.11));
#9565=CARTESIAN_POINT('',(-0.679000023841859,-2.70834466943741,-5.11));
#9566=VECTOR('',#11749,1.0);
#9567=CARTESIAN_POINT('',(-0.679000023841859,-2.70834466943741,-5.05));
#9568=VECTOR('',#11750,1.0);
#9569=COLOUR_RGB('',0.26213601231575,0.26213601231575,0.26213601231575);
#9570=CARTESIAN_POINT('',(-0.679000023841859,-2.5168553126812,-5.11));
#9571=CARTESIAN_POINT('',(-0.679000023841859,-2.5168553126812,-5.11));
#9572=VECTOR('',#11751,1.0);
#9573=CARTESIAN_POINT('',(-0.679000023841859,-2.5168553126812,-5.05));
#9574=VECTOR('',#11752,1.0);
#9575=COLOUR_RGB('',0.26213601231575,0.26213601231575,0.26213601231575);
#9576=CARTESIAN_POINT('',(-0.6665,-2.46579148898125,-5.11));
#9577=CARTESIAN_POINT('',(-0.6665,-2.46579148898125,-5.11));
#9578=VECTOR('',#11753,1.0);
#9579=CARTESIAN_POINT('',(-0.6665,-2.46579148898125,-5.05));
#9580=VECTOR('',#11754,1.0);
#9581=COLOUR_RGB('',0.26213601231575,0.26213601231575,0.26213601231575);
#9582=CARTESIAN_POINT('',(-0.641500023841858,-2.42749362120628,-5.11));
#9583=CARTESIAN_POINT('',(-0.641500023841858,-2.42749362120628,-5.11));
#9584=VECTOR('',#11755,1.0);
#9585=CARTESIAN_POINT('',(-0.641500023841858,-2.42749362120628,-5.05));
#9586=VECTOR('',#11756,1.0);
#9587=COLOUR_RGB('',0.26213601231575,0.26213601231575,0.26213601231575);
#9588=CARTESIAN_POINT('',(-0.604000023841858,-2.40196170041561,-5.11));
#9589=CARTESIAN_POINT('',(-0.604000023841858,-2.40196170041561,-5.11));
#9590=VECTOR('',#11757,1.0);
#9591=CARTESIAN_POINT('',(-0.604000023841858,-2.40196170041561,-5.05));
#9592=VECTOR('',#11758,1.0);
#9593=COLOUR_RGB('',0.26213601231575,0.26213601231575,0.26213601231575);
#9594=CARTESIAN_POINT('',(-0.554,-2.38919574449062,-5.11));
#9595=CARTESIAN_POINT('',(-0.554,-2.38919574449062,-5.11));
#9596=VECTOR('',#11759,1.0);
#9597=CARTESIAN_POINT('',(-0.554,-2.38919574449062,-5.05));
#9598=VECTOR('',#11760,1.0);
#9599=COLOUR_RGB('',0.26213601231575,0.26213601231575,0.26213601231575);
#9600=CARTESIAN_POINT('',(-0.4415,-2.38919574449062,-5.11));
#9601=CARTESIAN_POINT('',(-0.4415,-2.38919574449062,-5.11));
#9602=VECTOR('',#11761,1.0);
#9603=CARTESIAN_POINT('',(-0.4415,-2.38919574449062,-5.05));
#9604=VECTOR('',#11762,1.0);
#9605=COLOUR_RGB('',0.26213601231575,0.26213601231575,0.26213601231575);
#9606=CARTESIAN_POINT('',(-0.391499976158142,-2.40196170041561,-5.11));
#9607=CARTESIAN_POINT('',(-0.391499976158142,-2.40196170041561,-5.11));
#9608=VECTOR('',#11763,1.0);
#9609=CARTESIAN_POINT('',(-0.391499976158142,-2.40196170041561,-5.05));
#9610=VECTOR('',#11764,1.0);
#9611=COLOUR_RGB('',0.26213601231575,0.26213601231575,0.26213601231575);
#9612=CARTESIAN_POINT('',(-0.353999976158143,-2.42749362120628,-5.11));
#9613=CARTESIAN_POINT('',(-0.353999976158143,-2.42749362120628,-5.11));
#9614=VECTOR('',#11765,1.0);
#9615=CARTESIAN_POINT('',(-0.353999976158143,-2.42749362120628,-5.05));
#9616=VECTOR('',#11766,1.0);
#9617=COLOUR_RGB('',0.26213601231575,0.26213601231575,0.26213601231575);
#9618=CARTESIAN_POINT('',(-0.341500023841858,-2.46579148898125,-5.11));
#9619=CARTESIAN_POINT('',(-0.341500023841858,-2.46579148898125,-5.11));
#9620=VECTOR('',#11767,1.0);
#9621=CARTESIAN_POINT('',(-0.341500023841858,-2.46579148898125,-5.05));
#9622=VECTOR('',#11768,1.0);
#9623=COLOUR_RGB('',0.26213601231575,0.26213601231575,0.26213601231575);
#9624=CARTESIAN_POINT('',(-0.266500023841858,-2.46579148898125,-5.11));
#9625=VECTOR('',#11769,1.0);
#9626=COLOUR_RGB('',0.26213601231575,0.26213601231575,0.26213601231575);
#9627=CARTESIAN_POINT('',(0.283499952316284,-2.38919574449062,-5.11));
#9628=CARTESIAN_POINT('',(0.283499952316284,-2.38919574449062,-5.05));
#9629=VECTOR('',#11770,1.0);
#9630=CARTESIAN_POINT('',(0.283499952316284,-2.3126,-5.11));
#9631=CARTESIAN_POINT('',(0.283499952316284,-2.3126,-5.11));
#9632=VECTOR('',#11771,1.0);
#9633=CARTESIAN_POINT('',(0.283499952316284,-2.3126,-5.05));
#9634=VECTOR('',#11772,1.0);
#9635=COLOUR_RGB('',0.26213601231575,0.26213601231575,0.26213601231575);
#9636=CARTESIAN_POINT('',(-0.166499976158143,-2.3126,-5.11));
#9637=CARTESIAN_POINT('',(-0.166499976158143,-2.3126,-5.11));
#9638=VECTOR('',#11773,1.0);
#9639=CARTESIAN_POINT('',(-0.166499976158143,-2.3126,-5.05));
#9640=VECTOR('',#11774,1.0);
#9641=COLOUR_RGB('',0.26213601231575,0.26213601231575,0.26213601231575);
#9642=CARTESIAN_POINT('',(-0.166499976158143,-2.9126,-5.11));
#9643=CARTESIAN_POINT('',(-0.166499976158143,-2.9126,-5.11));
#9644=VECTOR('',#11775,1.0);
#9645=CARTESIAN_POINT('',(-0.166499976158143,-2.9126,-5.05));
#9646=VECTOR('',#11776,1.0);
#9647=COLOUR_RGB('',0.26213601231575,0.26213601231575,0.26213601231575);
#9648=CARTESIAN_POINT('',(0.283499952316284,-2.9126,-5.11));
#9649=CARTESIAN_POINT('',(0.283499952316284,-2.9126,-5.11));
#9650=VECTOR('',#11777,1.0);
#9651=CARTESIAN_POINT('',(0.283499952316284,-2.9126,-5.05));
#9652=VECTOR('',#11778,1.0);
#9653=COLOUR_RGB('',0.26213601231575,0.26213601231575,0.26213601231575);
#9654=CARTESIAN_POINT('',(0.283499952316284,-2.83600426445007,-5.11));
#9655=CARTESIAN_POINT('',(0.283499952316284,-2.83600426445007,-5.11));
#9656=VECTOR('',#11779,1.0);
#9657=CARTESIAN_POINT('',(0.283499952316284,-2.83600426445007,-5.05));
#9658=VECTOR('',#11780,1.0);
#9659=COLOUR_RGB('',0.26213601231575,0.26213601231575,0.26213601231575);
#9660=CARTESIAN_POINT('',(-0.0915000476837164,-2.83600426445007,-5.11));
#9661=CARTESIAN_POINT('',(-0.0915000476837164,-2.83600426445007,-5.11));
#9662=VECTOR('',#11781,1.0);
#9663=CARTESIAN_POINT('',(-0.0915000476837164,-2.83600426445007,-5.05));
#9664=VECTOR('',#11782,1.0);
#9665=COLOUR_RGB('',0.26213601231575,0.26213601231575,0.26213601231575);
#9666=CARTESIAN_POINT('',(-0.0915000476837164,-2.67004680166245,-5.11));
#9667=CARTESIAN_POINT('',(-0.0915000476837164,-2.67004680166245,-5.11));
#9668=VECTOR('',#11783,1.0);
#9669=CARTESIAN_POINT('',(-0.0915000476837164,-2.67004680166245,-5.05));
#9670=VECTOR('',#11784,1.0);
#9671=COLOUR_RGB('',0.26213601231575,0.26213601231575,0.26213601231575);
#9672=CARTESIAN_POINT('',(0.2335,-2.67004680166245,-5.11));
#9673=CARTESIAN_POINT('',(0.2335,-2.67004680166245,-5.11));
#9674=VECTOR('',#11785,1.0);
#9675=CARTESIAN_POINT('',(0.2335,-2.67004680166245,-5.05));
#9676=VECTOR('',#11786,1.0);
#9677=COLOUR_RGB('',0.26213601231575,0.26213601231575,0.26213601231575);
#9678=CARTESIAN_POINT('',(0.2335,-2.59345106611252,-5.11));
#9679=CARTESIAN_POINT('',(0.2335,-2.59345106611252,-5.11));
#9680=VECTOR('',#11787,1.0);
#9681=CARTESIAN_POINT('',(0.2335,-2.59345106611252,-5.05));
#9682=VECTOR('',#11788,1.0);
#9683=COLOUR_RGB('',0.26213601231575,0.26213601231575,0.26213601231575);
#9684=CARTESIAN_POINT('',(-0.0915000476837164,-2.59345106611252,-5.11));
#9685=CARTESIAN_POINT('',(-0.0915000476837164,-2.59345106611252,-5.11));
#9686=VECTOR('',#11789,1.0);
#9687=CARTESIAN_POINT('',(-0.0915000476837164,-2.59345106611252,-5.05));
#9688=VECTOR('',#11790,1.0);
#9689=COLOUR_RGB('',0.26213601231575,0.26213601231575,0.26213601231575);
#9690=CARTESIAN_POINT('',(-0.0915000476837164,-2.38919574449062,-5.11));
#9691=CARTESIAN_POINT('',(-0.0915000476837164,-2.38919574449062,-5.11));
#9692=VECTOR('',#11791,1.0);
#9693=CARTESIAN_POINT('',(-0.0915000476837164,-2.38919574449062,-5.05));
#9694=VECTOR('',#11792,1.0);
#9695=COLOUR_RGB('',0.26213601231575,0.26213601231575,0.26213601231575);
#9696=CARTESIAN_POINT('',(0.283499952316284,-2.38919574449062,-5.11));
#9697=VECTOR('',#11793,1.0);
#9698=COLOUR_RGB('',0.26213601231575,0.26213601231575,0.26213601231575);
#9699=CARTESIAN_POINT('',(0.6835,-2.9126,-5.11));
#9700=CARTESIAN_POINT('',(0.6835,-2.9126,-5.05));
#9701=VECTOR('',#11794,1.0);
#9702=CARTESIAN_POINT('',(0.746000047683715,-2.89983404407501,-5.11));
#9703=CARTESIAN_POINT('',(0.746000047683715,-2.89983404407501,-5.11));
#9704=VECTOR('',#11795,1.0);
#9705=CARTESIAN_POINT('',(0.746000047683715,-2.89983404407501,-5.05));
#9706=VECTOR('',#11796,1.0);
#9707=COLOUR_RGB('',0.26213601231575,0.26213601231575,0.26213601231575);
#9708=CARTESIAN_POINT('',(0.796,-2.87430213222504,-5.11));
#9709=CARTESIAN_POINT('',(0.796,-2.87430213222504,-5.11));
#9710=VECTOR('',#11797,1.0);
#9711=CARTESIAN_POINT('',(0.796,-2.87430213222504,-5.05));
#9712=VECTOR('',#11798,1.0);
#9713=COLOUR_RGB('',0.26213601231575,0.26213601231575,0.26213601231575);
#9714=CARTESIAN_POINT('',(0.845999952316284,-2.82323830852509,-5.11));
#9715=CARTESIAN_POINT('',(0.845999952316284,-2.82323830852509,-5.11));
#9716=VECTOR('',#11799,1.0);
#9717=CARTESIAN_POINT('',(0.845999952316284,-2.82323830852509,-5.05));
#9718=VECTOR('',#11800,1.0);
#9719=COLOUR_RGB('',0.26213601231575,0.26213601231575,0.26213601231575);
#9720=CARTESIAN_POINT('',(0.871,-2.77217448482513,-5.11));
#9721=CARTESIAN_POINT('',(0.871,-2.77217448482513,-5.11));
#9722=VECTOR('',#11801,1.0);
#9723=CARTESIAN_POINT('',(0.871,-2.77217448482513,-5.05));
#9724=VECTOR('',#11802,1.0);
#9725=COLOUR_RGB('',0.26213601231575,0.26213601231575,0.26213601231575);
#9726=CARTESIAN_POINT('',(0.883499952316284,-2.70834466943741,-5.11));
#9727=CARTESIAN_POINT('',(0.883499952316284,-2.70834466943741,-5.11));
#9728=VECTOR('',#11803,1.0);
#9729=CARTESIAN_POINT('',(0.883499952316284,-2.70834466943741,-5.05));
#9730=VECTOR('',#11804,1.0);
#9731=COLOUR_RGB('',0.26213601231575,0.26213601231575,0.26213601231575);
#9732=CARTESIAN_POINT('',(0.883499952316284,-2.5168553126812,-5.11));
#9733=CARTESIAN_POINT('',(0.883499952316284,-2.5168553126812,-5.11));
#9734=VECTOR('',#11805,1.0);
#9735=CARTESIAN_POINT('',(0.883499952316284,-2.5168553126812,-5.05));
#9736=VECTOR('',#11806,1.0);
#9737=COLOUR_RGB('',0.26213601231575,0.26213601231575,0.26213601231575);
#9738=CARTESIAN_POINT('',(0.871,-2.45302553305626,-5.11));
#9739=CARTESIAN_POINT('',(0.871,-2.45302553305626,-5.11));
#9740=VECTOR('',#11807,1.0);
#9741=CARTESIAN_POINT('',(0.871,-2.45302553305626,-5.05));
#9742=VECTOR('',#11808,1.0);
#9743=COLOUR_RGB('',0.26213601231575,0.26213601231575,0.26213601231575);
#9744=CARTESIAN_POINT('',(0.845999952316284,-2.40196170041561,-5.11));
#9745=CARTESIAN_POINT('',(0.845999952316284,-2.40196170041561,-5.11));
#9746=VECTOR('',#11809,1.0);
#9747=CARTESIAN_POINT('',(0.845999952316284,-2.40196170041561,-5.05));
#9748=VECTOR('',#11810,1.0);
#9749=COLOUR_RGB('',0.26213601231575,0.26213601231575,0.26213601231575);
#9750=CARTESIAN_POINT('',(0.796,-2.35089787224531,-5.11));
#9751=CARTESIAN_POINT('',(0.796,-2.35089787224531,-5.11));
#9752=VECTOR('',#11811,1.0);
#9753=CARTESIAN_POINT('',(0.796,-2.35089787224531,-5.05));
#9754=VECTOR('',#11812,1.0);
#9755=COLOUR_RGB('',0.26213601231575,0.26213601231575,0.26213601231575);
#9756=CARTESIAN_POINT('',(0.746000047683715,-2.32536595704258,-5.11));
#9757=CARTESIAN_POINT('',(0.746000047683715,-2.32536595704258,-5.11));
#9758=VECTOR('',#11813,1.0);
#9759=CARTESIAN_POINT('',(0.746000047683715,-2.32536595704258,-5.05));
#9760=VECTOR('',#11814,1.0);
#9761=COLOUR_RGB('',0.26213601231575,0.26213601231575,0.26213601231575);
#9762=CARTESIAN_POINT('',(0.6835,-2.3126,-5.11));
#9763=CARTESIAN_POINT('',(0.6835,-2.3126,-5.11));
#9764=VECTOR('',#11815,1.0);
#9765=CARTESIAN_POINT('',(0.6835,-2.3126,-5.05));
#9766=VECTOR('',#11816,1.0);
#9767=COLOUR_RGB('',0.26213601231575,0.26213601231575,0.26213601231575);
#9768=CARTESIAN_POINT('',(0.3835,-2.3126,-5.11));
#9769=CARTESIAN_POINT('',(0.3835,-2.3126,-5.11));
#9770=VECTOR('',#11817,1.0);
#9771=CARTESIAN_POINT('',(0.3835,-2.3126,-5.05));
#9772=VECTOR('',#11818,1.0);
#9773=COLOUR_RGB('',0.26213601231575,0.26213601231575,0.26213601231575);
#9774=CARTESIAN_POINT('',(0.3835,-2.9126,-5.11));
#9775=CARTESIAN_POINT('',(0.3835,-2.9126,-5.11));
#9776=VECTOR('',#11819,1.0);
#9777=CARTESIAN_POINT('',(0.3835,-2.9126,-5.05));
#9778=VECTOR('',#11820,1.0);
#9779=COLOUR_RGB('',0.26213601231575,0.26213601231575,0.26213601231575);
#9780=CARTESIAN_POINT('',(0.6835,-2.9126,-5.11));
#9781=VECTOR('',#11821,1.0);
#9782=COLOUR_RGB('',0.26213601231575,0.26213601231575,0.26213601231575);
#9783=CARTESIAN_POINT('',(1.2835,-2.9126,-5.11));
#9784=CARTESIAN_POINT('',(1.2835,-2.9126,-5.05));
#9785=VECTOR('',#11822,1.0);
#9786=CARTESIAN_POINT('',(1.48350009536743,-2.3126,-5.11));
#9787=CARTESIAN_POINT('',(1.48350009536743,-2.3126,-5.11));
#9788=VECTOR('',#11823,1.0);
#9789=CARTESIAN_POINT('',(1.48350009536743,-2.3126,-5.05));
#9790=VECTOR('',#11824,1.0);
#9791=COLOUR_RGB('',0.26213601231575,0.26213601231575,0.26213601231575);
#9792=CARTESIAN_POINT('',(1.40850009536743,-2.3126,-5.11));
#9793=CARTESIAN_POINT('',(1.40850009536743,-2.3126,-5.11));
#9794=VECTOR('',#11825,1.0);
#9795=CARTESIAN_POINT('',(1.40850009536743,-2.3126,-5.05));
#9796=VECTOR('',#11826,1.0);
#9797=COLOUR_RGB('',0.26213601231575,0.26213601231575,0.26213601231575);
#9798=CARTESIAN_POINT('',(1.3585,-2.46579148898125,-5.11));
#9799=CARTESIAN_POINT('',(1.3585,-2.46579148898125,-5.11));
#9800=VECTOR('',#11827,1.0);
#9801=CARTESIAN_POINT('',(1.3585,-2.46579148898125,-5.05));
#9802=VECTOR('',#11828,1.0);
#9803=COLOUR_RGB('',0.26213601231575,0.26213601231575,0.26213601231575);
#9804=CARTESIAN_POINT('',(1.10850009536743,-2.46579148898125,-5.11));
#9805=CARTESIAN_POINT('',(1.10850009536743,-2.46579148898125,-5.11));
#9806=VECTOR('',#11829,1.0);
#9807=CARTESIAN_POINT('',(1.10850009536743,-2.46579148898125,-5.05));
#9808=VECTOR('',#11830,1.0);
#9809=COLOUR_RGB('',0.26213601231575,0.26213601231575,0.26213601231575);
#9810=CARTESIAN_POINT('',(1.0585,-2.3126,-5.11));
#9811=CARTESIAN_POINT('',(1.0585,-2.3126,-5.11));
#9812=VECTOR('',#11831,1.0);
#9813=CARTESIAN_POINT('',(1.0585,-2.3126,-5.05));
#9814=VECTOR('',#11832,1.0);
#9815=COLOUR_RGB('',0.26213601231575,0.26213601231575,0.26213601231575);
#9816=CARTESIAN_POINT('',(0.9835,-2.3126,-5.11));
#9817=CARTESIAN_POINT('',(0.9835,-2.3126,-5.11));
#9818=VECTOR('',#11833,1.0);
#9819=CARTESIAN_POINT('',(0.9835,-2.3126,-5.05));
#9820=VECTOR('',#11834,1.0);
#9821=COLOUR_RGB('',0.26213601231575,0.26213601231575,0.26213601231575);
#9822=CARTESIAN_POINT('',(1.18350009536743,-2.9126,-5.11));
#9823=CARTESIAN_POINT('',(1.18350009536743,-2.9126,-5.11));
#9824=VECTOR('',#11835,1.0);
#9825=CARTESIAN_POINT('',(1.18350009536743,-2.9126,-5.05));
#9826=VECTOR('',#11836,1.0);
#9827=COLOUR_RGB('',0.26213601231575,0.26213601231575,0.26213601231575);
#9828=CARTESIAN_POINT('',(1.2835,-2.9126,-5.11));
#9829=VECTOR('',#11837,1.0);
#9830=COLOUR_RGB('',0.262743443250656,0.713592231273651,0.351823955774307);
#9831=CARTESIAN_POINT('',(2.95,3.9,-4.25));
#9832=CARTESIAN_POINT('',(2.95,-0.7,-4.25));
#9833=CARTESIAN_POINT('',(2.95,3.9,-4.25));
#9834=VECTOR('',#11838,1.0);
#9835=CARTESIAN_POINT('',(2.95,3.9,-5.05));
#9836=VECTOR('',#11839,1.0);
#9837=CARTESIAN_POINT('',(2.95,-0.7,-4.25));
#9838=VECTOR('',#11840,1.0);
#9839=COLOUR_RGB('',0.262743443250656,0.713592231273651,0.351823955774307);
#9840=CARTESIAN_POINT('',(4.4,3.9,-4.25));
#9841=CARTESIAN_POINT('',(2.95,3.9,-4.25));
#9842=VECTOR('',#11841,1.0);
#9843=CARTESIAN_POINT('',(4.4,3.9,1.35));
#9844=VECTOR('',#11842,1.0);
#9845=CARTESIAN_POINT('',(5.0,3.9,-5.05));
#9846=VECTOR('',#11843,1.0);
#9847=COLOUR_RGB('',0.262743443250656,0.713592231273651,0.351823955774307);
#9848=CARTESIAN_POINT('',(5.0,-3.225,1.15));
#9849=CARTESIAN_POINT('',(5.0,-3.225,1.15));
#9850=VECTOR('',#11844,1.0);
#9851=CARTESIAN_POINT('',(5.0,-2.575,1.15));
#9852=CARTESIAN_POINT('',(5.0,-2.575,1.15));
#9853=VECTOR('',#11845,1.0);
#9854=CARTESIAN_POINT('',(5.0,-2.575,1.15));
#9855=VECTOR('',#11846,1.0);
#9856=COLOUR_RGB('',0.262743443250656,0.713592231273651,0.351823955774307);
#9857=CARTESIAN_POINT('',(5.5,-2.45,1.15));
#9858=CARTESIAN_POINT('',(5.0,-2.575,1.15));
#9859=VECTOR('',#11847,1.0);
#9860=CARTESIAN_POINT('',(5.5,-2.45,-5.05));
#9861=VECTOR('',#11848,1.0);
#9862=COLOUR_RGB('',0.262743443250656,0.713592231273651,0.351823955774307);
#9863=CARTESIAN_POINT('',(5.5,-3.35,1.15));
#9864=CARTESIAN_POINT('',(5.5,-2.45,1.15));
#9865=VECTOR('',#11849,1.0);
#9866=CARTESIAN_POINT('',(5.5,-3.35,-5.05));
#9867=VECTOR('',#11850,1.0);
#9868=COLOUR_RGB('',0.262743443250656,0.713592231273651,0.351823955774307);
#9869=CARTESIAN_POINT('',(5.5,-3.35,1.15));
#9870=VECTOR('',#11851,1.0);
#9871=COLOUR_RGB('',0.262743443250656,0.713592231273651,0.351823955774307);
#9872=CARTESIAN_POINT('',(-2.95,-0.7,-4.25));
#9873=CARTESIAN_POINT('',(-2.95,3.9,-4.25));
#9874=VECTOR('',#11852,1.0);
#9875=CARTESIAN_POINT('',(-2.95,-0.7,-5.05));
#9876=VECTOR('',#11853,1.0);
#9877=COLOUR_RGB('',0.262743443250656,0.713592231273651,0.351823955774307);
#9878=CARTESIAN_POINT('',(-2.05,-0.7,-4.25));
#9879=CARTESIAN_POINT('',(-2.05,-0.7,-4.25));
#9880=VECTOR('',#11854,1.0);
#9881=CARTESIAN_POINT('',(-2.05,-0.7,-4.25));
#9882=VECTOR('',#11855,1.0);
#9883=COLOUR_RGB('',0.262743443250656,0.713592231273651,0.351823955774307);
#9884=CARTESIAN_POINT('',(-2.05,3.9,-4.25));
#9885=CARTESIAN_POINT('',(-2.05,3.9,-4.25));
#9886=VECTOR('',#11856,1.0);
#9887=CARTESIAN_POINT('',(-2.05,3.9,-5.05));
#9888=VECTOR('',#11857,1.0);
#9889=COLOUR_RGB('',0.262743443250656,0.713592231273651,0.351823955774307);
#9890=CARTESIAN_POINT('',(-0.6,3.9,-4.25));
#9891=CARTESIAN_POINT('',(-2.05,3.9,-4.25));
#9892=VECTOR('',#11858,1.0);
#9893=CARTESIAN_POINT('',(-0.6,3.9,1.35));
#9894=VECTOR('',#11859,1.0);
#9895=CARTESIAN_POINT('',(0.6,3.9,-4.25));
#9896=CARTESIAN_POINT('',(0.6,3.9,1.35));
#9897=VECTOR('',#11860,1.0);
#9898=CARTESIAN_POINT('',(2.05,3.9,-4.25));
#9899=CARTESIAN_POINT('',(0.6,3.9,-4.25));
#9900=VECTOR('',#11861,1.0);
#9901=CARTESIAN_POINT('',(2.05,3.9,-5.05));
#9902=VECTOR('',#11862,1.0);
#9903=COLOUR_RGB('',0.262743443250656,0.713592231273651,0.351823955774307);
#9904=CARTESIAN_POINT('',(2.05,-0.7,-4.25));
#9905=CARTESIAN_POINT('',(2.05,3.9,-4.25));
#9906=VECTOR('',#11863,1.0);
#9907=CARTESIAN_POINT('',(2.05,-0.7,-5.05));
#9908=VECTOR('',#11864,1.0);
#9909=COLOUR_RGB('',0.262743443250656,0.713592231273651,0.351823955774307);
#9910=CARTESIAN_POINT('',(2.95,-0.7,-4.25));
#9911=VECTOR('',#11865,1.0);
#9912=COLOUR_RGB('',0.262743443250656,0.713592231273651,0.351823955774307);
#9913=CARTESIAN_POINT('',(2.5,-2.1,1.25));
#9914=CARTESIAN_POINT('',(2.5,-2.1,1.25));
#9915=VECTOR('',#11866,1.0);
#9916=CARTESIAN_POINT('',(2.5,2.1,1.25));
#9917=AXIS2_PLACEMENT_3D('',#11867,#11868,#11869);
#9918=CARTESIAN_POINT('',(2.5,2.1,1.25));
#9919=VECTOR('',#11870,1.0);
#9920=COLOUR_RGB('',0.262743443250656,0.713592231273651,0.351823955774307);
#9921=AXIS2_PLACEMENT_3D('',#11871,#11872,#11873);
#9922=COLOUR_RGB('',0.262743443250656,0.713592231273651,0.351823955774307);
#9923=CARTESIAN_POINT('',(-2.5,-2.1,1.25));
#9924=CARTESIAN_POINT('',(-2.5,-2.1,1.25));
#9925=VECTOR('',#11874,1.0);
#9926=CARTESIAN_POINT('',(-2.5,2.1,1.25));
#9927=AXIS2_PLACEMENT_3D('',#11875,#11876,#11877);
#9928=CARTESIAN_POINT('',(-2.5,2.1,1.25));
#9929=VECTOR('',#11878,1.0);
#9930=COLOUR_RGB('',0.262743443250656,0.713592231273651,0.351823955774307);
#9931=AXIS2_PLACEMENT_3D('',#11879,#11880,#11881);
#9932=COLOUR_RGB('',0.262743443250656,0.713592231273651,0.351823955774307);
#9933=CARTESIAN_POINT('',(-0.6,2.1,0.644594594594595));
#9934=CARTESIAN_POINT('',(-0.6,3.9,1.35));
#9935=VECTOR('',#11882,1.0);
#9936=CARTESIAN_POINT('',(-4.4,2.1,0.644594594594595));
#9937=CARTESIAN_POINT('',(-4.4,2.1,0.644594594594595));
#9938=VECTOR('',#11883,1.0);
#9939=CARTESIAN_POINT('',(-4.4,3.9,1.35));
#9940=VECTOR('',#11884,1.0);
#9941=COLOUR_RGB('',0.262743443250656,0.713592231273651,0.351823955774307);
#9942=CARTESIAN_POINT('',(4.4,2.1,0.644594594594595));
#9943=CARTESIAN_POINT('',(4.4,3.9,1.35));
#9944=VECTOR('',#11885,1.0);
#9945=CARTESIAN_POINT('',(0.6,2.1,0.644594594594595));
#9946=CARTESIAN_POINT('',(0.6,2.1,0.644594594594595));
#9947=VECTOR('',#11886,1.0);
#9948=CARTESIAN_POINT('',(0.6,3.9,1.35));
#9949=VECTOR('',#11887,1.0);
#9950=COLOUR_RGB('',0.262743443250656,0.713592231273651,0.351823955774307);
#9951=CARTESIAN_POINT('',(-4.4,-3.4,0.644594594594595));
#9952=CARTESIAN_POINT('',(-4.4,2.1,0.644594594594595));
#9953=VECTOR('',#11888,1.0);
#9954=CARTESIAN_POINT('',(-4.4,-3.4,-4.25));
#9955=CARTESIAN_POINT('',(-4.4,-3.4,0.644594594594595));
#9956=VECTOR('',#11889,1.0);
#9957=CARTESIAN_POINT('',(-4.4,-3.4,-4.25));
#9958=VECTOR('',#11890,1.0);
#9959=COLOUR_RGB('',0.262743443250656,0.713592231273651,0.351823955774307);
#9960=CARTESIAN_POINT('',(-0.6,-3.4,-4.25));
#9961=CARTESIAN_POINT('',(-4.4,-3.4,-4.25));
#9962=VECTOR('',#11891,1.0);
#9963=CARTESIAN_POINT('',(-0.6,-3.4,-4.25));
#9964=VECTOR('',#11892,1.0);
#9965=COLOUR_RGB('',0.26213601231575,0.26213601231575,0.26213601231575);
#9966=COLOUR_RGB('',0.26213601231575,0.26213601231575,0.26213601231575);
#9967=COLOUR_RGB('',0.26213601231575,0.26213601231575,0.26213601231575);
#9968=COLOUR_RGB('',0.26213601231575,0.26213601231575,0.26213601231575);
#9969=CARTESIAN_POINT('',(0.6835,-2.83600426445007,-5.11));
#9970=CARTESIAN_POINT('',(0.733499952316285,-2.82323830852509,-5.11));
#9971=CARTESIAN_POINT('',(0.6835,-2.83600426445007,-5.11));
#9972=VECTOR('',#11893,1.0);
#9973=CARTESIAN_POINT('',(0.770999952316284,-2.79770639667511,-5.11));
#9974=CARTESIAN_POINT('',(0.733499952316285,-2.82323830852509,-5.11));
#9975=VECTOR('',#11894,1.0);
#9976=CARTESIAN_POINT('',(0.796,-2.75940849313736,-5.11));
#9977=CARTESIAN_POINT('',(0.770999952316284,-2.79770639667511,-5.11));
#9978=VECTOR('',#11895,1.0);
#9979=CARTESIAN_POINT('',(0.808499952316284,-2.70834466943741,-5.11));
#9980=CARTESIAN_POINT('',(0.796,-2.75940849313736,-5.11));
#9981=VECTOR('',#11896,1.0);
#9982=CARTESIAN_POINT('',(0.808499952316284,-2.5168553126812,-5.11));
#9983=CARTESIAN_POINT('',(0.808499952316284,-2.70834466943741,-5.11));
#9984=VECTOR('',#11897,1.0);
#9985=CARTESIAN_POINT('',(0.796,-2.46579148898125,-5.11));
#9986=CARTESIAN_POINT('',(0.808499952316284,-2.5168553126812,-5.11));
#9987=VECTOR('',#11898,1.0);
#9988=CARTESIAN_POINT('',(0.770999952316284,-2.42749362120628,-5.11));
#9989=CARTESIAN_POINT('',(0.796,-2.46579148898125,-5.11));
#9990=VECTOR('',#11899,1.0);
#9991=CARTESIAN_POINT('',(0.733499952316285,-2.40196170041561,-5.11));
#9992=CARTESIAN_POINT('',(0.770999952316284,-2.42749362120628,-5.11));
#9993=VECTOR('',#11900,1.0);
#9994=CARTESIAN_POINT('',(0.6835,-2.38919574449062,-5.11));
#9995=CARTESIAN_POINT('',(0.733499952316285,-2.40196170041561,-5.11));
#9996=VECTOR('',#11901,1.0);
#9997=CARTESIAN_POINT('',(0.4585,-2.38919574449062,-5.11));
#9998=CARTESIAN_POINT('',(0.6835,-2.38919574449062,-5.11));
#9999=VECTOR('',#11902,1.0);
#10000=CARTESIAN_POINT('',(0.4585,-2.83600426445007,-5.11));
#10001=CARTESIAN_POINT('',(0.4585,-2.38919574449062,-5.11));
#10002=VECTOR('',#11903,1.0);
#10003=CARTESIAN_POINT('',(0.4585,-2.83600426445007,-5.11));
#10004=VECTOR('',#11904,1.0);
#10005=COLOUR_RGB('',0.26213601231575,0.26213601231575,0.26213601231575);
#10006=CARTESIAN_POINT('',(1.34599990463257,-2.5168553126812,-5.11));
#10007=CARTESIAN_POINT('',(1.12099990463257,-2.5168553126812,-5.11));
#10008=CARTESIAN_POINT('',(1.34599990463257,-2.5168553126812,-5.11));
#10009=VECTOR('',#11905,1.0);
#10010=CARTESIAN_POINT('',(1.23349990463257,-2.86153617630005,-5.11));
#10011=CARTESIAN_POINT('',(1.12099990463257,-2.5168553126812,-5.11));
#10012=VECTOR('',#11906,1.0);
#10013=CARTESIAN_POINT('',(1.23349990463257,-2.86153617630005,-5.11));
#10014=VECTOR('',#11907,1.0);
#10015=COLOUR_RGB('',0.262743443250656,0.713592231273651,0.351823955774307);
#10016=CARTESIAN_POINT('',(0.6,-3.4,-4.25));
#10017=CARTESIAN_POINT('',(0.6,-3.4,-4.25));
#10018=VECTOR('',#11908,1.0);
#10019=CARTESIAN_POINT('',(4.4,-3.4,-4.25));
#10020=CARTESIAN_POINT('',(0.6,-3.4,-4.25));
#10021=VECTOR('',#11909,1.0);
#10022=CARTESIAN_POINT('',(4.4,-3.4,-4.25));
#10023=VECTOR('',#11910,1.0);
#10024=COLOUR_RGB('',0.262743443250656,0.713592231273651,0.351823955774307);
#10025=CARTESIAN_POINT('',(4.4,-3.4,0.644594594594595));
#10026=CARTESIAN_POINT('',(4.4,-3.4,0.644594594594595));
#10027=VECTOR('',#11911,1.0);
#10028=CARTESIAN_POINT('',(4.4,2.1,0.644594594594595));
#10029=VECTOR('',#11912,1.0);
#10030=COLOUR_RGB('',0.262743443250656,0.713592231273651,0.351823955774307);
#10031=COLOUR_RGB('',0.262743443250656,0.713592231273651,0.351823955774307);
#10032=CARTESIAN_POINT('',(-0.6,-3.4,0.644594594594595));
#10033=CARTESIAN_POINT('',(-0.6,-3.4,0.644594594594595));
#10034=VECTOR('',#11913,1.0);
#10035=CARTESIAN_POINT('',(-0.6,2.1,0.644594594594595));
#10036=VECTOR('',#11914,1.0);
#10037=COLOUR_RGB('',0.262743443250656,0.713592231273651,0.351823955774307);
#10038=CARTESIAN_POINT('',(0.6,-3.4,0.644594594594595));
#10039=CARTESIAN_POINT('',(0.6,2.1,0.644594594594595));
#10040=VECTOR('',#11915,1.0);
#10041=CARTESIAN_POINT('',(0.6,-3.4,0.644594594594595));
#10042=VECTOR('',#11916,1.0);
#10043=COLOUR_RGB('',0.262743443250656,0.713592231273651,0.351823955774307);
#10044=CARTESIAN_POINT('',(2.5,-1.45503606248592,0.644594594594595));
#10045=CARTESIAN_POINT('',(2.5,-1.45503606248591,0.644594594594595));
#10046=VECTOR('',#11917,1.0);
#10047=CARTESIAN_POINT('',(2.5,1.45503606248591,0.644594594594595));
#10048=AXIS2_PLACEMENT_3D('',#11918,#11919,#11920);
#10049=CARTESIAN_POINT('',(2.5,1.45503606248592,0.644594594594595));
#10050=VECTOR('',#11921,1.0);
#10051=COLOUR_RGB('',0.262743443250656,0.713592231273651,0.351823955774307);
#10052=AXIS2_PLACEMENT_3D('',#11922,#11923,#11924);
#10053=COLOUR_RGB('',0.262743443250656,0.713592231273651,0.351823955774307);
#10054=CARTESIAN_POINT('',(-2.5,1.45503606248591,0.644594594594595));
#10055=CARTESIAN_POINT('',(-2.5,1.45503606248592,0.644594594594595));
#10056=VECTOR('',#11925,1.0);
#10057=CARTESIAN_POINT('',(-2.5,-1.45503606248592,0.644594594594595));
#10058=CARTESIAN_POINT('',(-2.5,-1.45503606248591,0.644594594594595));
#10059=VECTOR('',#11926,1.0);
#10060=AXIS2_PLACEMENT_3D('',#11927,#11928,#11929);
#10061=COLOUR_RGB('',0.262743443250656,0.713592231273651,0.351823955774307);
#10062=AXIS2_PLACEMENT_3D('',#11930,#11931,#11932);
#10063=COLOUR_RGB('',0.262743443250656,0.713592231273651,0.351823955774307);
#10064=CARTESIAN_POINT('',(-4.4,-3.4,0.644594594594595));
#10065=VECTOR('',#11933,1.0);
#10066=COLOUR_RGB('',0.262743443250656,0.713592231273651,0.351823955774307);
#10067=CARTESIAN_POINT('',(0.6,-3.4,0.644594594594595));
#10068=VECTOR('',#11934,1.0);
#10069=COLOUR_RGB('',0.262743443250656,0.713592231273651,0.351823955774307);
#10070=COLOUR_RGB('',0.26213601231575,0.26213601231575,0.26213601231575);
#10071=CARTESIAN_POINT('',(0.733499952316285,-2.82323830852509,-5.05));
#10072=CARTESIAN_POINT('',(0.733499952316285,-2.82323830852509,-5.05));
#10073=VECTOR('',#11935,1.0);
#10074=CARTESIAN_POINT('',(0.6835,-2.83600426445007,-5.05));
#10075=CARTESIAN_POINT('',(0.6835,-2.83600426445007,-5.05));
#10076=VECTOR('',#11936,1.0);
#10077=CARTESIAN_POINT('',(0.6835,-2.83600426445007,-5.05));
#10078=VECTOR('',#11937,1.0);
#10079=COLOUR_RGB('',0.26213601231575,0.26213601231575,0.26213601231575);
#10080=CARTESIAN_POINT('',(0.770999952316284,-2.79770639667511,-5.05));
#10081=CARTESIAN_POINT('',(0.770999952316284,-2.79770639667511,-5.05));
#10082=VECTOR('',#11938,1.0);
#10083=CARTESIAN_POINT('',(0.733499952316285,-2.82323830852509,-5.05));
#10084=VECTOR('',#11939,1.0);
#10085=COLOUR_RGB('',0.26213601231575,0.26213601231575,0.26213601231575);
#10086=CARTESIAN_POINT('',(0.796,-2.75940849313736,-5.05));
#10087=CARTESIAN_POINT('',(0.796,-2.75940849313736,-5.05));
#10088=VECTOR('',#11940,1.0);
#10089=CARTESIAN_POINT('',(0.770999952316283,-2.79770639667511,-5.05));
#10090=VECTOR('',#11941,1.0);
#10091=COLOUR_RGB('',0.26213601231575,0.26213601231575,0.26213601231575);
#10092=CARTESIAN_POINT('',(0.808499952316284,-2.70834466943741,-5.05));
#10093=CARTESIAN_POINT('',(0.808499952316284,-2.70834466943741,-5.05));
#10094=VECTOR('',#11942,1.0);
#10095=CARTESIAN_POINT('',(0.796,-2.75940849313736,-5.05));
#10096=VECTOR('',#11943,1.0);
#10097=COLOUR_RGB('',0.26213601231575,0.26213601231575,0.26213601231575);
#10098=CARTESIAN_POINT('',(0.808499952316284,-2.5168553126812,-5.05));
#10099=CARTESIAN_POINT('',(0.808499952316284,-2.5168553126812,-5.05));
#10100=VECTOR('',#11944,1.0);
#10101=CARTESIAN_POINT('',(0.808499952316284,-2.70834466943741,-5.05));
#10102=VECTOR('',#11945,1.0);
#10103=COLOUR_RGB('',0.26213601231575,0.26213601231575,0.26213601231575);
#10104=CARTESIAN_POINT('',(0.796,-2.46579148898125,-5.05));
#10105=CARTESIAN_POINT('',(0.796,-2.46579148898125,-5.05));
#10106=VECTOR('',#11946,1.0);
#10107=CARTESIAN_POINT('',(0.808499952316284,-2.5168553126812,-5.05));
#10108=VECTOR('',#11947,1.0);
#10109=COLOUR_RGB('',0.26213601231575,0.26213601231575,0.26213601231575);
#10110=CARTESIAN_POINT('',(0.770999952316284,-2.42749362120628,-5.05));
#10111=CARTESIAN_POINT('',(0.770999952316284,-2.42749362120628,-5.05));
#10112=VECTOR('',#11948,1.0);
#10113=CARTESIAN_POINT('',(0.796000000000001,-2.46579148898125,-5.05));
#10114=VECTOR('',#11949,1.0);
#10115=COLOUR_RGB('',0.26213601231575,0.26213601231575,0.26213601231575);
#10116=CARTESIAN_POINT('',(0.733499952316285,-2.40196170041561,-5.05));
#10117=CARTESIAN_POINT('',(0.733499952316285,-2.40196170041561,-5.05));
#10118=VECTOR('',#11950,1.0);
#10119=CARTESIAN_POINT('',(0.770999952316285,-2.42749362120628,-5.05));
#10120=VECTOR('',#11951,1.0);
#10121=COLOUR_RGB('',0.26213601231575,0.26213601231575,0.26213601231575);
#10122=CARTESIAN_POINT('',(0.6835,-2.38919574449062,-5.05));
#10123=CARTESIAN_POINT('',(0.6835,-2.38919574449062,-5.05));
#10124=VECTOR('',#11952,1.0);
#10125=CARTESIAN_POINT('',(0.733499952316285,-2.40196170041561,-5.05));
#10126=VECTOR('',#11953,1.0);
#10127=COLOUR_RGB('',0.26213601231575,0.26213601231575,0.26213601231575);
#10128=CARTESIAN_POINT('',(0.4585,-2.38919574449062,-5.05));
#10129=CARTESIAN_POINT('',(0.4585,-2.38919574449062,-5.05));
#10130=VECTOR('',#11954,1.0);
#10131=CARTESIAN_POINT('',(0.6835,-2.38919574449062,-5.05));
#10132=VECTOR('',#11955,1.0);
#10133=COLOUR_RGB('',0.26213601231575,0.26213601231575,0.26213601231575);
#10134=CARTESIAN_POINT('',(0.4585,-2.83600426445007,-5.05));
#10135=CARTESIAN_POINT('',(0.4585,-2.83600426445007,-5.05));
#10136=VECTOR('',#11956,1.0);
#10137=CARTESIAN_POINT('',(0.4585,-2.38919574449062,-5.05));
#10138=VECTOR('',#11957,1.0);
#10139=COLOUR_RGB('',0.26213601231575,0.26213601231575,0.26213601231575);
#10140=CARTESIAN_POINT('',(0.4585,-2.83600426445007,-5.05));
#10141=VECTOR('',#11958,1.0);
#10142=COLOUR_RGB('',0.26213601231575,0.26213601231575,0.26213601231575);
#10143=CARTESIAN_POINT('',(1.12099990463257,-2.5168553126812,-5.05));
#10144=CARTESIAN_POINT('',(1.12099990463257,-2.5168553126812,-5.05));
#10145=VECTOR('',#11959,1.0);
#10146=CARTESIAN_POINT('',(1.34599990463257,-2.5168553126812,-5.05));
#10147=CARTESIAN_POINT('',(1.34599990463257,-2.5168553126812,-5.05));
#10148=VECTOR('',#11960,1.0);
#10149=CARTESIAN_POINT('',(1.34599990463257,-2.5168553126812,-5.05));
#10150=VECTOR('',#11961,1.0);
#10151=COLOUR_RGB('',0.26213601231575,0.26213601231575,0.26213601231575);
#10152=CARTESIAN_POINT('',(1.23349990463257,-2.86153617630005,-5.05));
#10153=CARTESIAN_POINT('',(1.23349990463257,-2.86153617630005,-5.05));
#10154=VECTOR('',#11962,1.0);
#10155=CARTESIAN_POINT('',(1.12099990463257,-2.5168553126812,-5.05));
#10156=VECTOR('',#11963,1.0);
#10157=COLOUR_RGB('',0.26213601231575,0.26213601231575,0.26213601231575);
#10158=CARTESIAN_POINT('',(1.23349990463257,-2.86153617630005,-5.05));
#10159=VECTOR('',#11964,1.0);
#10160=COLOUR_RGB('',0.262743443250656,0.713592231273651,0.351823955774307);
#10161=COLOUR_RGB('',0.262743443250656,0.713592231273651,0.351823955774307);
#10162=COLOUR_RGB('',0.262743443250656,0.713592231273651,0.351823955774307);
#10163=COLOUR_RGB('',0.82038801908493,0.82038801908493,0.82038801908493);
#10164=CARTESIAN_POINT('',(1.2,-2.2,-3.55));
#10165=CARTESIAN_POINT('',(1.3,-2.2,-3.65));
#10166=AXIS2_PLACEMENT_3D('',#11965,#11966,#11967);
#10167=CARTESIAN_POINT('',(1.2,-2.2,-0.850000000000002));
#10168=CARTESIAN_POINT('',(1.2,-2.2,-0.850000000000002));
#10169=VECTOR('',#11968,1.0);
#10170=CARTESIAN_POINT('',(1.3,-2.2,-0.750000000000001));
#10171=AXIS2_PLACEMENT_3D('',#11969,#11970,#11971);
#10172=CARTESIAN_POINT('',(3.7,-2.2,-0.75));
#10173=CARTESIAN_POINT('',(3.7,-2.2,-0.75));
#10174=VECTOR('',#11972,1.0);
#10175=CARTESIAN_POINT('',(3.8,-2.2,-0.850000000000002));
#10176=AXIS2_PLACEMENT_3D('',#11973,#11974,#11975);
#10177=CARTESIAN_POINT('',(3.8,-2.2,-3.55));
#10178=CARTESIAN_POINT('',(3.8,-2.2,-3.55));
#10179=VECTOR('',#11976,1.0);
#10180=CARTESIAN_POINT('',(3.7,-2.2,-3.65));
#10181=AXIS2_PLACEMENT_3D('',#11977,#11978,#11979);
#10182=CARTESIAN_POINT('',(1.3,-2.2,-3.65));
#10183=VECTOR('',#11980,1.0);
#10184=CARTESIAN_POINT('',(1.3,-2.2,-0.250000000000002));
#10185=CARTESIAN_POINT('',(3.7,-2.2,-0.250000000000001));
#10186=CARTESIAN_POINT('',(1.3,-2.2,-0.250000000000002));
#10187=VECTOR('',#11981,1.0);
#10188=CARTESIAN_POINT('',(0.7,-2.2,-0.850000000000002));
#10189=AXIS2_PLACEMENT_3D('',#11982,#11983,#11984);
#10190=CARTESIAN_POINT('',(0.7,-2.2,-3.55));
#10191=CARTESIAN_POINT('',(0.7,-2.2,-3.55));
#10192=VECTOR('',#11985,1.0);
#10193=CARTESIAN_POINT('',(1.3,-2.2,-4.15));
#10194=AXIS2_PLACEMENT_3D('',#11986,#11987,#11988);
#10195=CARTESIAN_POINT('',(3.7,-2.2,-4.15));
#10196=CARTESIAN_POINT('',(3.7,-2.2,-4.15));
#10197=VECTOR('',#11989,1.0);
#10198=CARTESIAN_POINT('',(4.3,-2.2,-3.55));
#10199=AXIS2_PLACEMENT_3D('',#11990,#11991,#11992);
#10200=CARTESIAN_POINT('',(4.3,-2.2,-0.850000000000001));
#10201=CARTESIAN_POINT('',(4.3,-2.2,-0.850000000000001));
#10202=VECTOR('',#11993,1.0);
#10203=AXIS2_PLACEMENT_3D('',#11994,#11995,#11996);
#10204=COLOUR_RGB('',0.82038801908493,0.82038801908493,0.82038801908493);
#10205=CARTESIAN_POINT('',(1.3,2.2,-3.65));
#10206=CARTESIAN_POINT('',(1.3,-2.2,-3.65));
#10207=VECTOR('',#11997,1.0);
#10208=CARTESIAN_POINT('',(1.2,2.2,-3.55));
#10209=AXIS2_PLACEMENT_3D('',#11998,#11999,#12000);
#10210=CARTESIAN_POINT('',(1.2,-2.2,-3.55));
#10211=VECTOR('',#12001,1.0);
#10212=COLOUR_RGB('',0.82038801908493,0.82038801908493,0.82038801908493);
#10213=CARTESIAN_POINT('',(1.2,2.2,-0.850000000000002));
#10214=CARTESIAN_POINT('',(1.2,2.2,-0.850000000000002));
#10215=VECTOR('',#12002,1.0);
#10216=CARTESIAN_POINT('',(1.2,-2.2,-0.850000000000002));
#10217=VECTOR('',#12003,1.0);
#10218=COLOUR_RGB('',0.82038801908493,0.82038801908493,0.82038801908493);
#10219=CARTESIAN_POINT('',(1.3,2.2,-0.750000000000001));
#10220=AXIS2_PLACEMENT_3D('',#12004,#12005,#12006);
#10221=CARTESIAN_POINT('',(1.3,-2.2,-0.75));
#10222=VECTOR('',#12007,1.0);
#10223=COLOUR_RGB('',0.82038801908493,0.82038801908493,0.82038801908493);
#10224=CARTESIAN_POINT('',(3.7,2.2,-0.75));
#10225=CARTESIAN_POINT('',(3.7,2.2,-0.75));
#10226=VECTOR('',#12008,1.0);
#10227=CARTESIAN_POINT('',(3.7,-2.2,-0.75));
#10228=VECTOR('',#12009,1.0);
#10229=COLOUR_RGB('',0.82038801908493,0.82038801908493,0.82038801908493);
#10230=CARTESIAN_POINT('',(3.8,2.2,-0.850000000000002));
#10231=AXIS2_PLACEMENT_3D('',#12010,#12011,#12012);
#10232=CARTESIAN_POINT('',(3.8,-2.2,-0.850000000000001));
#10233=VECTOR('',#12013,1.0);
#10234=COLOUR_RGB('',0.82038801908493,0.82038801908493,0.82038801908493);
#10235=CARTESIAN_POINT('',(3.8,2.2,-3.55));
#10236=CARTESIAN_POINT('',(3.8,2.2,-3.55));
#10237=VECTOR('',#12014,1.0);
#10238=CARTESIAN_POINT('',(3.8,-2.2,-3.55));
#10239=VECTOR('',#12015,1.0);
#10240=COLOUR_RGB('',0.82038801908493,0.82038801908493,0.82038801908493);
#10241=CARTESIAN_POINT('',(3.7,2.2,-3.65));
#10242=AXIS2_PLACEMENT_3D('',#12016,#12017,#12018);
#10243=CARTESIAN_POINT('',(3.7,-2.2,-3.65));
#10244=VECTOR('',#12019,1.0);
#10245=COLOUR_RGB('',0.82038801908493,0.82038801908493,0.82038801908493);
#10246=CARTESIAN_POINT('',(1.3,2.2,-3.65));
#10247=VECTOR('',#12020,1.0);
#10248=COLOUR_RGB('',0.82038801908493,0.82038801908493,0.82038801908493);
#10249=CARTESIAN_POINT('',(3.7,2.2,-0.250000000000001));
#10250=CARTESIAN_POINT('',(3.7,-2.2,-0.250000000000001));
#10251=VECTOR('',#12021,1.0);
#10252=CARTESIAN_POINT('',(1.3,2.2,-0.250000000000002));
#10253=CARTESIAN_POINT('',(1.3,2.2,-0.250000000000002));
#10254=VECTOR('',#12022,1.0);
#10255=CARTESIAN_POINT('',(1.3,-2.2,-0.250000000000002));
#10256=VECTOR('',#12023,1.0);
#10257=COLOUR_RGB('',0.82038801908493,0.82038801908493,0.82038801908493);
#10258=CARTESIAN_POINT('',(0.7,2.2,-0.850000000000002));
#10259=AXIS2_PLACEMENT_3D('',#12024,#12025,#12026);
#10260=CARTESIAN_POINT('',(0.7,-2.2,-0.850000000000001));
#10261=VECTOR('',#12027,1.0);
#10262=COLOUR_RGB('',0.82038801908493,0.82038801908493,0.82038801908493);
#10263=CARTESIAN_POINT('',(0.7,2.2,-3.55));
#10264=CARTESIAN_POINT('',(0.7,2.2,-3.55));
#10265=VECTOR('',#12028,1.0);
#10266=CARTESIAN_POINT('',(0.7,-2.2,-3.55));
#10267=VECTOR('',#12029,1.0);
#10268=COLOUR_RGB('',0.82038801908493,0.82038801908493,0.82038801908493);
#10269=CARTESIAN_POINT('',(1.3,2.2,-4.15));
#10270=AXIS2_PLACEMENT_3D('',#12030,#12031,#12032);
#10271=CARTESIAN_POINT('',(1.3,-2.2,-4.15));
#10272=VECTOR('',#12033,1.0);
#10273=COLOUR_RGB('',0.82038801908493,0.82038801908493,0.82038801908493);
#10274=CARTESIAN_POINT('',(2.8,0.5,-4.15));
#10275=CARTESIAN_POINT('',(2.8,-0.5,-4.15));
#10276=CARTESIAN_POINT('',(2.8,0.5,-4.15));
#10277=VECTOR('',#12034,1.0);
#10278=CARTESIAN_POINT('',(2.2,0.5,-4.15));
#10279=CARTESIAN_POINT('',(2.2,0.5,-4.15));
#10280=VECTOR('',#12035,1.0);
#10281=CARTESIAN_POINT('',(2.2,-0.5,-4.15));
#10282=CARTESIAN_POINT('',(2.2,-0.5,-4.15));
#10283=VECTOR('',#12036,1.0);
#10284=CARTESIAN_POINT('',(2.8,-0.5,-4.15));
#10285=VECTOR('',#12037,1.0);
#10286=CARTESIAN_POINT('',(3.7,2.2,-4.15));
#10287=CARTESIAN_POINT('',(3.7,2.2,-4.15));
#10288=VECTOR('',#12038,1.0);
#10289=CARTESIAN_POINT('',(3.7,-2.2,-4.15));
#10290=VECTOR('',#12039,1.0);
#10291=COLOUR_RGB('',0.82038801908493,0.82038801908493,0.82038801908493);
#10292=CARTESIAN_POINT('',(4.3,2.2,-3.55));
#10293=AXIS2_PLACEMENT_3D('',#12040,#12041,#12042);
#10294=CARTESIAN_POINT('',(4.3,-2.2,-3.55));
#10295=VECTOR('',#12043,1.0);
#10296=COLOUR_RGB('',0.82038801908493,0.82038801908493,0.82038801908493);
#10297=CARTESIAN_POINT('',(4.3,2.2,-0.850000000000001));
#10298=CARTESIAN_POINT('',(4.3,2.2,-0.850000000000001));
#10299=VECTOR('',#12044,1.0);
#10300=CARTESIAN_POINT('',(4.3,-2.2,-0.850000000000002));
#10301=VECTOR('',#12045,1.0);
#10302=COLOUR_RGB('',0.82038801908493,0.82038801908493,0.82038801908493);
#10303=AXIS2_PLACEMENT_3D('',#12046,#12047,#12048);
#10304=COLOUR_RGB('',0.82038801908493,0.82038801908493,0.82038801908493);
#10305=COLOUR_RGB('',0.82038801908493,0.82038801908493,0.82038801908493);
#10306=CARTESIAN_POINT('',(2.8,0.5,-8.35));
#10307=CARTESIAN_POINT('',(2.8,0.5,-4.15));
#10308=VECTOR('',#12049,1.0);
#10309=CARTESIAN_POINT('',(2.8,-0.5,-8.35));
#10310=CARTESIAN_POINT('',(2.8,-0.5,-4.15));
#10311=VECTOR('',#12050,1.0);
#10312=AXIS2_PLACEMENT_3D('',#12051,#12052,#12053);
#10313=COLOUR_RGB('',0.82038801908493,0.82038801908493,0.82038801908493);
#10314=CARTESIAN_POINT('',(2.2,0.5,-8.35));
#10315=CARTESIAN_POINT('',(2.2,0.5,-4.15));
#10316=VECTOR('',#12054,1.0);
#10317=CARTESIAN_POINT('',(2.2,0.5,-8.35));
#10318=VECTOR('',#12055,1.0);
#10319=COLOUR_RGB('',0.82038801908493,0.82038801908493,0.82038801908493);
#10320=CARTESIAN_POINT('',(2.2,-0.5,-8.35));
#10321=CARTESIAN_POINT('',(2.2,-0.5,-4.15));
#10322=VECTOR('',#12056,1.0);
#10323=AXIS2_PLACEMENT_3D('',#12057,#12058,#12059);
#10324=COLOUR_RGB('',0.82038801908493,0.82038801908493,0.82038801908493);
#10325=CARTESIAN_POINT('',(2.2,-0.5,-8.35));
#10326=VECTOR('',#12060,1.0);
#10327=COLOUR_RGB('',0.82038801908493,0.82038801908493,0.82038801908493);
#10328=COLOUR_RGB('',0.82038801908493,0.82038801908493,0.82038801908493);
#10329=CARTESIAN_POINT('',(2.4583126568155,-1.97586410580231,3.57192560515504));
#10330=CARTESIAN_POINT('',(2.45881873738341,-1.95187729464113,3.78966093839017));
#10331=AXIS2_PLACEMENT_3D('',#12061,#12062,#12063);
#10332=CARTESIAN_POINT('',(2.49999999995382,-1.97630382258896,3.57192560515504));
#10333=AXIS2_PLACEMENT_3D('',#12064,#12065,#12066);
#10334=CARTESIAN_POINT('',(2.50000000329243,-1.95231167330585,3.78966093839017));
#10335=AXIS2_PLACEMENT_3D('',#12067,#12068,#12069);
#10336=AXIS2_PLACEMENT_3D('',#12070,#12071,#12072);
#10337=COLOUR_RGB('',0.82038801908493,0.82038801908493,0.82038801908493);
#10338=CARTESIAN_POINT('',(2.5416873431845,1.97586410580231,3.57192560515504));
#10339=CARTESIAN_POINT('',(2.54118126261659,1.95187729464113,3.78966093839017));
#10340=AXIS2_PLACEMENT_3D('',#12073,#12074,#12075);
#10341=CARTESIAN_POINT('',(2.50000000004618,1.97630382258896,3.57192560515504));
#10342=AXIS2_PLACEMENT_3D('',#12076,#12077,#12078);
#10343=CARTESIAN_POINT('',(2.49999999670757,1.95231167330585,3.78966093839017));
#10344=AXIS2_PLACEMENT_3D('',#12079,#12080,#12081);
#10345=AXIS2_PLACEMENT_3D('',#12082,#12083,#12084);
#10346=COLOUR_RGB('',0.82038801908493,0.82038801908493,0.82038801908493);
#10347=CARTESIAN_POINT('',(3.78244894094027,0.35,4.50753095492681));
#10348=CARTESIAN_POINT('',(3.15,0.35,4.67692058802397));
#10349=AXIS2_PLACEMENT_3D('',#12085,#12086,#12087);
#10350=CARTESIAN_POINT('',(2.85,1.28244894094027,4.50753095492681));
#10351=AXIS2_PLACEMENT_3D('',#12088,#12089,#12090);
#10352=CARTESIAN_POINT('',(2.85,0.650000000000002,4.67692058802397));
#10353=AXIS2_PLACEMENT_3D('',#12091,#12092,#12093);
#10354=AXIS2_PLACEMENT_3D('',#12094,#12095,#12096);
#10355=COLOUR_RGB('',0.82038801908493,0.82038801908493,0.82038801908493);
#10356=CARTESIAN_POINT('',(4.22277164422689,0.35,4.195628476342));
#10357=CARTESIAN_POINT('',(3.17236555601159,0.35,3.58917623855248));
#10358=CARTESIAN_POINT('',(4.22277164422689,0.35,4.195628476342));
#10359=VECTOR('',#12097,1.0);
#10360=CARTESIAN_POINT('',(3.78244894094027,0.349999999999999,4.50753095492681));
#10361=CARTESIAN_POINT('',(3.82390018514771,0.35,4.49244727406688));
#10362=CARTESIAN_POINT('',(3.90662284743368,0.350000000000001,4.45623389777541));
#10363=CARTESIAN_POINT('',(4.02448433973795,0.35,4.38488807271453));
#10364=CARTESIAN_POINT('',(4.13201783094637,0.350000000000001,4.29733572042053));
#10365=CARTESIAN_POINT('',(4.194329874176,0.35,4.23049329638147));
#10366=CARTESIAN_POINT('',(4.22277164422689,0.35,4.195628476342));
#10367=CARTESIAN_POINT('',(3.15,0.35,3.57672419466606));
#10368=CARTESIAN_POINT('',(3.15,0.35,4.67692058802397));
#10369=VECTOR('',#12098,1.0);
#10370=CARTESIAN_POINT('',(3.15,0.35,3.57672419466606));
#10371=CARTESIAN_POINT('',(3.15374020620458,0.35,3.57873081851878));
#10372=CARTESIAN_POINT('',(3.16122791899566,0.35,3.58282307047688));
#10373=CARTESIAN_POINT('',(3.16865091670657,0.35,3.58703157067459));
#10374=CARTESIAN_POINT('',(3.1723655560116,0.35,3.58917623855248));
#10375=COLOUR_RGB('',0.82038801908493,0.82038801908493,0.82038801908493);
#10376=CARTESIAN_POINT('',(2.85,1.92068239689082,3.78966093839017));
#10377=AXIS2_PLACEMENT_3D('',#12099,#12100,#12101);
#10378=AXIS2_PLACEMENT_3D('',#12102,#12103,#12104);
#10379=CARTESIAN_POINT('',(4.22277164422689,-0.35,4.195628476342));
#10380=AXIS2_PLACEMENT_3D('',#12105,#12106,#12107);
#10381=CARTESIAN_POINT('',(3.78244894094027,-0.35,4.50753095492681));
#10382=CARTESIAN_POINT('',(4.22277164422689,-0.35,4.195628476342));
#10383=CARTESIAN_POINT('',(4.1943296619054,-0.35,4.23049355599498));
#10384=CARTESIAN_POINT('',(4.1320177857143,-0.35,4.29733573387069));
#10385=CARTESIAN_POINT('',(4.0244849325666,-0.35,4.38488755732058));
#10386=CARTESIAN_POINT('',(3.90662384896239,-0.35,4.45623339959226));
#10387=CARTESIAN_POINT('',(3.82390095904639,-0.349999999999999,4.49244699205359));
#10388=CARTESIAN_POINT('',(3.78244894094027,-0.349999999999999,4.50753095492681));
#10389=CARTESIAN_POINT('',(2.85,-1.28244894094026,4.50753095492681));
#10390=AXIS2_PLACEMENT_3D('',#12108,#12109,#12110);
#10391=CARTESIAN_POINT('',(2.85,-1.92068239689082,3.78966093839017));
#10392=AXIS2_PLACEMENT_3D('',#12111,#12112,#12113);
#10393=AXIS2_PLACEMENT_3D('',#12114,#12115,#12116);
#10394=AXIS2_PLACEMENT_3D('',#12117,#12118,#12119);
#10395=COLOUR_RGB('',0.82038801908493,0.82038801908493,0.82038801908493);
#10396=CARTESIAN_POINT('',(2.85,0.65,3.68743091025108));
#10397=CARTESIAN_POINT('',(2.85,0.65,4.67692058802397));
#10398=VECTOR('',#12120,1.0);
#10399=CARTESIAN_POINT('',(2.85,0.895061898805853,3.78966093839017));
#10400=CARTESIAN_POINT('',(2.85,1.92068239689082,3.78966093839017));
#10401=VECTOR('',#12121,1.0);
#10402=CARTESIAN_POINT('',(2.85,0.729943037632148,3.7401320179277));
#10403=AXIS2_PLACEMENT_3D('',#12122,#12123,#12124);
#10404=CARTESIAN_POINT('',(2.85,0.729943037632148,3.7401320179277));
#10405=VECTOR('',#12125,1.0);
#10406=COLOUR_RGB('',0.82038801908493,0.82038801908493,0.82038801908493);
#10407=CARTESIAN_POINT('',(2.9361435895819,0.439606474141702,3.54873250462203));
#10408=CARTESIAN_POINT('',(2.9361435895819,0.439606474141702,3.54873250462203));
#10409=CARTESIAN_POINT('',(2.91830510459141,0.458176320554907,3.56097436463071));
#10410=CARTESIAN_POINT('',(2.88685161438502,0.499035230977276,3.58790991651237));
#10411=CARTESIAN_POINT('',(2.85695047446295,0.57145137536591,3.63564904597243));
#10412=CARTESIAN_POINT('',(2.84998015583912,0.622861138797916,3.66954007086351));
#10413=CARTESIAN_POINT('',(2.85,0.65,3.68743091025108));
#10414=CARTESIAN_POINT('',(3.15,0.35,3.57672419466606));
#10415=CARTESIAN_POINT('',(3.13406452072374,0.349884908237345,3.56788700846652));
#10416=CARTESIAN_POINT('',(3.10357583929469,0.352414393319476,3.5533037082706));
#10417=CARTESIAN_POINT('',(3.05888934009222,0.363009539070202,3.53702988579802));
#10418=CARTESIAN_POINT('',(3.01923259957073,0.378981733096126,3.52935622364057));
#10419=CARTESIAN_POINT('',(2.98567447372078,0.398127434127035,3.52959592370964));
#10420=CARTESIAN_POINT('',(2.95810821842778,0.418700624614827,3.53634950545177));
#10421=CARTESIAN_POINT('',(2.94299870882609,0.4325714564884,3.54410615718067));
#10422=CARTESIAN_POINT('',(2.9361435895819,0.439606474141702,3.54873250462203));
#10423=COLOUR_RGB('',0.82038801908493,0.82038801908493,0.82038801908493);
#10424=CARTESIAN_POINT('',(3.06961524227066,-0.26001224188975,3.52985331725484));
#10425=CARTESIAN_POINT('',(3.06961524227066,0.260012241889752,3.52985331725484));
#10426=CARTESIAN_POINT('',(3.06961524227066,-0.26001224188975,3.52985331725484));
#10427=VECTOR('',#12126,1.0);
#10428=CARTESIAN_POINT('',(3.17236555601158,-0.35,3.58917623855247));
#10429=CARTESIAN_POINT('',(3.17236555601158,-0.35,3.58917623855247));
#10430=VECTOR('',#12127,1.0);
#10431=CARTESIAN_POINT('',(4.22277164422689,-0.35,4.195628476342));
#10432=VECTOR('',#12128,1.0);
#10433=CARTESIAN_POINT('',(3.06961524227066,0.260012241889751,3.52985331725484));
#10434=VECTOR('',#12129,1.0);
#10435=COLOUR_RGB('',0.82038801908493,0.82038801908493,0.82038801908493);
#10436=CARTESIAN_POINT('',(2.91961524227107,0.42513110306381,3.53918985885286));
#10437=AXIS2_PLACEMENT_3D('',#12130,#12131,#12132);
#10438=CARTESIAN_POINT('',(2.91961524227066,0.425131103063456,3.53918985885263));
#10439=VECTOR('',#12133,1.0);
#10440=COLOUR_RGB('',0.82038801908493,0.82038801908493,0.82038801908493);
#10441=CARTESIAN_POINT('',(3.15,-0.35,3.57672419466606));
#10442=CARTESIAN_POINT('',(3.15,-0.35,4.67692058802397));
#10443=CARTESIAN_POINT('',(3.15,-0.35,3.57672419466606));
#10444=VECTOR('',#12134,1.0);
#10445=AXIS2_PLACEMENT_3D('',#12135,#12136,#12137);
#10446=CARTESIAN_POINT('',(3.17236555601157,-0.35,3.58917623855247));
#10447=CARTESIAN_POINT('',(3.16865091670655,-0.35,3.58703157067458));
#10448=CARTESIAN_POINT('',(3.16122791899565,-0.35,3.58282307047688));
#10449=CARTESIAN_POINT('',(3.15374020620458,-0.35,3.57873081851877));
#10450=CARTESIAN_POINT('',(3.15,-0.35,3.57672419466606));
#10451=COLOUR_RGB('',0.82038801908493,0.82038801908493,0.82038801908493);
#10452=CARTESIAN_POINT('',(2.85,-0.65,4.67692058802397));
#10453=AXIS2_PLACEMENT_3D('',#12138,#12139,#12140);
#10454=AXIS2_PLACEMENT_3D('',#12141,#12142,#12143);
#10455=COLOUR_RGB('',0.82038801908493,0.82038801908493,0.82038801908493);
#10456=CARTESIAN_POINT('',(2.85,-0.65,3.68743091025108));
#10457=CARTESIAN_POINT('',(2.85,-0.65,3.68743091025108));
#10458=VECTOR('',#12144,1.0);
#10459=CARTESIAN_POINT('',(2.85,-0.729943037632148,3.7401320179277));
#10460=CARTESIAN_POINT('',(2.85,-0.65,3.68743091025108));
#10461=VECTOR('',#12145,1.0);
#10462=CARTESIAN_POINT('',(2.85,-0.895061898805853,3.78966093839017));
#10463=AXIS2_PLACEMENT_3D('',#12146,#12147,#12148);
#10464=CARTESIAN_POINT('',(2.85,-0.895061898805853,3.78966093839017));
#10465=VECTOR('',#12149,1.0);
#10466=COLOUR_RGB('',0.82038801908493,0.82038801908493,0.82038801908493);
#10467=CARTESIAN_POINT('',(2.15,-0.895061898805853,3.78966093839017));
#10468=CARTESIAN_POINT('',(2.15,-1.92068239689082,3.78966093839017));
#10469=CARTESIAN_POINT('',(2.15,-0.895061898805853,3.78966093839017));
#10470=VECTOR('',#12150,1.0);
#10471=AXIS2_PLACEMENT_3D('',#12151,#12152,#12153);
#10472=CARTESIAN_POINT('',(2.85,-0.895061898805853,3.78966093839017));
#10473=VECTOR('',#12154,1.0);
#10474=COLOUR_RGB('',0.82038801908493,0.82038801908493,0.82038801908493);
#10475=CARTESIAN_POINT('',(2.15,-1.28244894094027,4.50753095492681));
#10476=AXIS2_PLACEMENT_3D('',#12155,#12156,#12157);
#10477=CARTESIAN_POINT('',(1.21755105905973,-0.349999999999999,4.50753095492681));
#10478=AXIS2_PLACEMENT_3D('',#12158,#12159,#12160);
#10479=CARTESIAN_POINT('',(0.777228355773109,-0.35,4.195628476342));
#10480=CARTESIAN_POINT('',(1.21755105905973,-0.349999999999998,4.50753095492681));
#10481=CARTESIAN_POINT('',(1.17580146680515,-0.349999999999999,4.49233855102418));
#10482=CARTESIAN_POINT('',(1.09302953327209,-0.35,4.45605862935737));
#10483=CARTESIAN_POINT('',(0.975391853549649,-0.35,4.38475628906422));
#10484=CARTESIAN_POINT('',(0.868088794086668,-0.35,4.29742806248754));
#10485=CARTESIAN_POINT('',(0.805804346597789,-0.35,4.23065736336566));
#10486=CARTESIAN_POINT('',(0.777228355773109,-0.35,4.195628476342));
#10487=CARTESIAN_POINT('',(0.777228355773109,0.35,4.195628476342));
#10488=AXIS2_PLACEMENT_3D('',#12161,#12162,#12163);
#10489=CARTESIAN_POINT('',(1.21755105905973,0.35,4.50753095492681));
#10490=CARTESIAN_POINT('',(0.777228355773109,0.35,4.195628476342));
#10491=CARTESIAN_POINT('',(0.805804515310394,0.35,4.23065756973223));
#10492=CARTESIAN_POINT('',(0.868088802043799,0.35,4.29742804327911));
#10493=CARTESIAN_POINT('',(0.975391286052444,0.35,4.38475580505242));
#10494=CARTESIAN_POINT('',(1.09302862771312,0.350000000000001,4.45605817933519));
#10495=CARTESIAN_POINT('',(1.17580077541782,0.35,4.49233829906603));
#10496=CARTESIAN_POINT('',(1.21755105905973,0.349999999999999,4.50753095492681));
#10497=CARTESIAN_POINT('',(2.15,1.28244894094027,4.50753095492681));
#10498=AXIS2_PLACEMENT_3D('',#12164,#12165,#12166);
#10499=CARTESIAN_POINT('',(2.15,1.92068239689082,3.78966093839017));
#10500=AXIS2_PLACEMENT_3D('',#12167,#12168,#12169);
#10501=AXIS2_PLACEMENT_3D('',#12170,#12171,#12172);
#10502=AXIS2_PLACEMENT_3D('',#12173,#12174,#12175);
#10503=COLOUR_RGB('',0.82038801908493,0.82038801908493,0.82038801908493);
#10504=CARTESIAN_POINT('',(2.5,-1.97630382258896,2.88966093839017));
#10505=CARTESIAN_POINT('',(2.5,-1.97630382258896,2.88966093839017));
#10506=VECTOR('',#12176,1.0);
#10507=CARTESIAN_POINT('',(2.5,1.97630382258896,2.88966093839017));
#10508=AXIS2_PLACEMENT_3D('',#12177,#12178,#12179);
#10509=CARTESIAN_POINT('',(2.5,1.97630382258896,2.88966093839017));
#10510=VECTOR('',#12180,1.0);
#10511=COLOUR_RGB('',0.82038801908493,0.82038801908493,0.82038801908493);
#10512=CARTESIAN_POINT('',(2.15,0.895061898805853,3.78966093839017));
#10513=CARTESIAN_POINT('',(2.15,1.92068239689082,3.78966093839017));
#10514=VECTOR('',#12181,1.0);
#10515=CARTESIAN_POINT('',(2.85,0.895061898805853,3.78966093839017));
#10516=VECTOR('',#12182,1.0);
#10517=COLOUR_RGB('',0.82038801908493,0.82038801908493,0.82038801908493);
#10518=CARTESIAN_POINT('',(2.15,0.729943037632148,3.7401320179277));
#10519=AXIS2_PLACEMENT_3D('',#12183,#12184,#12185);
#10520=CARTESIAN_POINT('',(2.85,0.729943037632148,3.7401320179277));
#10521=VECTOR('',#12186,1.0);
#10522=COLOUR_RGB('',0.82038801908493,0.82038801908493,0.82038801908493);
#10523=CARTESIAN_POINT('',(2.15,0.65,3.68743091025108));
#10524=CARTESIAN_POINT('',(2.15,0.729943037632148,3.7401320179277));
#10525=VECTOR('',#12187,1.0);
#10526=CARTESIAN_POINT('',(2.0638564104181,0.439606474141702,3.54873250462204));
#10527=CARTESIAN_POINT('',(2.15,0.65,3.68743091025108));
#10528=CARTESIAN_POINT('',(2.15001984416088,0.622861138797916,3.6695400708635));
#10529=CARTESIAN_POINT('',(2.14304952553705,0.57145137536591,3.63564904597242));
#10530=CARTESIAN_POINT('',(2.11314838561498,0.499035230977275,3.58790991651237));
#10531=CARTESIAN_POINT('',(2.08169489540859,0.458176320554907,3.56097436463071));
#10532=CARTESIAN_POINT('',(2.0638564104181,0.439606474141702,3.54873250462204));
#10533=CARTESIAN_POINT('',(2.08038475772894,0.425131103063803,3.53918985885286));
#10534=CARTESIAN_POINT('',(2.0638564104181,0.439606474141702,3.54873250462204));
#10535=VECTOR('',#12188,1.0);
#10536=CARTESIAN_POINT('',(2.91961524227066,0.425131103063456,3.53918985885263));
#10537=VECTOR('',#12189,1.0);
#10538=COLOUR_RGB('',0.82038801908493,0.82038801908493,0.82038801908493);
#10539=CARTESIAN_POINT('',(2.91961524227104,0.260012241877245,3.48966093839017));
#10540=AXIS2_PLACEMENT_3D('',#12190,#12191,#12192);
#10541=CARTESIAN_POINT('',(2.91961524227066,-0.26001224188975,3.48966093839017));
#10542=CARTESIAN_POINT('',(2.91961524227066,-0.26001224188975,3.48966093839017));
#10543=VECTOR('',#12193,1.0);
#10544=AXIS2_PLACEMENT_3D('',#12194,#12195,#12196);
#10545=COLOUR_RGB('',0.82038801908493,0.82038801908493,0.82038801908493);
#10546=CARTESIAN_POINT('',(2.91961524227106,-0.425131103063802,3.53918985885286));
#10547=AXIS2_PLACEMENT_3D('',#12197,#12198,#12199);
#10548=CARTESIAN_POINT('',(2.9361435895819,-0.439606474141702,3.54873250462204));
#10549=CARTESIAN_POINT('',(2.9361435895819,-0.439606474141701,3.54873250462204));
#10550=VECTOR('',#12200,1.0);
#10551=CARTESIAN_POINT('',(2.9361435895819,-0.439606474141703,3.54873250462204));
#10552=CARTESIAN_POINT('',(2.94299870882609,-0.4325714564884,3.54410615718068));
#10553=CARTESIAN_POINT('',(2.95810821842779,-0.418700624614824,3.53634950545177));
#10554=CARTESIAN_POINT('',(2.98567447372079,-0.398127434127029,3.52959592370964));
#10555=CARTESIAN_POINT('',(3.01923259957074,-0.378981733096121,3.52935622364057));
#10556=CARTESIAN_POINT('',(3.05888934009224,-0.363009539070198,3.53702988579802));
#10557=CARTESIAN_POINT('',(3.10357583929469,-0.352414393319475,3.5533037082706));
#10558=CARTESIAN_POINT('',(3.13406452072374,-0.349884908237346,3.56788700846652));
#10559=CARTESIAN_POINT('',(3.15,-0.35,3.57672419466606));
#10560=COLOUR_RGB('',0.82038801908493,0.82038801908493,0.82038801908493);
#10561=AXIS2_PLACEMENT_3D('',#12201,#12202,#12203);
#10562=COLOUR_RGB('',0.82038801908493,0.82038801908493,0.82038801908493);
#10563=CARTESIAN_POINT('',(2.85,-0.649999999999999,3.68743091025108));
#10564=CARTESIAN_POINT('',(2.84998015583912,-0.622861138797915,3.66954007086351));
#10565=CARTESIAN_POINT('',(2.85695047446295,-0.571451375365909,3.63564904597242));
#10566=CARTESIAN_POINT('',(2.88685161438503,-0.499035230977275,3.58790991651237));
#10567=CARTESIAN_POINT('',(2.91830510459141,-0.458176320554906,3.56097436463071));
#10568=CARTESIAN_POINT('',(2.9361435895819,-0.439606474141701,3.54873250462204));
#10569=COLOUR_RGB('',0.82038801908493,0.82038801908493,0.82038801908493);
#10570=CARTESIAN_POINT('',(2.08038475772893,-0.425131103063808,3.53918985885286));
#10571=CARTESIAN_POINT('',(2.08038475772934,-0.425131103063455,3.53918985885263));
#10572=VECTOR('',#12204,1.0);
#10573=CARTESIAN_POINT('',(2.0638564104181,-0.439606474141702,3.54873250462203));
#10574=CARTESIAN_POINT('',(2.08038475772934,-0.425131103063455,3.53918985885263));
#10575=VECTOR('',#12205,1.0);
#10576=CARTESIAN_POINT('',(2.15,-0.65,3.68743091025108));
#10577=CARTESIAN_POINT('',(2.0638564104181,-0.439606474141702,3.54873250462203));
#10578=CARTESIAN_POINT('',(2.0816948954086,-0.458176320554907,3.56097436463071));
#10579=CARTESIAN_POINT('',(2.11314838561497,-0.499035230977276,3.58790991651237));
#10580=CARTESIAN_POINT('',(2.14304952553705,-0.571451375365909,3.63564904597243));
#10581=CARTESIAN_POINT('',(2.15001984416088,-0.622861138797916,3.66954007086351));
#10582=CARTESIAN_POINT('',(2.15,-0.65,3.68743091025108));
#10583=CARTESIAN_POINT('',(2.15,-0.729943037632148,3.7401320179277));
#10584=CARTESIAN_POINT('',(2.15,-0.65,3.68743091025108));
#10585=VECTOR('',#12206,1.0);
#10586=CARTESIAN_POINT('',(2.85,-0.729943037632148,3.7401320179277));
#10587=VECTOR('',#12207,1.0);
#10588=COLOUR_RGB('',0.82038801908493,0.82038801908493,0.82038801908493);
#10589=AXIS2_PLACEMENT_3D('',#12208,#12209,#12210);
#10590=COLOUR_RGB('',0.82038801908493,0.82038801908493,0.82038801908493);
#10591=CARTESIAN_POINT('',(2.15,-0.649999999999993,4.67692058802397));
#10592=CARTESIAN_POINT('',(2.15,-0.65,4.67692058802397));
#10593=VECTOR('',#12211,1.0);
#10594=AXIS2_PLACEMENT_3D('',#12212,#12213,#12214);
#10595=COLOUR_RGB('',0.82038801908493,0.82038801908493,0.82038801908493);
#10596=CARTESIAN_POINT('',(1.85000000000001,-0.35,4.67692058802397));
#10597=AXIS2_PLACEMENT_3D('',#12215,#12216,#12217);
#10598=AXIS2_PLACEMENT_3D('',#12218,#12219,#12220);
#10599=COLOUR_RGB('',0.82038801908493,0.82038801908493,0.82038801908493);
#10600=CARTESIAN_POINT('',(1.82763444398839,-0.35,3.58917623855249));
#10601=CARTESIAN_POINT('',(1.82763444398838,-0.35,3.5891762385525));
#10602=VECTOR('',#12221,1.0);
#10603=CARTESIAN_POINT('',(1.85,-0.35,3.57672419466606));
#10604=CARTESIAN_POINT('',(1.85,-0.35,4.67692058802397));
#10605=VECTOR('',#12222,1.0);
#10606=CARTESIAN_POINT('',(1.85,-0.35,3.57672419466606));
#10607=CARTESIAN_POINT('',(1.84625979379542,-0.35,3.57873081851877));
#10608=CARTESIAN_POINT('',(1.83877208100433,-0.35,3.58282307047689));
#10609=CARTESIAN_POINT('',(1.83134908329342,-0.35,3.5870315706746));
#10610=CARTESIAN_POINT('',(1.82763444398838,-0.35,3.5891762385525));
#10611=COLOUR_RGB('',0.82038801908493,0.82038801908493,0.82038801908493);
#10612=CARTESIAN_POINT('',(1.93038475772934,0.260012241889751,3.52985331725484));
#10613=CARTESIAN_POINT('',(1.93038475772934,-0.26001224188975,3.52985331725484));
#10614=CARTESIAN_POINT('',(1.93038475772934,0.260012241889751,3.52985331725484));
#10615=VECTOR('',#12223,1.0);
#10616=CARTESIAN_POINT('',(1.82763444398843,0.35,3.58917623855247));
#10617=CARTESIAN_POINT('',(1.82763444398842,0.35,3.58917623855247));
#10618=VECTOR('',#12224,1.0);
#10619=CARTESIAN_POINT('',(1.82763444398843,0.35,3.58917623855247));
#10620=VECTOR('',#12225,1.0);
#10621=CARTESIAN_POINT('',(1.93038475772934,-0.26001224188975,3.52985331725484));
#10622=VECTOR('',#12226,1.0);
#10623=COLOUR_RGB('',0.82038801908493,0.82038801908493,0.82038801908493);
#10624=CARTESIAN_POINT('',(1.85,0.35,3.57672419466606));
#10625=CARTESIAN_POINT('',(1.85,0.35,4.67692058802397));
#10626=CARTESIAN_POINT('',(1.85,0.35,3.57672419466606));
#10627=VECTOR('',#12227,1.0);
#10628=AXIS2_PLACEMENT_3D('',#12228,#12229,#12230);
#10629=CARTESIAN_POINT('',(1.82763444398843,0.35,3.58917623855247));
#10630=CARTESIAN_POINT('',(1.83134908329345,0.35,3.58703157067458));
#10631=CARTESIAN_POINT('',(1.83877208100435,0.35,3.58282307047688));
#10632=CARTESIAN_POINT('',(1.84625979379542,0.35,3.57873081851878));
#10633=CARTESIAN_POINT('',(1.85,0.35,3.57672419466606));
#10634=COLOUR_RGB('',0.82038801908493,0.82038801908493,0.82038801908493);
#10635=CARTESIAN_POINT('',(2.15,0.65,4.67692058802397));
#10636=AXIS2_PLACEMENT_3D('',#12231,#12232,#12233);
#10637=AXIS2_PLACEMENT_3D('',#12234,#12235,#12236);
#10638=COLOUR_RGB('',0.82038801908493,0.82038801908493,0.82038801908493);
#10639=CARTESIAN_POINT('',(2.15,0.65,3.68743091025108));
#10640=VECTOR('',#12237,1.0);
#10641=COLOUR_RGB('',0.82038801908493,0.82038801908493,0.82038801908493);
#10642=AXIS2_PLACEMENT_3D('',#12238,#12239,#12240);
#10643=COLOUR_RGB('',0.82038801908493,0.82038801908493,0.82038801908493);
#10644=CARTESIAN_POINT('',(2.5,1.27630382258896,2.88966093839017));
#10645=CARTESIAN_POINT('',(2.5,-1.27630382258896,2.88966093839017));
#10646=AXIS2_PLACEMENT_3D('',#12241,#12242,#12243);
#10647=AXIS2_PLACEMENT_3D('',#12244,#12245,#12246);
#10648=COLOUR_RGB('',0.82038801908493,0.82038801908493,0.82038801908493);
#10649=CARTESIAN_POINT('',(2.0638564104181,0.439606474141703,3.54873250462203));
#10650=CARTESIAN_POINT('',(2.0570012911739,0.432571456488397,3.54410615718067));
#10651=CARTESIAN_POINT('',(2.0418917815722,0.418700624614815,3.53634950545177));
#10652=CARTESIAN_POINT('',(2.01432552627919,0.398127434127017,3.52959592370963));
#10653=CARTESIAN_POINT('',(1.98076740042923,0.378981733096108,3.52935622364058));
#10654=CARTESIAN_POINT('',(1.94111065990774,0.36300953907019,3.53702988579803));
#10655=CARTESIAN_POINT('',(1.89642416070529,0.352414393319473,3.55330370827061));
#10656=CARTESIAN_POINT('',(1.86593547927625,0.349884908237346,3.56788700846652));
#10657=CARTESIAN_POINT('',(1.85,0.35,3.57672419466606));
#10658=COLOUR_RGB('',0.82038801908493,0.82038801908493,0.82038801908493);
#10659=AXIS2_PLACEMENT_3D('',#12247,#12248,#12249);
#10660=COLOUR_RGB('',0.82038801908493,0.82038801908493,0.82038801908493);
#10661=CARTESIAN_POINT('',(2.08038475772934,0.260012241889751,3.48966093839017));
#10662=AXIS2_PLACEMENT_3D('',#12250,#12251,#12252);
#10663=CARTESIAN_POINT('',(2.08038475772934,0.260012241889751,3.48966093839017));
#10664=VECTOR('',#12253,1.0);
#10665=COLOUR_RGB('',0.82038801908493,0.82038801908493,0.82038801908493);
#10666=CARTESIAN_POINT('',(2.08038475772896,-0.260012241877243,3.48966093839017));
#10667=CARTESIAN_POINT('',(2.08038475772934,0.260012241889751,3.48966093839017));
#10668=VECTOR('',#12254,1.0);
#10669=CARTESIAN_POINT('',(2.91961524227066,-0.26001224188975,3.48966093839017));
#10670=VECTOR('',#12255,1.0);
#10671=COLOUR_RGB('',0.82038801908493,0.82038801908493,0.82038801908493);
#10672=AXIS2_PLACEMENT_3D('',#12256,#12257,#12258);
#10673=COLOUR_RGB('',0.82038801908493,0.82038801908493,0.82038801908493);
#10674=AXIS2_PLACEMENT_3D('',#12259,#12260,#12261);
#10675=COLOUR_RGB('',0.82038801908493,0.82038801908493,0.82038801908493);
#10676=AXIS2_PLACEMENT_3D('',#12262,#12263,#12264);
#10677=CARTESIAN_POINT('',(1.85,-0.35,3.57672419466606));
#10678=CARTESIAN_POINT('',(1.86593547927627,-0.349884908237345,3.56788700846652));
#10679=CARTESIAN_POINT('',(1.89642416070533,-0.352414393319477,3.55330370827059));
#10680=CARTESIAN_POINT('',(1.9411106599078,-0.363009539070208,3.53702988579801));
#10681=CARTESIAN_POINT('',(1.98076740042929,-0.378981733096137,3.52935622364057));
#10682=CARTESIAN_POINT('',(2.01432552627923,-0.398127434127045,3.52959592370964));
#10683=CARTESIAN_POINT('',(2.04189178157222,-0.418700624614833,3.53634950545178));
#10684=CARTESIAN_POINT('',(2.05700129117391,-0.432571456488402,3.54410615718068));
#10685=CARTESIAN_POINT('',(2.0638564104181,-0.439606474141702,3.54873250462203));
#10686=COLOUR_RGB('',0.82038801908493,0.82038801908493,0.82038801908493);
#10687=COLOUR_RGB('',0.82038801908493,0.82038801908493,0.82038801908493);
#10688=AXIS2_PLACEMENT_3D('',#12265,#12266,#12267);
#10689=AXIS2_PLACEMENT_3D('',#12268,#12269,#12270);
#10690=COLOUR_RGB('',0.82038801908493,0.82038801908493,0.82038801908493);
#10691=CARTESIAN_POINT('',(2.5,1.27630382258896,0.454021091963752));
#10692=CARTESIAN_POINT('',(2.5,-1.27630382258896,0.454021091963752));
#10693=AXIS2_PLACEMENT_3D('',#12271,#12272,#12273);
#10694=CARTESIAN_POINT('',(2.5,-1.27630382258896,0.454021091963752));
#10695=VECTOR('',#12274,1.0);
#10696=CARTESIAN_POINT('',(2.5,1.27630382258896,0.454021091963752));
#10697=VECTOR('',#12275,1.0);
#10698=COLOUR_RGB('',0.82038801908493,0.82038801908493,0.82038801908493);
#10699=AXIS2_PLACEMENT_3D('',#12276,#12277,#12278);
#10700=COLOUR_RGB('',0.82038801908493,0.82038801908493,0.82038801908493);
#10701=COLOUR_RGB('',0.82038801908493,0.82038801908493,0.82038801908493);
#10702=COLOUR_RGB('',0.82038801908493,0.82038801908493,0.82038801908493);
#10703=COLOUR_RGB('',0.82038801908493,0.82038801908493,0.82038801908493);
#10704=CARTESIAN_POINT('',(-3.8,-2.2,-3.55));
#10705=CARTESIAN_POINT('',(-3.7,-2.2,-3.65));
#10706=AXIS2_PLACEMENT_3D('',#12279,#12280,#12281);
#10707=CARTESIAN_POINT('',(-3.8,-2.2,-0.850000000000002));
#10708=CARTESIAN_POINT('',(-3.8,-2.2,-0.850000000000002));
#10709=VECTOR('',#12282,1.0);
#10710=CARTESIAN_POINT('',(-3.7,-2.2,-0.750000000000001));
#10711=AXIS2_PLACEMENT_3D('',#12283,#12284,#12285);
#10712=CARTESIAN_POINT('',(-1.3,-2.2,-0.75));
#10713=CARTESIAN_POINT('',(-1.3,-2.2,-0.75));
#10714=VECTOR('',#12286,1.0);
#10715=CARTESIAN_POINT('',(-1.2,-2.2,-0.850000000000002));
#10716=AXIS2_PLACEMENT_3D('',#12287,#12288,#12289);
#10717=CARTESIAN_POINT('',(-1.2,-2.2,-3.55));
#10718=CARTESIAN_POINT('',(-1.2,-2.2,-3.55));
#10719=VECTOR('',#12290,1.0);
#10720=CARTESIAN_POINT('',(-1.3,-2.2,-3.65));
#10721=AXIS2_PLACEMENT_3D('',#12291,#12292,#12293);
#10722=CARTESIAN_POINT('',(-3.7,-2.2,-3.65));
#10723=VECTOR('',#12294,1.0);
#10724=CARTESIAN_POINT('',(-3.7,-2.2,-0.250000000000002));
#10725=CARTESIAN_POINT('',(-1.3,-2.2,-0.250000000000001));
#10726=CARTESIAN_POINT('',(-3.7,-2.2,-0.250000000000002));
#10727=VECTOR('',#12295,1.0);
#10728=CARTESIAN_POINT('',(-4.3,-2.2,-0.850000000000002));
#10729=AXIS2_PLACEMENT_3D('',#12296,#12297,#12298);
#10730=CARTESIAN_POINT('',(-4.3,-2.2,-3.55));
#10731=CARTESIAN_POINT('',(-4.3,-2.2,-3.55));
#10732=VECTOR('',#12299,1.0);
#10733=CARTESIAN_POINT('',(-3.7,-2.2,-4.15));
#10734=AXIS2_PLACEMENT_3D('',#12300,#12301,#12302);
#10735=CARTESIAN_POINT('',(-1.3,-2.2,-4.15));
#10736=CARTESIAN_POINT('',(-1.3,-2.2,-4.15));
#10737=VECTOR('',#12303,1.0);
#10738=CARTESIAN_POINT('',(-0.7,-2.2,-3.55));
#10739=AXIS2_PLACEMENT_3D('',#12304,#12305,#12306);
#10740=CARTESIAN_POINT('',(-0.7,-2.2,-0.850000000000001));
#10741=CARTESIAN_POINT('',(-0.7,-2.2,-0.850000000000001));
#10742=VECTOR('',#12307,1.0);
#10743=AXIS2_PLACEMENT_3D('',#12308,#12309,#12310);
#10744=COLOUR_RGB('',0.82038801908493,0.82038801908493,0.82038801908493);
#10745=CARTESIAN_POINT('',(-3.7,2.2,-3.65));
#10746=CARTESIAN_POINT('',(-3.7,-2.2,-3.65));
#10747=VECTOR('',#12311,1.0);
#10748=CARTESIAN_POINT('',(-3.8,2.2,-3.55));
#10749=AXIS2_PLACEMENT_3D('',#12312,#12313,#12314);
#10750=CARTESIAN_POINT('',(-3.8,-2.2,-3.55));
#10751=VECTOR('',#12315,1.0);
#10752=COLOUR_RGB('',0.82038801908493,0.82038801908493,0.82038801908493);
#10753=CARTESIAN_POINT('',(-3.8,2.2,-0.850000000000002));
#10754=CARTESIAN_POINT('',(-3.8,2.2,-0.850000000000002));
#10755=VECTOR('',#12316,1.0);
#10756=CARTESIAN_POINT('',(-3.8,-2.2,-0.850000000000002));
#10757=VECTOR('',#12317,1.0);
#10758=COLOUR_RGB('',0.82038801908493,0.82038801908493,0.82038801908493);
#10759=CARTESIAN_POINT('',(-3.7,2.2,-0.750000000000001));
#10760=AXIS2_PLACEMENT_3D('',#12318,#12319,#12320);
#10761=CARTESIAN_POINT('',(-3.7,-2.2,-0.75));
#10762=VECTOR('',#12321,1.0);
#10763=COLOUR_RGB('',0.82038801908493,0.82038801908493,0.82038801908493);
#10764=CARTESIAN_POINT('',(-1.3,2.2,-0.75));
#10765=CARTESIAN_POINT('',(-1.3,2.2,-0.75));
#10766=VECTOR('',#12322,1.0);
#10767=CARTESIAN_POINT('',(-1.3,-2.2,-0.75));
#10768=VECTOR('',#12323,1.0);
#10769=COLOUR_RGB('',0.82038801908493,0.82038801908493,0.82038801908493);
#10770=CARTESIAN_POINT('',(-1.2,2.2,-0.850000000000002));
#10771=AXIS2_PLACEMENT_3D('',#12324,#12325,#12326);
#10772=CARTESIAN_POINT('',(-1.2,-2.2,-0.850000000000001));
#10773=VECTOR('',#12327,1.0);
#10774=COLOUR_RGB('',0.82038801908493,0.82038801908493,0.82038801908493);
#10775=CARTESIAN_POINT('',(-1.2,2.2,-3.55));
#10776=CARTESIAN_POINT('',(-1.2,2.2,-3.55));
#10777=VECTOR('',#12328,1.0);
#10778=CARTESIAN_POINT('',(-1.2,-2.2,-3.55));
#10779=VECTOR('',#12329,1.0);
#10780=COLOUR_RGB('',0.82038801908493,0.82038801908493,0.82038801908493);
#10781=CARTESIAN_POINT('',(-1.3,2.2,-3.65));
#10782=AXIS2_PLACEMENT_3D('',#12330,#12331,#12332);
#10783=CARTESIAN_POINT('',(-1.3,-2.2,-3.65));
#10784=VECTOR('',#12333,1.0);
#10785=COLOUR_RGB('',0.82038801908493,0.82038801908493,0.82038801908493);
#10786=CARTESIAN_POINT('',(-3.7,2.2,-3.65));
#10787=VECTOR('',#12334,1.0);
#10788=COLOUR_RGB('',0.82038801908493,0.82038801908493,0.82038801908493);
#10789=CARTESIAN_POINT('',(-1.3,2.2,-0.250000000000001));
#10790=CARTESIAN_POINT('',(-1.3,-2.2,-0.250000000000001));
#10791=VECTOR('',#12335,1.0);
#10792=CARTESIAN_POINT('',(-3.7,2.2,-0.250000000000002));
#10793=CARTESIAN_POINT('',(-3.7,2.2,-0.250000000000002));
#10794=VECTOR('',#12336,1.0);
#10795=CARTESIAN_POINT('',(-3.7,-2.2,-0.250000000000002));
#10796=VECTOR('',#12337,1.0);
#10797=COLOUR_RGB('',0.82038801908493,0.82038801908493,0.82038801908493);
#10798=CARTESIAN_POINT('',(-4.3,2.2,-0.850000000000002));
#10799=AXIS2_PLACEMENT_3D('',#12338,#12339,#12340);
#10800=CARTESIAN_POINT('',(-4.3,-2.2,-0.850000000000001));
#10801=VECTOR('',#12341,1.0);
#10802=COLOUR_RGB('',0.82038801908493,0.82038801908493,0.82038801908493);
#10803=CARTESIAN_POINT('',(-4.3,2.2,-3.55));
#10804=CARTESIAN_POINT('',(-4.3,2.2,-3.55));
#10805=VECTOR('',#12342,1.0);
#10806=CARTESIAN_POINT('',(-4.3,-2.2,-3.55));
#10807=VECTOR('',#12343,1.0);
#10808=COLOUR_RGB('',0.82038801908493,0.82038801908493,0.82038801908493);
#10809=CARTESIAN_POINT('',(-3.7,2.2,-4.15));
#10810=AXIS2_PLACEMENT_3D('',#12344,#12345,#12346);
#10811=CARTESIAN_POINT('',(-3.7,-2.2,-4.15));
#10812=VECTOR('',#12347,1.0);
#10813=COLOUR_RGB('',0.82038801908493,0.82038801908493,0.82038801908493);
#10814=CARTESIAN_POINT('',(-2.2,0.5,-4.15));
#10815=CARTESIAN_POINT('',(-2.2,-0.5,-4.15));
#10816=CARTESIAN_POINT('',(-2.2,0.5,-4.15));
#10817=VECTOR('',#12348,1.0);
#10818=CARTESIAN_POINT('',(-2.8,0.5,-4.15));
#10819=CARTESIAN_POINT('',(-2.8,0.5,-4.15));
#10820=VECTOR('',#12349,1.0);
#10821=CARTESIAN_POINT('',(-2.8,-0.5,-4.15));
#10822=CARTESIAN_POINT('',(-2.8,-0.5,-4.15));
#10823=VECTOR('',#12350,1.0);
#10824=CARTESIAN_POINT('',(-2.2,-0.5,-4.15));
#10825=VECTOR('',#12351,1.0);
#10826=CARTESIAN_POINT('',(-1.3,2.2,-4.15));
#10827=CARTESIAN_POINT('',(-1.3,2.2,-4.15));
#10828=VECTOR('',#12352,1.0);
#10829=CARTESIAN_POINT('',(-1.3,-2.2,-4.15));
#10830=VECTOR('',#12353,1.0);
#10831=COLOUR_RGB('',0.82038801908493,0.82038801908493,0.82038801908493);
#10832=CARTESIAN_POINT('',(-0.7,2.2,-3.55));
#10833=AXIS2_PLACEMENT_3D('',#12354,#12355,#12356);
#10834=CARTESIAN_POINT('',(-0.7,-2.2,-3.55));
#10835=VECTOR('',#12357,1.0);
#10836=COLOUR_RGB('',0.82038801908493,0.82038801908493,0.82038801908493);
#10837=CARTESIAN_POINT('',(-0.7,2.2,-0.850000000000001));
#10838=CARTESIAN_POINT('',(-0.7,2.2,-0.850000000000001));
#10839=VECTOR('',#12358,1.0);
#10840=CARTESIAN_POINT('',(-0.7,-2.2,-0.850000000000002));
#10841=VECTOR('',#12359,1.0);
#10842=COLOUR_RGB('',0.82038801908493,0.82038801908493,0.82038801908493);
#10843=AXIS2_PLACEMENT_3D('',#12360,#12361,#12362);
#10844=COLOUR_RGB('',0.82038801908493,0.82038801908493,0.82038801908493);
#10845=COLOUR_RGB('',0.82038801908493,0.82038801908493,0.82038801908493);
#10846=CARTESIAN_POINT('',(-2.2,0.5,-8.35));
#10847=CARTESIAN_POINT('',(-2.2,0.5,-4.15));
#10848=VECTOR('',#12363,1.0);
#10849=CARTESIAN_POINT('',(-2.2,-0.5,-8.35));
#10850=CARTESIAN_POINT('',(-2.2,-0.5,-4.15));
#10851=VECTOR('',#12364,1.0);
#10852=AXIS2_PLACEMENT_3D('',#12365,#12366,#12367);
#10853=COLOUR_RGB('',0.82038801908493,0.82038801908493,0.82038801908493);
#10854=CARTESIAN_POINT('',(-2.8,0.5,-8.35));
#10855=CARTESIAN_POINT('',(-2.8,0.5,-4.15));
#10856=VECTOR('',#12368,1.0);
#10857=CARTESIAN_POINT('',(-2.8,0.5,-8.35));
#10858=VECTOR('',#12369,1.0);
#10859=COLOUR_RGB('',0.82038801908493,0.82038801908493,0.82038801908493);
#10860=CARTESIAN_POINT('',(-2.8,-0.5,-8.35));
#10861=CARTESIAN_POINT('',(-2.8,-0.5,-4.15));
#10862=VECTOR('',#12370,1.0);
#10863=AXIS2_PLACEMENT_3D('',#12371,#12372,#12373);
#10864=COLOUR_RGB('',0.82038801908493,0.82038801908493,0.82038801908493);
#10865=CARTESIAN_POINT('',(-2.8,-0.5,-8.35));
#10866=VECTOR('',#12374,1.0);
#10867=COLOUR_RGB('',0.82038801908493,0.82038801908493,0.82038801908493);
#10868=COLOUR_RGB('',0.82038801908493,0.82038801908493,0.82038801908493);
#10869=CARTESIAN_POINT('',(-2.5416873431845,-1.97586410580231,3.57192560515504));
#10870=CARTESIAN_POINT('',(-2.54118126261659,-1.95187729464113,3.78966093839017));
#10871=AXIS2_PLACEMENT_3D('',#12375,#12376,#12377);
#10872=CARTESIAN_POINT('',(-2.50000000003467,-1.97630382258896,3.57192560515504));
#10873=AXIS2_PLACEMENT_3D('',#12378,#12379,#12380);
#10874=CARTESIAN_POINT('',(-2.49999999750379,-1.95231167330585,3.78966093839017));
#10875=AXIS2_PLACEMENT_3D('',#12381,#12382,#12383);
#10876=AXIS2_PLACEMENT_3D('',#12384,#12385,#12386);
#10877=COLOUR_RGB('',0.82038801908493,0.82038801908493,0.82038801908493);
#10878=CARTESIAN_POINT('',(-2.4583126568155,1.97586410580231,3.57192560515504));
#10879=CARTESIAN_POINT('',(-2.45881873738341,1.95187729464113,3.78966093839017));
#10880=AXIS2_PLACEMENT_3D('',#12387,#12388,#12389);
#10881=CARTESIAN_POINT('',(-2.49999999996533,1.97630382258896,3.57192560515504));
#10882=AXIS2_PLACEMENT_3D('',#12390,#12391,#12392);
#10883=CARTESIAN_POINT('',(-2.50000000249621,1.95231167330585,3.78966093839017));
#10884=AXIS2_PLACEMENT_3D('',#12393,#12394,#12395);
#10885=AXIS2_PLACEMENT_3D('',#12396,#12397,#12398);
#10886=COLOUR_RGB('',0.82038801908493,0.82038801908493,0.82038801908493);
#10887=CARTESIAN_POINT('',(-1.21755105905973,0.35,4.50753095492681));
#10888=CARTESIAN_POINT('',(-1.85,0.349999999999999,4.67692058802397));
#10889=AXIS2_PLACEMENT_3D('',#12399,#12400,#12401);
#10890=CARTESIAN_POINT('',(-2.15,1.28244894094027,4.50753095492681));
#10891=AXIS2_PLACEMENT_3D('',#12402,#12403,#12404);
#10892=CARTESIAN_POINT('',(-2.15,0.65,4.67692058802397));
#10893=AXIS2_PLACEMENT_3D('',#12405,#12406,#12407);
#10894=AXIS2_PLACEMENT_3D('',#12408,#12409,#12410);
#10895=COLOUR_RGB('',0.82038801908493,0.82038801908493,0.82038801908493);
#10896=CARTESIAN_POINT('',(-0.777228355773109,0.35,4.195628476342));
#10897=CARTESIAN_POINT('',(-1.82763444398843,0.35,3.58917623855247));
#10898=CARTESIAN_POINT('',(-0.777228355773109,0.35,4.195628476342));
#10899=VECTOR('',#12411,1.0);
#10900=CARTESIAN_POINT('',(-1.21755105905973,0.349999999999999,4.50753095492681));
#10901=CARTESIAN_POINT('',(-1.17611788590124,0.35,4.49245385925407));
#10902=CARTESIAN_POINT('',(-1.09340054304812,0.35,4.45624553226346));
#10903=CARTESIAN_POINT('',(-0.975529514330603,0.35,4.38490011473591));
#10904=CARTESIAN_POINT('',(-0.867981122228973,0.35,4.29733541561508));
#10905=CARTESIAN_POINT('',(-0.805665174759265,0.35,4.23048724106464));
#10906=CARTESIAN_POINT('',(-0.777228355773109,0.35,4.195628476342));
#10907=CARTESIAN_POINT('',(-1.85,0.35,3.57672419466606));
#10908=CARTESIAN_POINT('',(-1.85,0.35,4.67692058802397));
#10909=VECTOR('',#12412,1.0);
#10910=CARTESIAN_POINT('',(-1.85,0.35,3.57672419466606));
#10911=CARTESIAN_POINT('',(-1.84626016821221,0.35,3.57873061763978));
#10912=CARTESIAN_POINT('',(-1.83877245224334,0.35,3.58282286378282));
#10913=CARTESIAN_POINT('',(-1.83134945126712,0.35,3.5870313582206));
#10914=CARTESIAN_POINT('',(-1.82763444398844,0.35,3.58917623855246));
#10915=COLOUR_RGB('',0.82038801908493,0.82038801908493,0.82038801908493);
#10916=CARTESIAN_POINT('',(-2.15,1.92068239689082,3.78966093839017));
#10917=AXIS2_PLACEMENT_3D('',#12413,#12414,#12415);
#10918=AXIS2_PLACEMENT_3D('',#12416,#12417,#12418);
#10919=CARTESIAN_POINT('',(-0.777228355773109,-0.35,4.195628476342));
#10920=AXIS2_PLACEMENT_3D('',#12419,#12420,#12421);
#10921=CARTESIAN_POINT('',(-1.21755105905973,-0.35,4.50753095492681));
#10922=CARTESIAN_POINT('',(-0.777228355773109,-0.35,4.195628476342));
#10923=CARTESIAN_POINT('',(-0.805665388374105,-0.35,4.23048750232315));
#10924=CARTESIAN_POINT('',(-0.867981167069617,-0.35,4.29733542841223));
#10925=CARTESIAN_POINT('',(-0.97552891553147,-0.349999999999999,4.38489959435369));
#10926=CARTESIAN_POINT('',(-1.09339953264865,-0.35,4.45624502970668));
#10927=CARTESIAN_POINT('',(-1.17611710541172,-0.349999999999999,4.49245357483992));
#10928=CARTESIAN_POINT('',(-1.21755105905973,-0.349999999999999,4.50753095492681));
#10929=CARTESIAN_POINT('',(-2.15,-1.28244894094026,4.50753095492681));
#10930=AXIS2_PLACEMENT_3D('',#12422,#12423,#12424);
#10931=CARTESIAN_POINT('',(-2.15,-1.92068239689082,3.78966093839017));
#10932=AXIS2_PLACEMENT_3D('',#12425,#12426,#12427);
#10933=AXIS2_PLACEMENT_3D('',#12428,#12429,#12430);
#10934=AXIS2_PLACEMENT_3D('',#12431,#12432,#12433);
#10935=COLOUR_RGB('',0.82038801908493,0.82038801908493,0.82038801908493);
#10936=CARTESIAN_POINT('',(-2.15,0.65,3.68743091025108));
#10937=CARTESIAN_POINT('',(-2.15,0.65,4.67692058802397));
#10938=VECTOR('',#12434,1.0);
#10939=CARTESIAN_POINT('',(-2.15,0.895061898805853,3.78966093839017));
#10940=CARTESIAN_POINT('',(-2.15,1.92068239689082,3.78966093839017));
#10941=VECTOR('',#12435,1.0);
#10942=CARTESIAN_POINT('',(-2.15,0.729943037632148,3.7401320179277));
#10943=AXIS2_PLACEMENT_3D('',#12436,#12437,#12438);
#10944=CARTESIAN_POINT('',(-2.15,0.729943037632148,3.7401320179277));
#10945=VECTOR('',#12439,1.0);
#10946=COLOUR_RGB('',0.82038801908493,0.82038801908493,0.82038801908493);
#10947=CARTESIAN_POINT('',(-2.0638564104181,0.439606474141703,3.54873250462204));
#10948=CARTESIAN_POINT('',(-2.0638564104181,0.439606474141703,3.54873250462204));
#10949=CARTESIAN_POINT('',(-2.08167472741292,0.458154517727819,3.56095999148237));
#10950=CARTESIAN_POINT('',(-2.1131123625052,0.498981434173774,3.58787445187132));
#10951=CARTESIAN_POINT('',(-2.14303694404326,0.571390281091265,3.63560877059583));
#10952=CARTESIAN_POINT('',(-2.15001986455973,0.622824936300959,3.66951620497416));
#10953=CARTESIAN_POINT('',(-2.15,0.65,3.68743091025108));
#10954=CARTESIAN_POINT('',(-2.0638564104181,0.439606474141703,3.54873250462204));
#10955=CARTESIAN_POINT('',(-2.05802750219238,0.433636812885065,3.54480028671007));
#10956=CARTESIAN_POINT('',(-2.04544568426194,0.421907461121371,3.5380681924883));
#10957=CARTESIAN_POINT('',(-2.02318148750459,0.404437287602455,3.53134104529639));
#10958=CARTESIAN_POINT('',(-1.99666694287293,0.387598684118547,3.52888154251413));
#10959=CARTESIAN_POINT('',(-1.96536189982174,0.37227553684269,3.5317871529133));
#10960=CARTESIAN_POINT('',(-1.92976337655844,0.359920827991078,3.54078141656622));
#10961=CARTESIAN_POINT('',(-1.89054025530875,0.351840381882713,3.55609990444853));
#10962=CARTESIAN_POINT('',(-1.86385414011539,0.349924008610063,3.5691034966493));
#10963=CARTESIAN_POINT('',(-1.85,0.35,3.57672419466606));
#10964=COLOUR_RGB('',0.82038801908493,0.82038801908493,0.82038801908493);
#10965=CARTESIAN_POINT('',(-1.93038475772934,-0.260012241889749,3.52985331725484));
#10966=CARTESIAN_POINT('',(-1.93038475772934,0.26001224188975,3.52985331725484));
#10967=CARTESIAN_POINT('',(-1.93038475772934,-0.260012241889749,3.52985331725484));
#10968=VECTOR('',#12440,1.0);
#10969=CARTESIAN_POINT('',(-1.82763444398841,-0.35,3.58917623855248));
#10970=CARTESIAN_POINT('',(-1.82763444398842,-0.35,3.58917623855247));
#10971=VECTOR('',#12441,1.0);
#10972=CARTESIAN_POINT('',(-0.777228355773109,-0.35,4.195628476342));
#10973=VECTOR('',#12442,1.0);
#10974=CARTESIAN_POINT('',(-1.93038475772934,0.26001224188975,3.52985331725484));
#10975=VECTOR('',#12443,1.0);
#10976=COLOUR_RGB('',0.82038801908493,0.82038801908493,0.82038801908493);
#10977=CARTESIAN_POINT('',(-2.08038475772919,0.425131103063583,3.53918985885272));
#10978=CARTESIAN_POINT('',(-2.08038475772934,0.425131103063456,3.53918985885263));
#10979=VECTOR('',#12444,1.0);
#10980=AXIS2_PLACEMENT_3D('',#12445,#12446,#12447);
#10981=COLOUR_RGB('',0.82038801908493,0.82038801908493,0.82038801908493);
#10982=CARTESIAN_POINT('',(-1.85,-0.35,3.57672419466606));
#10983=CARTESIAN_POINT('',(-1.85000000000001,-0.349999999999999,4.67692058802397));
#10984=CARTESIAN_POINT('',(-1.85,-0.35,3.57672419466606));
#10985=VECTOR('',#12448,1.0);
#10986=AXIS2_PLACEMENT_3D('',#12449,#12450,#12451);
#10987=CARTESIAN_POINT('',(-1.82763444398841,-0.35,3.58917623855248));
#10988=CARTESIAN_POINT('',(-1.8313494512671,-0.35,3.58703135822061));
#10989=CARTESIAN_POINT('',(-1.83877245224333,-0.35,3.58282286378282));
#10990=CARTESIAN_POINT('',(-1.84626016821221,-0.35,3.57873061763978));
#10991=CARTESIAN_POINT('',(-1.85,-0.35,3.57672419466606));
#10992=COLOUR_RGB('',0.82038801908493,0.82038801908493,0.82038801908493);
#10993=CARTESIAN_POINT('',(-2.15,-0.65,4.67692058802397));
#10994=AXIS2_PLACEMENT_3D('',#12452,#12453,#12454);
#10995=AXIS2_PLACEMENT_3D('',#12455,#12456,#12457);
#10996=COLOUR_RGB('',0.82038801908493,0.82038801908493,0.82038801908493);
#10997=CARTESIAN_POINT('',(-2.15,-0.65,3.68743091025108));
#10998=CARTESIAN_POINT('',(-2.15,-0.65,3.68743091025108));
#10999=VECTOR('',#12458,1.0);
#11000=CARTESIAN_POINT('',(-2.15,-0.729943037632148,3.7401320179277));
#11001=CARTESIAN_POINT('',(-2.15,-0.65,3.68743091025108));
#11002=VECTOR('',#12459,1.0);
#11003=CARTESIAN_POINT('',(-2.15,-0.895061898805853,3.78966093839017));
#11004=AXIS2_PLACEMENT_3D('',#12460,#12461,#12462);
#11005=CARTESIAN_POINT('',(-2.15,-0.895061898805853,3.78966093839017));
#11006=VECTOR('',#12463,1.0);
#11007=COLOUR_RGB('',0.82038801908493,0.82038801908493,0.82038801908493);
#11008=CARTESIAN_POINT('',(-2.85,-0.895061898805853,3.78966093839017));
#11009=CARTESIAN_POINT('',(-2.85,-1.92068239689082,3.78966093839017));
#11010=CARTESIAN_POINT('',(-2.85,-0.895061898805853,3.78966093839017));
#11011=VECTOR('',#12464,1.0);
#11012=AXIS2_PLACEMENT_3D('',#12465,#12466,#12467);
#11013=CARTESIAN_POINT('',(-2.15,-0.895061898805853,3.78966093839017));
#11014=VECTOR('',#12468,1.0);
#11015=COLOUR_RGB('',0.82038801908493,0.82038801908493,0.82038801908493);
#11016=CARTESIAN_POINT('',(-2.85,-1.28244894094027,4.50753095492681));
#11017=AXIS2_PLACEMENT_3D('',#12469,#12470,#12471);
#11018=CARTESIAN_POINT('',(-3.78244894094027,-0.349999999999999,4.50753095492681));
#11019=AXIS2_PLACEMENT_3D('',#12472,#12473,#12474);
#11020=CARTESIAN_POINT('',(-4.22277164422689,-0.35,4.195628476342));
#11021=CARTESIAN_POINT('',(-3.78244894094027,-0.349999999999998,4.50753095492681));
#11022=CARTESIAN_POINT('',(-3.82418418298057,-0.349999999999999,4.49234378058013));
#11023=CARTESIAN_POINT('',(-3.90695166734569,-0.35,4.45606797143019));
#11024=CARTESIAN_POINT('',(-4.02459635722666,-0.35,4.38476634177737));
#11025=CARTESIAN_POINT('',(-4.13191136225681,-0.35,4.29742846984693));
#11026=CARTESIAN_POINT('',(-4.19419914994336,-0.35,4.23065308644165));
#11027=CARTESIAN_POINT('',(-4.22277164422689,-0.35,4.195628476342));
#11028=CARTESIAN_POINT('',(-4.22277164422689,0.35,4.195628476342));
#11029=AXIS2_PLACEMENT_3D('',#12475,#12476,#12477);
#11030=CARTESIAN_POINT('',(-3.78244894094027,0.35,4.50753095492681));
#11031=CARTESIAN_POINT('',(-4.22277164422689,0.35,4.195628476342));
#11032=CARTESIAN_POINT('',(-4.19419898027664,0.35,4.23065329397625));
#11033=CARTESIAN_POINT('',(-4.13191135504916,0.35,4.29742844967039));
#11034=CARTESIAN_POINT('',(-4.02459693052403,0.35,4.3847658530208));
#11035=CARTESIAN_POINT('',(-3.90695258097682,0.350000000000001,4.45606751743145));
#11036=CARTESIAN_POINT('',(-3.82418488025551,0.35,4.49234352647703));
#11037=CARTESIAN_POINT('',(-3.78244894094027,0.349999999999999,4.50753095492681));
#11038=CARTESIAN_POINT('',(-2.85,1.28244894094027,4.50753095492681));
#11039=AXIS2_PLACEMENT_3D('',#12478,#12479,#12480);
#11040=CARTESIAN_POINT('',(-2.85,1.92068239689082,3.78966093839017));
#11041=AXIS2_PLACEMENT_3D('',#12481,#12482,#12483);
#11042=AXIS2_PLACEMENT_3D('',#12484,#12485,#12486);
#11043=AXIS2_PLACEMENT_3D('',#12487,#12488,#12489);
#11044=COLOUR_RGB('',0.82038801908493,0.82038801908493,0.82038801908493);
#11045=CARTESIAN_POINT('',(-2.5,-1.97630382258896,2.88966093839017));
#11046=CARTESIAN_POINT('',(-2.5,-1.97630382258896,2.88966093839017));
#11047=VECTOR('',#12490,1.0);
#11048=CARTESIAN_POINT('',(-2.5,1.97630382258896,2.88966093839017));
#11049=AXIS2_PLACEMENT_3D('',#12491,#12492,#12493);
#11050=CARTESIAN_POINT('',(-2.5,1.97630382258896,2.88966093839017));
#11051=VECTOR('',#12494,1.0);
#11052=COLOUR_RGB('',0.82038801908493,0.82038801908493,0.82038801908493);
#11053=CARTESIAN_POINT('',(-2.85,0.895061898805853,3.78966093839017));
#11054=CARTESIAN_POINT('',(-2.85,1.92068239689082,3.78966093839017));
#11055=VECTOR('',#12495,1.0);
#11056=CARTESIAN_POINT('',(-2.15,0.895061898805853,3.78966093839017));
#11057=VECTOR('',#12496,1.0);
#11058=COLOUR_RGB('',0.82038801908493,0.82038801908493,0.82038801908493);
#11059=CARTESIAN_POINT('',(-2.85,0.729943037632148,3.7401320179277));
#11060=AXIS2_PLACEMENT_3D('',#12497,#12498,#12499);
#11061=CARTESIAN_POINT('',(-2.15,0.729943037632148,3.7401320179277));
#11062=VECTOR('',#12500,1.0);
#11063=COLOUR_RGB('',0.82038801908493,0.82038801908493,0.82038801908493);
#11064=CARTESIAN_POINT('',(-2.85,0.65,3.68743091025108));
#11065=CARTESIAN_POINT('',(-2.85,0.729943037632148,3.7401320179277));
#11066=VECTOR('',#12501,1.0);
#11067=CARTESIAN_POINT('',(-2.9361435895819,0.439606474141702,3.54873250462204));
#11068=CARTESIAN_POINT('',(-2.85,0.65,3.68743091025108));
#11069=CARTESIAN_POINT('',(-2.84998013544027,0.622824936300958,3.66951620497416));
#11070=CARTESIAN_POINT('',(-2.85696305595673,0.571390281091264,3.63560877059583));
#11071=CARTESIAN_POINT('',(-2.8868876374948,0.498981434173773,3.58787445187132));
#11072=CARTESIAN_POINT('',(-2.91832527258708,0.458154517727818,3.56095999148237));
#11073=CARTESIAN_POINT('',(-2.9361435895819,0.439606474141702,3.54873250462204));
#11074=CARTESIAN_POINT('',(-2.91961524227081,0.42513110306358,3.53918985885271));
#11075=CARTESIAN_POINT('',(-2.9361435895819,0.439606474141702,3.54873250462204));
#11076=VECTOR('',#12502,1.0);
#11077=CARTESIAN_POINT('',(-2.08038475772934,0.425131103063456,3.53918985885263));
#11078=VECTOR('',#12503,1.0);
#11079=COLOUR_RGB('',0.82038801908493,0.82038801908493,0.82038801908493);
#11080=CARTESIAN_POINT('',(-2.08038475772894,0.260012241876984,3.48966093839017));
#11081=AXIS2_PLACEMENT_3D('',#12504,#12505,#12506);
#11082=CARTESIAN_POINT('',(-2.08038475772934,-0.26001224188975,3.48966093839017));
#11083=CARTESIAN_POINT('',(-2.08038475772934,-0.26001224188975,3.48966093839017));
#11084=VECTOR('',#12507,1.0);
#11085=AXIS2_PLACEMENT_3D('',#12508,#12509,#12510);
#11086=COLOUR_RGB('',0.82038801908493,0.82038801908493,0.82038801908493);
#11087=CARTESIAN_POINT('',(-2.08038475772919,-0.425131103063579,3.53918985885271));
#11088=AXIS2_PLACEMENT_3D('',#12511,#12512,#12513);
#11089=CARTESIAN_POINT('',(-2.0638564104181,-0.439606474141701,3.54873250462204));
#11090=CARTESIAN_POINT('',(-2.0638564104181,-0.439606474141702,3.54873250462204));
#11091=VECTOR('',#12514,1.0);
#11092=CARTESIAN_POINT('',(-1.85,-0.35,3.57672419466606));
#11093=CARTESIAN_POINT('',(-1.86385414011539,-0.349924008610063,3.5691034966493));
#11094=CARTESIAN_POINT('',(-1.89054025530874,-0.351840381882712,3.55609990444853));
#11095=CARTESIAN_POINT('',(-1.92976337655843,-0.359920827991075,3.54078141656623));
#11096=CARTESIAN_POINT('',(-1.96536189982172,-0.372275536842683,3.5317871529133));
#11097=CARTESIAN_POINT('',(-1.99666694287291,-0.38759868411854,3.52888154251413));
#11098=CARTESIAN_POINT('',(-2.02318148750458,-0.404437287602448,3.53134104529639));
#11099=CARTESIAN_POINT('',(-2.04544568426194,-0.421907461121366,3.5380681924883));
#11100=CARTESIAN_POINT('',(-2.05802750219237,-0.433636812885062,3.54480028671007));
#11101=CARTESIAN_POINT('',(-2.06385641041809,-0.439606474141699,3.54873250462203));
#11102=COLOUR_RGB('',0.82038801908493,0.82038801908493,0.82038801908493);
#11103=AXIS2_PLACEMENT_3D('',#12515,#12516,#12517);
#11104=COLOUR_RGB('',0.82038801908493,0.82038801908493,0.82038801908493);
#11105=CARTESIAN_POINT('',(-2.15,-0.649999999999999,3.68743091025108));
#11106=CARTESIAN_POINT('',(-2.15001986455973,-0.622824936300959,3.66951620497416));
#11107=CARTESIAN_POINT('',(-2.14303694404326,-0.571390281091264,3.63560877059583));
#11108=CARTESIAN_POINT('',(-2.1131123625052,-0.498981434173773,3.58787445187132));
#11109=CARTESIAN_POINT('',(-2.08167472741292,-0.458154517727818,3.56095999148237));
#11110=CARTESIAN_POINT('',(-2.0638564104181,-0.439606474141701,3.54873250462204));
#11111=COLOUR_RGB('',0.82038801908493,0.82038801908493,0.82038801908493);
#11112=CARTESIAN_POINT('',(-2.91961524227081,-0.425131103063582,3.53918985885272));
#11113=CARTESIAN_POINT('',(-2.91961524227066,-0.425131103063455,3.53918985885263));
#11114=VECTOR('',#12518,1.0);
#11115=CARTESIAN_POINT('',(-2.9361435895819,-0.439606474141702,3.54873250462204));
#11116=CARTESIAN_POINT('',(-2.91961524227066,-0.425131103063455,3.53918985885263));
#11117=VECTOR('',#12519,1.0);
#11118=CARTESIAN_POINT('',(-2.85,-0.65,3.68743091025108));
#11119=CARTESIAN_POINT('',(-2.9361435895819,-0.439606474141702,3.54873250462204));
#11120=CARTESIAN_POINT('',(-2.91832527258708,-0.458154517727818,3.56095999148237));
#11121=CARTESIAN_POINT('',(-2.8868876374948,-0.498981434173774,3.58787445187132));
#11122=CARTESIAN_POINT('',(-2.85696305595673,-0.571390281091264,3.63560877059583));
#11123=CARTESIAN_POINT('',(-2.84998013544027,-0.622824936300959,3.66951620497416));
#11124=CARTESIAN_POINT('',(-2.85,-0.65,3.68743091025108));
#11125=CARTESIAN_POINT('',(-2.85,-0.729943037632148,3.7401320179277));
#11126=CARTESIAN_POINT('',(-2.85,-0.65,3.68743091025108));
#11127=VECTOR('',#12520,1.0);
#11128=CARTESIAN_POINT('',(-2.15,-0.729943037632148,3.7401320179277));
#11129=VECTOR('',#12521,1.0);
#11130=COLOUR_RGB('',0.82038801908493,0.82038801908493,0.82038801908493);
#11131=AXIS2_PLACEMENT_3D('',#12522,#12523,#12524);
#11132=COLOUR_RGB('',0.82038801908493,0.82038801908493,0.82038801908493);
#11133=CARTESIAN_POINT('',(-2.85,-0.649999999999993,4.67692058802397));
#11134=CARTESIAN_POINT('',(-2.85,-0.65,4.67692058802397));
#11135=VECTOR('',#12525,1.0);
#11136=AXIS2_PLACEMENT_3D('',#12526,#12527,#12528);
#11137=COLOUR_RGB('',0.82038801908493,0.82038801908493,0.82038801908493);
#11138=CARTESIAN_POINT('',(-3.15,-0.349999999999999,4.67692058802397));
#11139=AXIS2_PLACEMENT_3D('',#12529,#12530,#12531);
#11140=AXIS2_PLACEMENT_3D('',#12532,#12533,#12534);
#11141=COLOUR_RGB('',0.82038801908493,0.82038801908493,0.82038801908493);
#11142=CARTESIAN_POINT('',(-3.17236555601158,-0.35,3.58917623855247));
#11143=CARTESIAN_POINT('',(-3.17236555601158,-0.35,3.58917623855247));
#11144=VECTOR('',#12535,1.0);
#11145=CARTESIAN_POINT('',(-3.15,-0.35,3.57672419466606));
#11146=CARTESIAN_POINT('',(-3.15,-0.35,4.67692058802397));
#11147=VECTOR('',#12536,1.0);
#11148=CARTESIAN_POINT('',(-3.15,-0.35,3.57672419466606));
#11149=CARTESIAN_POINT('',(-3.15373983178779,-0.35,3.57873061763978));
#11150=CARTESIAN_POINT('',(-3.16122754775667,-0.35,3.58282286378282));
#11151=CARTESIAN_POINT('',(-3.16865054873289,-0.35,3.5870313582206));
#11152=CARTESIAN_POINT('',(-3.17236555601158,-0.35,3.58917623855247));
#11153=COLOUR_RGB('',0.82038801908493,0.82038801908493,0.82038801908493);
#11154=CARTESIAN_POINT('',(-3.06961524227066,0.260012241889751,3.52985331725484));
#11155=CARTESIAN_POINT('',(-3.06961524227066,-0.26001224188975,3.52985331725484));
#11156=CARTESIAN_POINT('',(-3.06961524227066,0.260012241889751,3.52985331725484));
#11157=VECTOR('',#12537,1.0);
#11158=CARTESIAN_POINT('',(-3.17236555601159,0.35,3.58917623855248));
#11159=CARTESIAN_POINT('',(-3.17236555601158,0.35,3.58917623855247));
#11160=VECTOR('',#12538,1.0);
#11161=CARTESIAN_POINT('',(-3.17236555601159,0.35,3.58917623855248));
#11162=VECTOR('',#12539,1.0);
#11163=CARTESIAN_POINT('',(-3.06961524227066,-0.26001224188975,3.52985331725484));
#11164=VECTOR('',#12540,1.0);
#11165=COLOUR_RGB('',0.82038801908493,0.82038801908493,0.82038801908493);
#11166=CARTESIAN_POINT('',(-3.15,0.35,3.57672419466606));
#11167=CARTESIAN_POINT('',(-3.15,0.35,4.67692058802397));
#11168=CARTESIAN_POINT('',(-3.15,0.35,3.57672419466606));
#11169=VECTOR('',#12541,1.0);
#11170=AXIS2_PLACEMENT_3D('',#12542,#12543,#12544);
#11171=CARTESIAN_POINT('',(-3.17236555601159,0.35,3.58917623855248));
#11172=CARTESIAN_POINT('',(-3.1686505487329,0.35,3.58703135822061));
#11173=CARTESIAN_POINT('',(-3.16122754775667,0.35,3.58282286378283));
#11174=CARTESIAN_POINT('',(-3.15373983178779,0.35,3.57873061763978));
#11175=CARTESIAN_POINT('',(-3.15,0.35,3.57672419466606));
#11176=COLOUR_RGB('',0.82038801908493,0.82038801908493,0.82038801908493);
#11177=CARTESIAN_POINT('',(-2.85,0.649999999999999,4.67692058802397));
#11178=AXIS2_PLACEMENT_3D('',#12545,#12546,#12547);
#11179=AXIS2_PLACEMENT_3D('',#12548,#12549,#12550);
#11180=COLOUR_RGB('',0.82038801908493,0.82038801908493,0.82038801908493);
#11181=CARTESIAN_POINT('',(-2.85,0.65,3.68743091025108));
#11182=VECTOR('',#12551,1.0);
#11183=COLOUR_RGB('',0.82038801908493,0.82038801908493,0.82038801908493);
#11184=AXIS2_PLACEMENT_3D('',#12552,#12553,#12554);
#11185=COLOUR_RGB('',0.82038801908493,0.82038801908493,0.82038801908493);
#11186=CARTESIAN_POINT('',(-2.5,1.27630382258896,2.88966093839017));
#11187=CARTESIAN_POINT('',(-2.5,-1.27630382258896,2.88966093839017));
#11188=AXIS2_PLACEMENT_3D('',#12555,#12556,#12557);
#11189=AXIS2_PLACEMENT_3D('',#12558,#12559,#12560);
#11190=COLOUR_RGB('',0.82038801908493,0.82038801908493,0.82038801908493);
#11191=CARTESIAN_POINT('',(-3.15,0.35,3.57672419466606));
#11192=CARTESIAN_POINT('',(-3.13614585988462,0.349924008610063,3.5691034966493));
#11193=CARTESIAN_POINT('',(-3.10945974469127,0.351840381882711,3.55609990444855));
#11194=CARTESIAN_POINT('',(-3.0702366234416,0.359920827991068,3.54078141656623));
#11195=CARTESIAN_POINT('',(-3.0346381001783,0.372275536842673,3.5317871529133));
#11196=CARTESIAN_POINT('',(-3.00333305712711,0.387598684118528,3.52888154251413));
#11197=CARTESIAN_POINT('',(-2.97681851249543,0.404437287602437,3.53134104529639));
#11198=CARTESIAN_POINT('',(-2.95455431573807,0.421907461121361,3.5380681924883));
#11199=CARTESIAN_POINT('',(-2.94197249780763,0.433636812885061,3.54480028671007));
#11200=CARTESIAN_POINT('',(-2.9361435895819,0.439606474141702,3.54873250462203));
#11201=COLOUR_RGB('',0.82038801908493,0.82038801908493,0.82038801908493);
#11202=AXIS2_PLACEMENT_3D('',#12561,#12562,#12563);
#11203=COLOUR_RGB('',0.82038801908493,0.82038801908493,0.82038801908493);
#11204=CARTESIAN_POINT('',(-2.91961524227066,0.260012241889751,3.48966093839017));
#11205=AXIS2_PLACEMENT_3D('',#12564,#12565,#12566);
#11206=CARTESIAN_POINT('',(-2.91961524227066,0.260012241889751,3.48966093839017));
#11207=VECTOR('',#12567,1.0);
#11208=COLOUR_RGB('',0.82038801908493,0.82038801908493,0.82038801908493);
#11209=CARTESIAN_POINT('',(-2.91961524227106,-0.260012241876983,3.48966093839017));
#11210=CARTESIAN_POINT('',(-2.91961524227066,0.260012241889751,3.48966093839017));
#11211=VECTOR('',#12568,1.0);
#11212=CARTESIAN_POINT('',(-2.08038475772934,-0.26001224188975,3.48966093839017));
#11213=VECTOR('',#12569,1.0);
#11214=COLOUR_RGB('',0.82038801908493,0.82038801908493,0.82038801908493);
#11215=AXIS2_PLACEMENT_3D('',#12570,#12571,#12572);
#11216=COLOUR_RGB('',0.82038801908493,0.82038801908493,0.82038801908493);
#11217=AXIS2_PLACEMENT_3D('',#12573,#12574,#12575);
#11218=COLOUR_RGB('',0.82038801908493,0.82038801908493,0.82038801908493);
#11219=AXIS2_PLACEMENT_3D('',#12576,#12577,#12578);
#11220=CARTESIAN_POINT('',(-2.9361435895819,-0.439606474141702,3.54873250462204));
#11221=CARTESIAN_POINT('',(-2.94197249780763,-0.433636812885063,3.54480028671007));
#11222=CARTESIAN_POINT('',(-2.95455431573806,-0.421907461121366,3.5380681924883));
#11223=CARTESIAN_POINT('',(-2.97681851249542,-0.404437287602447,3.53134104529639));
#11224=CARTESIAN_POINT('',(-3.00333305712709,-0.387598684118539,3.52888154251413));
#11225=CARTESIAN_POINT('',(-3.03463810017828,-0.372275536842683,3.5317871529133));
#11226=CARTESIAN_POINT('',(-3.07023662344158,-0.359920827991074,3.54078141656623));
#11227=CARTESIAN_POINT('',(-3.10945974469126,-0.351840381882712,3.55609990444854));
#11228=CARTESIAN_POINT('',(-3.13614585988461,-0.349924008610063,3.5691034966493));
#11229=CARTESIAN_POINT('',(-3.15,-0.35,3.57672419466606));
#11230=COLOUR_RGB('',0.82038801908493,0.82038801908493,0.82038801908493);
#11231=COLOUR_RGB('',0.82038801908493,0.82038801908493,0.82038801908493);
#11232=AXIS2_PLACEMENT_3D('',#12579,#12580,#12581);
#11233=AXIS2_PLACEMENT_3D('',#12582,#12583,#12584);
#11234=COLOUR_RGB('',0.82038801908493,0.82038801908493,0.82038801908493);
#11235=CARTESIAN_POINT('',(-2.5,1.27630382258896,0.454021091963752));
#11236=CARTESIAN_POINT('',(-2.5,-1.27630382258896,0.454021091963752));
#11237=AXIS2_PLACEMENT_3D('',#12585,#12586,#12587);
#11238=CARTESIAN_POINT('',(-2.5,-1.27630382258896,0.454021091963752));
#11239=VECTOR('',#12588,1.0);
#11240=CARTESIAN_POINT('',(-2.5,1.27630382258896,0.454021091963752));
#11241=VECTOR('',#12589,1.0);
#11242=COLOUR_RGB('',0.82038801908493,0.82038801908493,0.82038801908493);
#11243=AXIS2_PLACEMENT_3D('',#12590,#12591,#12592);
#11244=COLOUR_RGB('',0.82038801908493,0.82038801908493,0.82038801908493);
#11245=COLOUR_RGB('',0.82038801908493,0.82038801908493,0.82038801908493);
#11246=COLOUR_RGB('',0.82038801908493,0.82038801908493,0.82038801908493);
#11247=COLOUR_RGB('',0.82038801908493,0.82038801908493,0.82038801908493);
#11248=CARTESIAN_POINT('',(-3.7,2.1865,0.3989));
#11249=CARTESIAN_POINT('',(-3.7,-1.7005,0.3989));
#11250=CARTESIAN_POINT('',(-3.7,2.1865,0.3989));
#11251=VECTOR('',#12593,1.0);
#11252=CARTESIAN_POINT('',(-3.7,2.8124,-0.227));
#11253=AXIS2_PLACEMENT_3D('',#12594,#12595,#12596);
#11254=CARTESIAN_POINT('',(-3.7,2.8124,-1.37923586633541));
#11255=CARTESIAN_POINT('',(-3.7,2.8124,-1.37923586633541));
#11256=VECTOR('',#12597,1.0);
#11257=CARTESIAN_POINT('',(-3.7,2.51077738808238,-1.76679391420607));
#11258=AXIS2_PLACEMENT_3D('',#12598,#12599,#12600);
#11259=CARTESIAN_POINT('',(-3.7,-0.944756447754923,-2.64216029685963));
#11260=CARTESIAN_POINT('',(-3.7,-0.944756447754923,-2.64216029685963));
#11261=VECTOR('',#12601,1.0);
#11262=CARTESIAN_POINT('',(-3.7,-1.0365,-2.6536));
#11263=AXIS2_PLACEMENT_3D('',#12602,#12603,#12604);
#11264=CARTESIAN_POINT('',(-3.7,-1.9651,-2.6536));
#11265=CARTESIAN_POINT('',(-3.7,-1.9651,-2.6536));
#11266=VECTOR('',#12605,1.0);
#11267=CARTESIAN_POINT('',(-3.7,-1.9651,-2.4536));
#11268=CARTESIAN_POINT('',(-3.7,-1.9651,-2.4536));
#11269=VECTOR('',#12606,1.0);
#11270=CARTESIAN_POINT('',(-3.7,-1.03650000000001,-2.4536));
#11271=CARTESIAN_POINT('',(-3.7,-1.03650000000001,-2.4536));
#11272=VECTOR('',#12607,1.0);
#11273=CARTESIAN_POINT('',(-3.7,-0.993869698421451,-2.44828433494334));
#11274=CARTESIAN_POINT('',(-3.7,-0.993869698421451,-2.44828433494334));
#11275=CARTESIAN_POINT('',(-3.7,-0.99851952452597,-2.44946154577686));
#11276=CARTESIAN_POINT('',(-3.7,-1.00787781394089,-2.45142500311157));
#11277=CARTESIAN_POINT('',(-3.7,-1.02214957353014,-2.45320457986652));
#11278=CARTESIAN_POINT('',(-3.7,-1.03170346920245,-2.45359932403851));
#11279=CARTESIAN_POINT('',(-3.7,-1.03650000000001,-2.4536));
#11280=CARTESIAN_POINT('',(-3.7,2.46166413741586,-1.57291795228978));
#11281=CARTESIAN_POINT('',(-3.7,2.46166413741586,-1.57291795228978));
#11282=VECTOR('',#12608,1.0);
#11283=CARTESIAN_POINT('',(-3.7,2.6124,-1.37923586633541));
#11284=AXIS2_PLACEMENT_3D('',#12609,#12610,#12611);
#11285=CARTESIAN_POINT('',(-3.7,2.6124,-0.227000000000002));
#11286=CARTESIAN_POINT('',(-3.7,2.6124,-0.227000000000003));
#11287=VECTOR('',#12612,1.0);
#11288=CARTESIAN_POINT('',(-3.7,2.1865,0.1989));
#11289=AXIS2_PLACEMENT_3D('',#12613,#12614,#12615);
#11290=CARTESIAN_POINT('',(-3.7,-1.7005,0.1989));
#11291=CARTESIAN_POINT('',(-3.7,-1.7005,0.1989));
#11292=VECTOR('',#12616,1.0);
#11293=CARTESIAN_POINT('',(-3.7,-1.7005,0.3989));
#11294=VECTOR('',#12617,1.0);
#11295=COLOUR_RGB('',0.82038801908493,0.82038801908493,0.82038801908493);
#11296=CARTESIAN_POINT('',(-1.3,-1.7005,0.3989));
#11297=CARTESIAN_POINT('',(-3.7,-1.7005,0.3989));
#11298=VECTOR('',#12618,1.0);
#11299=CARTESIAN_POINT('',(-1.3,2.1865,0.3989));
#11300=CARTESIAN_POINT('',(-1.3,2.1865,0.3989));
#11301=VECTOR('',#12619,1.0);
#11302=CARTESIAN_POINT('',(-3.7,2.1865,0.3989));
#11303=VECTOR('',#12620,1.0);
#11304=COLOUR_RGB('',0.82038801908493,0.82038801908493,0.82038801908493);
#11305=CARTESIAN_POINT('',(-1.3,2.8124,-0.227));
#11306=AXIS2_PLACEMENT_3D('',#12621,#12622,#12623);
#11307=CARTESIAN_POINT('',(-3.7,2.8124,-0.227));
#11308=VECTOR('',#12624,1.0);
#11309=COLOUR_RGB('',0.82038801908493,0.82038801908493,0.82038801908493);
#11310=CARTESIAN_POINT('',(-1.3,2.8124,-1.37923586633541));
#11311=CARTESIAN_POINT('',(-1.3,2.8124,-1.37923586633541));
#11312=VECTOR('',#12625,1.0);
#11313=CARTESIAN_POINT('',(-3.7,2.8124,-1.37923586633541));
#11314=VECTOR('',#12626,1.0);
#11315=COLOUR_RGB('',0.82038801908493,0.82038801908493,0.82038801908493);
#11316=CARTESIAN_POINT('',(-1.3,2.51077738808238,-1.76679391420607));
#11317=AXIS2_PLACEMENT_3D('',#12627,#12628,#12629);
#11318=CARTESIAN_POINT('',(-3.7,2.51077738808239,-1.76679391420607));
#11319=VECTOR('',#12630,1.0);
#11320=COLOUR_RGB('',0.82038801908493,0.82038801908493,0.82038801908493);
#11321=CARTESIAN_POINT('',(-1.3,-0.944756447754923,-2.64216029685963));
#11322=CARTESIAN_POINT('',(-1.3,-0.944756447754923,-2.64216029685963));
#11323=VECTOR('',#12631,1.0);
#11324=CARTESIAN_POINT('',(-3.7,-0.944756447754924,-2.64216029685963));
#11325=VECTOR('',#12632,1.0);
#11326=COLOUR_RGB('',0.82038801908493,0.82038801908493,0.82038801908493);
#11327=CARTESIAN_POINT('',(-1.3,-1.0365,-2.6536));
#11328=AXIS2_PLACEMENT_3D('',#12633,#12634,#12635);
#11329=CARTESIAN_POINT('',(-3.7,-1.0365,-2.6536));
#11330=VECTOR('',#12636,1.0);
#11331=COLOUR_RGB('',0.82038801908493,0.82038801908493,0.82038801908493);
#11332=CARTESIAN_POINT('',(-1.3,-1.9651,-2.6536));
#11333=CARTESIAN_POINT('',(-1.3,-1.9651,-2.6536));
#11334=VECTOR('',#12637,1.0);
#11335=CARTESIAN_POINT('',(-3.7,-1.9651,-2.6536));
#11336=VECTOR('',#12638,1.0);
#11337=COLOUR_RGB('',0.82038801908493,0.82038801908493,0.82038801908493);
#11338=CARTESIAN_POINT('',(-1.3,-1.9651,-2.4536));
#11339=CARTESIAN_POINT('',(-1.3,-1.9651,-2.4536));
#11340=VECTOR('',#12639,1.0);
#11341=CARTESIAN_POINT('',(-3.7,-1.9651,-2.4536));
#11342=VECTOR('',#12640,1.0);
#11343=COLOUR_RGB('',0.82038801908493,0.82038801908493,0.82038801908493);
#11344=CARTESIAN_POINT('',(-1.3,-1.03650000000001,-2.4536));
#11345=CARTESIAN_POINT('',(-1.3,-1.03650000000001,-2.4536));
#11346=VECTOR('',#12641,1.0);
#11347=CARTESIAN_POINT('',(-3.7,-1.0365,-2.4536));
#11348=VECTOR('',#12642,1.0);
#11349=COLOUR_RGB('',0.82038801908493,0.82038801908493,0.82038801908493);
#11350=CARTESIAN_POINT('',(-1.3,-0.993869698421451,-2.44828433494334));
#11351=CARTESIAN_POINT('',(-1.3,-0.993869698421451,-2.44828433494334));
#11352=CARTESIAN_POINT('',(-1.3,-0.99851952452597,-2.44946154577686));
#11353=CARTESIAN_POINT('',(-1.3,-1.00787781394089,-2.45142500311157));
#11354=CARTESIAN_POINT('',(-1.3,-1.02214957353014,-2.45320457986652));
#11355=CARTESIAN_POINT('',(-1.3,-1.03170346920245,-2.45359932403851));
#11356=CARTESIAN_POINT('',(-1.3,-1.03650000000001,-2.4536));
#11357=CARTESIAN_POINT('',(-3.7,-0.993869698421451,-2.44828433494334));
#11358=VECTOR('',#12643,1.0);
#11359=COLOUR_RGB('',0.82038801908493,0.82038801908493,0.82038801908493);
#11360=CARTESIAN_POINT('',(-1.3,2.46166413741586,-1.57291795228978));
#11361=CARTESIAN_POINT('',(-1.3,2.46166413741586,-1.57291795228978));
#11362=VECTOR('',#12644,1.0);
#11363=CARTESIAN_POINT('',(-3.7,2.46166413741586,-1.57291795228978));
#11364=VECTOR('',#12645,1.0);
#11365=COLOUR_RGB('',0.82038801908493,0.82038801908493,0.82038801908493);
#11366=CARTESIAN_POINT('',(-1.3,2.6124,-1.37923586633541));
#11367=AXIS2_PLACEMENT_3D('',#12646,#12647,#12648);
#11368=CARTESIAN_POINT('',(-3.7,2.6124,-1.37923586633541));
#11369=VECTOR('',#12649,1.0);
#11370=COLOUR_RGB('',0.82038801908493,0.82038801908493,0.82038801908493);
#11371=CARTESIAN_POINT('',(-1.3,2.6124,-0.227000000000002));
#11372=CARTESIAN_POINT('',(-1.3,2.6124,-0.227000000000003));
#11373=VECTOR('',#12650,1.0);
#11374=CARTESIAN_POINT('',(-3.7,2.6124,-0.227));
#11375=VECTOR('',#12651,1.0);
#11376=COLOUR_RGB('',0.82038801908493,0.82038801908493,0.82038801908493);
#11377=CARTESIAN_POINT('',(-1.3,2.1865,0.1989));
#11378=AXIS2_PLACEMENT_3D('',#12652,#12653,#12654);
#11379=CARTESIAN_POINT('',(-3.7,2.1865,0.1989));
#11380=VECTOR('',#12655,1.0);
#11381=COLOUR_RGB('',0.82038801908493,0.82038801908493,0.82038801908493);
#11382=CARTESIAN_POINT('',(-1.3,-1.7005,0.1989));
#11383=CARTESIAN_POINT('',(-1.3,-1.7005,0.1989));
#11384=VECTOR('',#12656,1.0);
#11385=CARTESIAN_POINT('',(-3.7,-1.7005,0.1989));
#11386=VECTOR('',#12657,1.0);
#11387=COLOUR_RGB('',0.82038801908493,0.82038801908493,0.82038801908493);
#11388=CARTESIAN_POINT('',(-1.3,-1.7005,0.3989));
#11389=VECTOR('',#12658,1.0);
#11390=COLOUR_RGB('',0.82038801908493,0.82038801908493,0.82038801908493);
#11391=COLOUR_RGB('',0.82038801908493,0.82038801908493,0.82038801908493);
#11392=CARTESIAN_POINT('',(1.3,2.1865,0.3989));
#11393=CARTESIAN_POINT('',(1.3,-1.7005,0.3989));
#11394=CARTESIAN_POINT('',(1.3,2.1865,0.3989));
#11395=VECTOR('',#12659,1.0);
#11396=CARTESIAN_POINT('',(1.3,2.8124,-0.227));
#11397=AXIS2_PLACEMENT_3D('',#12660,#12661,#12662);
#11398=CARTESIAN_POINT('',(1.3,2.8124,-1.37923586633541));
#11399=CARTESIAN_POINT('',(1.3,2.8124,-1.37923586633541));
#11400=VECTOR('',#12663,1.0);
#11401=CARTESIAN_POINT('',(1.3,2.51077738808238,-1.76679391420607));
#11402=AXIS2_PLACEMENT_3D('',#12664,#12665,#12666);
#11403=CARTESIAN_POINT('',(1.3,-0.944756447754923,-2.64216029685963));
#11404=CARTESIAN_POINT('',(1.3,-0.944756447754923,-2.64216029685963));
#11405=VECTOR('',#12667,1.0);
#11406=CARTESIAN_POINT('',(1.3,-1.0365,-2.6536));
#11407=AXIS2_PLACEMENT_3D('',#12668,#12669,#12670);
#11408=CARTESIAN_POINT('',(1.3,-1.9651,-2.6536));
#11409=CARTESIAN_POINT('',(1.3,-1.9651,-2.6536));
#11410=VECTOR('',#12671,1.0);
#11411=CARTESIAN_POINT('',(1.3,-1.9651,-2.4536));
#11412=CARTESIAN_POINT('',(1.3,-1.9651,-2.4536));
#11413=VECTOR('',#12672,1.0);
#11414=CARTESIAN_POINT('',(1.3,-1.03650000000001,-2.4536));
#11415=CARTESIAN_POINT('',(1.3,-1.03650000000001,-2.4536));
#11416=VECTOR('',#12673,1.0);
#11417=CARTESIAN_POINT('',(1.3,-0.993869698421451,-2.44828433494334));
#11418=CARTESIAN_POINT('',(1.3,-0.993869698421451,-2.44828433494334));
#11419=CARTESIAN_POINT('',(1.3,-0.99851952452597,-2.44946154577686));
#11420=CARTESIAN_POINT('',(1.3,-1.00787781394089,-2.45142500311157));
#11421=CARTESIAN_POINT('',(1.3,-1.02214957353014,-2.45320457986652));
#11422=CARTESIAN_POINT('',(1.3,-1.03170346920245,-2.45359932403851));
#11423=CARTESIAN_POINT('',(1.3,-1.03650000000001,-2.4536));
#11424=CARTESIAN_POINT('',(1.3,2.46166413741586,-1.57291795228978));
#11425=CARTESIAN_POINT('',(1.3,2.46166413741586,-1.57291795228978));
#11426=VECTOR('',#12674,1.0);
#11427=CARTESIAN_POINT('',(1.3,2.6124,-1.37923586633541));
#11428=AXIS2_PLACEMENT_3D('',#12675,#12676,#12677);
#11429=CARTESIAN_POINT('',(1.3,2.6124,-0.227000000000002));
#11430=CARTESIAN_POINT('',(1.3,2.6124,-0.227000000000003));
#11431=VECTOR('',#12678,1.0);
#11432=CARTESIAN_POINT('',(1.3,2.1865,0.1989));
#11433=AXIS2_PLACEMENT_3D('',#12679,#12680,#12681);
#11434=CARTESIAN_POINT('',(1.3,-1.7005,0.1989));
#11435=CARTESIAN_POINT('',(1.3,-1.7005,0.1989));
#11436=VECTOR('',#12682,1.0);
#11437=CARTESIAN_POINT('',(1.3,-1.7005,0.3989));
#11438=VECTOR('',#12683,1.0);
#11439=COLOUR_RGB('',0.82038801908493,0.82038801908493,0.82038801908493);
#11440=CARTESIAN_POINT('',(3.7,-1.7005,0.3989));
#11441=CARTESIAN_POINT('',(1.3,-1.7005,0.3989));
#11442=VECTOR('',#12684,1.0);
#11443=CARTESIAN_POINT('',(3.7,2.1865,0.3989));
#11444=CARTESIAN_POINT('',(3.7,2.1865,0.3989));
#11445=VECTOR('',#12685,1.0);
#11446=CARTESIAN_POINT('',(1.3,2.1865,0.3989));
#11447=VECTOR('',#12686,1.0);
#11448=COLOUR_RGB('',0.82038801908493,0.82038801908493,0.82038801908493);
#11449=CARTESIAN_POINT('',(3.7,2.8124,-0.227));
#11450=AXIS2_PLACEMENT_3D('',#12687,#12688,#12689);
#11451=CARTESIAN_POINT('',(1.3,2.8124,-0.227));
#11452=VECTOR('',#12690,1.0);
#11453=COLOUR_RGB('',0.82038801908493,0.82038801908493,0.82038801908493);
#11454=CARTESIAN_POINT('',(3.7,2.8124,-1.37923586633541));
#11455=CARTESIAN_POINT('',(3.7,2.8124,-1.37923586633541));
#11456=VECTOR('',#12691,1.0);
#11457=CARTESIAN_POINT('',(1.3,2.8124,-1.37923586633541));
#11458=VECTOR('',#12692,1.0);
#11459=COLOUR_RGB('',0.82038801908493,0.82038801908493,0.82038801908493);
#11460=CARTESIAN_POINT('',(3.7,2.51077738808238,-1.76679391420607));
#11461=AXIS2_PLACEMENT_3D('',#12693,#12694,#12695);
#11462=CARTESIAN_POINT('',(1.3,2.51077738808239,-1.76679391420607));
#11463=VECTOR('',#12696,1.0);
#11464=COLOUR_RGB('',0.82038801908493,0.82038801908493,0.82038801908493);
#11465=CARTESIAN_POINT('',(3.7,-0.944756447754923,-2.64216029685963));
#11466=CARTESIAN_POINT('',(3.7,-0.944756447754923,-2.64216029685963));
#11467=VECTOR('',#12697,1.0);
#11468=CARTESIAN_POINT('',(1.3,-0.944756447754924,-2.64216029685963));
#11469=VECTOR('',#12698,1.0);
#11470=COLOUR_RGB('',0.82038801908493,0.82038801908493,0.82038801908493);
#11471=CARTESIAN_POINT('',(3.7,-1.0365,-2.6536));
#11472=AXIS2_PLACEMENT_3D('',#12699,#12700,#12701);
#11473=CARTESIAN_POINT('',(1.3,-1.0365,-2.6536));
#11474=VECTOR('',#12702,1.0);
#11475=COLOUR_RGB('',0.82038801908493,0.82038801908493,0.82038801908493);
#11476=CARTESIAN_POINT('',(3.7,-1.9651,-2.6536));
#11477=CARTESIAN_POINT('',(3.7,-1.9651,-2.6536));
#11478=VECTOR('',#12703,1.0);
#11479=CARTESIAN_POINT('',(1.3,-1.9651,-2.6536));
#11480=VECTOR('',#12704,1.0);
#11481=COLOUR_RGB('',0.82038801908493,0.82038801908493,0.82038801908493);
#11482=CARTESIAN_POINT('',(3.7,-1.9651,-2.4536));
#11483=CARTESIAN_POINT('',(3.7,-1.9651,-2.4536));
#11484=VECTOR('',#12705,1.0);
#11485=CARTESIAN_POINT('',(1.3,-1.9651,-2.4536));
#11486=VECTOR('',#12706,1.0);
#11487=COLOUR_RGB('',0.82038801908493,0.82038801908493,0.82038801908493);
#11488=CARTESIAN_POINT('',(3.7,-1.03650000000001,-2.4536));
#11489=CARTESIAN_POINT('',(3.7,-1.03650000000001,-2.4536));
#11490=VECTOR('',#12707,1.0);
#11491=CARTESIAN_POINT('',(1.3,-1.0365,-2.4536));
#11492=VECTOR('',#12708,1.0);
#11493=COLOUR_RGB('',0.82038801908493,0.82038801908493,0.82038801908493);
#11494=CARTESIAN_POINT('',(3.7,-0.993869698421451,-2.44828433494334));
#11495=CARTESIAN_POINT('',(3.7,-0.993869698421451,-2.44828433494334));
#11496=CARTESIAN_POINT('',(3.7,-0.99851952452597,-2.44946154577686));
#11497=CARTESIAN_POINT('',(3.7,-1.00787781394089,-2.45142500311157));
#11498=CARTESIAN_POINT('',(3.7,-1.02214957353014,-2.45320457986652));
#11499=CARTESIAN_POINT('',(3.7,-1.03170346920245,-2.45359932403851));
#11500=CARTESIAN_POINT('',(3.7,-1.03650000000001,-2.4536));
#11501=CARTESIAN_POINT('',(1.3,-0.993869698421451,-2.44828433494334));
#11502=VECTOR('',#12709,1.0);
#11503=COLOUR_RGB('',0.82038801908493,0.82038801908493,0.82038801908493);
#11504=CARTESIAN_POINT('',(3.7,2.46166413741586,-1.57291795228978));
#11505=CARTESIAN_POINT('',(3.7,2.46166413741586,-1.57291795228978));
#11506=VECTOR('',#12710,1.0);
#11507=CARTESIAN_POINT('',(1.3,2.46166413741586,-1.57291795228978));
#11508=VECTOR('',#12711,1.0);
#11509=COLOUR_RGB('',0.82038801908493,0.82038801908493,0.82038801908493);
#11510=CARTESIAN_POINT('',(3.7,2.6124,-1.37923586633541));
#11511=AXIS2_PLACEMENT_3D('',#12712,#12713,#12714);
#11512=CARTESIAN_POINT('',(1.3,2.6124,-1.37923586633541));
#11513=VECTOR('',#12715,1.0);
#11514=COLOUR_RGB('',0.82038801908493,0.82038801908493,0.82038801908493);
#11515=CARTESIAN_POINT('',(3.7,2.6124,-0.227000000000002));
#11516=CARTESIAN_POINT('',(3.7,2.6124,-0.227000000000003));
#11517=VECTOR('',#12716,1.0);
#11518=CARTESIAN_POINT('',(1.3,2.6124,-0.227));
#11519=VECTOR('',#12717,1.0);
#11520=COLOUR_RGB('',0.82038801908493,0.82038801908493,0.82038801908493);
#11521=CARTESIAN_POINT('',(3.7,2.1865,0.1989));
#11522=AXIS2_PLACEMENT_3D('',#12718,#12719,#12720);
#11523=CARTESIAN_POINT('',(1.3,2.1865,0.1989));
#11524=VECTOR('',#12721,1.0);
#11525=COLOUR_RGB('',0.82038801908493,0.82038801908493,0.82038801908493);
#11526=CARTESIAN_POINT('',(3.7,-1.7005,0.1989));
#11527=CARTESIAN_POINT('',(3.7,-1.7005,0.1989));
#11528=VECTOR('',#12722,1.0);
#11529=CARTESIAN_POINT('',(1.3,-1.7005,0.1989));
#11530=VECTOR('',#12723,1.0);
#11531=COLOUR_RGB('',0.82038801908493,0.82038801908493,0.82038801908493);
#11532=CARTESIAN_POINT('',(3.7,-1.7005,0.3989));
#11533=VECTOR('',#12724,1.0);
#11534=COLOUR_RGB('',0.82038801908493,0.82038801908493,0.82038801908493);
#11535=DIRECTION('',(0.0,0.0,1.0));
#11536=DIRECTION('',(0.0,1.0,0.0));
#11537=DIRECTION('',(0.0,0.0,-1.0));
#11538=DIRECTION('',(0.0,-1.0,1.64477485129653E-16));
#11539=DIRECTION('',(0.0,0.0,-1.0));
#11540=DIRECTION('',(0.0,-1.0,0.0));
#11541=DIRECTION('',(0.0,-0.364873698983945,0.931057024993514));
#11542=DIRECTION('',(0.0,0.0,1.0));
#11543=DIRECTION('',(0.0,1.0,0.0));
#11544=DIRECTION('',(0.0,0.0,1.0));
#11545=DIRECTION('',(0.0,-1.0,0.0));
#11546=DIRECTION('',(-0.98058067569092,0.196116135138183,0.0));
#11547=DIRECTION('',(0.0,0.0,1.0));
#11548=DIRECTION('',(-0.98058067569092,0.196116135138183,0.0));
#11549=DIRECTION('',(-1.0,0.0,0.0));
#11550=DIRECTION('',(0.0,-1.0,0.0));
#11551=DIRECTION('',(-1.0,0.0,0.0));
#11552=DIRECTION('',(0.0,-1.0,0.0));
#11553=DIRECTION('',(1.0,0.0,0.0));
#11554=DIRECTION('',(0.0,1.0,0.0));
#11555=DIRECTION('',(0.192182121447672,-0.981359277836549,0.0));
#11556=DIRECTION('',(0.699624974232934,-0.714510248652577,0.0));
#11557=DIRECTION('',(0.890605350509622,-0.454776988911744,0.0));
#11558=DIRECTION('',(0.979770690874503,-0.200123445161479,0.0));
#11559=DIRECTION('',(1.0,0.0,0.0));
#11560=DIRECTION('',(0.979770690874503,0.200123445161481,0.0));
#11561=DIRECTION('',(0.890605350509626,0.454776988911738,0.0));
#11562=DIRECTION('',(0.699624718760758,0.714510498802453,0.0));
#11563=DIRECTION('',(0.439713602853409,0.898138044771334,0.0));
#11564=DIRECTION('',(0.19218267690435,0.98135916905987,0.0));
#11565=DIRECTION('',(0.0,1.0,0.0));
#11566=DIRECTION('',(-0.192182573204534,0.981359189367728,0.0));
#11567=DIRECTION('',(-0.439713664956625,0.898138014366619,0.0));
#11568=DIRECTION('',(-0.699624750029509,0.714510468185139,0.0));
#11569=DIRECTION('',(-0.89060537469771,0.45477694154338,0.0));
#11570=DIRECTION('',(-0.979770694309673,0.200123428343465,0.0));
#11571=DIRECTION('',(-1.0,0.0,0.0));
#11572=DIRECTION('',(-0.979770694309673,-0.200123428343465,0.0));
#11573=DIRECTION('',(-0.890605374697707,-0.454776941543387,0.0));
#11574=DIRECTION('',(-0.699625005501668,-0.714510218035258,0.0));
#11575=DIRECTION('',(-0.19218204367302,-0.981359293067356,0.0));
#11576=DIRECTION('',(1.0,0.0,0.0));
#11577=DIRECTION('',(0.310278733449605,0.950645626702668,0.0));
#11578=DIRECTION('',(0.826599278799613,0.562790931241753,0.0));
#11579=DIRECTION('',(0.968917745967777,0.2473831068378,0.0));
#11580=DIRECTION('',(1.0,0.0,0.0));
#11581=DIRECTION('',(0.968917745967777,-0.2473831068378,0.0));
#11582=DIRECTION('',(0.826599278799619,-0.562790931241744,0.0));
#11583=DIRECTION('',(0.546621823167578,-0.837379592799438,0.0));
#11584=DIRECTION('',(0.237771780341121,-0.971321049125063,0.0));
#11585=DIRECTION('',(0.0,-1.0,0.0));
#11586=DIRECTION('',(-0.237771780341117,-0.971321049125064,0.0));
#11587=DIRECTION('',(-0.546622181089489,-0.837379359156273,0.0));
#11588=DIRECTION('',(-0.826599187119061,-0.562791065897557,0.0));
#11589=DIRECTION('',(-0.968917745967778,-0.247383106837795,0.0));
#11590=DIRECTION('',(-1.0,0.0,0.0));
#11591=DIRECTION('',(-0.968917745967777,0.2473831068378,0.0));
#11592=DIRECTION('',(-0.826599187119067,0.562791065897548,0.0));
#11593=DIRECTION('',(-0.310278995295641,0.950645541239387,0.0));
#11594=DIRECTION('',(-1.0,0.0,0.0));
#11595=DIRECTION('',(0.0,-1.0,0.0));
#11596=DIRECTION('',(1.0,0.0,0.0));
#11597=DIRECTION('',(0.0,1.0,0.0));
#11598=DIRECTION('',(-1.0,0.0,0.0));
#11599=DIRECTION('',(0.0,-1.0,0.0));
#11600=DIRECTION('',(1.0,0.0,0.0));
#11601=DIRECTION('',(0.0,-1.0,0.0));
#11602=DIRECTION('',(-1.0,0.0,0.0));
#11603=DIRECTION('',(0.0,-1.0,0.0));
#11604=DIRECTION('',(1.0,0.0,0.0));
#11605=DIRECTION('',(0.0,-1.0,0.0));
#11606=DIRECTION('',(-1.0,0.0,0.0));
#11607=DIRECTION('',(-0.979770739215334,-0.200123208492763,0.0));
#11608=DIRECTION('',(-0.890605111201691,-0.454777457556357,0.0));
#11609=DIRECTION('',(-0.699624494557076,-0.714510718335111,0.0));
#11610=DIRECTION('',(-0.439714172352691,-0.898137765953636,0.0));
#11611=DIRECTION('',(-0.192182043673007,-0.981359293067359,0.0));
#11612=DIRECTION('',(0.0,-1.0,0.0));
#11613=DIRECTION('',(0.19218214737256,-0.981359272759611,0.0));
#11614=DIRECTION('',(0.439714110249421,-0.898137796358421,0.0));
#11615=DIRECTION('',(0.699624463288321,-0.714510748952407,0.0));
#11616=DIRECTION('',(0.890605087013559,-0.45477750492474,0.0));
#11617=DIRECTION('',(0.979770735780169,-0.200123225310772,0.0));
#11618=DIRECTION('',(1.0,0.0,0.0));
#11619=DIRECTION('',(0.0,1.0,0.0));
#11620=DIRECTION('',(-1.0,0.0,0.0));
#11621=DIRECTION('',(-0.316227901727064,-0.948683252813761,0.0));
#11622=DIRECTION('',(1.0,0.0,0.0));
#11623=DIRECTION('',(0.31028056707403,0.950645028228843,0.0));
#11624=DIRECTION('',(1.0,0.0,0.0));
#11625=DIRECTION('',(0.31028056707403,-0.950645028228843,0.0));
#11626=DIRECTION('',(1.0,0.0,0.0));
#11627=DIRECTION('',(-0.316227901727062,0.948683252813762,0.0));
#11628=DIRECTION('',(-1.0,0.0,0.0));
#11629=DIRECTION('',(0.0,-1.0,0.0));
#11630=DIRECTION('',(1.0,0.0,0.0));
#11631=DIRECTION('',(0.0,-1.0,0.0));
#11632=DIRECTION('',(0.970142500145332,0.242535625036333,0.0));
#11633=DIRECTION('',(0.0,1.0,0.0));
#11634=DIRECTION('',(-0.970142500145332,0.242535625036332,0.0));
#11635=DIRECTION('',(0.0,-1.0,0.0));
#11636=DIRECTION('',(1.0,0.0,0.0));
#11637=DIRECTION('',(0.0,-1.0,0.0));
#11638=DIRECTION('',(0.98058067569092,0.196116135138184,0.0));
#11639=DIRECTION('',(1.0,0.0,0.0));
#11640=DIRECTION('',(0.0,-1.0,0.0));
#11641=DIRECTION('',(-1.0,0.0,0.0));
#11642=DIRECTION('',(0.0,-1.0,0.0));
#11643=DIRECTION('',(1.0,0.0,0.0));
#11644=DIRECTION('',(0.0,-1.0,0.0));
#11645=DIRECTION('',(-1.0,0.0,0.0));
#11646=DIRECTION('',(0.0,0.0,-1.0));
#11647=DIRECTION('',(1.0,0.0,0.0));
#11648=DIRECTION('',(0.0,-1.0,1.64477485129653E-16));
#11649=DIRECTION('',(1.0,0.0,0.0));
#11650=DIRECTION('',(0.0,0.0,-1.0));
#11651=DIRECTION('',(1.0,0.0,0.0));
#11652=CARTESIAN_POINT('',(2.5,-4.44089209850063E-16,5.05));
#11653=DIRECTION('',(0.0,-0.0,-1.0));
#11654=DIRECTION('',(4.22942104619107E-16,-1.0,0.0));
#11655=CARTESIAN_POINT('',(2.5,-4.44089209850063E-16,5.05));
#11656=DIRECTION('',(-0.0,0.0,-1.0));
#11657=DIRECTION('',(0.0,1.0,0.0));
#11658=CARTESIAN_POINT('',(-2.5,-4.44089209850063E-16,5.05));
#11659=DIRECTION('',(-0.0,0.0,-1.0));
#11660=DIRECTION('',(-2.11471052309554E-16,-1.0,0.0));
#11661=CARTESIAN_POINT('',(-2.5,-4.44089209850063E-16,5.05));
#11662=DIRECTION('',(-0.0,0.0,-1.0));
#11663=DIRECTION('',(0.0,1.0,0.0));
#11664=DIRECTION('',(0.0,-1.0,0.0));
#11665=DIRECTION('',(1.0,0.0,0.0));
#11666=DIRECTION('',(1.0,0.0,0.0));
#11667=DIRECTION('',(1.0,0.0,0.0));
#11668=DIRECTION('',(1.0,0.0,0.0));
#11669=DIRECTION('',(0.0,-0.364873698983945,0.931057024993514));
#11670=DIRECTION('',(1.0,0.0,0.0));
#11671=DIRECTION('',(1.0,0.0,0.0));
#11672=DIRECTION('',(0.0,0.0,-1.0));
#11673=DIRECTION('',(1.0,0.0,0.0));
#11674=DIRECTION('',(0.0,0.0,1.0));
#11675=DIRECTION('',(0.0,0.0,1.0));
#11676=DIRECTION('',(0.98058067569092,0.196116135138184,0.0));
#11677=DIRECTION('',(0.0,-1.0,0.0));
#11678=DIRECTION('',(0.0,0.0,-1.0));
#11679=DIRECTION('',(-1.0,0.0,0.0));
#11680=DIRECTION('',(0.0,0.0,-1.0));
#11681=DIRECTION('',(0.0,-1.0,0.0));
#11682=DIRECTION('',(0.0,0.0,-1.0));
#11683=DIRECTION('',(-1.0,0.0,0.0));
#11684=DIRECTION('',(0.0,0.0,-1.0));
#11685=DIRECTION('',(0.0,-1.0,0.0));
#11686=DIRECTION('',(0.0,0.0,-1.0));
#11687=DIRECTION('',(1.0,0.0,0.0));
#11688=DIRECTION('',(0.0,0.0,-1.0));
#11689=DIRECTION('',(0.0,1.0,0.0));
#11690=DIRECTION('',(0.0,0.0,-1.0));
#11691=DIRECTION('',(0.192182121447672,-0.981359277836549,0.0));
#11692=DIRECTION('',(0.0,0.0,-1.0));
#11693=DIRECTION('',(0.699624974232934,-0.714510248652577,0.0));
#11694=DIRECTION('',(0.0,0.0,-1.0));
#11695=DIRECTION('',(0.890605350509622,-0.454776988911745,0.0));
#11696=DIRECTION('',(0.0,0.0,-1.0));
#11697=DIRECTION('',(0.979770690874503,-0.200123445161479,0.0));
#11698=DIRECTION('',(0.0,0.0,-1.0));
#11699=DIRECTION('',(1.0,0.0,0.0));
#11700=DIRECTION('',(0.0,0.0,-1.0));
#11701=DIRECTION('',(0.979770690874502,0.200123445161482,0.0));
#11702=DIRECTION('',(0.0,0.0,-1.0));
#11703=DIRECTION('',(0.890605350509626,0.454776988911738,0.0));
#11704=DIRECTION('',(0.0,0.0,-1.0));
#11705=DIRECTION('',(0.699624718760765,0.714510498802447,0.0));
#11706=DIRECTION('',(0.0,0.0,-1.0));
#11707=DIRECTION('',(0.439713602853409,0.898138044771334,0.0));
#11708=DIRECTION('',(0.0,0.0,-1.0));
#11709=DIRECTION('',(0.192182676904349,0.98135916905987,0.0));
#11710=DIRECTION('',(0.0,0.0,-1.0));
#11711=DIRECTION('',(0.0,1.0,0.0));
#11712=DIRECTION('',(0.0,0.0,-1.0));
#11713=DIRECTION('',(-0.192182573204534,0.981359189367728,0.0));
#11714=DIRECTION('',(0.0,0.0,-1.0));
#11715=DIRECTION('',(-0.439713664956625,0.898138014366619,0.0));
#11716=DIRECTION('',(0.0,0.0,-1.0));
#11717=DIRECTION('',(-0.699624750029506,0.714510468185142,0.0));
#11718=DIRECTION('',(0.0,0.0,-1.0));
#11719=DIRECTION('',(-0.89060537469771,0.454776941543381,0.0));
#11720=DIRECTION('',(0.0,0.0,-1.0));
#11721=DIRECTION('',(-0.979770694309673,0.200123428343465,0.0));
#11722=DIRECTION('',(0.0,0.0,-1.0));
#11723=DIRECTION('',(-1.0,0.0,0.0));
#11724=DIRECTION('',(0.0,0.0,-1.0));
#11725=DIRECTION('',(-0.979770694309673,-0.200123428343462,0.0));
#11726=DIRECTION('',(0.0,0.0,-1.0));
#11727=DIRECTION('',(-0.890605374697707,-0.454776941543387,0.0));
#11728=DIRECTION('',(0.0,0.0,-1.0));
#11729=DIRECTION('',(-0.699625005501665,-0.714510218035261,0.0));
#11730=DIRECTION('',(0.0,0.0,-1.0));
#11731=DIRECTION('',(-0.192182043673019,-0.981359293067357,0.0));
#11732=DIRECTION('',(0.0,0.0,-1.0));
#11733=DIRECTION('',(1.0,0.0,0.0));
#11734=DIRECTION('',(0.0,0.0,-1.0));
#11735=DIRECTION('',(0.310278733449592,0.950645626702673,0.0));
#11736=DIRECTION('',(0.0,0.0,-1.0));
#11737=DIRECTION('',(0.826599278799619,0.562790931241744,0.0));
#11738=DIRECTION('',(0.0,0.0,-1.0));
#11739=DIRECTION('',(0.968917745967777,0.2473831068378,0.0));
#11740=DIRECTION('',(0.0,0.0,-1.0));
#11741=DIRECTION('',(1.0,0.0,0.0));
#11742=DIRECTION('',(0.0,0.0,-1.0));
#11743=DIRECTION('',(0.968917745967777,-0.2473831068378,0.0));
#11744=DIRECTION('',(0.0,0.0,-1.0));
#11745=DIRECTION('',(0.826599278799619,-0.562790931241744,0.0));
#11746=DIRECTION('',(0.0,0.0,-1.0));
#11747=DIRECTION('',(0.546621823167569,-0.837379592799444,0.0));
#11748=DIRECTION('',(0.0,0.0,-1.0));
#11749=DIRECTION('',(0.237771780341117,-0.971321049125064,0.0));
#11750=DIRECTION('',(0.0,0.0,-1.0));
#11751=DIRECTION('',(0.0,-1.0,0.0));
#11752=DIRECTION('',(0.0,0.0,-1.0));
#11753=DIRECTION('',(-0.237771780341117,-0.971321049125064,0.0));
#11754=DIRECTION('',(0.0,0.0,-1.0));
#11755=DIRECTION('',(-0.546622181089484,-0.837379359156276,0.0));
#11756=DIRECTION('',(0.0,0.0,-1.0));
#11757=DIRECTION('',(-0.826599187119061,-0.562791065897557,0.0));
#11758=DIRECTION('',(0.0,0.0,-1.0));
#11759=DIRECTION('',(-0.968917745967777,-0.2473831068378,0.0));
#11760=DIRECTION('',(0.0,0.0,-1.0));
#11761=DIRECTION('',(-1.0,0.0,0.0));
#11762=DIRECTION('',(0.0,0.0,-1.0));
#11763=DIRECTION('',(-0.968917745967777,0.2473831068378,0.0));
#11764=DIRECTION('',(0.0,0.0,-1.0));
#11765=DIRECTION('',(-0.826599187119061,0.562791065897557,0.0));
#11766=DIRECTION('',(0.0,0.0,-1.0));
#11767=DIRECTION('',(-0.310278995295638,0.950645541239388,0.0));
#11768=DIRECTION('',(0.0,0.0,-1.0));
#11769=DIRECTION('',(-1.0,0.0,0.0));
#11770=DIRECTION('',(0.0,0.0,-1.0));
#11771=DIRECTION('',(0.0,-1.0,0.0));
#11772=DIRECTION('',(0.0,0.0,-1.0));
#11773=DIRECTION('',(1.0,0.0,0.0));
#11774=DIRECTION('',(0.0,0.0,-1.0));
#11775=DIRECTION('',(0.0,1.0,0.0));
#11776=DIRECTION('',(0.0,0.0,-1.0));
#11777=DIRECTION('',(-1.0,0.0,0.0));
#11778=DIRECTION('',(0.0,0.0,-1.0));
#11779=DIRECTION('',(0.0,-1.0,0.0));
#11780=DIRECTION('',(0.0,0.0,-1.0));
#11781=DIRECTION('',(1.0,0.0,0.0));
#11782=DIRECTION('',(0.0,0.0,-1.0));
#11783=DIRECTION('',(0.0,-1.0,0.0));
#11784=DIRECTION('',(0.0,0.0,-1.0));
#11785=DIRECTION('',(-1.0,0.0,0.0));
#11786=DIRECTION('',(0.0,0.0,-1.0));
#11787=DIRECTION('',(0.0,-1.0,0.0));
#11788=DIRECTION('',(0.0,0.0,-1.0));
#11789=DIRECTION('',(1.0,0.0,0.0));
#11790=DIRECTION('',(0.0,0.0,-1.0));
#11791=DIRECTION('',(0.0,-1.0,0.0));
#11792=DIRECTION('',(0.0,0.0,-1.0));
#11793=DIRECTION('',(-1.0,0.0,0.0));
#11794=DIRECTION('',(0.0,0.0,-1.0));
#11795=DIRECTION('',(-0.979770739215334,-0.200123208492765,0.0));
#11796=DIRECTION('',(0.0,0.0,-1.0));
#11797=DIRECTION('',(-0.890605111201691,-0.454777457556357,0.0));
#11798=DIRECTION('',(0.0,0.0,-1.0));
#11799=DIRECTION('',(-0.699624494557072,-0.714510718335114,0.0));
#11800=DIRECTION('',(0.0,0.0,-1.0));
#11801=DIRECTION('',(-0.439714172352678,-0.898137765953642,0.0));
#11802=DIRECTION('',(0.0,0.0,-1.0));
#11803=DIRECTION('',(-0.192182043673007,-0.981359293067359,0.0));
#11804=DIRECTION('',(0.0,0.0,-1.0));
#11805=DIRECTION('',(0.0,-1.0,0.0));
#11806=DIRECTION('',(0.0,0.0,-1.0));
#11807=DIRECTION('',(0.192182147372558,-0.981359272759611,0.0));
#11808=DIRECTION('',(0.0,0.0,-1.0));
#11809=DIRECTION('',(0.439714110249424,-0.898137796358419,0.0));
#11810=DIRECTION('',(0.0,0.0,-1.0));
#11811=DIRECTION('',(0.699624463288321,-0.714510748952407,0.0));
#11812=DIRECTION('',(0.0,0.0,-1.0));
#11813=DIRECTION('',(0.890605087013559,-0.45477750492474,0.0));
#11814=DIRECTION('',(0.0,0.0,-1.0));
#11815=DIRECTION('',(0.979770735780171,-0.200123225310766,0.0));
#11816=DIRECTION('',(0.0,0.0,-1.0));
#11817=DIRECTION('',(1.0,0.0,0.0));
#11818=DIRECTION('',(0.0,0.0,-1.0));
#11819=DIRECTION('',(0.0,1.0,0.0));
#11820=DIRECTION('',(0.0,0.0,-1.0));
#11821=DIRECTION('',(-1.0,0.0,0.0));
#11822=DIRECTION('',(0.0,0.0,-1.0));
#11823=DIRECTION('',(-0.316227901727064,-0.948683252813761,0.0));
#11824=DIRECTION('',(0.0,0.0,-1.0));
#11825=DIRECTION('',(1.0,0.0,0.0));
#11826=DIRECTION('',(0.0,0.0,-1.0));
#11827=DIRECTION('',(0.31028056707403,0.950645028228843,0.0));
#11828=DIRECTION('',(0.0,0.0,-1.0));
#11829=DIRECTION('',(1.0,0.0,0.0));
#11830=DIRECTION('',(0.0,0.0,-1.0));
#11831=DIRECTION('',(0.31028056707403,-0.950645028228843,0.0));
#11832=DIRECTION('',(0.0,0.0,-1.0));
#11833=DIRECTION('',(1.0,0.0,0.0));
#11834=DIRECTION('',(0.0,0.0,-1.0));
#11835=DIRECTION('',(-0.316227901727062,0.948683252813762,0.0));
#11836=DIRECTION('',(0.0,0.0,-1.0));
#11837=DIRECTION('',(-1.0,0.0,0.0));
#11838=DIRECTION('',(0.0,-1.0,0.0));
#11839=DIRECTION('',(0.0,0.0,1.0));
#11840=DIRECTION('',(0.0,0.0,-1.0));
#11841=DIRECTION('',(1.0,0.0,0.0));
#11842=DIRECTION('',(0.0,0.0,-1.0));
#11843=DIRECTION('',(0.0,0.0,1.0));
#11844=DIRECTION('',(0.0,0.0,-1.0));
#11845=DIRECTION('',(0.0,-1.0,0.0));
#11846=DIRECTION('',(0.0,0.0,-1.0));
#11847=DIRECTION('',(0.970142500145332,0.242535625036333,0.0));
#11848=DIRECTION('',(0.0,0.0,1.0));
#11849=DIRECTION('',(0.0,-1.0,0.0));
#11850=DIRECTION('',(0.0,0.0,1.0));
#11851=DIRECTION('',(-0.970142500145332,0.242535625036332,0.0));
#11852=DIRECTION('',(0.0,-1.0,0.0));
#11853=DIRECTION('',(0.0,0.0,1.0));
#11854=DIRECTION('',(-1.0,0.0,0.0));
#11855=DIRECTION('',(0.0,0.0,-1.0));
#11856=DIRECTION('',(0.0,-1.0,0.0));
#11857=DIRECTION('',(0.0,0.0,1.0));
#11858=DIRECTION('',(1.0,0.0,0.0));
#11859=DIRECTION('',(0.0,0.0,-1.0));
#11860=DIRECTION('',(0.0,0.0,-1.0));
#11861=DIRECTION('',(1.0,0.0,0.0));
#11862=DIRECTION('',(0.0,0.0,1.0));
#11863=DIRECTION('',(0.0,-1.0,0.0));
#11864=DIRECTION('',(0.0,0.0,1.0));
#11865=DIRECTION('',(-1.0,0.0,0.0));
#11866=DIRECTION('',(0.0,0.0,1.0));
#11867=CARTESIAN_POINT('',(2.5,4.44089209850063E-16,1.25));
#11868=DIRECTION('',(0.0,-0.0,1.0));
#11869=DIRECTION('',(2.11471052309554E-16,1.0,0.0));
#11870=DIRECTION('',(0.0,0.0,1.0));
#11871=CARTESIAN_POINT('',(2.5,5.55111512312578E-16,1.25));
#11872=DIRECTION('',(0.0,0.0,-1.0));
#11873=DIRECTION('',(2.11471052309554E-16,1.0,0.0));
#11874=DIRECTION('',(0.0,0.0,1.0));
#11875=CARTESIAN_POINT('',(-2.5,2.22044604925031E-16,1.25));
#11876=DIRECTION('',(0.0,-0.0,1.0));
#11877=DIRECTION('',(2.11471052309554E-16,1.0,0.0));
#11878=DIRECTION('',(0.0,0.0,1.0));
#11879=CARTESIAN_POINT('',(-2.5,1.66533453693773E-16,1.25));
#11880=DIRECTION('',(0.0,0.0,-1.0));
#11881=DIRECTION('',(4.22942104619107E-16,1.0,0.0));
#11882=DIRECTION('',(0.0,-0.931057024993515,-0.364873698983944));
#11883=DIRECTION('',(1.0,0.0,0.0));
#11884=DIRECTION('',(0.0,-0.931057024993515,-0.364873698983944));
#11885=DIRECTION('',(0.0,-0.931057024993515,-0.364873698983944));
#11886=DIRECTION('',(1.0,0.0,0.0));
#11887=DIRECTION('',(0.0,-0.931057024993515,-0.364873698983944));
#11888=DIRECTION('',(0.0,-1.0,0.0));
#11889=DIRECTION('',(0.0,0.0,-1.0));
#11890=DIRECTION('',(0.0,1.0,0.0));
#11891=DIRECTION('',(1.0,0.0,0.0));
#11892=DIRECTION('',(0.0,1.0,0.0));
#11893=DIRECTION('',(0.968917661143727,0.247383439065289,0.0));
#11894=DIRECTION('',(0.826599278799619,0.562790931241744,0.0));
#11895=DIRECTION('',(0.546622919779362,0.837378876955877,0.0));
#11896=DIRECTION('',(0.237770496720641,0.971321363344398,0.0));
#11897=DIRECTION('',(0.0,1.0,0.0));
#11898=DIRECTION('',(-0.237770496720641,0.971321363344398,0.0));
#11899=DIRECTION('',(-0.546623277701383,0.837378643311971,0.0));
#11900=DIRECTION('',(-0.826599187119061,0.562791065897557,0.0));
#11901=DIRECTION('',(-0.968917661143727,0.247383439065289,0.0));
#11902=DIRECTION('',(-1.0,0.0,0.0));
#11903=DIRECTION('',(0.0,-1.0,0.0));
#11904=DIRECTION('',(1.0,0.0,0.0));
#11905=DIRECTION('',(-1.0,0.0,0.0));
#11906=DIRECTION('',(0.310280021327646,-0.950645206354566,0.0));
#11907=DIRECTION('',(0.310280021327648,0.950645206354565,0.0));
#11908=DIRECTION('',(0.0,1.0,0.0));
#11909=DIRECTION('',(1.0,0.0,0.0));
#11910=DIRECTION('',(0.0,1.0,0.0));
#11911=DIRECTION('',(0.0,0.0,-1.0));
#11912=DIRECTION('',(0.0,-1.0,0.0));
#11913=DIRECTION('',(0.0,0.0,-1.0));
#11914=DIRECTION('',(0.0,-1.0,0.0));
#11915=DIRECTION('',(0.0,-1.0,0.0));
#11916=DIRECTION('',(0.0,0.0,-1.0));
#11917=DIRECTION('',(5.02029989984718E-16,-0.729113051857355,0.684393277006177));
#11918=CARTESIAN_POINT('',(2.5,-4.44089209850063E-16,0.644594594594595));
#11919=DIRECTION('',(-0.0,0.0,-1.0));
#11920=DIRECTION('',(-3.0520838713189E-16,-1.0,0.0));
#11921=DIRECTION('',(0.0,0.729113051857355,0.684393277006177));
#11922=CARTESIAN_POINT('',(2.5,-4.44089209850063E-16,0.644594594594595));
#11923=DIRECTION('',(-0.0,0.0,-1.0));
#11924=DIRECTION('',(0.0,1.0,0.0));
#11925=DIRECTION('',(0.0,0.729113051857355,0.684393277006177));
#11926=DIRECTION('',(5.02029989984718E-16,-0.729113051857355,0.684393277006177));
#11927=CARTESIAN_POINT('',(-2.5,-4.44089209850063E-16,0.644594594594595));
#11928=DIRECTION('',(-0.0,0.0,-1.0));
#11929=DIRECTION('',(-3.0520838713189E-16,-1.0,0.0));
#11930=CARTESIAN_POINT('',(-2.5,-4.44089209850063E-16,0.644594594594595));
#11931=DIRECTION('',(0.0,0.0,-1.0));
#11932=DIRECTION('',(-3.0520838713189E-16,1.0,0.0));
#11933=DIRECTION('',(1.0,0.0,0.0));
#11934=DIRECTION('',(1.0,0.0,0.0));
#11935=DIRECTION('',(0.0,0.0,-1.0));
#11936=DIRECTION('',(0.0,0.0,-1.0));
#11937=DIRECTION('',(0.968917661143727,0.247383439065288,0.0));
#11938=DIRECTION('',(0.0,0.0,-1.0));
#11939=DIRECTION('',(0.826599278799622,0.56279093124174,0.0));
#11940=DIRECTION('',(0.0,0.0,-1.0));
#11941=DIRECTION('',(0.546622919779357,0.83737887695588,0.0));
#11942=DIRECTION('',(0.0,0.0,-1.0));
#11943=DIRECTION('',(0.237770496720641,0.971321363344398,0.0));
#11944=DIRECTION('',(0.0,0.0,-1.0));
#11945=DIRECTION('',(0.0,1.0,0.0));
#11946=DIRECTION('',(0.0,0.0,-1.0));
#11947=DIRECTION('',(-0.237770496720641,0.971321363344398,0.0));
#11948=DIRECTION('',(0.0,0.0,-1.0));
#11949=DIRECTION('',(-0.546623277701387,0.837378643311968,0.0));
#11950=DIRECTION('',(0.0,0.0,-1.0));
#11951=DIRECTION('',(-0.826599187119067,0.562791065897548,0.0));
#11952=DIRECTION('',(0.0,0.0,-1.0));
#11953=DIRECTION('',(-0.968917661143728,0.247383439065284,0.0));
#11954=DIRECTION('',(0.0,0.0,-1.0));
#11955=DIRECTION('',(-1.0,0.0,0.0));
#11956=DIRECTION('',(0.0,0.0,-1.0));
#11957=DIRECTION('',(0.0,-1.0,0.0));
#11958=DIRECTION('',(1.0,0.0,0.0));
#11959=DIRECTION('',(0.0,0.0,-1.0));
#11960=DIRECTION('',(0.0,0.0,-1.0));
#11961=DIRECTION('',(-1.0,0.0,0.0));
#11962=DIRECTION('',(0.0,0.0,-1.0));
#11963=DIRECTION('',(0.310280021327646,-0.950645206354566,0.0));
#11964=DIRECTION('',(0.310280021327648,0.950645206354565,0.0));
#11965=CARTESIAN_POINT('',(1.29999999999999,-2.2,-3.55000000000001));
#11966=DIRECTION('',(-0.0,-1.0,0.0));
#11967=DIRECTION('',(-1.0,0.0,6.66133814775138E-14));
#11968=DIRECTION('',(0.0,0.0,-1.0));
#11969=CARTESIAN_POINT('',(1.3,-2.2,-0.85));
#11970=DIRECTION('',(0.0,-1.0,0.0));
#11971=DIRECTION('',(0.0,0.0,1.0));
#11972=DIRECTION('',(-1.0,0.0,4.62592926927149E-17));
#11973=CARTESIAN_POINT('',(3.7,-2.2,-0.850000000000004));
#11974=DIRECTION('',(0.0,-1.0,0.0));
#11975=DIRECTION('',(1.0,0.0,2.22044604925023E-14));
#11976=DIRECTION('',(-1.64477485129653E-16,0.0,1.0));
#11977=CARTESIAN_POINT('',(3.7,-2.2,-3.55));
#11978=DIRECTION('',(0.0,-1.0,-0.0));
#11979=DIRECTION('',(-3.55271367880064E-14,0.0,-1.0));
#11980=DIRECTION('',(1.0,0.0,0.0));
#11981=DIRECTION('',(1.0,0.0,6.93889390390723E-17));
#11982=CARTESIAN_POINT('',(1.3,-2.2,-0.850000000000001));
#11983=DIRECTION('',(0.0,1.0,0.0));
#11984=DIRECTION('',(-1.0,0.0,-1.29526019539602E-15));
#11985=DIRECTION('',(0.0,0.0,1.0));
#11986=CARTESIAN_POINT('',(1.29999999999999,-2.2,-3.55));
#11987=DIRECTION('',(0.0,1.0,0.0));
#11988=DIRECTION('',(8.88178419700133E-15,0.0,-1.0));
#11989=DIRECTION('',(-1.0,0.0,0.0));
#11990=CARTESIAN_POINT('',(3.70000000000001,-2.2,-3.55000000000001));
#11991=DIRECTION('',(0.0,1.0,-0.0));
#11992=DIRECTION('',(1.0,0.0,8.88178419700133E-15));
#11993=DIRECTION('',(0.0,0.0,-1.0));
#11994=CARTESIAN_POINT('',(3.7,-2.2,-0.850000000000001));
#11995=DIRECTION('',(0.0,1.0,-0.0));
#11996=DIRECTION('',(-1.48029736616688E-15,0.0,1.0));
#11997=DIRECTION('',(0.0,1.0,0.0));
#11998=CARTESIAN_POINT('',(1.29999999999999,2.2,-3.55000000000001));
#11999=DIRECTION('',(-0.0,-1.0,0.0));
#12000=DIRECTION('',(-1.0,0.0,6.66133814775138E-14));
#12001=DIRECTION('',(0.0,1.0,0.0));
#12002=DIRECTION('',(0.0,0.0,-1.0));
#12003=DIRECTION('',(0.0,1.0,0.0));
#12004=CARTESIAN_POINT('',(1.3,2.2,-0.85));
#12005=DIRECTION('',(0.0,-1.0,0.0));
#12006=DIRECTION('',(0.0,0.0,1.0));
#12007=DIRECTION('',(0.0,1.0,0.0));
#12008=DIRECTION('',(-1.0,0.0,4.62592926927149E-17));
#12009=DIRECTION('',(0.0,1.0,0.0));
#12010=CARTESIAN_POINT('',(3.7,2.2,-0.850000000000004));
#12011=DIRECTION('',(0.0,-1.0,0.0));
#12012=DIRECTION('',(1.0,0.0,2.22044604925023E-14));
#12013=DIRECTION('',(0.0,1.0,0.0));
#12014=DIRECTION('',(-1.64477485129653E-16,0.0,1.0));
#12015=DIRECTION('',(0.0,1.0,0.0));
#12016=CARTESIAN_POINT('',(3.7,2.2,-3.55));
#12017=DIRECTION('',(0.0,-1.0,-0.0));
#12018=DIRECTION('',(-3.55271367880064E-14,0.0,-1.0));
#12019=DIRECTION('',(0.0,1.0,0.0));
#12020=DIRECTION('',(1.0,0.0,0.0));
#12021=DIRECTION('',(0.0,1.0,0.0));
#12022=DIRECTION('',(1.0,0.0,6.93889390390723E-17));
#12023=DIRECTION('',(0.0,1.0,0.0));
#12024=CARTESIAN_POINT('',(1.3,2.2,-0.850000000000001));
#12025=DIRECTION('',(0.0,1.0,0.0));
#12026=DIRECTION('',(-1.0,0.0,-1.29526019539602E-15));
#12027=DIRECTION('',(0.0,1.0,0.0));
#12028=DIRECTION('',(0.0,0.0,1.0));
#12029=DIRECTION('',(0.0,1.0,0.0));
#12030=CARTESIAN_POINT('',(1.29999999999999,2.2,-3.55));
#12031=DIRECTION('',(0.0,1.0,0.0));
#12032=DIRECTION('',(8.88178419700133E-15,0.0,-1.0));
#12033=DIRECTION('',(0.0,1.0,0.0));
#12034=DIRECTION('',(0.0,-1.0,0.0));
#12035=DIRECTION('',(1.0,0.0,0.0));
#12036=DIRECTION('',(0.0,1.0,0.0));
#12037=DIRECTION('',(-1.0,0.0,0.0));
#12038=DIRECTION('',(-1.0,0.0,0.0));
#12039=DIRECTION('',(0.0,1.0,0.0));
#12040=CARTESIAN_POINT('',(3.70000000000001,2.2,-3.55000000000001));
#12041=DIRECTION('',(0.0,1.0,-0.0));
#12042=DIRECTION('',(1.0,0.0,8.88178419700133E-15));
#12043=DIRECTION('',(0.0,1.0,0.0));
#12044=DIRECTION('',(0.0,0.0,-1.0));
#12045=DIRECTION('',(0.0,1.0,0.0));
#12046=CARTESIAN_POINT('',(3.7,2.2,-0.850000000000001));
#12047=DIRECTION('',(0.0,1.0,-0.0));
#12048=DIRECTION('',(-1.48029736616688E-15,0.0,1.0));
#12049=DIRECTION('',(0.0,0.0,-1.0));
#12050=DIRECTION('',(0.0,0.0,-1.0));
#12051=CARTESIAN_POINT('',(2.8,1.11022302462516E-16,-8.35));
#12052=DIRECTION('',(1.0,0.0,0.0));
#12053=DIRECTION('',(0.0,-1.0,0.0));
#12054=DIRECTION('',(0.0,0.0,-1.0));
#12055=DIRECTION('',(1.0,0.0,0.0));
#12056=DIRECTION('',(0.0,0.0,-1.0));
#12057=CARTESIAN_POINT('',(2.2,-5.55111512312578E-17,-8.35));
#12058=DIRECTION('',(-1.0,0.0,0.0));
#12059=DIRECTION('',(0.0,1.0,0.0));
#12060=DIRECTION('',(1.0,0.0,0.0));
#12061=CARTESIAN_POINT('',(2.479406247137,-0.976086600330545,3.57192560515504));
#12062=DIRECTION('',(-0.999777505471767,0.0210935903214963,-3.87482968046187E-18));
#12063=DIRECTION('',(-0.0210935903214963,-0.999777505471767,4.54867838858221E-16));
#12064=CARTESIAN_POINT('',(2.5,5.55111512312578E-16,3.57192560515504));
#12065=DIRECTION('',(1.23245957465332E-16,-2.76942235512627E-32,1.0));
#12066=DIRECTION('',(2.24706952834967E-16,1.0,-5.53945406946397E-48));
#12067=CARTESIAN_POINT('',(2.49999997309904,-0.976303822589022,3.57192560515505));
#12068=DIRECTION('',(1.0,2.67162492146781E-08,-1.89134338022271E-08));
#12069=DIRECTION('',(3.01933917867831E-08,-0.97600785071688,0.217735333235135));
#12070=CARTESIAN_POINT('',(2.5,3.70814490224802E-14,3.78966093839017));
#12071=DIRECTION('',(0.0,0.0,-1.0));
#12072=DIRECTION('',(1.68642727780479E-09,-1.0,0.0));
#12073=CARTESIAN_POINT('',(2.520593752863,0.976086600330546,3.57192560515504));
#12074=DIRECTION('',(0.999777505471767,-0.0210935903214963,3.87482968046187E-18));
#12075=DIRECTION('',(0.0210935903214963,0.999777505471767,-4.54867838858221E-16));
#12076=CARTESIAN_POINT('',(2.5,8.32667268468867E-16,3.57192560515504));
#12077=DIRECTION('',(-0.0,0.0,1.0));
#12078=DIRECTION('',(0.0,-1.0,0.0));
#12079=CARTESIAN_POINT('',(2.50000002690103,0.976303822589007,3.57192560515504));
#12080=DIRECTION('',(-1.0,-2.67163229358274E-08,-1.89134378356079E-08));
#12081=DIRECTION('',(-3.01934646174131E-08,0.97600785071688,0.217735333235135));
#12082=CARTESIAN_POINT('',(2.5,2.88657986402541E-15,3.78966093839017));
#12083=DIRECTION('',(0.0,0.0,-1.0));
#12084=DIRECTION('',(-1.68642864261521E-09,1.0,0.0));
#12085=CARTESIAN_POINT('',(2.50000000000003,0.35,0.984639924064692));
#12086=DIRECTION('',(1.01299190671977E-17,-1.0,2.78269176151576E-17));
#12087=DIRECTION('',(0.34207230534312,2.96133855590465E-17,0.939673633724626));
#12088=CARTESIAN_POINT('',(2.5,4.44089209850063E-16,4.50753095492681));
#12089=DIRECTION('',(0.0,-0.0,1.0));
#12090=DIRECTION('',(0.964717748534744,0.263286280808654,0.0));
#12091=CARTESIAN_POINT('',(2.85,8.65973959207622E-15,0.984639924064604));
#12092=DIRECTION('',(-1.0,4.1074211586783E-17,2.33319257275778E-16));
#12093=DIRECTION('',(2.36907084472366E-16,0.173376881819565,0.984855551261465));
#12094=CARTESIAN_POINT('',(3.14978834652873,0.649788625776461,4.62429070428282));
#12095=DIRECTION('',(0.170498890684168,0.170442404214413,0.970504773363366));
#12096=DIRECTION('',(-0.68623929991418,-0.686261714062385,0.24108190115696));
#12097=DIRECTION('',(-0.866025403784439,0.0,-0.5));
#12098=DIRECTION('',(0.0,0.0,-1.0));
#12099=CARTESIAN_POINT('',(2.5,2.88657986402541E-15,3.78966093839017));
#12100=DIRECTION('',(0.0,0.0,-1.0));
#12101=DIRECTION('',(-1.68642864261521E-09,1.0,0.0));
#12102=CARTESIAN_POINT('',(2.85,0.90461802645944,3.55056824186284));
#12103=DIRECTION('',(1.0,5.44789793276419E-16,6.12323399573676E-17));
#12104=DIRECTION('',(5.29986233533134E-16,-0.932123890395091,-0.362139549006623));
#12105=CARTESIAN_POINT('',(2.31779414886397,-8.88178419700125E-16,3.09578920659404));
#12106=DIRECTION('',(-0.499999999999999,-6.71358910255651E-17,0.866025403784439));
#12107=DIRECTION('',(0.855266547986292,-0.157137442580744,0.493788371708767));
#12108=CARTESIAN_POINT('',(2.5,6.66133814775094E-16,4.50753095492681));
#12109=DIRECTION('',(0.0,0.0,1.0));
#12110=DIRECTION('',(0.263286280808655,-0.964717748534744,0.0));
#12111=CARTESIAN_POINT('',(2.85,-0.907933029255715,3.55341344047346));
#12112=DIRECTION('',(1.0,4.72885269742286E-15,-6.12323399573678E-17));
#12113=DIRECTION('',(-4.47480180213294E-15,0.941928067328399,-0.335814704828401));
#12114=CARTESIAN_POINT('',(2.50000000000001,-4.30766533554561E-14,3.78966093839017));
#12115=DIRECTION('',(0.0,0.0,-1.0));
#12116=DIRECTION('',(0.17927465413724,-0.983799064028815,0.0));
#12117=CARTESIAN_POINT('',(2.5,8.32667268468867E-16,3.57192560515504));
#12118=DIRECTION('',(-0.0,0.0,1.0));
#12119=DIRECTION('',(0.0,-1.0,0.0));
#12120=DIRECTION('',(0.0,0.0,-1.0));
#12121=DIRECTION('',(0.0,-1.0,0.0));
#12122=CARTESIAN_POINT('',(2.85,0.895061898805855,3.48966093839017));
#12123=DIRECTION('',(1.0,2.19128029228056E-29,-5.92118946466746E-15));
#12124=DIRECTION('',(5.92118946466746E-15,-3.70074341541716E-15,1.0));
#12125=DIRECTION('',(0.0,-0.834903598458452,-0.550396203912352));
#12126=DIRECTION('',(0.0,1.0,0.0));
#12127=DIRECTION('',(-0.690009293915893,0.604303648077345,-0.398377051585684));
#12128=DIRECTION('',(-0.866025403784439,0.0,-0.5));
#12129=DIRECTION('',(0.690009293915895,0.604303648077342,0.398377051585686));
#12130=CARTESIAN_POINT('',(2.91961524227066,0.260012241889751,3.78966093839017));
#12131=DIRECTION('',(0.690009293904963,0.604303648093974,0.398377051579392));
#12132=DIRECTION('',(0.500000000000011,8.51170985545953E-15,-0.866025403784432));
#12133=DIRECTION('',(0.690009293915883,0.604303648077354,0.398377051585689));
#12134=DIRECTION('',(0.0,0.0,1.0));
#12135=CARTESIAN_POINT('',(2.49999999999999,-0.35,0.984639924064535));
#12136=DIRECTION('',(3.08056586900867E-17,1.0,1.7498944295683E-16));
#12137=DIRECTION('',(0.173376881819565,-1.77680313354271E-16,0.984855551261465));
#12138=CARTESIAN_POINT('',(2.85,-3.94129173741931E-15,0.984639924064591));
#12139=DIRECTION('',(-1.0,-4.05196762687894E-17,1.11307670460627E-16));
#12140=DIRECTION('',(1.18453542236183E-16,-0.342072305343118,0.939673633724627));
#12141=CARTESIAN_POINT('',(3.14979749647135,-0.649797601572538,4.62432995675723));
#12142=DIRECTION('',(0.170389150381235,-0.170367177765629,0.970537254397035));
#12143=DIRECTION('',(0.686269246740989,-0.686277701388434,-0.240951110299503));
#12144=DIRECTION('',(0.0,0.0,1.0));
#12145=DIRECTION('',(0.0,-0.834903598458455,0.550396203912348));
#12146=CARTESIAN_POINT('',(2.85,-0.895061898805852,3.48966093839017));
#12147=DIRECTION('',(1.0,-3.25900020399883E-15,-4.94362239120521E-15));
#12148=DIRECTION('',(5.92118946466754E-15,0.550396203912352,0.834903598458452));
#12149=DIRECTION('',(0.0,-1.0,0.0));
#12150=DIRECTION('',(0.0,-1.0,0.0));
#12151=CARTESIAN_POINT('',(2.5,3.70814490224802E-14,3.78966093839017));
#12152=DIRECTION('',(0.0,0.0,-1.0));
#12153=DIRECTION('',(1.68642727780479E-09,-1.0,0.0));
#12154=DIRECTION('',(-1.0,1.58603289232165E-16,0.0));
#12155=CARTESIAN_POINT('',(2.14999999999999,-0.904618026459021,3.55056824186246));
#12156=DIRECTION('',(-1.0,-9.39931203711279E-15,6.12323399573677E-17));
#12157=DIRECTION('',(8.7834979550354E-15,-0.932123890393754,0.362139549010065));
#12158=CARTESIAN_POINT('',(2.5,8.88178419700125E-16,4.50753095492681));
#12159=DIRECTION('',(0.0,0.0,1.0));
#12160=DIRECTION('',(-0.964717748534744,-0.263286280808655,0.0));
#12161=CARTESIAN_POINT('',(2.6822058506944,7.7715611723761E-16,3.09578920684902));
#12162=DIRECTION('',(0.5,1.11893151759875E-17,0.866025403784439));
#12163=DIRECTION('',(-0.855266547981396,0.157137442616274,0.49378837170594));
#12164=CARTESIAN_POINT('',(2.5,1.49880108324396E-15,4.50753095492681));
#12165=DIRECTION('',(0.0,0.0,1.0));
#12166=DIRECTION('',(-0.263286280808654,0.964717748534745,0.0));
#12167=CARTESIAN_POINT('',(2.15,0.907933029255461,3.55341344047325));
#12168=DIRECTION('',(-1.0,-6.63958717062493E-15,-6.12323399573674E-17));
#12169=DIRECTION('',(-6.27457623164955E-15,0.941928067327725,0.335814704830292));
#12170=CARTESIAN_POINT('',(2.49999999999999,3.39728245535298E-14,3.78966093839017));
#12171=DIRECTION('',(0.0,0.0,-1.0));
#12172=DIRECTION('',(-0.179274654137239,0.983799064028815,0.0));
#12173=CARTESIAN_POINT('',(2.5,5.55111512312578E-16,3.57192560515504));
#12174=DIRECTION('',(1.23245957465332E-16,-2.76942235512627E-32,1.0));
#12175=DIRECTION('',(2.24706952834967E-16,1.0,-5.53945406946397E-48));
#12176=DIRECTION('',(0.0,3.2545229987933E-16,1.0));
#12177=CARTESIAN_POINT('',(2.5,6.10622663543836E-16,2.88966093839017));
#12178=DIRECTION('',(8.25559951606492E-32,-3.71018122216154E-47,-1.0));
#12179=DIRECTION('',(4.49413905669933E-16,1.0,0.0));
#12180=DIRECTION('',(0.0,3.2545229987933E-16,1.0));
#12181=DIRECTION('',(0.0,-1.0,0.0));
#12182=DIRECTION('',(-1.0,0.0,0.0));
#12183=CARTESIAN_POINT('',(2.15,0.895061898805856,3.48966093839016));
#12184=DIRECTION('',(-1.0,2.44425015299905E-15,-3.70771679340383E-15));
#12185=DIRECTION('',(-4.44089209850055E-15,-0.550396203912349,0.834903598458455));
#12186=DIRECTION('',(-1.0,0.0,0.0));
#12187=DIRECTION('',(0.0,-0.834903598458452,-0.550396203912352));
#12188=DIRECTION('',(0.690009293915906,-0.604303648077333,-0.398377051585681));
#12189=DIRECTION('',(-1.0,0.0,0.0));
#12190=CARTESIAN_POINT('',(2.91961524227066,0.260012241889751,3.78966093839017));
#12191=DIRECTION('',(5.55874684624313E-10,1.0,3.20935039791106E-10));
#12192=DIRECTION('',(0.499999999999998,5.55111512312578E-16,-0.86602540378444));
#12193=DIRECTION('',(0.0,1.0,0.0));
#12194=CARTESIAN_POINT('',(2.91961524227066,-0.26001224188975,3.78966093839017));
#12195=DIRECTION('',(-2.74052028487001E-15,1.0,-1.58224012418934E-15));
#12196=DIRECTION('',(0.500000000000001,0.0,-0.866025403784438));
#12197=CARTESIAN_POINT('',(2.91961524227066,-0.26001224188975,3.78966093839017));
#12198=DIRECTION('',(-0.690009293905197,0.604303648093628,-0.398377051579509));
#12199=DIRECTION('',(0.5,-1.57082511438421E-16,-0.866025403784439));
#12200=DIRECTION('',(-0.690009293915911,0.604303648077332,-0.398377051585673));
#12201=CARTESIAN_POINT('',(2.91961524227066,0.260012241889751,3.78966093839017));
#12202=DIRECTION('',(1.0,0.0,-2.96059473233375E-15));
#12203=DIRECTION('',(-2.96059473233375E-15,0.0,-1.0));
#12204=DIRECTION('',(1.0,0.0,0.0));
#12205=DIRECTION('',(-0.690009293915899,-0.604303648077343,0.398377051585677));
#12206=DIRECTION('',(0.0,-0.834903598458455,0.550396203912348));
#12207=DIRECTION('',(-1.0,0.0,0.0));
#12208=CARTESIAN_POINT('',(2.15,-0.895061898805853,3.48966093839017));
#12209=DIRECTION('',(-1.0,3.2869204384209E-30,-4.44089209850064E-15));
#12210=DIRECTION('',(-4.44089209850064E-15,-7.40148683083439E-16,1.0));
#12211=DIRECTION('',(0.0,0.0,-1.0));
#12212=CARTESIAN_POINT('',(2.15,-1.4432899320127E-15,0.984639924064579));
#12213=DIRECTION('',(-1.0,-4.05196762687892E-17,1.11307670460627E-16));
#12214=DIRECTION('',(1.18453542236182E-16,-0.342072305343118,0.939673633724627));
#12215=CARTESIAN_POINT('',(2.50000000000004,-0.35,0.984639924064411));
#12216=DIRECTION('',(1.51948786007951E-17,1.0,-4.17403764227332E-17));
#12217=DIRECTION('',(-0.342072305343114,4.44200783385662E-17,0.939673633724629));
#12218=CARTESIAN_POINT('',(1.85019365250192,-0.649805757877793,4.62435437282446));
#12219=DIRECTION('',(-0.170282251117548,-0.170350473440208,0.970558947799173));
#12220=DIRECTION('',(0.686312532141101,0.686265096295187,0.240863708003152));
#12221=DIRECTION('',(-0.866025403784439,0.0,0.5));
#12222=DIRECTION('',(0.0,0.0,-1.0));
#12223=DIRECTION('',(0.0,-1.0,0.0));
#12224=DIRECTION('',(0.690009293915894,-0.604303648077343,-0.398377051585686));
#12225=DIRECTION('',(-0.866025403784439,0.0,0.5));
#12226=DIRECTION('',(-0.690009293915892,-0.604303648077346,0.398377051585686));
#12227=DIRECTION('',(0.0,0.0,1.0));
#12228=CARTESIAN_POINT('',(2.49999999999997,0.35,0.984639924064681));
#12229=DIRECTION('',(1.28356911208697E-17,-1.0,-7.29122678986824E-17));
#12230=DIRECTION('',(-0.173376881819561,-7.40334638976159E-17,0.984855551261466));
#12231=CARTESIAN_POINT('',(2.15,-1.27675647831893E-14,0.984639924064514));
#12232=DIRECTION('',(-1.0,6.16113173801733E-17,3.49978885913659E-16));
#12233=DIRECTION('',(3.5536062670854E-16,0.173376881819565,0.984855551261465));
#12234=CARTESIAN_POINT('',(1.85019559319209,0.649804975541472,4.62435364014584));
#12235=DIRECTION('',(-0.170351984990219,0.170286008812793,0.970558023207527));
#12236=DIRECTION('',(0.686265280851278,-0.686311039928171,0.240867434018857));
#12237=DIRECTION('',(0.0,0.0,1.0));
#12238=CARTESIAN_POINT('',(2.5,3.88578058618805E-16,2.88966093839017));
#12239=DIRECTION('',(-4.12779975803246E-32,9.27545305540386E-48,1.0));
#12240=DIRECTION('',(2.24706952834967E-16,1.0,1.23000589035448E-63));
#12241=CARTESIAN_POINT('',(2.5,4.44089209850063E-16,2.88966093839017));
#12242=DIRECTION('',(0.0,3.47949447451496E-16,1.0));
#12243=DIRECTION('',(0.0,1.0,-3.47949447451496E-16));
#12244=CARTESIAN_POINT('',(2.5,4.9960036108132E-16,2.88966093839017));
#12245=DIRECTION('',(5.71515414188168E-32,-3.47949447451496E-16,-1.0));
#12246=DIRECTION('',(-3.47949447451496E-16,1.0,-3.47949447451496E-16));
#12247=CARTESIAN_POINT('',(2.08038475772934,0.260012241889751,3.78966093839017));
#12248=DIRECTION('',(0.690009293905194,-0.604303648093633,-0.398377051579508));
#12249=DIRECTION('',(-0.500000000000001,-6.11020830977456E-16,-0.866025403784438));
#12250=CARTESIAN_POINT('',(2.08038475772934,0.260012241889751,3.78966093839017));
#12251=DIRECTION('',(-1.0,1.6295001019994E-15,-2.47181119560259E-15));
#12252=DIRECTION('',(2.96059473233375E-15,0.550396203912351,-0.834903598458453));
#12253=DIRECTION('',(1.0,0.0,0.0));
#12254=DIRECTION('',(0.0,-1.0,0.0));
#12255=DIRECTION('',(-1.0,0.0,0.0));
#12256=CARTESIAN_POINT('',(2.91961524227066,-0.26001224188975,3.78966093839017));
#12257=DIRECTION('',(1.0,-1.6295001019994E-15,-2.47181119560259E-15));
#12258=DIRECTION('',(-2.96059473233375E-15,-0.550396203912351,-0.834903598458453));
#12259=CARTESIAN_POINT('',(2.08038475772934,-0.26001224188975,3.78966093839017));
#12260=DIRECTION('',(-1.0,0.0,-1.48029736616688E-15));
#12261=DIRECTION('',(1.48029736616688E-15,0.0,-1.0));
#12262=CARTESIAN_POINT('',(2.08038475772934,-0.26001224188975,3.78966093839017));
#12263=DIRECTION('',(-0.690009293905001,-0.604303648093927,0.398377051579396));
#12264=DIRECTION('',(-0.5,-3.14165022876814E-16,-0.866025403784438));
#12265=CARTESIAN_POINT('',(2.08038475772934,-0.26001224188975,3.78966093839017));
#12266=DIRECTION('',(-5.55874455539581E-10,-1.0,3.20935121191494E-10));
#12267=DIRECTION('',(-0.499999999999998,-7.40148683040356E-16,-0.86602540378444));
#12268=CARTESIAN_POINT('',(2.08038475772934,0.260012241889751,3.78966093839017));
#12269=DIRECTION('',(-4.20329901269032E-15,-1.0,2.21311329575196E-15));
#12270=DIRECTION('',(-0.5,1.8503717077086E-16,-0.866025403784439));
#12271=CARTESIAN_POINT('',(2.5,1.66533453693773E-16,0.454021091963751));
#12272=DIRECTION('',(0.0,-6.95898894902993E-16,1.0));
#12273=DIRECTION('',(0.0,1.0,6.95898894902993E-16));
#12274=DIRECTION('',(0.0,1.82329588055325E-16,1.0));
#12275=DIRECTION('',(0.0,1.82329588055325E-16,1.0));
#12276=CARTESIAN_POINT('',(2.5,5.55111512312577E-17,0.454021091963751));
#12277=DIRECTION('',(0.0,6.95898894902992E-16,-1.0));
#12278=DIRECTION('',(0.0,1.0,6.95898894902992E-16));
#12279=CARTESIAN_POINT('',(-3.70000000000001,-2.2,-3.55000000000001));
#12280=DIRECTION('',(-0.0,-1.0,0.0));
#12281=DIRECTION('',(-1.0,0.0,5.32907051820103E-14));
#12282=DIRECTION('',(0.0,0.0,-1.0));
#12283=CARTESIAN_POINT('',(-3.7,-2.2,-0.850000000000001));
#12284=DIRECTION('',(-0.0,-1.0,0.0));
#12285=DIRECTION('',(-8.88178419700116E-15,0.0,1.0));
#12286=DIRECTION('',(-1.0,0.0,4.62592926927149E-17));
#12287=CARTESIAN_POINT('',(-1.3,-2.2,-0.850000000000003));
#12288=DIRECTION('',(0.0,-1.0,0.0));
#12289=DIRECTION('',(1.0,0.0,9.99200722162616E-15));
#12290=DIRECTION('',(-1.64477485129653E-16,0.0,1.0));
#12291=CARTESIAN_POINT('',(-1.3,-2.2,-3.55));
#12292=DIRECTION('',(0.0,-1.0,-0.0));
#12293=DIRECTION('',(-4.21884749357578E-14,0.0,-1.0));
#12294=DIRECTION('',(1.0,0.0,0.0));
#12295=DIRECTION('',(1.0,0.0,6.93889390390723E-17));
#12296=CARTESIAN_POINT('',(-3.7,-2.2,-0.850000000000001));
#12297=DIRECTION('',(0.0,1.0,0.0));
#12298=DIRECTION('',(-1.0,0.0,-1.48029736616688E-15));
#12299=DIRECTION('',(0.0,0.0,1.0));
#12300=CARTESIAN_POINT('',(-3.7,-2.2,-3.55000000000001));
#12301=DIRECTION('',(0.0,1.0,0.0));
#12302=DIRECTION('',(8.14163551391789E-15,0.0,-1.0));
#12303=DIRECTION('',(-1.0,0.0,0.0));
#12304=CARTESIAN_POINT('',(-1.29999999999999,-2.2,-3.55));
#12305=DIRECTION('',(0.0,1.0,-0.0));
#12306=DIRECTION('',(1.0,0.0,8.14163551391788E-15));
#12307=DIRECTION('',(4.11193712824132E-17,0.0,-1.0));
#12308=CARTESIAN_POINT('',(-1.3,-2.2,-0.850000000000001));
#12309=DIRECTION('',(0.0,1.0,-0.0));
#12310=DIRECTION('',(-1.48029736616688E-15,0.0,1.0));
#12311=DIRECTION('',(0.0,1.0,0.0));
#12312=CARTESIAN_POINT('',(-3.70000000000001,2.2,-3.55000000000001));
#12313=DIRECTION('',(-0.0,-1.0,0.0));
#12314=DIRECTION('',(-1.0,0.0,5.32907051820103E-14));
#12315=DIRECTION('',(0.0,1.0,0.0));
#12316=DIRECTION('',(0.0,0.0,-1.0));
#12317=DIRECTION('',(0.0,1.0,0.0));
#12318=CARTESIAN_POINT('',(-3.7,2.2,-0.850000000000001));
#12319=DIRECTION('',(-0.0,-1.0,0.0));
#12320=DIRECTION('',(-8.88178419700116E-15,0.0,1.0));
#12321=DIRECTION('',(0.0,1.0,0.0));
#12322=DIRECTION('',(-1.0,0.0,4.62592926927149E-17));
#12323=DIRECTION('',(0.0,1.0,0.0));
#12324=CARTESIAN_POINT('',(-1.3,2.2,-0.850000000000003));
#12325=DIRECTION('',(0.0,-1.0,0.0));
#12326=DIRECTION('',(1.0,0.0,9.99200722162616E-15));
#12327=DIRECTION('',(0.0,1.0,0.0));
#12328=DIRECTION('',(-1.64477485129653E-16,0.0,1.0));
#12329=DIRECTION('',(0.0,1.0,0.0));
#12330=CARTESIAN_POINT('',(-1.3,2.2,-3.55));
#12331=DIRECTION('',(0.0,-1.0,-0.0));
#12332=DIRECTION('',(-4.21884749357578E-14,0.0,-1.0));
#12333=DIRECTION('',(0.0,1.0,0.0));
#12334=DIRECTION('',(1.0,0.0,0.0));
#12335=DIRECTION('',(0.0,1.0,0.0));
#12336=DIRECTION('',(1.0,0.0,6.93889390390723E-17));
#12337=DIRECTION('',(0.0,1.0,0.0));
#12338=CARTESIAN_POINT('',(-3.7,2.2,-0.850000000000001));
#12339=DIRECTION('',(0.0,1.0,0.0));
#12340=DIRECTION('',(-1.0,0.0,-1.48029736616688E-15));
#12341=DIRECTION('',(0.0,1.0,0.0));
#12342=DIRECTION('',(0.0,0.0,1.0));
#12343=DIRECTION('',(0.0,1.0,0.0));
#12344=CARTESIAN_POINT('',(-3.7,2.2,-3.55000000000001));
#12345=DIRECTION('',(0.0,1.0,0.0));
#12346=DIRECTION('',(8.14163551391789E-15,0.0,-1.0));
#12347=DIRECTION('',(0.0,1.0,0.0));
#12348=DIRECTION('',(0.0,-1.0,0.0));
#12349=DIRECTION('',(1.0,0.0,0.0));
#12350=DIRECTION('',(0.0,1.0,0.0));
#12351=DIRECTION('',(-1.0,0.0,0.0));
#12352=DIRECTION('',(-1.0,0.0,0.0));
#12353=DIRECTION('',(0.0,1.0,0.0));
#12354=CARTESIAN_POINT('',(-1.29999999999999,2.2,-3.55));
#12355=DIRECTION('',(0.0,1.0,-0.0));
#12356=DIRECTION('',(1.0,0.0,8.14163551391788E-15));
#12357=DIRECTION('',(0.0,1.0,0.0));
#12358=DIRECTION('',(4.11193712824132E-17,0.0,-1.0));
#12359=DIRECTION('',(0.0,1.0,0.0));
#12360=CARTESIAN_POINT('',(-1.3,2.2,-0.850000000000001));
#12361=DIRECTION('',(0.0,1.0,-0.0));
#12362=DIRECTION('',(-1.48029736616688E-15,0.0,1.0));
#12363=DIRECTION('',(0.0,0.0,-1.0));
#12364=DIRECTION('',(0.0,0.0,-1.0));
#12365=CARTESIAN_POINT('',(-2.2,1.11022302462516E-16,-8.35));
#12366=DIRECTION('',(1.0,0.0,0.0));
#12367=DIRECTION('',(0.0,-1.0,0.0));
#12368=DIRECTION('',(0.0,0.0,-1.0));
#12369=DIRECTION('',(1.0,0.0,0.0));
#12370=DIRECTION('',(0.0,0.0,-1.0));
#12371=CARTESIAN_POINT('',(-2.8,-5.55111512312578E-17,-8.35));
#12372=DIRECTION('',(-1.0,0.0,0.0));
#12373=DIRECTION('',(0.0,1.0,0.0));
#12374=DIRECTION('',(1.0,0.0,0.0));
#12375=CARTESIAN_POINT('',(-2.520593752863,-0.976086600330545,3.57192560515504));
#12376=DIRECTION('',(-0.999777505471767,0.0210935903214963,-3.87482968046187E-18));
#12377=DIRECTION('',(-0.0210935903214963,-0.999777505471767,4.54867838858221E-16));
#12378=CARTESIAN_POINT('',(-2.5,4.44089209850063E-16,3.57192560515504));
#12379=DIRECTION('',(-2.24706972300579E-16,2.24706952834967E-16,1.0));
#12380=DIRECTION('',(2.24706952834967E-16,1.0,-2.24706952834967E-16));
#12381=CARTESIAN_POINT('',(-2.50000002104576,-0.976303822588956,3.57192560515504));
#12382=DIRECTION('',(1.0,2.0907085845404E-08,-1.44050626599566E-08));
#12383=DIRECTION('',(2.35419710392646E-08,-0.976007850716882,0.217735333235127));
#12384=CARTESIAN_POINT('',(-2.5,2.44249065417534E-14,3.78966093839017));
#12385=DIRECTION('',(-2.90839563971703E-25,2.27468398576997E-16,-1.0));
#12386=DIRECTION('',(1.27859327181774E-09,-1.0,-2.27468398576997E-16));
#12387=CARTESIAN_POINT('',(-2.479406247137,0.976086600330546,3.57192560515504));
#12388=DIRECTION('',(0.999777505471767,-0.0210935903214963,3.87482968046187E-18));
#12389=DIRECTION('',(0.0210935903214963,0.999777505471767,-4.54867838858221E-16));
#12390=CARTESIAN_POINT('',(-2.5,5.55111512312578E-16,3.57192560515504));
#12391=DIRECTION('',(1.12353466684678E-16,2.24706952834967E-16,1.0));
#12392=DIRECTION('',(0.0,-1.0,2.24706952834967E-16));
#12393=CARTESIAN_POINT('',(-2.49999997895424,0.976303822588969,3.57192560515504));
#12394=DIRECTION('',(-1.0,-2.09070858454042E-08,-1.44050626599567E-08));
#12395=DIRECTION('',(-2.35419710392649E-08,0.976007850716882,0.217735333235129));
#12396=CARTESIAN_POINT('',(-2.5,-5.08482145278322E-14,3.78966093839017));
#12397=DIRECTION('',(-2.90839046552972E-25,2.27468398576993E-16,-1.0));
#12398=DIRECTION('',(-1.27859099713374E-09,1.0,2.27468398576993E-16));
#12399=CARTESIAN_POINT('',(-2.49999999999998,0.35,0.984639924064632));
#12400=DIRECTION('',(1.01299190671975E-17,-1.0,2.78269176151571E-17));
#12401=DIRECTION('',(0.342072305343119,2.9613385559046E-17,0.939673633724627));
#12402=CARTESIAN_POINT('',(-2.5,1.77635683940025E-15,4.50753095492681));
#12403=DIRECTION('',(0.0,-0.0,1.0));
#12404=DIRECTION('',(0.964717748534745,0.263286280808654,0.0));
#12405=CARTESIAN_POINT('',(-2.15,5.21804821573824E-15,0.984639924064581));
#12406=DIRECTION('',(-1.0,-6.16113173801738E-17,-3.49978885913666E-16));
#12407=DIRECTION('',(-3.55360626708547E-16,0.173376881819564,0.984855551261465));
#12408=CARTESIAN_POINT('',(-1.85021120042862,0.649789056213891,4.62429367647208));
#12409=DIRECTION('',(0.170489169317949,0.170438982967738,0.970507082009296));
#12410=DIRECTION('',(-0.686241836897676,-0.686262441753826,0.241072608003025));
#12411=DIRECTION('',(-0.866025403784439,0.0,-0.5));
#12412=DIRECTION('',(0.0,0.0,-1.0));
#12413=CARTESIAN_POINT('',(-2.5,-5.08482145278322E-14,3.78966093839017));
#12414=DIRECTION('',(-2.90839046552972E-25,2.27468398576993E-16,-1.0));
#12415=DIRECTION('',(-1.27859099713374E-09,1.0,2.27468398576993E-16));
#12416=CARTESIAN_POINT('',(-2.15,0.90461805520461,3.55056826246376));
#12417=DIRECTION('',(1.0,5.4476807467671E-16,6.12323399573677E-17));
#12418=DIRECTION('',(5.29966012065849E-16,-0.932123949694534,-0.362139396373637));
#12419=CARTESIAN_POINT('',(-2.68220585114434,-4.44089209850063E-16,3.09578920658924));
#12420=DIRECTION('',(-0.5,1.11893151708323E-17,0.866025403784439));
#12421=DIRECTION('',(0.855266547986384,-0.157137442580076,0.493788371708821));
#12422=CARTESIAN_POINT('',(-2.5,8.88178419700125E-16,4.50753095492681));
#12423=DIRECTION('',(0.0,0.0,1.0));
#12424=DIRECTION('',(0.263286280808655,-0.964717748534744,0.0));
#12425=CARTESIAN_POINT('',(-2.15,-0.907913749242698,3.55339703070927));
#12426=DIRECTION('',(1.0,1.91271423104567E-15,-6.12323399573674E-17));
#12427=DIRECTION('',(-1.82210193607041E-15,0.941870627618,-0.335975774172));
#12428=CARTESIAN_POINT('',(-2.5,-2.48689957516035E-14,3.78966093839017));
#12429=DIRECTION('',(0.0,0.0,-1.0));
#12430=DIRECTION('',(0.179274654137239,-0.983799064028815,0.0));
#12431=CARTESIAN_POINT('',(-2.5,5.55111512312578E-16,3.57192560515504));
#12432=DIRECTION('',(1.12353466684678E-16,2.24706952834967E-16,1.0));
#12433=DIRECTION('',(0.0,-1.0,2.24706952834967E-16));
#12434=DIRECTION('',(0.0,0.0,-1.0));
#12435=DIRECTION('',(0.0,-1.0,0.0));
#12436=CARTESIAN_POINT('',(-2.15,0.895061898805855,3.48966093839017));
#12437=DIRECTION('',(1.0,1.64346021921042E-29,-4.4408920985006E-15));
#12438=DIRECTION('',(4.4408920985006E-15,-3.70074341541716E-15,1.0));
#12439=DIRECTION('',(0.0,-0.834903598458452,-0.550396203912352));
#12440=DIRECTION('',(0.0,1.0,0.0));
#12441=DIRECTION('',(-0.690009293915892,0.604303648077347,-0.398377051585683));
#12442=DIRECTION('',(-0.866025403784439,0.0,-0.5));
#12443=DIRECTION('',(0.690009293915893,0.604303648077346,0.398377051585684));
#12444=DIRECTION('',(0.690009293915897,0.604303648077339,0.398377051585687));
#12445=CARTESIAN_POINT('',(-2.08038475772934,0.260012241889751,3.78966093839017));
#12446=DIRECTION('',(0.690009293912002,0.604303648083275,0.398377051583428));
#12447=DIRECTION('',(0.499999999999995,-5.89323480533554E-15,-0.866025403784442));
#12448=DIRECTION('',(0.0,0.0,1.0));
#12449=CARTESIAN_POINT('',(-2.5,-0.35,0.984639924064571));
#12450=DIRECTION('',(-3.08056586900866E-17,1.0,-1.74989442956832E-16));
#12451=DIRECTION('',(0.173376881819562,1.77680313354273E-16,0.984855551261466));
#12452=CARTESIAN_POINT('',(-2.15,1.80411241501588E-14,0.984639924064509));
#12453=DIRECTION('',(-1.0,0.0,0.0));
#12454=DIRECTION('',(0.0,-0.342072305343116,0.939673633724628));
#12455=CARTESIAN_POINT('',(-1.85020258343662,-0.649797520328662,4.62432972466793));
#12456=DIRECTION('',(0.170389535325818,-0.170367984264778,0.970537045242998));
#12457=DIRECTION('',(0.686269152633346,-0.686277499700922,-0.240951952779304));
#12458=DIRECTION('',(0.0,0.0,1.0));
#12459=DIRECTION('',(0.0,-0.834903598458455,0.550396203912348));
#12460=CARTESIAN_POINT('',(-2.15,-0.895061898805852,3.48966093839017));
#12461=DIRECTION('',(1.0,-2.44425015299912E-15,-3.7077167934039E-15));
#12462=DIRECTION('',(4.44089209850066E-15,0.550396203912352,0.834903598458452));
#12463=DIRECTION('',(0.0,-1.0,0.0));
#12464=DIRECTION('',(0.0,-1.0,0.0));
#12465=CARTESIAN_POINT('',(-2.5,2.44249065417534E-14,3.78966093839017));
#12466=DIRECTION('',(-2.90839563971703E-25,2.27468398576997E-16,-1.0));
#12467=DIRECTION('',(1.27859327181774E-09,-1.0,-2.27468398576997E-16));
#12468=DIRECTION('',(-1.0,0.0,0.0));
#12469=CARTESIAN_POINT('',(-2.84999999999999,-0.904618055205363,3.55056826246439));
#12470=DIRECTION('',(-1.0,5.53985878119687E-15,-6.12323399573679E-17));
#12471=DIRECTION('',(5.18600969052113E-15,0.932123949696624,-0.362139396368256));
#12472=CARTESIAN_POINT('',(-2.5,1.33226762955019E-15,4.50753095492681));
#12473=DIRECTION('',(0.0,0.0,1.0));
#12474=DIRECTION('',(-0.964717748534744,-0.263286280808655,0.0));
#12475=CARTESIAN_POINT('',(-2.3177941493249,-2.05391259555654E-15,3.09578920686016));
#12476=DIRECTION('',(0.5,2.23786303524172E-17,0.866025403784439));
#12477=DIRECTION('',(-0.855266547981182,0.157137442617828,0.493788371705817));
#12478=CARTESIAN_POINT('',(-2.5,1.60982338570648E-15,4.50753095492681));
#12479=DIRECTION('',(0.0,0.0,1.0));
#12480=DIRECTION('',(-0.263286280808654,0.964717748534745,0.0));
#12481=CARTESIAN_POINT('',(-2.85,0.907913749242427,3.55339703070902));
#12482=DIRECTION('',(-1.0,-1.91271423104566E-15,-6.12323399573675E-17));
#12483=DIRECTION('',(-1.82210193606883E-15,0.941870627617102,0.335975774174517));
#12484=CARTESIAN_POINT('',(-2.49999999999999,-5.99520433297585E-14,3.78966093839017));
#12485=DIRECTION('',(0.0,0.0,-1.0));
#12486=DIRECTION('',(-0.179274654137236,0.983799064028816,0.0));
#12487=CARTESIAN_POINT('',(-2.5,4.44089209850063E-16,3.57192560515504));
#12488=DIRECTION('',(-2.24706972300579E-16,2.24706952834967E-16,1.0));
#12489=DIRECTION('',(2.24706952834967E-16,1.0,-2.24706952834967E-16));
#12490=DIRECTION('',(0.0,3.25452299879329E-16,1.0));
#12491=CARTESIAN_POINT('',(-2.5,4.9960036108132E-16,2.88966093839017));
#12492=DIRECTION('',(4.12779975803246E-32,-9.27545305540386E-48,-1.0));
#12493=DIRECTION('',(2.24706952834967E-16,1.0,1.23000589035448E-63));
#12494=DIRECTION('',(0.0,3.2545229987933E-16,1.0));
#12495=DIRECTION('',(0.0,-1.0,0.0));
#12496=DIRECTION('',(-1.0,0.0,0.0));
#12497=CARTESIAN_POINT('',(-2.85,0.895061898805856,3.48966093839016));
#12498=DIRECTION('',(-1.0,-3.25900020399873E-15,4.9436223912051E-15));
#12499=DIRECTION('',(5.9211894646674E-15,-0.550396203912349,0.834903598458455));
#12500=DIRECTION('',(-1.0,0.0,0.0));
#12501=DIRECTION('',(0.0,-0.834903598458452,-0.550396203912352));
#12502=DIRECTION('',(0.69000929391591,-0.604303648077327,-0.398377051585683));
#12503=DIRECTION('',(-1.0,1.3229059776492E-16,0.0));
#12504=CARTESIAN_POINT('',(-2.08038475772934,0.260012241889751,3.78966093839017));
#12505=DIRECTION('',(5.67462358003466E-10,1.0,3.27625186135844E-10));
#12506=DIRECTION('',(0.500000000000001,5.55111512312578E-16,-0.866025403784438));
#12507=DIRECTION('',(0.0,1.0,0.0));
#12508=CARTESIAN_POINT('',(-2.08038475772934,-0.26001224188975,3.78966093839017));
#12509=DIRECTION('',(0.0,1.0,0.0));
#12510=DIRECTION('',(0.500000000000001,0.0,-0.866025403784438));
#12511=CARTESIAN_POINT('',(-2.08038475772934,-0.26001224188975,3.78966093839017));
#12512=DIRECTION('',(-0.690009293912068,0.604303648083169,-0.398377051583474));
#12513=DIRECTION('',(0.499999999999998,3.70074341541719E-16,-0.86602540378444));
#12514=DIRECTION('',(-0.690009293915888,0.604303648077347,-0.398377051585689));
#12515=CARTESIAN_POINT('',(-2.08038475772934,0.260012241889751,3.78966093839017));
#12516=DIRECTION('',(1.0,5.47820073070148E-31,-2.96059473233375E-15));
#12517=DIRECTION('',(-2.96059473233375E-15,1.8503717077086E-16,-1.0));
#12518=DIRECTION('',(1.0,0.0,0.0));
#12519=DIRECTION('',(-0.690009293915899,-0.604303648077343,0.398377051585677));
#12520=DIRECTION('',(0.0,-0.834903598458455,0.550396203912348));
#12521=DIRECTION('',(-1.0,0.0,0.0));
#12522=CARTESIAN_POINT('',(-2.85,-0.895061898805853,3.48966093839017));
#12523=DIRECTION('',(-1.0,-4.38256058456119E-30,5.92118946466751E-15));
#12524=DIRECTION('',(5.92118946466751E-15,-7.40148683083439E-16,1.0));
#12525=DIRECTION('',(0.0,0.0,-1.0));
#12526=CARTESIAN_POINT('',(-2.85,-8.49320613838245E-15,0.984639924064605));
#12527=DIRECTION('',(-1.0,0.0,0.0));
#12528=DIRECTION('',(0.0,-0.342072305343118,0.939673633724627));
#12529=CARTESIAN_POINT('',(-2.49999999999998,-0.35,0.984639924064467));
#12530=DIRECTION('',(1.51948786007953E-17,1.0,-4.17403764227339E-17));
#12531=DIRECTION('',(-0.342072305343115,4.4420078338567E-17,0.939673633724628));
#12532=CARTESIAN_POINT('',(-3.14979534064743,-0.649795298518033,4.62432265702884));
#12533=DIRECTION('',(-0.170392234936065,-0.170400331105921,0.970530892569879));
#12534=DIRECTION('',(0.686270669383658,0.686267281613957,0.2409767344162));
#12535=DIRECTION('',(-0.866025403784439,0.0,0.5));
#12536=DIRECTION('',(0.0,0.0,-1.0));
#12537=DIRECTION('',(0.0,-1.0,0.0));
#12538=DIRECTION('',(0.690009293915895,-0.604303648077342,-0.398377051585686));
#12539=DIRECTION('',(-0.866025403784439,0.0,0.5));
#12540=DIRECTION('',(-0.690009293915891,-0.604303648077346,0.398377051585686));
#12541=DIRECTION('',(0.0,0.0,1.0));
#12542=CARTESIAN_POINT('',(-2.49999999999999,0.35,0.984639924064517));
#12543=DIRECTION('',(1.28356911208694E-17,-1.0,-7.2912267898679E-17));
#12544=DIRECTION('',(-0.173376881819565,-7.40334638976126E-17,0.984855551261465));
#12545=CARTESIAN_POINT('',(-2.85,3.69704267200177E-14,0.984639924064697));
#12546=DIRECTION('',(-1.0,0.0,0.0));
#12547=DIRECTION('',(0.0,0.173376881819561,0.984855551261466));
#12548=CARTESIAN_POINT('',(-3.1498044066899,0.64980497543099,4.62435363982935));
#12549=DIRECTION('',(-0.17035198571456,0.170286009911522,0.970558022887617));
#12550=DIRECTION('',(0.686265280322906,-0.686311040004091,0.240867435307945));
#12551=DIRECTION('',(0.0,0.0,1.0));
#12552=CARTESIAN_POINT('',(-2.5,1.66533453693773E-16,2.88966093839017));
#12553=DIRECTION('',(0.0,-0.0,1.0));
#12554=DIRECTION('',(0.0,1.0,0.0));
#12555=CARTESIAN_POINT('',(-2.5,4.9960036108132E-16,2.88966093839017));
#12556=DIRECTION('',(5.71515414188168E-32,3.47949447451496E-16,1.0));
#12557=DIRECTION('',(3.47949447451496E-16,1.0,-3.47949447451496E-16));
#12558=CARTESIAN_POINT('',(-2.5,4.44089209850063E-16,2.88966093839017));
#12559=DIRECTION('',(0.0,-3.47949447451496E-16,-1.0));
#12560=DIRECTION('',(0.0,1.0,-3.47949447451496E-16));
#12561=CARTESIAN_POINT('',(-2.91961524227066,0.260012241889751,3.78966093839017));
#12562=DIRECTION('',(0.690009293912055,-0.604303648083188,-0.398377051583469));
#12563=DIRECTION('',(-0.500000000000001,-7.40148683083437E-16,-0.866025403784438));
#12564=CARTESIAN_POINT('',(-2.91961524227066,0.260012241889751,3.78966093839017));
#12565=DIRECTION('',(-1.0,-4.037256273457E-14,-2.12958875798937E-14));
#12566=DIRECTION('',(-4.44089209850063E-15,0.550396203912351,-0.834903598458453));
#12567=DIRECTION('',(1.0,0.0,0.0));
#12568=DIRECTION('',(0.0,-1.0,0.0));
#12569=DIRECTION('',(-1.0,0.0,0.0));
#12570=CARTESIAN_POINT('',(-2.08038475772934,-0.26001224188975,3.78966093839017));
#12571=DIRECTION('',(1.0,-1.6295001019994E-15,-2.47181119560259E-15));
#12572=DIRECTION('',(-2.96059473233375E-15,-0.550396203912351,-0.834903598458453));
#12573=CARTESIAN_POINT('',(-2.91961524227066,-0.26001224188975,3.78966093839017));
#12574=DIRECTION('',(-1.0,0.0,-1.48029736616688E-15));
#12575=DIRECTION('',(1.48029736616688E-15,0.0,-1.0));
#12576=CARTESIAN_POINT('',(-2.91961524227066,-0.26001224188975,3.78966093839017));
#12577=DIRECTION('',(-0.690009293911977,-0.604303648083306,0.398377051583425));
#12578=DIRECTION('',(-0.500000000000001,-7.12194023751476E-16,-0.866025403784438));
#12579=CARTESIAN_POINT('',(-2.91961524227066,-0.26001224188975,3.78966093839017));
#12580=DIRECTION('',(-5.67458291270575E-10,-1.0,3.27623051869033E-10));
#12581=DIRECTION('',(-0.499999999999998,-7.40148683083438E-16,-0.86602540378444));
#12582=CARTESIAN_POINT('',(-2.91961524227066,0.260012241889751,3.78966093839017));
#12583=DIRECTION('',(2.92555745563812E-15,-1.0,-1.26174634312382E-15));
#12584=DIRECTION('',(-0.5,-3.70074341541719E-16,-0.866025403784439));
#12585=CARTESIAN_POINT('',(-2.5,-1.11022302462516E-16,0.454021091963751));
#12586=DIRECTION('',(0.0,-6.95898894902992E-16,1.0));
#12587=DIRECTION('',(0.0,1.0,6.95898894902992E-16));
#12588=DIRECTION('',(0.0,1.82329588055325E-16,1.0));
#12589=DIRECTION('',(0.0,1.82329588055325E-16,1.0));
#12590=CARTESIAN_POINT('',(-2.5,5.55111512312577E-17,0.454021091963751));
#12591=DIRECTION('',(0.0,6.95898894902992E-16,-1.0));
#12592=DIRECTION('',(0.0,1.0,6.95898894902992E-16));
#12593=DIRECTION('',(0.0,-1.0,0.0));
#12594=CARTESIAN_POINT('',(-3.7,2.1865,-0.227000000000001));
#12595=DIRECTION('',(1.0,0.0,-0.0));
#12596=DIRECTION('',(0.0,1.0,7.09521025483403E-16));
#12597=DIRECTION('',(0.0,0.0,1.0));
#12598=CARTESIAN_POINT('',(-3.7,2.4126,-1.37923586633541));
#12599=DIRECTION('',(1.0,0.0,0.0));
#12600=DIRECTION('',(0.0,0.245566253332629,-0.969379809581453));
#12601=DIRECTION('',(0.0,0.969379809581453,0.245566253332633));
#12602=CARTESIAN_POINT('',(-3.7,-1.0365,-2.27999999999997));
#12603=DIRECTION('',(1.0,0.0,0.0));
#12604=DIRECTION('',(0.0,8.9150671142269E-15,-1.0));
#12605=DIRECTION('',(0.0,1.0,0.0));
#12606=DIRECTION('',(0.0,2.22044604925029E-15,-1.0));
#12607=DIRECTION('',(0.0,-1.0,0.0));
#12608=DIRECTION('',(0.0,-0.969379809581453,-0.245566253332633));
#12609=CARTESIAN_POINT('',(-3.7,2.4126,-1.37923586633541));
#12610=DIRECTION('',(-1.0,0.0,0.0));
#12611=DIRECTION('',(0.0,1.0,-2.22266871796827E-15));
#12612=DIRECTION('',(0.0,0.0,-1.0));
#12613=CARTESIAN_POINT('',(-3.7,2.1865,-0.227));
#12614=DIRECTION('',(-1.0,0.0,0.0));
#12615=DIRECTION('',(0.0,1.04270770098629E-15,1.0));
#12616=DIRECTION('',(0.0,1.0,0.0));
#12617=DIRECTION('',(0.0,1.11022302462516E-15,-1.0));
#12618=DIRECTION('',(1.0,0.0,0.0));
#12619=DIRECTION('',(0.0,-1.0,0.0));
#12620=DIRECTION('',(1.0,0.0,0.0));
#12621=CARTESIAN_POINT('',(-1.3,2.1865,-0.227000000000001));
#12622=DIRECTION('',(1.0,0.0,-0.0));
#12623=DIRECTION('',(0.0,1.0,7.09521025483403E-16));
#12624=DIRECTION('',(1.0,0.0,0.0));
#12625=DIRECTION('',(0.0,0.0,1.0));
#12626=DIRECTION('',(1.0,0.0,0.0));
#12627=CARTESIAN_POINT('',(-1.3,2.4126,-1.37923586633541));
#12628=DIRECTION('',(1.0,0.0,0.0));
#12629=DIRECTION('',(0.0,0.245566253332629,-0.969379809581453));
#12630=DIRECTION('',(1.0,0.0,0.0));
#12631=DIRECTION('',(0.0,0.969379809581453,0.245566253332633));
#12632=DIRECTION('',(1.0,0.0,0.0));
#12633=CARTESIAN_POINT('',(-1.3,-1.0365,-2.27999999999997));
#12634=DIRECTION('',(1.0,0.0,0.0));
#12635=DIRECTION('',(0.0,8.9150671142269E-15,-1.0));
#12636=DIRECTION('',(1.0,0.0,0.0));
#12637=DIRECTION('',(0.0,1.0,0.0));
#12638=DIRECTION('',(1.0,0.0,0.0));
#12639=DIRECTION('',(0.0,2.22044604925029E-15,-1.0));
#12640=DIRECTION('',(1.0,0.0,0.0));
#12641=DIRECTION('',(0.0,-1.0,0.0));
#12642=DIRECTION('',(1.0,0.0,0.0));
#12643=DIRECTION('',(1.0,0.0,0.0));
#12644=DIRECTION('',(0.0,-0.969379809581453,-0.245566253332633));
#12645=DIRECTION('',(1.0,0.0,0.0));
#12646=CARTESIAN_POINT('',(-1.3,2.4126,-1.37923586633541));
#12647=DIRECTION('',(-1.0,0.0,0.0));
#12648=DIRECTION('',(0.0,1.0,-2.22266871796827E-15));
#12649=DIRECTION('',(1.0,0.0,0.0));
#12650=DIRECTION('',(0.0,0.0,-1.0));
#12651=DIRECTION('',(1.0,0.0,0.0));
#12652=CARTESIAN_POINT('',(-1.3,2.1865,-0.227));
#12653=DIRECTION('',(-1.0,0.0,0.0));
#12654=DIRECTION('',(0.0,1.04270770098629E-15,1.0));
#12655=DIRECTION('',(1.0,0.0,0.0));
#12656=DIRECTION('',(0.0,1.0,0.0));
#12657=DIRECTION('',(1.0,0.0,0.0));
#12658=DIRECTION('',(0.0,1.11022302462516E-15,-1.0));
#12659=DIRECTION('',(0.0,-1.0,0.0));
#12660=CARTESIAN_POINT('',(1.3,2.1865,-0.227000000000001));
#12661=DIRECTION('',(1.0,0.0,-0.0));
#12662=DIRECTION('',(0.0,1.0,7.09521025483403E-16));
#12663=DIRECTION('',(0.0,0.0,1.0));
#12664=CARTESIAN_POINT('',(1.3,2.4126,-1.37923586633541));
#12665=DIRECTION('',(1.0,0.0,0.0));
#12666=DIRECTION('',(0.0,0.245566253332629,-0.969379809581453));
#12667=DIRECTION('',(0.0,0.969379809581453,0.245566253332633));
#12668=CARTESIAN_POINT('',(1.3,-1.0365,-2.27999999999997));
#12669=DIRECTION('',(1.0,0.0,0.0));
#12670=DIRECTION('',(0.0,8.9150671142269E-15,-1.0));
#12671=DIRECTION('',(0.0,1.0,0.0));
#12672=DIRECTION('',(0.0,2.22044604925029E-15,-1.0));
#12673=DIRECTION('',(0.0,-1.0,0.0));
#12674=DIRECTION('',(0.0,-0.969379809581453,-0.245566253332633));
#12675=CARTESIAN_POINT('',(1.3,2.4126,-1.37923586633541));
#12676=DIRECTION('',(-1.0,0.0,0.0));
#12677=DIRECTION('',(0.0,1.0,-6.66800615390478E-15));
#12678=DIRECTION('',(0.0,0.0,-1.0));
#12679=CARTESIAN_POINT('',(1.3,2.1865,-0.227));
#12680=DIRECTION('',(-1.0,0.0,0.0));
#12681=DIRECTION('',(0.0,1.04270770098629E-15,1.0));
#12682=DIRECTION('',(0.0,1.0,0.0));
#12683=DIRECTION('',(0.0,1.11022302462516E-15,-1.0));
#12684=DIRECTION('',(1.0,0.0,0.0));
#12685=DIRECTION('',(0.0,-1.0,0.0));
#12686=DIRECTION('',(1.0,0.0,0.0));
#12687=CARTESIAN_POINT('',(3.7,2.1865,-0.227000000000001));
#12688=DIRECTION('',(1.0,0.0,-0.0));
#12689=DIRECTION('',(0.0,1.0,7.09521025483403E-16));
#12690=DIRECTION('',(1.0,0.0,0.0));
#12691=DIRECTION('',(0.0,0.0,1.0));
#12692=DIRECTION('',(1.0,0.0,0.0));
#12693=CARTESIAN_POINT('',(3.7,2.4126,-1.37923586633541));
#12694=DIRECTION('',(1.0,0.0,0.0));
#12695=DIRECTION('',(0.0,0.245566253332629,-0.969379809581453));
#12696=DIRECTION('',(1.0,0.0,0.0));
#12697=DIRECTION('',(0.0,0.969379809581453,0.245566253332633));
#12698=DIRECTION('',(1.0,0.0,0.0));
#12699=CARTESIAN_POINT('',(3.7,-1.0365,-2.27999999999997));
#12700=DIRECTION('',(1.0,0.0,0.0));
#12701=DIRECTION('',(0.0,8.9150671142269E-15,-1.0));
#12702=DIRECTION('',(1.0,0.0,0.0));
#12703=DIRECTION('',(0.0,1.0,0.0));
#12704=DIRECTION('',(1.0,0.0,0.0));
#12705=DIRECTION('',(0.0,2.22044604925029E-15,-1.0));
#12706=DIRECTION('',(1.0,0.0,0.0));
#12707=DIRECTION('',(0.0,-1.0,0.0));
#12708=DIRECTION('',(1.0,0.0,0.0));
#12709=DIRECTION('',(1.0,0.0,0.0));
#12710=DIRECTION('',(0.0,-0.969379809581453,-0.245566253332633));
#12711=DIRECTION('',(1.0,0.0,0.0));
#12712=CARTESIAN_POINT('',(3.7,2.4126,-1.37923586633541));
#12713=DIRECTION('',(-1.0,0.0,0.0));
#12714=DIRECTION('',(0.0,1.0,-6.66800615390478E-15));
#12715=DIRECTION('',(1.0,0.0,0.0));
#12716=DIRECTION('',(0.0,0.0,-1.0));
#12717=DIRECTION('',(1.0,0.0,0.0));
#12718=CARTESIAN_POINT('',(3.7,2.1865,-0.227));
#12719=DIRECTION('',(-1.0,0.0,0.0));
#12720=DIRECTION('',(0.0,1.04270770098629E-15,1.0));
#12721=DIRECTION('',(1.0,0.0,0.0));
#12722=DIRECTION('',(0.0,1.0,0.0));
#12723=DIRECTION('',(1.0,0.0,0.0));
#12724=DIRECTION('',(0.0,1.11022302462516E-15,-1.0));
#12725=PRESENTATION_LAYER_ASSIGNMENT('0','02___PRT_ALL_AXES',(#564,#566,#568,#570,#600,#602,#604,#606));
ENDSEC;
END-ISO-10303-21;
