#VRML V2.0 utf8
# 3D model generated by easyeda2kicad.py (https://github.com/uPesy/easyeda2kicad.py)

Shape{
    appearance Appearance {
        material  Material 	{
            diffuseColor 0.25098039215686274 0.25098039215686274 0.25098039215686274
            specularColor 0.12549019607843137 0.12549019607843137 0.12549019607843137
            ambientIntensity 0.2
            transparency 0
            shininess 0.5
        }
    }
    geometry IndexedFaceSet {
        ccw TRUE
        solid FALSE
        coord DEF co Coordinate {
            point [
                -0.4121 1.1762 0.5021, -0.4122 1.1761 0.5024, -0.41 1.1761 0.5024, -0.0738 1.1534 0.6388, -0.1057 1.1534 0.6386, -0.1057 1.1419 0.7078, -0.1589 1.155 0.629, -0.1492 1.1551 0.6282, -0.1654 1.1551 0.6282, -0.1388 1.1418 0.7083, -0.1403 1.1418 0.7084, -0.1074 1.1418 0.7084, 0.0028 1.163 0.5812, -0.0631 1.163 0.5812, -0.0631 1.1627 0.5828, 0.2331 1.163 0.5812, 0.1633 1.163 0.5812, 0.1603 1.1627 0.5828, 0.2828 1.1789 0.4855, 1.3386 1.1811 0.4724, 0.2717 1.1803 0.4771, 0.2613 1.1811 0.4724, 1.3339 1.1761 0.5024, 1.3388 1.1811 0.4725, 0.326 1.173 0.5211, 0.3422 1.1706 0.5352, 0.3057 1.1747 0.5107, 0.2912 1.1772 0.4959, 0.2942 1.1761 0.5024, 0.2968 1.1752 0.5079, 0.3557 1.1673 0.555, 0.3634 1.1638 0.576, 1.3207 1.163 0.5812, 0.3653 1.1593 0.6033, 1.3129 1.1551 0.6282, 0.3656 1.1604 0.5966, 1.3205 1.1627 0.5828, 0.3641 1.1627 0.5828, 0.3639 1.163 0.5812, 0.3384 1.1498 0.6604, 0.334 1.1491 0.6644, 1.2996 1.1419 0.7078, 0.315 1.147 0.6771, 0.2937 1.1457 0.6847, 0.2728 1.1454 0.6869, 0.2374 1.1419 0.7078, 0.361 1.1558 0.6244, 0.3592 1.1551 0.6282, 0.3515 1.1524 0.6444, 0.2479 1.1433 0.699, 0.2662 1.1454 0.6865, 0.2597 1.1456 0.6857, 0.2366 1.1418 0.7084, 1.2995 1.1418 0.7084, 0.1425 1.1383 0.7291, 0.114 1.14 0.7189, -0.064 1.1417 0.7088, 0.2206 1.1401 0.7186, 0.1943 1.1384 0.7284, 1.2909 1.1332 0.76, -0.064 1.1418 0.7084, -0.0743 1.1417 0.7088, -0.1057 1.1332 0.76, 0.166 1.1379 0.7316, 0.2344 1.1415 0.7102, -0.1057 1.1248 0.8103, 1.2825 1.1248 0.8103, -0.9115 1.1332 0.76, -1.2909 1.1332 0.76, -1.2825 1.1248 0.8103, -0.9115 1.1418 0.7084, -1.2995 1.1418 0.7084, -0.9115 1.1419 0.7078, -1.2996 1.1419 0.7078, -0.9115 1.1551 0.6282, -1.3129 1.1551 0.6282, -0.9115 1.1627 0.5828, -1.3205 1.1627 0.5828, -0.9115 1.163 0.5812, -1.3207 1.163 0.5812, -0.9115 1.1761 0.5024, -1.3339 1.1761 0.5024, 0.1962 1.1777 0.493, 0.2051 1.1793 0.4834, -0.1057 1.1811 0.4724, 0.2165 1.1806 0.4757, 0.2241 1.1811 0.4724, 0.1894 1.1756 0.5055, 0.1911 1.1761 0.5024, -0.0625 1.1757 0.5046, 0.1164 1.1701 0.5383, 0.1125 1.1699 0.5398, 0.1056 1.1646 0.5717, -0.1057 1.1761 0.5024, 0.12 1.1705 0.5359, -0.0733 1.1641 0.5744, -0.0732 1.1683 0.5491, -0.1042 1.1641 0.5742, -0.1018 1.1684 0.5489, -0.0731 1.1698 0.5401, -0.0729 1.1743 0.5135, -0.1017 1.1699 0.5399, -0.1056 1.1743 0.5133, 0.1081 1.1698 0.5403, 0.1076 1.1698 0.5403, 0.1059 1.1699 0.5399, -0.1057 1.163 0.5812, -0.1056 1.1758 0.5043, 0.024 1.1715 0.5302, 0.0396 1.1736 0.5173, 0.0126 1.1689 0.5456, 0.0053 1.166 0.5633, 0.0496 1.1676 0.5535, 0.0432 1.1661 0.5622, 0.0393 1.1645 0.5722, 0.1112 1.163 0.5812, 0.1047 1.1699 0.5397, 0.0791 1.1699 0.5396, 0.0689 1.1696 0.5414, 0.1259 1.1727 0.523, 0.1258 1.1723 0.5251, 0.1856 1.1714 0.5308, 0.1246 1.1716 0.5294, 0.1224 1.171 0.5332, 0.0588 1.1689 0.5459, 0.0504 1.1677 0.5526, 0.1127 1.1755 0.506, 0.1165 1.1753 0.5075, 0.1202 1.1748 0.5101, 0.1215 1.1746 0.5115, 0.1239 1.174 0.515, 0.1254 1.1734 0.5188, 0.186 1.1733 0.5194, 0.1857 1.1723 0.5251, 0.057 1.175 0.5091, 0.0759 1.1756 0.5053, 0.1095 1.1756 0.5055, 0.0867 1.1551 0.6282, 0.1231 1.1596 0.6016, 0.0865 1.1553 0.6272, 0.1121 1.1627 0.5828, 0.323 1.1559 0.6235, 0.328 1.158 0.611, 0.3274 1.1627 0.5828, 0.3291 1.1617 0.5889, 0.3298 1.1603 0.5975, 0.038 1.163 0.5812, 0.0378 1.1627 0.5828, 0.0378 1.1627 0.5831, 0.038 1.1619 0.5879, 0.0524 1.1572 0.6158, 0.0612 1.1562 0.6219, 0.0406 1.1601 0.5987, 0.0458 1.1584 0.6085, 0.0711 1.1555 0.6258, 0.0819 1.1553 0.6272, 0.2215 1.1635 0.5783, 0.2095 1.1645 0.5719, 0.1996 1.166 0.5629, 0.2684 1.1638 0.576, 0.2558 1.1631 0.5807, 0.327 1.163 0.5812, 0.2509 1.163 0.5812, 0.2422 1.1628 0.5822, 0.2353 1.1629 0.5818, 0.3252 1.164 0.5751, 0.2896 1.1669 0.5576, 0.2801 1.1651 0.5682, 0.3184 1.1659 0.5636, 0.3083 1.1676 0.5532, 0.296 1.1689 0.5456, 0.0983 1.1497 0.6608, 0.111 1.1472 0.6761, 0.2423 1.1524 0.6446, 0.3197 1.1551 0.6282, 0.2464 1.152 0.6468, 0.1127 1.1469 0.6776, 0.1286 1.1451 0.6886, 0.1464 1.1439 0.6955, 0.0898 1.1527 0.6426, 0.2592 1.1513 0.6515, 0.2724 1.151 0.6532, 0.2783 1.151 0.653, 0.2924 1.1515 0.6498, 0.3051 1.1526 0.6432, 0.315 1.1541 0.6346, 0.1864 1.1439 0.6955, 0.2051 1.1451 0.6882, 0.1656 1.1435 0.698, 0.2208 1.147 0.6771, 0.2336 1.1495 0.6621, -0.0631 1.1626 0.5836, 0.0184 1.1551 0.6282, 0.0118 1.1567 0.6189, -0.1043 1.1626 0.5833, -0.1057 1.1551 0.6282, -0.1057 1.1627 0.5828, 0.005 1.1596 0.6017, 0.0025 1.1626 0.5834, 0.0026 1.1627 0.5828, -0.1057 1.1541 0.6343, -0.1056 1.1549 0.6296, -0.0634 1.1549 0.6299, 0.0233 1.154 0.635, -0.064 1.1419 0.7078, 0.0386 1.1519 0.648, 0.0859 1.1433 0.6992, 0.0681 1.147 0.6772, 0.0583 1.1503 0.6573, 0.0555 1.1504 0.6564, 0.0984 1.1418 0.7084, 0.0975 1.1419 0.7078, 0.0888 1.1429 0.7019, -0.4037 1.1663 0.5611, -0.4066 1.1676 0.5536, -0.41 1.163 0.5812, -0.4079 1.1694 0.5427, -0.4016 1.1731 0.5203, -0.3956 1.1743 0.5133, -0.3873 1.1753 0.5075, -0.3424 1.1761 0.5026, -0.3349 1.1761 0.5024, -0.3645 1.1761 0.5025, -0.3781 1.1758 0.504, -0.4076 1.1702 0.5376, -0.4056 1.1718 0.5284, -0.3877 1.1638 0.5765, -0.396 1.1647 0.5708, -0.3988 1.1652 0.5681, -0.3349 1.1627 0.5828, -0.3349 1.163 0.5812, -0.343 1.163 0.5812, -0.343 1.1629 0.5816, -0.3658 1.1629 0.5814, -0.41 1.1627 0.5828, -0.3675 1.163 0.5812, -0.3781 1.1632 0.58, -0.1043 1.1627 0.5828, -0.1043 1.163 0.5812, -0.41 1.1419 0.7078, -0.3349 1.1419 0.7078, -0.3548 1.142 0.7068, -0.3438 1.142 0.7069, -0.3127 1.1552 0.6281, -0.3127 1.1551 0.6282, -0.3106 1.1551 0.6282, -0.3349 1.1458 0.6844, -0.3242 1.1551 0.6282, -0.3241 1.1552 0.628, -0.3349 1.1551 0.6282, -0.3349 1.1516 0.6496, -0.332 1.1516 0.6496, -0.41 1.1551 0.6282, -0.3845 1.1551 0.6282, -0.3847 1.1552 0.6276, -0.3653 1.1516 0.6494, -0.3731 1.1551 0.6282, -0.3733 1.1552 0.6277, -0.2241 1.1491 0.6643, -0.2355 1.1551 0.6282, -0.2242 1.1476 0.6734, -0.2355 1.1419 0.7078, -0.2162 1.1476 0.6734, -0.2266 1.1434 0.6986, -0.2267 1.1419 0.7077, -0.2162 1.1419 0.7078, -0.2162 1.1419 0.7078, -0.2162 1.1434 0.6987, -0.1957 1.1434 0.6988, -0.1955 1.1476 0.6736, -0.2145 1.1419 0.7078, -0.2162 1.1418 0.7084, -0.1854 1.1418 0.708, -0.1721 1.1418 0.7084, -0.1854 1.1419 0.7078, -0.1849 1.155 0.629, -0.1721 1.1551 0.6282, -0.2162 1.1551 0.6282, -0.1955 1.1491 0.6645, -0.1953 1.1535 0.638, -0.2162 1.1491 0.6644, -0.2162 1.1535 0.6378, -0.228 1.1536 0.6377, -0.2279 1.1551 0.6287, -0.2162 1.155 0.6288, -0.1654 1.1419 0.7078, -0.1654 1.1419 0.7074, -0.1721 1.1419 0.7078, -0.1694 1.1421 0.7062, -0.1693 1.1439 0.6956, -0.1684 1.1438 0.696, -0.1654 1.1531 0.6406, -0.1689 1.1528 0.6422, -0.1345 1.1531 0.6403, -0.1402 1.1535 0.638, -0.1482 1.1537 0.637, -0.1654 1.1436 0.6972, -0.1603 1.1433 0.6991, -0.1611 1.1534 0.6387, -0.1505 1.1431 0.7004, -0.152 1.1537 0.6371, -0.1214 1.1467 0.679, -0.12 1.1485 0.6681, -0.1202 1.1492 0.6638, -0.1216 1.1505 0.6562, -0.1474 1.1431 0.7003, -0.1404 1.1433 0.699, -0.1341 1.1438 0.6962, -0.1244 1.1515 0.65, -0.1277 1.1523 0.6455, -0.1293 1.1525 0.6439, -0.1286 1.1445 0.6918, -0.1242 1.1455 0.6858, -0.1505 1.1416 0.7096, -0.1505 1.1416 0.7096, -0.1654 1.1332 0.76, -0.161 1.1417 0.7087, -0.1619 1.1418 0.7084, -0.1376 1.1419 0.7078, -0.1418 1.1551 0.6282, -0.1332 1.1548 0.63, -0.1074 1.1551 0.6282, -0.1256 1.1542 0.6336, -0.1192 1.1534 0.6389, -0.1139 1.1521 0.6464, -0.1112 1.1462 0.682, -0.1151 1.1447 0.6907, -0.1074 1.1419 0.7078, -0.121 1.1435 0.6982, -0.1229 1.1432 0.7, -0.1304 1.1423 0.7051, -0.1107 1.1507 0.6546, -0.1092 1.1486 0.6675, -0.1093 1.1479 0.6717, -0.1654 1.1627 0.5828, -0.1467 1.1552 0.628, -0.1426 1.1551 0.6282, -0.1074 1.1627 0.5828, -0.1689 1.1544 0.6324, -0.1675 1.1546 0.6317, -0.1654 1.1547 0.6311, -0.1057 1.1418 0.7084, -0.0743 1.1418 0.7084, -0.0743 1.1419 0.7078, -0.1057 1.1534 0.6386, -0.19 1.1761 0.5024, -0.1817 1.176 0.5033, -0.1721 1.1761 0.5024, -0.1747 1.1755 0.5058, -0.1748 1.1738 0.516, -0.2101 1.1718 0.5282, -0.212 1.1723 0.5255, -0.2109 1.1683 0.5491, -0.1751 1.169 0.545, -0.1755 1.1684 0.5485, -0.1721 1.163 0.5812, -0.1767 1.1679 0.5517, -0.1786 1.1675 0.5543, -0.1894 1.1664 0.5604, -0.2162 1.163 0.5812, -0.1974 1.1663 0.5613, -0.2045 1.1664 0.5607, -0.211 1.1667 0.5587, -0.213 1.1727 0.5226, -0.2134 1.1734 0.5189, -0.2162 1.1761 0.5024, -0.2129 1.174 0.5149, -0.2117 1.1745 0.5118, -0.1766 1.1702 0.5381, -0.1755 1.1697 0.5411, -0.1816 1.167 0.557, -0.184 1.1668 0.5584, -0.2098 1.175 0.5092, -0.2069 1.1754 0.5067, -0.2046 1.1756 0.5053, -0.1778 1.1705 0.536, -0.1856 1.1747 0.511, -0.1901 1.1718 0.5285, -0.1793 1.1743 0.5133, -0.1842 1.1713 0.5312, -0.1795 1.1708 0.5343, -0.1964 1.1676 0.5533, -0.1934 1.1677 0.5531, -0.1854 1.1689 0.5458, -0.1907 1.1678 0.5524, -0.1885 1.168 0.5513, -0.1855 1.1691 0.5445, -0.1859 1.1694 0.5429, -0.1866 1.1696 0.5416, -0.1876 1.1698 0.5405, -0.1911 1.1701 0.5383, -0.2034 1.1678 0.5524, -0.1973 1.1706 0.5356, -0.2091 1.1681 0.5502, -0.2011 1.1708 0.534, -0.2078 1.1715 0.5303, -0.1912 1.1748 0.5104, -0.1917 1.1748 0.5104, -0.1967 1.1722 0.5257, -0.1968 1.1747 0.511, -0.2031 1.1735 0.518, -0.203 1.1733 0.5192, -0.187 1.1682 0.55, -0.1861 1.1684 0.5487, -0.1856 1.1686 0.5474, -0.1994 1.1745 0.5119, -0.2003 1.1744 0.5124, -0.2015 1.1743 0.5134, -0.2024 1.1741 0.5147, -0.2029 1.1738 0.5161, -0.2026 1.1731 0.5208, -0.2018 1.1728 0.5221, -0.2006 1.1726 0.5234, -0.1993 1.176 0.5034, -0.1904 1.1761 0.5024, -0.1721 1.1811 0.4724, -0.1902 1.1761 0.5024, -0.2842 1.176 0.503, -0.2505 1.1761 0.5024, -0.3106 1.1761 0.5024, -0.2738 1.1666 0.5595, -0.2848 1.163 0.5812, -0.2634 1.1666 0.5596, -0.2448 1.1736 0.5173, -0.246 1.1744 0.5127, -0.2463 1.1744 0.5127, -0.2355 1.163 0.5812, -0.2355 1.1691 0.5442, -0.2475 1.1736 0.5172, -0.2467 1.1741 0.5146, -0.2355 1.1761 0.5024, -0.2355 1.1736 0.5174, -0.2189 1.1665 0.5599, -0.2302 1.1665 0.5598, -0.241 1.1759 0.5035, -0.2405 1.1761 0.5024, -0.2365 1.1776 0.4932, -0.2162 1.1811 0.4724, -0.2204 1.1802 0.4777, -0.2205 1.1788 0.4865, -0.2326 1.1786 0.4876, -0.2344 1.1782 0.4896, -0.2355 1.1779 0.4915, -0.2225 1.1789 0.4858, -0.2262 1.179 0.4853, -0.2349 1.1801 0.4788, -0.2309 1.1803 0.4773, -0.2355 1.1811 0.4724, -0.2269 1.1804 0.4769, -0.2247 1.1803 0.477, -0.2288 1.1789 0.4857, -0.231 1.1788 0.4865, -0.2474 1.1774 0.4948, -0.2428 1.1788 0.4861, -0.3106 1.1811 0.4724, -0.2391 1.1796 0.4817, -0.2384 1.1797 0.4811, -0.2355 1.18 0.4792, -0.326 1.163 0.5812, -0.326 1.1644 0.5726, -0.3235 1.1686 0.5474, -0.3235 1.1701 0.5383, -0.3106 1.1686 0.5475, -0.2948 1.1701 0.5385, -0.2946 1.1745 0.512, -0.3106 1.1701 0.5384, -0.3106 1.1745 0.5118, -0.3274 1.1746 0.5117, -0.3273 1.1761 0.5027, -0.3106 1.176 0.5028, -0.3106 1.1644 0.5727, -0.2951 1.1644 0.5728, -0.2949 1.1686 0.5476, -0.3106 1.1627 0.5828, -0.3106 1.1629 0.5818, -0.3261 1.1629 0.5817, -0.2848 1.1628 0.582, -0.2355 1.1627 0.5828, -0.4542 1.163 0.5808, -0.4838 1.1761 0.5024, -0.4431 1.163 0.5809, -1.3388 1.1811 0.4725, -1.3386 1.1811 0.4724, -0.9115 1.1811 0.4724, -0.4841 1.1762 0.5016, -0.4236 1.1761 0.5024, -0.4235 1.1762 0.5021, -0.4727 1.1762 0.5017, -0.41 1.1811 0.4724, -0.4724 1.1761 0.5024, -0.4647 1.1726 0.5234, -0.4313 1.1726 0.5236, -0.1654 1.1761 0.5024, -0.1654 1.1811 0.4724, -0.1074 1.1761 0.5024, -0.1074 1.1811 0.4724, -0.3349 1.1811 0.4724, -0.1211 1.1671 0.5566, -0.1074 1.163 0.5812, -0.1211 1.1687 0.547, -0.1654 1.163 0.5812, -0.1604 1.1684 0.5485, -0.1614 1.1698 0.5402, -0.1409 1.1662 0.5617, -0.1307 1.1664 0.5606, -0.1232 1.1669 0.5578, -0.1459 1.1754 0.5069, -0.1426 1.1757 0.5047, -0.1511 1.1758 0.504, -0.1385 1.176 0.5033, -0.1333 1.1761 0.5028, -0.1478 1.1664 0.5609, -0.1518 1.1666 0.5595, -0.155 1.1669 0.5575, -0.1235 1.1757 0.5049, -0.1201 1.1753 0.5073, -0.1433 1.1676 0.5533, -0.1399 1.1676 0.5537, -0.1344 1.1702 0.5376, -0.1567 1.1672 0.5558, -0.1588 1.1677 0.5528, -0.1192 1.1751 0.5082, -0.1171 1.1746 0.5112, -0.1158 1.1741 0.5144, -0.1191 1.1714 0.5307, -0.122 1.171 0.5334, -0.1261 1.1706 0.5355, -0.128 1.168 0.5513, -0.1343 1.1676 0.5532, -0.1511 1.1744 0.5127, -0.1509 1.1744 0.5127, -0.1491 1.1748 0.5101, -0.1153 1.1733 0.5193, -0.1158 1.1725 0.5239, -0.117 1.1719 0.5275, -0.1611 1.1759 0.5039, -0.1273 1.1759 0.5035, -0.1513 1.1699 0.5398, -0.151 1.1691 0.5442, -0.15 1.1686 0.5477, -0.1489 1.1682 0.5498, -0.1474 1.1679 0.5514, -0.1456 1.1678 0.5525, -0.2162 1.1627 0.5828, -0.1721 1.1627 0.5828, -0.3083 1.1492 0.6636, -0.3063 1.1508 0.6544, -0.3044 1.1453 0.6871, -0.3073 1.1466 0.6796, -0.3106 1.1419 0.7078, -0.3085 1.1484 0.6687, -0.3023 1.1521 0.6463, -0.2963 1.1533 0.6393, -0.2879 1.1543 0.6335, -0.2665 1.1419 0.7074, -0.2787 1.1422 0.706, -0.2883 1.1428 0.7025, -0.2788 1.1548 0.63, -0.2651 1.1551 0.6285, -0.2431 1.1551 0.6286, -0.2436 1.1419 0.7076, -0.2967 1.1437 0.6968, -0.2994 1.1442 0.6941, -0.1654 1.1418 0.7084, -0.164 1.1419 0.7078, -0.41 1.1418 0.7084, -0.3349 1.1418 0.7084, -0.3106 1.1418 0.7084, -0.2355 1.1418 0.7084, -0.1074 1.1332 0.76, -0.41 1.1332 0.76, -0.3349 1.1332 0.76, -0.3106 1.1332 0.76, -0.2355 1.1332 0.76, -0.2162 1.1332 0.76, -0.1721 1.1332 0.76, -0.9115 1.1248 0.8103, -0.41 1.1248 0.8103, -0.3349 1.1248 0.8103, -0.3106 1.1248 0.8103, -0.2355 1.1248 0.8103, -0.2162 1.1248 0.8103, -0.1721 1.1248 0.8103, -0.1654 1.1248 0.8103, -0.1074 1.1248 0.8103, -1.3583 1.1614 0.4724, -1.3583 1.1614 0.3937, -1.3583 0.6102 0.4724, -1.3583 0.6102 0.3937, 1.3583 1.1614 0.3937, 1.3583 1.1614 0.4724, 1.3583 0.6102 0.3937, 1.3583 0.6102 0.4724, -1.3583 1.1617 0.3937, -1.3085 1.1119 0.0952, -1.3583 -1.1617 0.3937, -1.3583 -1.1614 0.3937, -1.3085 -1.1119 0.0952, -1.3583 -0.6102 0.3937, -0.8898 -1.1054 0.0394, -0.8898 1.1054 0.0394, 0.8898 -1.1054 0.0394, 0.8898 1.1054 0.0394, -0.9142 -1.1309 0.0923, -0.9096 -1.1305 0.09, 0.9015 -1.1295 0.0838, -0.9015 -1.1295 0.0838, 0.8952 -1.1281 0.0757, 1.3388 -1.1811 0.3937, 1.3386 -1.1811 0.3937, -1.3386 -1.1811 0.3937, 0.9142 -1.1309 0.0923, 0.9191 -1.1311 0.0939, 0.9241 -1.1313 0.0949, 0.9291 -1.1314 0.0952, 1.2891 -1.1314 0.0952, -0.9241 -1.1313 0.0949, -0.9191 -1.1311 0.0939, -0.8898 -1.1248 0.0558, 0.8898 -1.1248 0.0558, -0.8911 -1.1265 0.0661, -0.8951 -1.1281 0.0757, 0.9097 -1.1305 0.09, 0.8911 -1.1265 0.0661, -1.3388 -1.1811 0.3937, -1.2891 -1.1314 0.0952, -0.9291 -1.1314 0.0952, 1.3583 -1.1614 0.3937, 1.3583 -1.1617 0.3937, 1.3085 -1.1119 0.0952, 1.3583 1.1617 0.3937, 1.3085 1.1119 0.0952, 1.3583 -0.6102 0.3937, 0.9142 1.1309 0.0923, 0.9096 1.1305 0.09, -0.9015 1.1295 0.0838, 0.9015 1.1295 0.0838, -0.8952 1.1281 0.0757, -1.3388 1.1811 0.3937, -1.3386 1.1811 0.3937, 1.3386 1.1811 0.3937, -0.9142 1.1309 0.0923, -0.9191 1.1311 0.0939, -0.9241 1.1313 0.0949, -0.9291 1.1314 0.0952, -1.2891 1.1314 0.0952, 0.9241 1.1313 0.0949, 0.9191 1.1311 0.0939, 0.8898 1.1248 0.0558, -0.8898 1.1248 0.0558, 0.8911 1.1265 0.0661, 0.8951 1.1281 0.0757, -0.9097 1.1305 0.09, -0.8911 1.1265 0.0661, 1.3388 1.1811 0.3937, 1.2891 1.1314 0.0952, 0.9291 1.1314 0.0952, 1.3583 -1.1614 0.4724, 1.3583 -0.6102 0.4724, 1.3386 -1.1811 0.4724, -1.3386 -1.1811 0.4724, -1.3583 -1.1614 0.4724, -1.3583 -0.6102 0.4724, -1.2825 1.1054 0.8268, -1.2825 -1.1054 0.8268, 1.2825 1.1054 0.8268, 1.2825 -1.1054 0.8268, -1.3583 -1.1617 0.4725, -1.302 -1.1054 0.8103, -1.3583 1.1617 0.4725, -1.302 1.1054 0.8103, 1.3583 1.1617 0.4725, 1.302 1.1054 0.8103, 1.3583 -1.1617 0.4725, 1.302 -1.1054 0.8103, 1.3388 -1.1811 0.4725, 1.2825 -1.1248 0.8103, -1.2825 -1.1248 0.8103, -1.3388 -1.1811 0.4725, 0.9291 -1.1119 0.0787, 0.9291 1.1119 0.0787, 1.2891 -1.1119 0.0787, 1.2891 1.1119 0.0787, -1.2891 -1.1119 0.0787, -1.2891 1.1119 0.0787, -0.9291 -1.1119 0.0787, -0.9291 1.1119 0.0787, 1.3577 1.1658 0.4727, 1.3576 1.1667 0.4728, 1.3012 1.1103 0.811, 1.3562 1.1699 0.473, 1.3556 1.1713 0.473, 1.2992 1.1149 0.8115, 1.3429 1.1805 0.4727, 1.2868 1.1241 0.8109, 1.3438 1.1804 0.4728, 1.2875 1.124 0.811, 1.3471 1.179 0.473, 1.2908 1.1226 0.8113, 1.3485 1.1784 0.473, 1.2961 1.1189 0.8116, 1.3508 1.1767 0.4731, 1.2944 1.1202 0.8115, 1.2921 1.122 0.8115, 1.2974 1.1172 0.8115, 1.3538 1.1736 0.4731, 1.3525 1.1753 0.4731, 1.2997 1.1137 0.8113, 1.3013 1.1097 0.8109, 1.2825 1.1235 0.8147, 1.2825 1.1213 0.8187, 1.2861 1.1209 0.8187, 1.2825 1.1212 0.8187, 1.2825 1.1182 0.8221, 1.2854 1.1178 0.8221, 1.2845 1.1141 0.8246, 1.2836 1.1099 0.8262, 1.2845 1.1095 0.8262, 1.2867 1.1074 0.8262, 1.2861 1.1082 0.8262, 1.287 1.1064 0.8262, 1.2825 1.1099 0.8262, 1.2866 1.1231 0.8146, 1.2904 1.1218 0.8146, 1.2939 1.1196 0.8146, 1.2968 1.1167 0.8146, 1.2989 1.1133 0.8146, 1.3003 1.1094 0.8146, 1.3007 1.1054 0.8146, 1.2871 1.1054 0.8262, 1.2825 1.1181 0.8221, 1.2825 1.1143 0.8246, 1.2825 1.1143 0.8246, 1.2825 1.11 0.8262, 1.2881 1.1124 0.8246, 1.2895 1.1109 0.8246, 1.2906 1.1093 0.8246, 1.2913 1.1074 0.8246, 1.2864 1.1134 0.8246, 1.2854 1.109 0.8262, 1.2871 1.1054 0.8262, 1.2914 1.1054 0.8246, 1.2915 1.1054 0.8246, 1.2953 1.1054 0.8221, 1.2881 1.1169 0.8221, 1.2905 1.1154 0.8221, 1.2925 1.1133 0.8221, 1.2941 1.1109 0.8221, 1.295 1.1082 0.8221, 1.2894 1.1197 0.8187, 1.2925 1.1178 0.8187, 1.295 1.1153 0.8187, 1.2969 1.1123 0.8187, 1.2981 1.1089 0.8187, 1.2825 1.1236 0.8146, 1.2953 1.1054 0.8221, 1.2984 1.1054 0.8187, 1.2985 1.1054 0.8187, 1.3007 1.1054 0.8147, 1.3577 1.1658 0.3934, 1.3576 1.1667 0.3933, 1.3562 1.1699 0.3932, 1.3556 1.1713 0.3931, 1.3538 1.1736 0.3931, 1.3525 1.1753 0.393, 1.3508 1.1767 0.3931, 1.3485 1.1784 0.3931, 1.3471 1.179 0.3932, 1.3438 1.1804 0.3933, 1.3429 1.1805 0.3934, 1.2825 1.1099 0.8262, 1.2825 1.1235 0.8147, -1.2825 1.1099 0.8262, 1.2825 1.1143 0.8246, -1.2825 1.1143 0.8246, 1.2825 1.1181 0.8221, -1.2825 1.1181 0.8221, 1.2825 1.1212 0.8187, -1.2825 1.1212 0.8187, -1.2825 1.1235 0.8147, 1.2871 -1.1054 0.8262, 1.3007 -1.1054 0.8146, 1.3007 -1.1054 0.8147, 1.2985 -1.1054 0.8187, 1.2984 -1.1054 0.8187, 1.2953 -1.1054 0.8221, 1.2953 -1.1054 0.8221, 1.2915 -1.1054 0.8246, 1.2914 -1.1054 0.8246, 1.2871 -1.1054 0.8262, 1.3437 -1.1804 0.4728, 1.3438 -1.1804 0.4728, 1.2875 -1.124 0.811, 1.3576 -1.1665 0.4728, 1.3013 -1.1097 0.8109, 1.3576 -1.1667 0.4728, 1.3012 -1.1103 0.811, 1.3556 -1.1713 0.473, 1.2997 -1.1137 0.8113, 1.3556 -1.1713 0.473, 1.2992 -1.1149 0.8115, 1.2974 -1.1172 0.8115, 1.3525 -1.1753 0.4731, 1.2961 -1.1189 0.8116, 1.2944 -1.1202 0.8115, 1.3485 -1.1784 0.473, 1.2921 -1.122 0.8115, 1.3484 -1.1785 0.473, 1.2908 -1.1226 0.8113, 1.2868 -1.1241 0.8109, 1.3437 -1.1804 0.3933, 1.3438 -1.1804 0.3933, 1.3484 -1.1785 0.3931, 1.3485 -1.1784 0.3931, 1.3525 -1.1753 0.393, 1.3556 -1.1713 0.3931, 1.3556 -1.1713 0.3931, 1.3576 -1.1667 0.3933, 1.3576 -1.1665 0.3933, 1.294 1.1306 0.0945, 1.2987 1.1286 0.0941, 1.3078 1.1162 0.0946, 1.3077 1.1169 0.0945, 1.3063 1.1202 0.0942, 1.3026 1.1255 0.0939, 1.304 1.1238 0.094, 1.3057 1.1215 0.0941, 1.301 1.1268 0.094, 1.2974 1.1291 0.0942, 1.2934 1.1307 0.0946, -1.3007 1.1054 0.8147, -1.2985 1.1054 0.8187, -1.2981 1.1089 0.8187, -1.2984 1.1054 0.8187, -1.2953 1.1054 0.8221, -1.295 1.1082 0.8221, -1.2913 1.1074 0.8246, -1.287 1.1064 0.8262, -1.2867 1.1074 0.8262, -1.2845 1.1095 0.8262, -1.2854 1.109 0.8262, -1.2836 1.1099 0.8262, -1.2871 1.1054 0.8262, -1.3013 1.1097 0.8109, -1.3003 1.1094 0.8146, -1.3012 1.1103 0.811, -1.2989 1.1133 0.8146, -1.2997 1.1137 0.8113, -1.2992 1.1149 0.8115, -1.2968 1.1167 0.8146, -1.2974 1.1172 0.8115, -1.2961 1.1189 0.8116, -1.2939 1.1196 0.8146, -1.2944 1.1202 0.8115, -1.2921 1.122 0.8115, -1.2904 1.1218 0.8146, -1.2908 1.1226 0.8113, -1.2875 1.124 0.811, -1.2866 1.1231 0.8146, -1.2868 1.1241 0.8109, -1.2825 1.1236 0.8146, -1.2825 1.1099 0.8262, -1.2953 1.1054 0.8221, -1.2915 1.1054 0.8246, -1.2914 1.1054 0.8246, -1.2871 1.1054 0.8262, -1.2895 1.1109 0.8246, -1.2881 1.1124 0.8246, -1.2864 1.1134 0.8246, -1.2845 1.1141 0.8246, -1.2906 1.1093 0.8246, -1.2861 1.1082 0.8262, -1.2825 1.11 0.8262, -1.2825 1.1143 0.8246, -1.2825 1.1143 0.8246, -1.2825 1.1181 0.8221, -1.2941 1.1109 0.8221, -1.2925 1.1133 0.8221, -1.2905 1.1154 0.8221, -1.2881 1.1169 0.8221, -1.2854 1.1178 0.8221, -1.2969 1.1123 0.8187, -1.295 1.1153 0.8187, -1.2925 1.1178 0.8187, -1.2894 1.1197 0.8187, -1.2861 1.1209 0.8187, -1.3007 1.1054 0.8146, -1.2825 1.1182 0.8221, -1.2825 1.1212 0.8187, -1.2825 1.1213 0.8187, -1.2825 1.1235 0.8147, 1.2981 -1.1089 0.8187, 1.295 -1.1082 0.8221, 1.2913 -1.1074 0.8246, 1.287 -1.1064 0.8262, 1.2867 -1.1074 0.8262, 1.2845 -1.1095 0.8262, 1.2854 -1.109 0.8262, 1.2836 -1.1099 0.8262, 1.3003 -1.1094 0.8146, 1.2989 -1.1133 0.8146, 1.2968 -1.1167 0.8146, 1.2939 -1.1196 0.8146, 1.2904 -1.1218 0.8146, 1.2866 -1.1231 0.8146, 1.2825 -1.1236 0.8146, 1.2825 -1.1099 0.8262, 1.2895 -1.1109 0.8246, 1.2881 -1.1124 0.8246, 1.2864 -1.1134 0.8246, 1.2845 -1.1141 0.8246, 1.2906 -1.1093 0.8246, 1.2861 -1.1082 0.8262, 1.2825 -1.11 0.8262, 1.2825 -1.1143 0.8246, 1.2825 -1.1143 0.8246, 1.2825 -1.1181 0.8221, 1.2941 -1.1109 0.8221, 1.2925 -1.1133 0.8221, 1.2905 -1.1154 0.8221, 1.2881 -1.1169 0.8221, 1.2854 -1.1178 0.8221, 1.2969 -1.1123 0.8187, 1.295 -1.1153 0.8187, 1.2925 -1.1178 0.8187, 1.2894 -1.1197 0.8187, 1.2861 -1.1209 0.8187, 1.2825 -1.1182 0.8221, 1.2825 -1.1212 0.8187, 1.2825 -1.1213 0.8187, 1.2825 -1.1235 0.8147, 1.294 -1.1306 0.0945, 1.2941 -1.1306 0.0945, 1.2987 -1.1286 0.0941, 1.2987 -1.1286 0.0941, 1.3026 -1.1255 0.0939, 1.3057 -1.1215 0.0941, 1.3057 -1.1215 0.0941, 1.3077 -1.1169 0.0945, 1.3077 -1.1169 0.0945, 1.3073 1.1119 0.0909, 1.3073 -1.1119 0.0909, 1.3072 1.1119 0.0908, 1.3072 -1.1119 0.0908, 1.305 1.1119 0.0869, 1.305 -1.1119 0.0869, 1.305 1.1119 0.0868, 1.305 -1.1119 0.0868, 1.3019 1.1119 0.0835, 1.3019 -1.1119 0.0835, 1.3018 1.1119 0.0834, 1.3018 -1.1119 0.0834, 1.298 1.1119 0.0809, 1.298 -1.1119 0.0809, 1.298 1.1119 0.0809, 1.298 -1.1119 0.0809, 1.2937 1.1119 0.0793, 1.2937 -1.1119 0.0793, 1.2937 1.1119 0.0793, 1.2937 -1.1119 0.0793, 1.2936 1.113 0.0793, 1.292 1.1155 0.0793, 1.2927 1.1148 0.0793, 1.2891 1.1208 0.0809, 1.2891 1.1209 0.0809, 1.2911 1.1206 0.0809, 1.2891 1.1247 0.0834, 1.2891 1.1247 0.0835, 1.2919 1.1244 0.0835, 1.2926 1.1275 0.0869, 1.2931 1.1297 0.0909, 1.297 1.1283 0.0909, 1.3055 1.1198 0.0909, 1.3068 1.116 0.0909, 1.3004 1.1262 0.0909, 1.2891 1.1301 0.0909, 1.2891 1.1301 0.0908, 1.2891 1.1279 0.0869, 1.2891 1.1278 0.0868, 1.3046 1.1155 0.0869, 1.296 1.1263 0.0869, 1.3016 1.1148 0.0835, 1.2946 1.1235 0.0835, 1.299 1.1244 0.0869, 1.3033 1.1233 0.0909, 1.2978 1.1139 0.0809, 1.3016 1.1219 0.0869, 1.2971 1.1219 0.0835, 1.293 1.12 0.0809, 1.2901 1.1164 0.0793, 1.2961 1.1175 0.0809, 1.3034 1.1188 0.0869, 1.3006 1.1175 0.0835, 1.2972 1.1158 0.0809, 1.2932 1.1139 0.0793, 1.2891 1.1165 0.0793, 1.2891 1.1165 0.0793, 1.2991 1.1199 0.0835, 1.2947 1.1189 0.0809, 1.2911 1.1161 0.0793, -1.3577 1.1658 0.4727, -1.3576 1.1667 0.4728, -1.3562 1.1699 0.473, -1.3556 1.1713 0.473, -1.3538 1.1736 0.4731, -1.3525 1.1753 0.4731, -1.3508 1.1767 0.4731, -1.3485 1.1784 0.473, -1.3471 1.179 0.473, -1.3438 1.1804 0.4728, -1.3429 1.1805 0.4727, -1.3007 -1.1054 0.8146, -1.3007 -1.1054 0.8147, -1.2985 -1.1054 0.8187, -1.2984 -1.1054 0.8187, -1.2953 -1.1054 0.8221, -1.2953 -1.1054 0.8221, -1.2915 -1.1054 0.8246, -1.2914 -1.1054 0.8246, -1.2871 -1.1054 0.8262, -1.2871 -1.1054 0.8262, -1.2825 -1.1099 0.8262, 1.2825 -1.1099 0.8262, -1.2825 -1.1143 0.8246, 1.2825 -1.1143 0.8246, -1.2825 -1.1181 0.8221, 1.2825 -1.1181 0.8221, -1.2825 -1.1212 0.8187, 1.2825 -1.1212 0.8187, -1.2825 -1.1235 0.8147, 1.2825 -1.1235 0.8147, 1.2891 -1.1165 0.0793, 1.2903 -1.1164 0.0793, 1.2977 -1.1142 0.0809, 1.3014 -1.1152 0.0835, 1.3045 -1.1161 0.0869, 1.3067 -1.1166 0.0909, 1.3049 -1.121 0.0909, 1.2891 -1.1301 0.0909, 1.2938 -1.1295 0.0909, 1.2891 -1.1301 0.0908, 1.2932 -1.1273 0.0869, 1.3029 -1.1199 0.0869, 1.302 -1.1248 0.0909, 1.2891 -1.1279 0.0869, 1.2891 -1.1278 0.0868, 1.2924 -1.1243 0.0835, 1.3002 -1.1183 0.0835, 1.3004 -1.1232 0.0869, 1.2891 -1.1247 0.0835, 1.2891 -1.1247 0.0834, 1.2914 -1.1206 0.0809, 1.2981 -1.121 0.0835, 1.2968 -1.1164 0.0809, 1.2935 -1.1131 0.0793, 1.2982 -1.1277 0.0909, 1.2971 -1.1257 0.0869, 1.2955 -1.123 0.0835, 1.2936 -1.1197 0.0809, 1.2914 -1.1159 0.0793, 1.2954 -1.1183 0.0809, 1.2931 -1.1142 0.0793, 1.2923 -1.1152 0.0793, 1.2891 -1.1209 0.0809, 1.2891 -1.1208 0.0809, 1.2891 -1.1165 0.0793, 0.9291 1.1301 0.0908, 0.9291 1.1278 0.0868, 0.9291 1.1247 0.0834, 0.9291 1.1208 0.0809, 0.9291 1.1165 0.0793, -1.3429 1.1805 0.3934, -1.3438 1.1804 0.3933, -1.3471 1.179 0.3932, -1.3485 1.1784 0.3931, -1.3508 1.1767 0.3931, -1.3525 1.1753 0.393, -1.3538 1.1736 0.3931, -1.3556 1.1713 0.3931, -1.3562 1.1699 0.3932, -1.3577 1.1658 0.3934, -1.3576 1.1667 0.3933, -1.2825 -1.1235 0.8147, -1.2825 -1.1213 0.8187, -1.2861 -1.1209 0.8187, -1.2825 -1.1212 0.8187, -1.2825 -1.1182 0.8221, -1.2854 -1.1178 0.8221, -1.2845 -1.1141 0.8246, -1.2836 -1.1099 0.8262, -1.2845 -1.1095 0.8262, -1.2867 -1.1074 0.8262, -1.2861 -1.1082 0.8262, -1.287 -1.1064 0.8262, -1.2825 -1.1099 0.8262, -1.2868 -1.1241 0.8109, -1.2866 -1.1231 0.8146, -1.2875 -1.124 0.811, -1.2904 -1.1218 0.8146, -1.2908 -1.1226 0.8113, -1.2921 -1.122 0.8115, -1.2939 -1.1196 0.8146, -1.2944 -1.1202 0.8115, -1.2961 -1.1189 0.8116, -1.2968 -1.1167 0.8146, -1.2974 -1.1172 0.8115, -1.2992 -1.1149 0.8115, -1.2989 -1.1133 0.8146, -1.2997 -1.1137 0.8113, -1.3012 -1.1103 0.811, -1.3003 -1.1094 0.8146, -1.3013 -1.1097 0.8109, -1.2825 -1.1181 0.8221, -1.2825 -1.1143 0.8246, -1.2825 -1.1143 0.8246, -1.2825 -1.11 0.8262, -1.2881 -1.1124 0.8246, -1.2895 -1.1109 0.8246, -1.2906 -1.1093 0.8246, -1.2913 -1.1074 0.8246, -1.2864 -1.1134 0.8246, -1.2854 -1.109 0.8262, -1.2881 -1.1169 0.8221, -1.2905 -1.1154 0.8221, -1.2925 -1.1133 0.8221, -1.2941 -1.1109 0.8221, -1.295 -1.1082 0.8221, -1.2894 -1.1197 0.8187, -1.2925 -1.1178 0.8187, -1.295 -1.1153 0.8187, -1.2969 -1.1123 0.8187, -1.2981 -1.1089 0.8187, -1.2825 -1.1236 0.8146, 0.9291 -1.1301 0.0908, 0.9291 -1.1278 0.0868, 0.9291 -1.1247 0.0834, 0.9291 -1.1208 0.0809, 0.9291 -1.1165 0.0793, 0.924 1.1117 0.0781, 0.9217 1.1114 0.0773, 0.9212 1.116 0.0777, 0.9193 1.1111 0.0761, 0.9153 1.11 0.0731, 0.9145 1.1147 0.0731, 0.9152 1.11 0.073, 0.9121 1.1087 0.069, 0.9113 1.1135 0.0687, 0.8941 1.1242 0.0559, 0.8959 1.1257 0.065, 0.9004 1.1236 0.0641, 0.8982 1.1228 0.0562, 0.8949 1.1241 0.0559, 0.9043 1.1205 0.0635, 0.9018 1.1205 0.0565, 0.8996 1.1222 0.0563, 0.9073 1.1166 0.0634, 0.9049 1.1175 0.057, 0.9037 1.1191 0.0568, 0.9089 1.1097 0.0583, 0.9088 1.1104 0.0582, 0.9093 1.112 0.0636, 0.9073 1.1138 0.0576, 0.9068 1.1151 0.0574, 0.9094 1.1054 0.0591, 0.9101 1.1071 0.0641, 0.9101 1.1071 0.0642, 0.9121 1.1087 0.0689, 0.9094 1.118 0.069, 0.9067 1.1219 0.07, 0.9033 1.125 0.0715, 0.8993 1.1271 0.0734, 0.913 1.1191 0.0739, 0.9107 1.123 0.0755, 0.908 1.1262 0.0778, 0.9048 1.1283 0.0806, 0.9194 1.1111 0.0762, 0.9188 1.1157 0.0764, 0.9177 1.1201 0.0777, 0.9161 1.1239 0.0798, 0.9141 1.127 0.0827, 0.912 1.1293 0.0861, 0.9203 1.1204 0.0791, 0.9191 1.1242 0.0814, 0.9177 1.1274 0.0844, 0.916 1.1296 0.0881, 0.9241 1.1117 0.0781, 0.9238 1.1163 0.0786, 0.9232 1.1206 0.0801, 0.9224 1.1245 0.0825, 0.9214 1.1276 0.0857, 0.9203 1.1299 0.0896, 0.9266 1.1119 0.0786, 0.9264 1.1165 0.0791, 0.9261 1.1208 0.0807, 0.9257 1.1246 0.0832, 0.9252 1.1277 0.0865, 0.9247 1.13 0.0905, -1.2987 1.1286 0.0941, -1.294 1.1306 0.0945, -1.2941 1.1306 0.0945, -1.2987 1.1286 0.0941, -1.3026 1.1255 0.0939, -1.3057 1.1215 0.0941, -1.3057 1.1215 0.0941, -1.3077 1.1169 0.0945, -1.3077 1.1169 0.0945, -1.3437 -1.1804 0.4728, -1.3438 -1.1804 0.4728, -1.3484 -1.1785 0.473, -1.3485 -1.1784 0.473, -1.3525 -1.1753 0.4731, -1.3556 -1.1713 0.473, -1.3556 -1.1713 0.473, -1.3576 -1.1667 0.4728, -1.3576 -1.1665 0.4728, 0.9246 -1.13 0.0905, 0.9257 -1.1246 0.0832, 0.9238 -1.1163 0.0786, 0.9266 -1.1119 0.0786, 0.9264 -1.1165 0.0791, 0.9188 -1.1157 0.0765, 0.9217 -1.1114 0.0773, 0.9212 -1.116 0.0777, 0.924 -1.1117 0.0781, 0.9241 -1.1117 0.0781, 0.9145 -1.1147 0.0731, 0.9193 -1.1111 0.0761, 0.9194 -1.1111 0.0762, 0.9113 -1.1135 0.0687, 0.9152 -1.11 0.073, 0.9153 -1.11 0.0731, 0.9252 -1.1277 0.0865, 0.9203 -1.1299 0.0896, 0.9214 -1.1276 0.0857, 0.916 -1.1296 0.0882, 0.9177 -1.1274 0.0844, 0.912 -1.1293 0.0862, 0.9142 -1.127 0.0827, 0.9048 -1.1283 0.0806, 0.908 -1.1262 0.0778, 0.8993 -1.1271 0.0734, 0.9033 -1.125 0.0715, 0.8959 -1.1257 0.065, 0.9004 -1.1236 0.0641, 0.9261 -1.1208 0.0807, 0.9224 -1.1245 0.0825, 0.9232 -1.1206 0.0801, 0.9191 -1.1242 0.0814, 0.9203 -1.1204 0.0791, 0.9161 -1.1239 0.0798, 0.9177 -1.1201 0.0777, 0.9107 -1.123 0.0755, 0.913 -1.1191 0.0739, 0.9067 -1.1219 0.07, 0.9094 -1.118 0.069, 0.9043 -1.1205 0.0636, 0.9073 -1.1166 0.0634, 0.9101 -1.1071 0.0641, 0.9101 -1.1071 0.0642, 0.9093 -1.112 0.0636, 0.9121 -1.1087 0.0689, 0.9121 -1.1087 0.069, 0.8941 -1.1242 0.0559, 0.8949 -1.1241 0.0559, 0.8982 -1.1228 0.0562, 0.8996 -1.1222 0.0563, 0.9018 -1.1205 0.0565, 0.9037 -1.1191 0.0568, 0.9049 -1.1175 0.057, 0.9068 -1.1151 0.0574, 0.9073 -1.1138 0.0576, 0.9094 -1.1054 0.0591, 0.9089 -1.1097 0.0583, 0.9088 -1.1104 0.0582, 0.8937 1.1073 0.0399, 0.8941 1.1064 0.0399, 0.8925 1.1088 0.0399, 0.8932 1.1081 0.0399, 0.8917 1.1093 0.0399, 0.8948 1.1054 0.0401, 0.8942 1.1054 0.0399, 0.8995 1.1054 0.0421, 0.8984 1.1054 0.0413, 0.8981 1.1073 0.0413, 0.9085 1.1096 0.0548, 0.9071 1.1137 0.0548, 0.9048 1.1174 0.0548, 0.9018 1.1204 0.0548, 0.8981 1.1227 0.0548, 0.894 1.1241 0.0548, 0.8898 1.1246 0.0548, 0.8898 1.1212 0.0474, 0.8898 1.1232 0.0506, 0.8937 1.1227 0.0506, 0.8898 1.1234 0.0514, 0.909 1.1054 0.0548, 0.9087 1.1054 0.054, 0.9071 1.1093 0.0506, 0.9058 1.1131 0.0506, 0.9037 1.1165 0.0506, 0.9009 1.1193 0.0506, 0.8975 1.1214 0.0506, 0.8898 1.1181 0.0441, 0.8898 1.1208 0.0469, 0.8932 1.1204 0.0469, 0.8965 1.1193 0.0469, 0.8994 1.1175 0.0469, 0.9018 1.115 0.0469, 0.9037 1.1121 0.0469, 0.9048 1.1088 0.0469, 0.8898 1.1142 0.0415, 0.8898 1.1177 0.0437, 0.8925 1.1174 0.0437, 0.9076 1.1054 0.0506, 0.9067 1.1054 0.0493, 0.9052 1.1054 0.0469, 0.9036 1.1054 0.0452, 0.8951 1.1165 0.0437, 0.8975 1.115 0.0437, 0.8994 1.1131 0.0437, 0.9009 1.1107 0.0437, 0.9018 1.1081 0.0437, 0.9021 1.1054 0.0437, 0.8898 1.1099 0.0399, 0.8898 1.114 0.0413, 0.8917 1.1137 0.0413, 0.8935 1.1131 0.0413, 0.8951 1.1121 0.0413, 0.8965 1.1107 0.0413, 0.8975 1.1091 0.0413, 0.8898 1.1098 0.0399, 0.8907 1.1097 0.0399, -1.2891 1.1165 0.0793, -1.2903 1.1164 0.0793, -1.298 1.1119 0.0809, -1.298 1.1119 0.0809, -1.2977 1.1142 0.0809, -1.3018 1.1119 0.0834, -1.3019 1.1119 0.0835, -1.3014 1.1152 0.0835, -1.3045 1.1161 0.0869, -1.3067 1.1166 0.0909, -1.3049 1.121 0.0909, -1.2891 1.1301 0.0909, -1.2938 1.1295 0.0909, -1.3073 1.1119 0.0909, -1.3072 1.1119 0.0908, -1.305 1.1119 0.0869, -1.305 1.1119 0.0868, -1.2891 1.1301 0.0908, -1.2932 1.1273 0.0869, -1.3029 1.1199 0.0869, -1.302 1.1248 0.0909, -1.2891 1.1279 0.0869, -1.2891 1.1278 0.0868, -1.2924 1.1243 0.0835, -1.3002 1.1183 0.0835, -1.3004 1.1232 0.0869, -1.2891 1.1247 0.0835, -1.2891 1.1247 0.0834, -1.2914 1.1206 0.0809, -1.2981 1.121 0.0835, -1.2968 1.1164 0.0809, -1.2935 1.1131 0.0793, -1.2982 1.1277 0.0909, -1.2971 1.1257 0.0869, -1.2955 1.123 0.0835, -1.2936 1.1197 0.0809, -1.2914 1.1159 0.0793, -1.2937 1.1119 0.0793, -1.2937 1.1119 0.0793, -1.2954 1.1183 0.0809, -1.2931 1.1142 0.0793, -1.2923 1.1152 0.0793, -1.2891 1.1209 0.0809, -1.2891 1.1208 0.0809, -1.2891 1.1165 0.0793, -1.3576 -1.1665 0.3933, -1.3576 -1.1667 0.3933, -1.3556 -1.1713 0.3931, -1.3556 -1.1713 0.3931, -1.3525 -1.1753 0.393, -1.3485 -1.1784 0.3931, -1.3484 -1.1785 0.3931, -1.3438 -1.1804 0.3933, -1.3437 -1.1804 0.3933, 0.909 -1.1054 0.0548, 0.9087 -1.1054 0.054, 0.9076 -1.1054 0.0506, 0.9067 -1.1054 0.0493, 0.9052 -1.1054 0.0469, 0.9036 -1.1054 0.0452, 0.9021 -1.1054 0.0437, 0.8995 -1.1054 0.0421, 0.8984 -1.1054 0.0413, 0.8948 -1.1054 0.0401, 0.8942 -1.1054 0.0399, -0.8898 1.1098 0.0399, -0.8898 1.1099 0.0399, -0.8898 1.114 0.0413, -0.8898 1.1142 0.0415, -0.8898 1.1177 0.0437, -0.8898 1.1181 0.0441, -0.8898 1.1208 0.0469, -0.8898 1.1212 0.0474, -0.8898 1.1232 0.0506, -0.8898 1.1234 0.0514, -0.8898 1.1246 0.0548, -0.9291 1.1301 0.0908, -0.9291 1.1278 0.0868, -0.9291 1.1247 0.0834, -0.9291 1.1208 0.0809, -0.9291 1.1165 0.0793, -1.3073 -1.1119 0.0909, -1.3072 -1.1119 0.0908, -1.305 -1.1119 0.0869, -1.305 -1.1119 0.0868, -1.3019 -1.1119 0.0835, -1.3018 -1.1119 0.0834, -1.298 -1.1119 0.0809, -1.298 -1.1119 0.0809, -1.2937 -1.1119 0.0793, -1.2937 -1.1119 0.0793, -1.3077 -1.1169 0.0945, -1.3077 -1.1169 0.0945, -1.3057 -1.1215 0.0941, -1.3057 -1.1215 0.0941, -1.3026 -1.1255 0.0939, -1.2987 -1.1286 0.0941, -1.2987 -1.1286 0.0941, -1.2941 -1.1306 0.0945, -1.294 -1.1306 0.0945, 0.8907 -1.1097 0.0399, 0.8898 -1.1098 0.0399, 0.8898 -1.1099 0.0399, 0.8898 -1.1142 0.0415, 0.8898 -1.114 0.0413, 0.8917 -1.1137 0.0413, 0.8898 -1.1181 0.0441, 0.8898 -1.1177 0.0437, 0.8925 -1.1174 0.0437, 0.8898 -1.1212 0.0474, 0.8898 -1.1208 0.0469, 0.8932 -1.1204 0.0469, 0.8898 -1.1234 0.0514, 0.8898 -1.1232 0.0506, 0.8937 -1.1227 0.0506, 0.8975 -1.1214 0.0506, 0.8981 -1.1227 0.0548, 0.894 -1.1241 0.0548, 0.9071 -1.1137 0.0548, 0.9048 -1.1174 0.0548, 0.8898 -1.1246 0.0548, 0.9085 -1.1096 0.0548, 0.9071 -1.1093 0.0506, 0.8965 -1.1193 0.0469, 0.9048 -1.1088 0.0469, 0.8951 -1.1165 0.0437, 0.8935 -1.1131 0.0413, 0.8981 -1.1073 0.0413, 0.9018 -1.1081 0.0437, 0.8917 -1.1093 0.0399, 0.8941 -1.1064 0.0399, 0.9058 -1.1131 0.0506, 0.9037 -1.1121 0.0469, 0.9009 -1.1107 0.0437, 0.8975 -1.1091 0.0413, 0.8937 -1.1073 0.0399, 0.9018 -1.1204 0.0548, 0.9037 -1.1165 0.0506, 0.9009 -1.1193 0.0506, 0.9018 -1.115 0.0469, 0.8994 -1.1175 0.0469, 0.8994 -1.1131 0.0437, 0.8975 -1.115 0.0437, 0.8965 -1.1107 0.0413, 0.8951 -1.1121 0.0413, 0.8932 -1.1081 0.0399, 0.8925 -1.1088 0.0399, -0.8909 1.1096 0.0399, -0.8983 1.1054 0.0413, -0.8984 1.1054 0.0413, -0.8981 1.1076 0.0413, -0.892 1.1137 0.0413, -0.902 1.1054 0.0437, -0.9021 1.1054 0.0437, -0.9017 1.1086 0.0437, -0.893 1.1173 0.0437, -0.9051 1.1054 0.0468, -0.9052 1.1054 0.0469, -0.9047 1.1094 0.0469, -0.8938 1.1203 0.0469, -0.8944 1.1226 0.0506, -0.907 1.11 0.0506, -0.9083 1.1103 0.0548, -0.9064 1.115 0.0548, -0.8947 1.1239 0.0548, -0.8948 1.1241 0.0559, -0.9034 1.119 0.0548, -0.9036 1.1192 0.0568, -0.8996 1.1222 0.0563, -0.9088 1.1104 0.0582, -0.9088 1.1105 0.0582, -0.9068 1.1151 0.0574, -0.9037 1.1191 0.0568, -0.9094 1.1054 0.0591, -0.909 1.1054 0.0548, -0.9089 1.1054 0.0547, -0.9076 1.1054 0.0506, -0.9075 1.1054 0.0505, -0.9052 1.1143 0.0506, -0.9031 1.1131 0.0469, -0.9023 1.118 0.0506, -0.8994 1.122 0.0548, -0.8949 1.1241 0.0559, -0.9004 1.1115 0.0437, -0.9007 1.1163 0.0469, -0.8987 1.1208 0.0506, -0.8975 1.1188 0.0469, -0.8985 1.1141 0.0437, -0.8972 1.1097 0.0413, -0.894 1.1065 0.0399, -0.8929 1.1085 0.0399, -0.892 1.1092 0.0399, -0.8941 1.1128 0.0413, -0.8941 1.1054 0.0399, -0.8942 1.1054 0.0399, -0.8959 1.1161 0.0437, -0.8958 1.1114 0.0413, -0.8936 1.1076 0.0399, -0.9246 1.13 0.0905, -0.9252 1.1277 0.0865, -0.9261 1.1208 0.0807, -0.9238 1.1163 0.0786, -0.9266 1.1119 0.0786, -0.9264 1.1165 0.0791, -0.9188 1.1157 0.0765, -0.9217 1.1114 0.0773, -0.9212 1.116 0.0777, -0.924 1.1117 0.0781, -0.9241 1.1117 0.0781, -0.9145 1.1147 0.0731, -0.9193 1.1111 0.0761, -0.9194 1.1111 0.0762, -0.9113 1.1135 0.0687, -0.9152 1.11 0.073, -0.9153 1.11 0.0731, -0.9203 1.1299 0.0896, -0.916 1.1296 0.0882, -0.912 1.1293 0.0862, -0.9048 1.1283 0.0806, -0.8993 1.1271 0.0734, -0.8959 1.1257 0.065, -0.9214 1.1276 0.0857, -0.9177 1.1274 0.0844, -0.9142 1.127 0.0827, -0.908 1.1262 0.0778, -0.9033 1.125 0.0715, -0.9004 1.1236 0.0641, -0.9232 1.1206 0.0801, -0.9203 1.1204 0.0791, -0.9177 1.1201 0.0777, -0.913 1.1191 0.0739, -0.9094 1.118 0.069, -0.9073 1.1166 0.0634, -0.9093 1.112 0.0636, -0.9101 1.1071 0.0641, -0.9101 1.1071 0.0642, -0.9121 1.1087 0.0689, -0.9121 1.1087 0.069, -0.9257 1.1246 0.0832, -0.9224 1.1245 0.0825, -0.9191 1.1242 0.0814, -0.9161 1.1239 0.0798, -0.9107 1.123 0.0755, -0.9067 1.1219 0.07, -0.9043 1.1205 0.0636, -1.2935 -1.1131 0.0793, -1.2891 -1.1208 0.0809, -1.2891 -1.1209 0.0809, -1.2914 -1.1206 0.0809, -1.2891 -1.1247 0.0834, -1.2891 -1.1247 0.0835, -1.2924 -1.1243 0.0835, -1.2932 -1.1273 0.0869, -1.2938 -1.1295 0.0909, -1.2982 -1.1277 0.0909, -1.3067 -1.1166 0.0909, -1.2891 -1.1301 0.0909, -1.2891 -1.1301 0.0908, -1.2891 -1.1279 0.0869, -1.2891 -1.1278 0.0868, -1.3045 -1.1161 0.0869, -1.2971 -1.1257 0.0869, -1.302 -1.1248 0.0909, -1.3014 -1.1152 0.0835, -1.2955 -1.123 0.0835, -1.3004 -1.1232 0.0869, -1.2977 -1.1142 0.0809, -1.2981 -1.121 0.0835, -1.2936 -1.1197 0.0809, -1.2903 -1.1164 0.0793, -1.3049 -1.121 0.0909, -1.3029 -1.1199 0.0869, -1.3002 -1.1183 0.0835, -1.2968 -1.1164 0.0809, -1.2931 -1.1142 0.0793, -1.2891 -1.1165 0.0793, -1.2891 -1.1165 0.0793, -1.2954 -1.1183 0.0809, -1.2914 -1.1159 0.0793, -1.2923 -1.1152 0.0793, -0.8898 -1.1098 0.0399, -0.8898 -1.1099 0.0399, -0.8898 -1.114 0.0413, -0.8898 -1.1142 0.0415, -0.8898 -1.1177 0.0437, -0.8898 -1.1181 0.0441, -0.8898 -1.1208 0.0469, -0.8898 -1.1212 0.0474, -0.8898 -1.1232 0.0506, -0.8898 -1.1234 0.0514, -0.8898 -1.1246 0.0548, -0.9094 -1.1054 0.0591, -0.909 -1.1054 0.0548, -0.9089 -1.1054 0.0547, -0.9076 -1.1054 0.0506, -0.9075 -1.1054 0.0505, -0.9052 -1.1054 0.0469, -0.9051 -1.1054 0.0468, -0.9021 -1.1054 0.0437, -0.902 -1.1054 0.0437, -0.8984 -1.1054 0.0413, -0.8983 -1.1054 0.0413, -0.8942 -1.1054 0.0399, -0.8941 -1.1054 0.0399, -0.9266 -1.1119 0.0786, -0.9241 -1.1117 0.0781, -0.924 -1.1117 0.0781, -0.9217 -1.1114 0.0773, -0.9194 -1.1111 0.0762, -0.9193 -1.1111 0.0761, -0.9153 -1.11 0.0731, -0.9152 -1.11 0.073, -0.9121 -1.1087 0.069, -0.9121 -1.1087 0.0689, -0.9101 -1.1071 0.0642, -0.9101 -1.1071 0.0641, -0.9291 -1.1301 0.0908, -0.9291 -1.1278 0.0868, -0.9291 -1.1247 0.0834, -0.9291 -1.1208 0.0809, -0.9291 -1.1165 0.0793, -0.8941 -1.1064 0.0399, -0.8949 -1.1241 0.0559, -0.8982 -1.1228 0.0562, -0.8981 -1.1227 0.0548, -0.9037 -1.1191 0.0568, -0.9049 -1.1175 0.057, -0.9048 -1.1174 0.0548, -0.9068 -1.1151 0.0574, -0.9073 -1.1138 0.0576, -0.9071 -1.1137 0.0548, -0.9088 -1.1104 0.0582, -0.9089 -1.1097 0.0583, -0.9085 -1.1096 0.0548, -0.9018 -1.1205 0.0565, -0.8941 -1.1242 0.0559, -0.894 -1.1241 0.0548, -0.8937 -1.1227 0.0506, -0.9071 -1.1093 0.0506, -0.8932 -1.1204 0.0469, -0.9048 -1.1088 0.0469, -0.8925 -1.1174 0.0437, -0.9018 -1.1081 0.0437, -0.8917 -1.1137 0.0413, -0.8981 -1.1073 0.0413, -0.8907 -1.1097 0.0399, -0.8996 -1.1222 0.0563, -0.9018 -1.1204 0.0548, -0.8975 -1.1214 0.0506, -0.9009 -1.1193 0.0506, -0.8965 -1.1193 0.0469, -0.8994 -1.1175 0.0469, -0.8951 -1.1165 0.0437, -0.8975 -1.115 0.0437, -0.8935 -1.1131 0.0413, -0.8951 -1.1121 0.0413, -0.8917 -1.1093 0.0399, -0.8925 -1.1088 0.0399, -0.9037 -1.1165 0.0506, -0.9018 -1.115 0.0469, -0.8994 -1.1131 0.0437, -0.8965 -1.1107 0.0413, -0.8932 -1.1081 0.0399, -0.9058 -1.1131 0.0506, -0.9037 -1.1121 0.0469, -0.9009 -1.1107 0.0437, -0.8975 -1.1091 0.0413, -0.8937 -1.1073 0.0399, -0.9212 -1.116 0.0777, -0.9145 -1.1147 0.0731, -0.9113 -1.1135 0.0687, -0.8959 -1.1257 0.065, -0.9004 -1.1236 0.0641, -0.9043 -1.1205 0.0635, -0.9073 -1.1166 0.0634, -0.9093 -1.112 0.0636, -0.9094 -1.118 0.069, -0.9067 -1.1219 0.07, -0.9033 -1.125 0.0715, -0.8993 -1.1271 0.0734, -0.913 -1.1191 0.0739, -0.9107 -1.123 0.0755, -0.908 -1.1262 0.0778, -0.9048 -1.1283 0.0806, -0.9188 -1.1157 0.0764, -0.9177 -1.1201 0.0777, -0.9161 -1.1239 0.0798, -0.9141 -1.127 0.0827, -0.912 -1.1293 0.0861, -0.9203 -1.1204 0.0791, -0.9191 -1.1242 0.0814, -0.9177 -1.1274 0.0844, -0.916 -1.1296 0.0881, -0.9238 -1.1163 0.0786, -0.9232 -1.1206 0.0801, -0.9224 -1.1245 0.0825, -0.9214 -1.1276 0.0857, -0.9203 -1.1299 0.0896, -0.9264 -1.1165 0.0791, -0.9261 -1.1208 0.0807, -0.9257 -1.1246 0.0832, -0.9252 -1.1277 0.0865, -0.9247 -1.13 0.0905, -0.9247 -1.13 0.0905
            ]
        }
        coordIndex [
            0,1,2,-1,3,4,5,-1,6,7,8,-1,9,10,11,-1,12,13,14,-1,15,16,17,-1,18,19,20,-1,20,19,21,-1,22,23,19,-1,24,25,22,-1,24,22,26,-1,18,27,19,-1,19,27,28,-1,19,28,22,-1,22,28,29,-1,22,29,26,-1,25,30,22,-1,22,30,31,-1,22,31,32,-1,33,34,35,-1,35,34,36,-1,35,36,37,-1,37,36,32,-1,37,32,38,-1,38,32,31,-1,39,40,41,-1,41,40,42,-1,41,42,43,-1,43,44,45,-1,33,46,34,-1,34,46,47,-1,34,47,41,-1,41,47,48,-1,41,48,39,-1,45,44,49,-1,49,44,50,-1,49,50,51,-1,43,45,41,-1,41,45,52,-1,41,52,53,-1,54,55,56,-1,57,58,59,-1,56,55,60,-1,61,62,56,-1,56,62,63,-1,56,63,54,-1,53,52,59,-1,59,52,64,-1,59,64,57,-1,65,66,59,-1,67,68,69,-1,70,71,68,-1,71,72,73,-1,73,72,74,-1,73,74,75,-1,75,74,76,-1,75,76,77,-1,77,76,78,-1,77,78,79,-1,80,81,79,-1,82,83,84,-1,84,83,85,-1,84,85,86,-1,87,88,89,-1,90,91,92,-1,82,84,88,-1,88,84,93,-1,88,93,89,-1,90,92,94,-1,95,96,97,-1,97,96,98,-1,99,100,101,-1,101,100,102,-1,91,103,92,-1,92,103,104,-1,92,104,105,-1,106,102,93,-1,93,102,107,-1,93,107,89,-1,108,109,89,-1,108,89,110,-1,13,12,89,-1,89,12,111,-1,89,111,110,-1,112,113,92,-1,92,113,114,-1,92,114,115,-1,105,116,92,-1,92,116,117,-1,92,117,118,-1,119,120,121,-1,121,120,122,-1,121,122,92,-1,92,122,123,-1,92,123,94,-1,118,124,92,-1,92,124,125,-1,92,125,112,-1,126,127,87,-1,87,127,128,-1,87,128,129,-1,129,130,87,-1,87,130,131,-1,87,131,132,-1,132,131,119,-1,132,119,133,-1,133,119,121,-1,109,134,89,-1,89,134,135,-1,89,135,87,-1,87,135,136,-1,87,136,126,-1,137,138,139,-1,139,138,140,-1,138,141,142,-1,143,17,144,-1,144,17,138,-1,144,138,145,-1,145,138,142,-1,114,146,115,-1,115,146,147,-1,115,147,140,-1,140,147,148,-1,140,148,149,-1,140,150,151,-1,149,152,140,-1,140,152,153,-1,140,153,150,-1,151,154,140,-1,140,154,155,-1,140,155,139,-1,15,156,16,-1,16,156,157,-1,16,157,158,-1,159,160,161,-1,161,160,162,-1,161,162,143,-1,143,162,163,-1,143,163,17,-1,17,163,164,-1,17,164,15,-1,165,166,161,-1,161,166,167,-1,161,167,159,-1,165,168,166,-1,166,168,169,-1,166,169,170,-1,171,172,173,-1,174,173,175,-1,172,176,173,-1,173,176,177,-1,173,177,178,-1,141,138,174,-1,174,138,137,-1,174,137,173,-1,173,137,179,-1,173,179,171,-1,175,180,174,-1,174,180,181,-1,174,181,182,-1,183,184,182,-1,182,184,185,-1,182,185,174,-1,186,187,188,-1,188,187,189,-1,188,189,178,-1,178,189,190,-1,178,190,173,-1,191,192,193,-1,191,194,195,-1,195,194,196,-1,193,197,191,-1,191,197,198,-1,191,198,14,-1,14,198,199,-1,14,199,12,-1,200,201,195,-1,195,201,202,-1,191,195,192,-1,192,195,202,-1,192,202,203,-1,203,202,204,-1,203,204,205,-1,206,207,204,-1,207,208,204,-1,204,208,209,-1,204,209,205,-1,55,210,60,-1,60,210,211,-1,60,211,204,-1,204,211,212,-1,204,212,206,-1,213,214,215,-1,215,214,216,-1,217,218,2,-1,2,218,219,-1,220,221,222,-1,222,221,2,-1,222,2,223,-1,223,2,219,-1,216,224,2,-1,2,224,225,-1,2,225,217,-1,226,227,215,-1,215,227,228,-1,215,228,213,-1,229,230,231,-1,231,232,229,-1,229,232,233,-1,229,233,234,-1,234,233,235,-1,234,235,215,-1,215,235,236,-1,215,236,226,-1,194,237,196,-1,196,237,238,-1,196,238,106,-1,106,238,97,-1,106,97,102,-1,102,97,98,-1,102,98,101,-1,239,240,241,-1,241,240,242,-1,243,244,245,-1,245,244,246,-1,247,248,229,-1,229,249,247,-1,247,249,250,-1,247,250,251,-1,239,241,252,-1,252,241,253,-1,252,253,254,-1,255,250,256,-1,256,250,249,-1,256,249,257,-1,257,249,229,-1,257,229,254,-1,254,229,234,-1,254,234,252,-1,258,259,260,-1,260,259,261,-1,262,260,263,-1,263,260,261,-1,263,261,264,-1,264,261,265,-1,264,265,266,-1,263,267,262,-1,262,267,268,-1,262,268,269,-1,270,271,272,-1,272,271,273,-1,272,273,274,-1,275,276,277,-1,278,279,280,-1,280,279,281,-1,280,281,258,-1,258,281,282,-1,258,282,259,-1,259,282,283,-1,259,283,277,-1,277,283,284,-1,277,284,275,-1,285,286,287,-1,287,286,288,-1,287,288,289,-1,290,291,292,-1,290,292,289,-1,289,292,276,-1,289,276,287,-1,287,276,275,-1,287,275,274,-1,293,294,295,-1,290,296,291,-1,291,296,297,-1,291,297,298,-1,298,297,299,-1,298,299,300,-1,301,302,300,-1,300,302,303,-1,300,303,304,-1,299,305,300,-1,300,305,306,-1,300,306,307,-1,304,308,300,-1,300,308,309,-1,300,309,295,-1,295,309,310,-1,295,310,293,-1,307,311,300,-1,300,311,312,-1,300,312,301,-1,313,314,315,-1,315,314,316,-1,315,316,317,-1,9,11,318,-1,319,320,321,-1,320,322,321,-1,321,322,323,-1,321,323,324,-1,325,326,327,-1,327,326,328,-1,328,329,327,-1,327,329,330,-1,327,330,318,-1,324,331,321,-1,321,331,332,-1,321,332,327,-1,327,332,333,-1,327,333,325,-1,334,335,336,-1,319,321,336,-1,336,321,337,-1,336,337,334,-1,292,338,276,-1,276,338,339,-1,276,339,8,-1,8,339,340,-1,8,340,6,-1,341,342,343,-1,5,4,327,-1,327,4,344,-1,327,344,321,-1,345,346,347,-1,347,346,348,-1,347,348,349,-1,350,351,352,-1,353,354,355,-1,355,354,356,-1,355,356,357,-1,355,358,359,-1,359,358,360,-1,360,361,359,-1,359,361,362,-1,359,362,352,-1,363,364,365,-1,365,364,366,-1,365,366,367,-1,368,369,349,-1,357,370,355,-1,355,370,371,-1,355,371,358,-1,367,372,365,-1,365,372,373,-1,365,373,374,-1,368,349,375,-1,376,377,378,-1,378,377,379,-1,378,379,349,-1,349,379,380,-1,349,380,375,-1,381,382,383,-1,383,382,384,-1,383,384,385,-1,383,386,381,-1,381,386,387,-1,381,387,388,-1,388,389,381,-1,381,389,390,-1,381,390,391,-1,391,390,392,-1,391,392,393,-1,393,392,394,-1,393,394,352,-1,352,394,395,-1,352,395,350,-1,376,396,377,-1,377,396,397,-1,377,397,398,-1,398,397,399,-1,398,400,401,-1,402,403,385,-1,385,403,404,-1,385,404,383,-1,399,405,398,-1,398,405,406,-1,398,406,407,-1,407,408,398,-1,398,408,409,-1,398,409,400,-1,401,410,398,-1,398,410,411,-1,398,411,412,-1,374,413,365,-1,365,413,414,-1,365,414,415,-1,415,414,416,-1,415,416,345,-1,417,418,419,-1,418,417,420,-1,420,417,421,-1,420,421,422,-1,423,424,425,-1,421,426,422,-1,422,426,427,-1,422,427,428,-1,428,427,423,-1,428,423,429,-1,429,423,425,-1,430,431,365,-1,365,431,432,-1,351,363,352,-1,352,363,365,-1,352,365,359,-1,359,365,432,-1,359,432,426,-1,426,432,433,-1,426,433,427,-1,434,431,435,-1,435,431,430,-1,435,430,436,-1,437,438,439,-1,440,441,430,-1,430,441,442,-1,430,442,436,-1,415,437,365,-1,365,437,439,-1,365,439,430,-1,430,439,443,-1,430,443,444,-1,445,446,447,-1,447,446,448,-1,447,448,437,-1,437,448,449,-1,437,449,438,-1,444,450,430,-1,430,450,451,-1,430,451,440,-1,452,453,454,-1,453,455,454,-1,454,455,456,-1,454,456,447,-1,447,456,457,-1,447,457,445,-1,230,458,459,-1,460,461,221,-1,462,460,459,-1,459,460,221,-1,459,221,230,-1,230,221,220,-1,230,220,231,-1,463,464,465,-1,465,464,466,-1,465,466,461,-1,461,466,467,-1,461,467,221,-1,221,467,468,-1,221,468,419,-1,419,468,469,-1,419,469,417,-1,459,470,462,-1,462,470,471,-1,462,471,472,-1,473,474,475,-1,458,230,475,-1,475,230,229,-1,475,229,473,-1,473,229,248,-1,473,248,243,-1,474,473,476,-1,476,473,477,-1,476,477,421,-1,79,78,80,-1,80,78,478,-1,80,478,479,-1,216,2,215,-1,215,2,1,-1,215,1,480,-1,481,81,482,-1,482,81,80,-1,482,80,483,-1,483,80,479,-1,483,479,484,-1,485,486,487,-1,0,488,486,-1,486,488,483,-1,486,483,487,-1,487,483,484,-1,487,489,485,-1,485,489,490,-1,485,490,491,-1,345,347,415,-1,415,347,492,-1,415,492,493,-1,493,492,494,-1,493,494,495,-1,0,2,488,-1,488,2,221,-1,488,221,496,-1,496,221,419,-1,496,419,454,-1,454,419,418,-1,454,418,452,-1,497,498,499,-1,499,498,494,-1,500,501,502,-1,503,500,504,-1,504,500,498,-1,504,498,505,-1,505,498,497,-1,506,507,508,-1,508,507,509,-1,508,509,510,-1,503,511,500,-1,500,511,512,-1,500,512,513,-1,494,514,515,-1,516,517,518,-1,513,519,500,-1,500,519,520,-1,500,520,501,-1,515,521,494,-1,494,521,522,-1,494,522,523,-1,524,525,499,-1,499,525,526,-1,499,526,527,-1,527,526,518,-1,527,518,528,-1,528,518,517,-1,529,530,508,-1,508,530,531,-1,508,531,506,-1,523,532,494,-1,494,532,533,-1,494,533,499,-1,499,533,534,-1,499,534,524,-1,535,508,492,-1,492,508,510,-1,492,510,494,-1,494,510,536,-1,494,536,514,-1,537,538,518,-1,518,538,539,-1,518,539,540,-1,540,541,518,-1,518,541,542,-1,518,542,516,-1,369,353,349,-1,349,353,355,-1,349,355,347,-1,347,355,500,-1,347,500,492,-1,492,500,502,-1,492,502,535,-1,421,477,426,-1,426,477,543,-1,426,543,359,-1,359,543,544,-1,359,544,355,-1,355,544,334,-1,355,334,500,-1,500,334,337,-1,500,337,498,-1,84,495,93,-1,93,495,494,-1,93,494,106,-1,106,494,498,-1,106,498,196,-1,196,498,337,-1,196,337,195,-1,195,337,321,-1,195,321,200,-1,200,321,344,-1,243,245,473,-1,473,245,259,-1,473,259,477,-1,477,259,277,-1,477,277,543,-1,543,277,276,-1,543,276,544,-1,544,276,8,-1,544,8,334,-1,334,8,7,-1,334,7,335,-1,545,546,245,-1,547,548,549,-1,549,548,550,-1,546,551,245,-1,245,551,552,-1,245,552,553,-1,261,554,549,-1,549,554,555,-1,549,555,556,-1,553,557,245,-1,245,557,558,-1,245,558,259,-1,259,558,559,-1,259,559,261,-1,261,559,560,-1,261,560,554,-1,556,561,549,-1,549,561,562,-1,549,562,547,-1,242,240,246,-1,246,240,549,-1,246,549,245,-1,245,549,550,-1,245,550,545,-1,480,478,215,-1,215,478,78,-1,215,78,234,-1,234,78,76,-1,234,76,252,-1,252,76,74,-1,252,74,239,-1,239,74,72,-1,318,11,327,-1,327,11,341,-1,327,341,5,-1,5,341,343,-1,5,343,3,-1,274,273,287,-1,287,273,563,-1,287,563,285,-1,285,563,564,-1,285,564,286,-1,71,70,72,-1,72,70,565,-1,72,565,239,-1,239,565,566,-1,239,566,240,-1,240,566,567,-1,240,567,549,-1,549,567,568,-1,549,568,261,-1,261,568,271,-1,261,271,265,-1,265,271,270,-1,265,270,266,-1,313,315,10,-1,10,315,569,-1,10,569,11,-1,11,569,62,-1,11,62,341,-1,341,62,61,-1,341,61,342,-1,68,67,70,-1,70,67,570,-1,70,570,565,-1,565,570,571,-1,565,571,566,-1,566,571,572,-1,566,572,567,-1,567,572,573,-1,567,573,568,-1,568,573,574,-1,568,574,271,-1,271,574,575,-1,271,575,273,-1,273,575,315,-1,273,315,563,-1,563,315,317,-1,563,317,564,-1,69,576,67,-1,67,576,577,-1,67,577,570,-1,570,577,578,-1,570,578,571,-1,571,578,579,-1,571,579,572,-1,572,579,580,-1,572,580,573,-1,573,580,581,-1,573,581,574,-1,574,581,582,-1,574,582,575,-1,575,582,583,-1,575,583,315,-1,315,583,584,-1,315,584,569,-1,569,584,65,-1,569,65,62,-1,62,65,59,-1,62,59,63,-1,63,59,58,-1,585,586,587,-1,587,586,588,-1,589,590,591,-1,591,590,592,-1,586,593,594,-1,595,596,597,-1,597,596,598,-1,597,598,594,-1,594,598,588,-1,594,588,586,-1,599,600,601,-1,601,600,602,-1,603,604,605,-1,605,604,606,-1,605,606,607,-1,608,609,610,-1,611,612,608,-1,612,613,608,-1,608,613,614,-1,608,614,615,-1,616,617,610,-1,618,619,620,-1,620,619,621,-1,611,608,622,-1,622,608,610,-1,622,610,605,-1,605,610,617,-1,605,617,603,-1,621,619,606,-1,606,619,623,-1,606,623,607,-1,624,625,610,-1,610,625,626,-1,610,626,616,-1,627,628,629,-1,630,589,631,-1,631,589,591,-1,631,591,629,-1,629,591,632,-1,629,632,627,-1,633,634,635,-1,635,634,636,-1,635,636,637,-1,638,639,640,-1,641,642,638,-1,642,643,638,-1,638,643,644,-1,638,644,645,-1,646,647,640,-1,648,649,650,-1,650,649,651,-1,641,638,652,-1,652,638,640,-1,652,640,635,-1,635,640,647,-1,635,647,633,-1,651,649,636,-1,636,649,653,-1,636,653,637,-1,654,655,640,-1,640,655,656,-1,640,656,646,-1,657,627,658,-1,658,627,632,-1,659,660,609,-1,609,660,610,-1,596,661,598,-1,598,661,662,-1,21,19,640,-1,639,482,483,-1,639,84,640,-1,640,84,86,-1,640,86,21,-1,483,488,639,-1,639,488,496,-1,639,496,454,-1,454,447,639,-1,639,447,437,-1,639,437,415,-1,415,493,639,-1,639,493,495,-1,639,495,84,-1,663,664,665,-1,665,664,666,-1,661,667,668,-1,669,585,670,-1,670,585,587,-1,670,587,668,-1,668,587,662,-1,668,662,661,-1,590,671,672,-1,673,657,674,-1,674,657,658,-1,674,658,672,-1,672,658,592,-1,672,592,590,-1,659,675,676,-1,659,676,660,-1,660,676,677,-1,660,677,678,-1,679,680,681,-1,681,680,682,-1,683,684,685,-1,685,684,686,-1,687,688,689,-1,690,691,692,-1,23,66,693,-1,693,66,694,-1,693,694,695,-1,695,694,696,-1,695,696,697,-1,697,696,698,-1,697,698,699,-1,700,701,702,-1,702,701,699,-1,702,699,703,-1,703,699,698,-1,692,691,704,-1,704,691,705,-1,704,705,700,-1,700,705,706,-1,700,706,701,-1,690,692,688,-1,688,692,707,-1,688,707,689,-1,687,689,671,-1,671,689,708,-1,671,708,672,-1,709,710,711,-1,712,713,714,-1,715,716,717,-1,665,718,719,-1,720,718,665,-1,717,716,665,-1,721,665,716,-1,694,722,696,-1,696,722,723,-1,700,702,724,-1,724,702,703,-1,724,703,723,-1,723,703,698,-1,723,698,696,-1,700,724,704,-1,704,724,725,-1,704,725,692,-1,692,725,726,-1,692,726,707,-1,707,726,689,-1,689,726,727,-1,689,727,708,-1,708,727,728,-1,708,728,672,-1,729,720,665,-1,730,731,715,-1,715,731,732,-1,715,732,716,-1,716,732,733,-1,716,733,721,-1,734,719,735,-1,735,719,718,-1,735,718,736,-1,736,718,720,-1,736,720,737,-1,713,730,714,-1,714,730,715,-1,714,715,738,-1,738,715,717,-1,738,717,739,-1,739,717,665,-1,729,740,720,-1,720,740,741,-1,720,741,737,-1,737,741,742,-1,737,742,743,-1,744,734,745,-1,745,734,735,-1,745,735,746,-1,746,735,736,-1,746,736,747,-1,747,736,737,-1,747,737,748,-1,748,737,743,-1,711,744,749,-1,749,744,745,-1,749,745,750,-1,750,745,746,-1,750,746,751,-1,751,746,747,-1,751,747,752,-1,752,747,748,-1,752,748,753,-1,710,712,711,-1,711,712,714,-1,711,714,744,-1,744,714,738,-1,744,738,734,-1,734,738,739,-1,734,739,719,-1,719,739,665,-1,694,66,722,-1,722,66,754,-1,722,754,709,-1,743,755,748,-1,748,755,756,-1,748,756,753,-1,753,756,757,-1,753,757,758,-1,709,711,722,-1,722,711,749,-1,722,749,723,-1,723,749,750,-1,723,750,724,-1,724,750,751,-1,724,751,725,-1,725,751,752,-1,725,752,726,-1,726,752,753,-1,726,753,727,-1,727,753,758,-1,727,758,728,-1,759,687,671,-1,590,589,671,-1,671,589,630,-1,671,630,759,-1,687,759,688,-1,688,759,760,-1,688,760,690,-1,760,761,690,-1,690,761,762,-1,690,762,691,-1,691,762,763,-1,691,763,705,-1,705,763,706,-1,706,763,764,-1,706,764,701,-1,654,640,19,-1,764,765,701,-1,701,765,766,-1,701,766,699,-1,699,766,767,-1,699,767,697,-1,697,767,768,-1,697,768,695,-1,695,768,769,-1,695,769,693,-1,693,769,654,-1,693,654,23,-1,23,654,19,-1,663,665,770,-1,771,66,65,-1,663,770,772,-1,772,770,773,-1,772,773,774,-1,774,773,775,-1,774,775,776,-1,776,775,777,-1,776,777,778,-1,778,777,771,-1,778,771,779,-1,779,771,65,-1,779,65,584,-1,584,583,779,-1,779,583,582,-1,779,582,581,-1,581,580,779,-1,779,580,579,-1,779,579,578,-1,578,577,779,-1,779,577,576,-1,779,576,69,-1,665,666,780,-1,674,672,781,-1,781,672,728,-1,781,728,782,-1,782,728,758,-1,782,758,783,-1,783,758,757,-1,783,757,784,-1,784,757,756,-1,784,756,785,-1,785,756,755,-1,785,755,786,-1,786,755,743,-1,786,743,787,-1,787,743,742,-1,787,742,788,-1,788,742,741,-1,788,741,789,-1,789,741,740,-1,789,740,780,-1,780,740,729,-1,780,729,665,-1,790,791,792,-1,673,674,793,-1,793,674,794,-1,793,794,795,-1,795,794,796,-1,795,796,797,-1,797,796,798,-1,797,798,799,-1,798,800,799,-1,799,800,801,-1,799,801,802,-1,801,803,802,-1,802,803,804,-1,802,804,805,-1,805,804,806,-1,805,806,807,-1,807,806,791,-1,791,806,808,-1,791,808,792,-1,790,792,675,-1,675,792,809,-1,675,809,676,-1,675,659,609,-1,609,608,675,-1,675,608,810,-1,675,810,790,-1,790,810,811,-1,790,811,791,-1,791,811,812,-1,791,812,807,-1,807,812,805,-1,805,812,813,-1,805,813,802,-1,802,813,814,-1,802,814,799,-1,799,814,815,-1,799,815,797,-1,815,816,797,-1,797,816,817,-1,797,817,795,-1,795,817,818,-1,627,657,628,-1,628,657,673,-1,628,673,818,-1,818,673,793,-1,818,793,795,-1,769,768,819,-1,767,766,820,-1,630,631,759,-1,759,631,821,-1,759,821,760,-1,760,821,822,-1,760,822,761,-1,761,822,823,-1,761,823,762,-1,824,763,825,-1,825,763,762,-1,825,762,826,-1,826,762,823,-1,820,766,827,-1,827,766,765,-1,827,765,824,-1,824,765,764,-1,824,764,763,-1,767,820,768,-1,768,820,828,-1,768,828,819,-1,769,819,654,-1,654,819,829,-1,654,829,655,-1,830,831,832,-1,833,834,835,-1,836,837,838,-1,663,839,840,-1,841,839,663,-1,838,837,663,-1,842,663,837,-1,843,844,845,-1,845,844,846,-1,845,846,847,-1,847,846,848,-1,848,846,849,-1,848,849,850,-1,850,849,851,-1,851,849,852,-1,851,852,853,-1,853,852,854,-1,854,852,855,-1,854,855,856,-1,856,855,857,-1,857,855,858,-1,857,858,859,-1,859,858,860,-1,859,860,69,-1,861,841,663,-1,862,863,836,-1,836,863,864,-1,836,864,837,-1,837,864,865,-1,837,865,842,-1,866,840,867,-1,867,840,839,-1,867,839,868,-1,868,839,841,-1,868,841,869,-1,834,862,835,-1,835,862,836,-1,835,836,870,-1,870,836,838,-1,870,838,871,-1,871,838,663,-1,861,872,841,-1,841,872,873,-1,841,873,869,-1,869,873,874,-1,869,874,875,-1,876,866,877,-1,877,866,867,-1,877,867,878,-1,878,867,868,-1,878,868,879,-1,879,868,869,-1,879,869,880,-1,880,869,875,-1,832,876,881,-1,881,876,877,-1,881,877,882,-1,882,877,878,-1,882,878,883,-1,883,878,879,-1,883,879,884,-1,884,879,880,-1,884,880,885,-1,831,833,832,-1,832,833,835,-1,832,835,876,-1,876,835,870,-1,876,870,866,-1,866,870,871,-1,866,871,840,-1,840,871,663,-1,843,670,844,-1,844,670,886,-1,844,886,830,-1,875,887,880,-1,880,887,888,-1,880,888,885,-1,885,888,889,-1,885,889,890,-1,830,832,844,-1,844,832,881,-1,844,881,846,-1,846,881,882,-1,846,882,849,-1,849,882,883,-1,849,883,852,-1,852,883,884,-1,852,884,855,-1,855,884,885,-1,855,885,858,-1,858,885,890,-1,858,890,860,-1,782,783,891,-1,784,785,892,-1,893,894,895,-1,666,896,897,-1,898,896,666,-1,895,894,666,-1,780,666,894,-1,794,899,796,-1,796,899,900,-1,796,900,798,-1,798,900,800,-1,800,900,901,-1,800,901,801,-1,801,901,803,-1,803,901,902,-1,803,902,804,-1,804,902,806,-1,806,902,903,-1,806,903,808,-1,808,903,792,-1,792,903,904,-1,792,904,809,-1,809,904,905,-1,809,905,676,-1,906,898,666,-1,786,787,893,-1,893,787,788,-1,893,788,894,-1,894,788,789,-1,894,789,780,-1,907,897,908,-1,908,897,896,-1,908,896,909,-1,909,896,898,-1,909,898,910,-1,785,786,892,-1,892,786,893,-1,892,893,911,-1,911,893,895,-1,911,895,912,-1,912,895,666,-1,906,913,898,-1,898,913,914,-1,898,914,910,-1,910,914,915,-1,910,915,916,-1,917,907,918,-1,918,907,908,-1,918,908,919,-1,919,908,909,-1,919,909,920,-1,920,909,910,-1,920,910,921,-1,921,910,916,-1,891,917,922,-1,922,917,918,-1,922,918,923,-1,923,918,919,-1,923,919,924,-1,924,919,920,-1,924,920,925,-1,925,920,921,-1,925,921,926,-1,783,784,891,-1,891,784,892,-1,891,892,917,-1,917,892,911,-1,917,911,907,-1,907,911,912,-1,907,912,897,-1,897,912,666,-1,794,674,899,-1,899,674,781,-1,899,781,782,-1,916,927,921,-1,921,927,928,-1,921,928,926,-1,926,928,929,-1,926,929,930,-1,782,891,899,-1,899,891,922,-1,899,922,900,-1,900,922,923,-1,900,923,901,-1,901,923,924,-1,901,924,902,-1,902,924,925,-1,902,925,903,-1,903,925,926,-1,903,926,904,-1,904,926,930,-1,904,930,905,-1,813,812,931,-1,931,812,811,-1,931,811,615,-1,615,811,810,-1,615,810,608,-1,931,932,813,-1,813,932,933,-1,813,933,814,-1,814,933,934,-1,934,935,814,-1,814,935,936,-1,814,936,815,-1,815,936,937,-1,815,937,816,-1,816,937,938,-1,816,938,817,-1,817,938,939,-1,817,939,818,-1,818,939,629,-1,818,629,628,-1,631,629,940,-1,940,629,941,-1,940,941,942,-1,942,941,943,-1,942,943,944,-1,944,943,945,-1,944,945,946,-1,946,945,947,-1,946,947,948,-1,948,947,949,-1,948,949,950,-1,950,949,951,-1,950,951,952,-1,952,951,953,-1,952,953,954,-1,954,953,955,-1,954,955,956,-1,956,955,957,-1,956,957,958,-1,957,959,958,-1,958,959,681,-1,958,681,682,-1,958,682,960,-1,961,962,682,-1,963,964,965,-1,966,967,968,-1,969,970,971,-1,826,823,972,-1,822,821,973,-1,973,821,631,-1,974,827,824,-1,971,828,820,-1,828,971,819,-1,819,971,970,-1,819,970,829,-1,655,829,975,-1,975,829,970,-1,975,970,976,-1,976,970,969,-1,976,969,977,-1,977,969,978,-1,631,940,973,-1,973,940,942,-1,973,942,979,-1,967,978,968,-1,968,978,969,-1,968,969,980,-1,980,969,971,-1,980,971,974,-1,974,971,820,-1,974,820,827,-1,942,944,979,-1,979,944,946,-1,979,946,981,-1,964,966,965,-1,965,966,968,-1,965,968,982,-1,982,968,980,-1,982,980,983,-1,983,980,974,-1,983,974,984,-1,984,974,824,-1,984,824,825,-1,946,948,981,-1,981,948,950,-1,981,950,985,-1,984,986,983,-1,983,986,987,-1,983,987,982,-1,982,987,988,-1,982,988,965,-1,965,988,989,-1,965,989,963,-1,962,961,990,-1,823,822,972,-1,972,822,973,-1,972,973,991,-1,991,973,979,-1,991,979,992,-1,992,979,981,-1,992,981,993,-1,993,981,985,-1,993,985,994,-1,994,985,960,-1,994,960,682,-1,682,995,989,-1,989,995,996,-1,989,996,963,-1,986,997,987,-1,987,997,998,-1,987,998,988,-1,988,998,999,-1,988,999,989,-1,989,999,682,-1,997,990,998,-1,998,990,961,-1,998,961,999,-1,999,961,682,-1,950,952,985,-1,985,952,954,-1,985,954,960,-1,960,954,956,-1,960,956,958,-1,825,826,984,-1,984,826,972,-1,984,972,986,-1,986,972,991,-1,986,991,997,-1,997,991,992,-1,997,992,990,-1,990,992,993,-1,990,993,962,-1,962,993,994,-1,962,994,682,-1,669,670,1000,-1,1000,670,843,-1,1000,843,1001,-1,1001,843,845,-1,1001,845,1002,-1,1002,845,847,-1,1002,847,1003,-1,1003,847,848,-1,1003,848,1004,-1,1004,848,850,-1,1004,850,1005,-1,1005,850,851,-1,1005,851,1006,-1,1006,851,853,-1,1006,853,1007,-1,1007,853,854,-1,1007,854,1008,-1,1008,854,856,-1,1008,856,1009,-1,1009,856,857,-1,1009,857,1010,-1,1010,857,481,-1,481,857,859,-1,481,859,69,-1,664,663,842,-1,670,668,886,-1,886,668,1011,-1,886,1011,830,-1,830,1011,1012,-1,830,1012,831,-1,831,1012,1013,-1,831,1013,833,-1,833,1013,1014,-1,833,1014,834,-1,834,1014,1015,-1,834,1015,862,-1,862,1015,1016,-1,862,1016,863,-1,863,1016,1017,-1,863,1017,864,-1,864,1017,1018,-1,864,1018,865,-1,865,1018,1019,-1,865,1019,842,-1,842,1019,1020,-1,842,1020,664,-1,666,664,1021,-1,666,1021,1022,-1,1022,1021,1023,-1,1022,1023,1024,-1,1024,1023,1025,-1,1024,1025,1026,-1,1026,1025,1027,-1,1026,1027,1028,-1,1028,1027,1029,-1,1028,1029,1030,-1,1030,1029,677,-1,1030,677,676,-1,1031,681,1032,-1,955,953,1033,-1,951,949,1034,-1,1035,1036,1037,-1,931,615,1038,-1,933,932,1039,-1,1039,932,931,-1,939,938,1036,-1,1036,938,937,-1,1036,937,1037,-1,1037,937,936,-1,1037,936,935,-1,629,939,941,-1,941,939,1036,-1,941,1036,943,-1,943,1036,1035,-1,943,1035,945,-1,945,1035,947,-1,931,1038,1039,-1,1039,1038,1040,-1,1039,1040,1041,-1,949,947,1034,-1,1034,947,1035,-1,1034,1035,1042,-1,1042,1035,1037,-1,1042,1037,1043,-1,1043,1037,935,-1,1040,1044,1041,-1,1041,1044,1045,-1,1041,1045,1046,-1,953,951,1033,-1,1033,951,1034,-1,1033,1034,1047,-1,1047,1034,1042,-1,1047,1042,1048,-1,1048,1042,1043,-1,1045,1049,1046,-1,1046,1049,1050,-1,1046,1050,1051,-1,1048,1052,1047,-1,1047,1052,1053,-1,1047,1053,1033,-1,1033,1053,1054,-1,1033,1054,955,-1,934,933,1055,-1,1055,933,1039,-1,1055,1039,1056,-1,1056,1039,1041,-1,1056,1041,1057,-1,1057,1041,1046,-1,1057,1046,1058,-1,1058,1046,1051,-1,1058,1051,1059,-1,1059,1051,1032,-1,1059,1032,681,-1,681,959,1054,-1,1054,959,957,-1,1054,957,955,-1,1052,1060,1053,-1,1053,1060,1061,-1,1053,1061,1054,-1,1054,1061,681,-1,1060,1062,1061,-1,1061,1062,681,-1,1050,1063,1051,-1,1051,1063,1064,-1,1051,1064,1032,-1,1032,1064,1065,-1,1032,1065,1031,-1,935,934,1043,-1,1043,934,1055,-1,1043,1055,1048,-1,1048,1055,1056,-1,1048,1056,1052,-1,1052,1056,1057,-1,1052,1057,1060,-1,1060,1057,1058,-1,1060,1058,1062,-1,1062,1058,1059,-1,1062,1059,681,-1,655,975,656,-1,656,975,1066,-1,975,976,1066,-1,1066,976,977,-1,1066,977,1067,-1,977,978,1067,-1,1067,978,967,-1,1067,967,1068,-1,967,966,1068,-1,1068,966,964,-1,1068,964,1069,-1,964,963,1069,-1,1069,963,996,-1,1069,996,1070,-1,996,995,1070,-1,1070,995,682,-1,1070,682,680,-1,481,482,639,-1,639,638,481,-1,481,638,1071,-1,481,1071,1010,-1,1010,1071,1072,-1,1010,1072,1009,-1,1009,1072,1073,-1,1009,1073,1008,-1,1008,1073,1007,-1,1007,1073,1074,-1,1007,1074,1006,-1,1006,1074,1075,-1,1006,1075,1005,-1,1005,1075,1076,-1,1005,1076,1004,-1,1076,1077,1004,-1,1004,1077,1078,-1,1004,1078,1003,-1,1003,1078,1079,-1,586,585,593,-1,593,585,669,-1,593,669,1080,-1,1080,669,1000,-1,1080,1000,1081,-1,1081,1000,1001,-1,1081,1001,1079,-1,1079,1001,1002,-1,1079,1002,1003,-1,1082,1083,1084,-1,1085,1086,1087,-1,1088,1089,1090,-1,664,1091,1092,-1,1093,1091,664,-1,1090,1089,664,-1,1094,664,1089,-1,1095,1096,1097,-1,1097,1096,1098,-1,1097,1098,1099,-1,1099,1098,1100,-1,1100,1098,1101,-1,1100,1101,1102,-1,1102,1101,1103,-1,1103,1101,1104,-1,1103,1104,1105,-1,1105,1104,1106,-1,1106,1104,1107,-1,1106,1107,1108,-1,1108,1107,1109,-1,1109,1107,1110,-1,1109,1110,1111,-1,1111,1110,1011,-1,1111,1011,668,-1,1020,1093,664,-1,1112,1113,1088,-1,1088,1113,1114,-1,1088,1114,1089,-1,1089,1114,1115,-1,1089,1115,1094,-1,1116,1092,1117,-1,1117,1092,1091,-1,1117,1091,1118,-1,1118,1091,1093,-1,1118,1093,1119,-1,1086,1112,1087,-1,1087,1112,1088,-1,1087,1088,1120,-1,1120,1088,1090,-1,1120,1090,1121,-1,1121,1090,664,-1,1020,1019,1093,-1,1093,1019,1018,-1,1093,1018,1119,-1,1119,1018,1017,-1,1119,1017,1016,-1,1122,1116,1123,-1,1123,1116,1117,-1,1123,1117,1124,-1,1124,1117,1118,-1,1124,1118,1125,-1,1125,1118,1119,-1,1125,1119,1126,-1,1126,1119,1016,-1,1084,1122,1127,-1,1127,1122,1123,-1,1127,1123,1128,-1,1128,1123,1124,-1,1128,1124,1129,-1,1129,1124,1125,-1,1129,1125,1130,-1,1130,1125,1126,-1,1130,1126,1131,-1,1083,1085,1084,-1,1084,1085,1087,-1,1084,1087,1122,-1,1122,1087,1120,-1,1122,1120,1116,-1,1116,1120,1121,-1,1116,1121,1092,-1,1092,1121,664,-1,1095,677,1096,-1,1096,677,1132,-1,1096,1132,1082,-1,1016,1015,1126,-1,1126,1015,1014,-1,1126,1014,1131,-1,1131,1014,1013,-1,1131,1013,1012,-1,1082,1084,1096,-1,1096,1084,1127,-1,1096,1127,1098,-1,1098,1127,1128,-1,1098,1128,1101,-1,1101,1128,1129,-1,1101,1129,1104,-1,1104,1129,1130,-1,1104,1130,1107,-1,1107,1130,1131,-1,1107,1131,1110,-1,1110,1131,1012,-1,1110,1012,1011,-1,1133,1040,614,-1,614,1040,1038,-1,614,1038,615,-1,1134,1135,1050,-1,1050,1049,1134,-1,1134,1049,1045,-1,1134,1045,1133,-1,1133,1045,1044,-1,1133,1044,1040,-1,1031,1065,1136,-1,1136,1065,1064,-1,1136,1064,1135,-1,1135,1064,1063,-1,1135,1063,1050,-1,1136,1137,1031,-1,1031,1137,679,-1,1031,679,681,-1,1138,1139,1140,-1,1141,1142,1143,-1,1144,1145,1146,-1,648,650,1147,-1,1147,650,1148,-1,1149,1150,1148,-1,1148,1150,1151,-1,1148,1151,1147,-1,1152,1153,1149,-1,1149,1153,1154,-1,1149,1154,1150,-1,1155,1156,1152,-1,1152,1156,1157,-1,1152,1157,1153,-1,1158,1159,1160,-1,1160,1159,1161,-1,1160,1161,1155,-1,1155,1161,1162,-1,1155,1162,1156,-1,1163,1158,1164,-1,1164,1158,1160,-1,1164,1160,1165,-1,1165,1160,1166,-1,1145,1166,1146,-1,1146,1166,1160,-1,1146,1160,1167,-1,1167,1160,1155,-1,1167,1155,1168,-1,1168,1155,1152,-1,1168,1152,1169,-1,1169,1152,1149,-1,1169,1149,1170,-1,1170,1149,1148,-1,1170,1148,651,-1,651,1148,650,-1,1142,1144,1143,-1,1143,1144,1146,-1,1143,1146,1171,-1,1171,1146,1167,-1,1171,1167,1172,-1,1172,1167,1168,-1,1172,1168,1173,-1,1173,1168,1169,-1,1173,1169,1174,-1,1174,1169,1170,-1,1174,1170,636,-1,636,1170,651,-1,1175,1141,1176,-1,1176,1141,1143,-1,1176,1143,1177,-1,1177,1143,1171,-1,1177,1171,1178,-1,1178,1171,1172,-1,1178,1172,1179,-1,1179,1172,1173,-1,1179,1173,1180,-1,1180,1173,1174,-1,1180,1174,634,-1,634,1174,636,-1,1139,1175,1140,-1,1140,1175,1176,-1,1140,1176,1181,-1,1181,1176,1177,-1,1181,1177,1182,-1,1182,1177,1178,-1,1182,1178,1183,-1,1183,1178,1179,-1,1183,1179,1184,-1,1184,1179,1180,-1,1184,1180,633,-1,633,1180,634,-1,1185,1138,1186,-1,1186,1138,1140,-1,1186,1140,1187,-1,1187,1140,1181,-1,1187,1181,1188,-1,1188,1181,1182,-1,1188,1182,1189,-1,1189,1182,1183,-1,1189,1183,1190,-1,1190,1183,1184,-1,1190,1184,647,-1,647,1184,633,-1,1191,1185,1192,-1,1192,1185,1186,-1,1192,1186,1193,-1,1193,1186,1187,-1,1193,1187,1194,-1,1194,1187,1188,-1,1194,1188,1195,-1,1195,1188,1189,-1,1195,1189,1196,-1,1196,1189,1190,-1,1196,1190,646,-1,646,1190,647,-1,680,1191,1070,-1,1070,1191,1192,-1,1070,1192,1069,-1,1069,1192,1193,-1,1069,1193,1068,-1,1068,1193,1194,-1,1068,1194,1067,-1,1067,1194,1195,-1,1067,1195,1066,-1,1066,1195,1196,-1,1066,1196,656,-1,656,1196,646,-1,1071,638,645,-1,1197,1074,1073,-1,1071,645,1072,-1,1072,645,1198,-1,1072,1198,1073,-1,1073,1198,1199,-1,1073,1199,1197,-1,1074,1197,1075,-1,1075,1197,1200,-1,1075,1200,1076,-1,1076,1200,1201,-1,1076,1201,1077,-1,1077,1201,1202,-1,1077,1202,1078,-1,1078,1202,1203,-1,1078,1203,1079,-1,1079,1203,1204,-1,1079,1204,1081,-1,1081,1204,1205,-1,1081,1205,1080,-1,1080,1205,594,-1,1080,594,593,-1,678,677,1206,-1,1206,677,1095,-1,1206,1095,1207,-1,1207,1095,1097,-1,1207,1097,1208,-1,1208,1097,1099,-1,1208,1099,1209,-1,1099,1100,1209,-1,1209,1100,1102,-1,1209,1102,1210,-1,1102,1103,1210,-1,1210,1103,1105,-1,1210,1105,1211,-1,1211,1105,1106,-1,1211,1106,1212,-1,1212,1106,1213,-1,668,667,1111,-1,1111,667,1214,-1,1111,1214,1109,-1,1109,1214,1213,-1,1109,1213,1108,-1,1108,1213,1106,-1,1134,1133,1215,-1,1136,1135,1216,-1,1217,1218,1219,-1,1219,1218,679,-1,1219,679,1137,-1,1220,1221,1222,-1,1222,1221,1223,-1,1222,1223,1217,-1,1217,1223,1224,-1,1217,1224,1218,-1,1225,1226,1220,-1,1220,1226,1227,-1,1220,1227,1221,-1,1228,1229,1225,-1,1225,1229,1230,-1,1225,1230,1226,-1,1134,1215,1231,-1,1231,1215,1232,-1,1231,1232,1233,-1,1233,1232,1234,-1,1233,1234,1235,-1,1235,1234,1236,-1,1235,1236,1237,-1,1237,1236,1238,-1,1237,1238,1239,-1,1239,1238,1240,-1,1239,1240,1241,-1,1241,1240,1242,-1,1241,1242,1243,-1,1136,1216,1244,-1,1244,1216,1245,-1,1244,1245,1246,-1,1246,1245,1247,-1,1246,1247,1248,-1,1248,1247,1249,-1,1248,1249,1250,-1,1250,1249,1251,-1,1250,1251,1252,-1,1252,1251,1253,-1,1252,1253,1254,-1,1254,1253,1255,-1,1254,1255,1256,-1,1257,1258,1259,-1,1259,1258,1260,-1,1259,1260,1228,-1,1228,1260,1261,-1,1228,1261,1229,-1,623,619,1262,-1,1262,1242,623,-1,623,1242,1240,-1,623,1240,607,-1,607,1240,1238,-1,607,1238,605,-1,605,1238,1236,-1,605,1236,622,-1,622,1236,1234,-1,622,1234,611,-1,611,1234,1232,-1,611,1232,612,-1,612,1232,1215,-1,612,1215,613,-1,613,1215,1133,-1,613,1133,614,-1,1262,1263,1242,-1,1242,1263,1264,-1,1242,1264,1243,-1,1243,1264,1265,-1,1243,1265,1266,-1,1266,1255,1243,-1,1243,1255,1253,-1,1243,1253,1241,-1,1241,1253,1251,-1,1241,1251,1239,-1,1239,1251,1249,-1,1239,1249,1237,-1,1237,1249,1247,-1,1237,1247,1235,-1,1235,1247,1245,-1,1235,1245,1233,-1,1233,1245,1216,-1,1233,1216,1231,-1,1231,1216,1135,-1,1231,1135,1134,-1,1266,1267,1255,-1,1255,1267,1268,-1,1255,1268,1256,-1,1256,1268,1269,-1,1256,1269,1270,-1,1270,1259,1256,-1,1256,1259,1228,-1,1256,1228,1254,-1,1254,1228,1225,-1,1254,1225,1252,-1,1252,1225,1220,-1,1252,1220,1250,-1,1250,1220,1222,-1,1250,1222,1248,-1,1248,1222,1217,-1,1248,1217,1246,-1,1246,1217,1219,-1,1246,1219,1244,-1,1244,1219,1137,-1,1244,1137,1136,-1,1271,1257,1272,-1,1272,1257,1259,-1,1272,1259,1273,-1,1273,1259,1270,-1,1191,680,679,-1,679,1218,1191,-1,1191,1218,1224,-1,1191,1224,1185,-1,1185,1224,1223,-1,1185,1223,1138,-1,1138,1223,1221,-1,1138,1221,1139,-1,1139,1221,1227,-1,1139,1227,1175,-1,1175,1227,1226,-1,1175,1226,1141,-1,1141,1226,1230,-1,1141,1230,1142,-1,1142,1230,1229,-1,1142,1229,1144,-1,1144,1229,1261,-1,1144,1261,1145,-1,1145,1261,1260,-1,1145,1260,1166,-1,1166,1260,1165,-1,1165,1260,1258,-1,1165,1258,1164,-1,1258,1257,1164,-1,1164,1257,1271,-1,1164,1271,1163,-1,1274,1275,602,-1,1276,1277,602,-1,1276,602,1278,-1,1279,1280,1275,-1,1275,1280,602,-1,1277,1274,602,-1,1281,1282,1283,-1,1158,1284,1159,-1,1159,1284,1285,-1,1157,1156,1286,-1,1286,1156,1162,-1,1286,1162,1285,-1,1285,1162,1161,-1,1285,1161,1159,-1,1157,1286,1153,-1,1153,1286,1287,-1,1153,1287,1154,-1,1154,1287,1288,-1,1154,1288,1150,-1,1150,1288,1151,-1,1151,1288,1289,-1,1151,1289,1147,-1,1147,1289,1290,-1,1147,1290,648,-1,1291,1292,1293,-1,1293,1292,1294,-1,1158,1163,1284,-1,1284,1163,1295,-1,1284,1295,1296,-1,1296,1297,1284,-1,1284,1297,1298,-1,1284,1298,1285,-1,1285,1298,1299,-1,1285,1299,1286,-1,1286,1299,1300,-1,1286,1300,1287,-1,1287,1300,1301,-1,1287,1301,1288,-1,1288,1301,1293,-1,1288,1293,1289,-1,1289,1293,1294,-1,1289,1294,1290,-1,1302,1303,1304,-1,1304,1303,1291,-1,1291,1293,1304,-1,1304,1293,1301,-1,1304,1301,1305,-1,1305,1301,1300,-1,1305,1300,1306,-1,1306,1300,1299,-1,1306,1299,1307,-1,1307,1299,1298,-1,1307,1298,1308,-1,1308,1298,1297,-1,1308,1297,1309,-1,1310,1311,1312,-1,1312,1311,1302,-1,1296,1313,1297,-1,1297,1313,1314,-1,1297,1314,1309,-1,1309,1314,1315,-1,1309,1315,1316,-1,1302,1304,1312,-1,1312,1304,1305,-1,1312,1305,1317,-1,1317,1305,1306,-1,1317,1306,1318,-1,1318,1306,1307,-1,1318,1307,1319,-1,1319,1307,1308,-1,1319,1308,1320,-1,1320,1308,1309,-1,1320,1309,1321,-1,1321,1309,1316,-1,1321,1316,1322,-1,1323,1324,1325,-1,1325,1324,1310,-1,1310,1312,1325,-1,1325,1312,1317,-1,1325,1317,1326,-1,1326,1317,1318,-1,1326,1318,1327,-1,1327,1318,1319,-1,1327,1319,1328,-1,1328,1319,1320,-1,1328,1320,1329,-1,1329,1320,1321,-1,1329,1321,1283,-1,1283,1321,1322,-1,1283,1322,1281,-1,602,1330,1331,-1,1331,1330,1323,-1,1278,602,1331,-1,1323,1325,1331,-1,1331,1325,1326,-1,1331,1326,1278,-1,1278,1326,1327,-1,1278,1327,1276,-1,1276,1327,1328,-1,1276,1328,1277,-1,1277,1328,1329,-1,1277,1329,1274,-1,1274,1329,1283,-1,1274,1283,1275,-1,1275,1283,1282,-1,1275,1282,1279,-1,1332,684,1333,-1,1334,1335,1336,-1,1337,1338,1339,-1,1340,1341,1342,-1,1198,645,1343,-1,1197,1199,1344,-1,1344,1199,1198,-1,1205,1204,1341,-1,1341,1204,1203,-1,1341,1203,1342,-1,1342,1203,1202,-1,1342,1202,1201,-1,594,1205,1345,-1,1345,1205,1341,-1,1345,1341,1346,-1,1346,1341,1340,-1,1346,1340,1347,-1,1347,1340,1348,-1,1198,1343,1344,-1,1344,1343,1349,-1,1344,1349,1350,-1,1338,1348,1339,-1,1339,1348,1340,-1,1339,1340,1351,-1,1351,1340,1342,-1,1351,1342,1352,-1,1352,1342,1201,-1,1349,1353,1350,-1,1350,1353,1354,-1,1350,1354,1355,-1,1335,1337,1336,-1,1336,1337,1339,-1,1336,1339,1356,-1,1356,1339,1351,-1,1356,1351,1357,-1,1357,1351,1352,-1,1354,1358,1355,-1,1355,1358,1359,-1,1355,1359,1360,-1,1357,1361,1356,-1,1356,1361,1362,-1,1356,1362,1336,-1,1336,1362,1363,-1,1336,1363,1334,-1,1200,1197,1364,-1,1364,1197,1344,-1,1364,1344,1365,-1,1365,1344,1350,-1,1365,1350,1366,-1,1366,1350,1355,-1,1366,1355,1367,-1,1367,1355,1360,-1,1367,1360,1368,-1,1368,1360,1333,-1,1368,1333,684,-1,684,1369,1363,-1,1363,1369,1370,-1,1363,1370,1334,-1,1361,1371,1362,-1,1362,1371,1372,-1,1362,1372,1363,-1,1363,1372,684,-1,1371,1373,1372,-1,1372,1373,684,-1,1359,1374,1360,-1,1360,1374,1375,-1,1360,1375,1333,-1,1333,1375,1376,-1,1333,1376,1332,-1,1201,1200,1352,-1,1352,1200,1364,-1,1352,1364,1357,-1,1357,1364,1365,-1,1357,1365,1361,-1,1361,1365,1366,-1,1361,1366,1371,-1,1371,1366,1367,-1,1371,1367,1373,-1,1373,1367,1368,-1,1373,1368,684,-1,1377,1214,667,-1,661,596,667,-1,667,596,595,-1,667,595,1377,-1,1214,1377,1213,-1,1213,1377,1378,-1,1213,1378,1212,-1,1212,1378,1379,-1,1212,1379,1211,-1,1211,1379,1380,-1,1211,1380,1210,-1,1210,1380,1381,-1,1210,1381,1209,-1,1209,1381,1382,-1,1209,1382,1208,-1,1208,1382,1383,-1,1208,1383,1207,-1,1207,1383,1384,-1,1207,1384,1206,-1,624,610,660,-1,1384,1385,1206,-1,1206,1385,624,-1,1206,624,678,-1,678,624,660,-1,1163,1271,1295,-1,1295,1271,1386,-1,1295,1386,1296,-1,1296,1386,1387,-1,1296,1387,1313,-1,1313,1387,1388,-1,1313,1388,1314,-1,1314,1388,1389,-1,1314,1389,1315,-1,1315,1389,1390,-1,1315,1390,1316,-1,1316,1390,1391,-1,1316,1391,1322,-1,1322,1391,1392,-1,1322,1392,1281,-1,1281,1392,1393,-1,1281,1393,1282,-1,1282,1393,1394,-1,1282,1394,1279,-1,1279,1394,1395,-1,1279,1395,1280,-1,1280,1395,1396,-1,1280,1396,602,-1,602,1396,601,-1,602,600,1330,-1,1330,600,1397,-1,1330,1397,1323,-1,1323,1397,1398,-1,1323,1398,1324,-1,1324,1398,1399,-1,1324,1399,1310,-1,1310,1399,1400,-1,1310,1400,1311,-1,1311,1400,1401,-1,1311,1401,1302,-1,1302,1401,1402,-1,1302,1402,1303,-1,1303,1402,1403,-1,1303,1403,1291,-1,1291,1403,1404,-1,1291,1404,1292,-1,1292,1404,1405,-1,1292,1405,1294,-1,1294,1405,1406,-1,1294,1406,1290,-1,1290,1406,1407,-1,1290,1407,648,-1,648,1407,649,-1,1408,1349,644,-1,644,1349,1343,-1,644,1343,645,-1,1409,1410,1359,-1,1359,1358,1409,-1,1409,1358,1354,-1,1409,1354,1408,-1,1408,1354,1353,-1,1408,1353,1349,-1,1332,1376,1411,-1,1411,1376,1375,-1,1411,1375,1410,-1,1410,1375,1374,-1,1410,1374,1359,-1,1411,1412,1332,-1,1332,1412,686,-1,1332,686,684,-1,597,594,1413,-1,1413,594,1345,-1,1413,1345,1414,-1,1414,1345,1346,-1,1414,1346,1415,-1,1415,1346,1347,-1,1415,1347,1416,-1,1416,1347,1348,-1,1416,1348,1417,-1,1417,1348,1338,-1,1417,1338,1418,-1,1418,1338,1337,-1,1418,1337,1419,-1,1419,1337,1335,-1,1419,1335,1420,-1,1420,1335,1334,-1,1420,1334,1421,-1,1421,1334,1370,-1,1421,1370,1422,-1,1370,1369,1422,-1,1422,1369,684,-1,1422,684,683,-1,1380,1379,1423,-1,1423,1379,1378,-1,1423,1378,597,-1,597,1378,1377,-1,597,1377,595,-1,1423,1424,1380,-1,1380,1424,1425,-1,1380,1425,1381,-1,1381,1425,1426,-1,1426,1427,1381,-1,1381,1427,1428,-1,1381,1428,1382,-1,1382,1428,1429,-1,1382,1429,1383,-1,1383,1429,1430,-1,1383,1430,1384,-1,1384,1430,1431,-1,1384,1431,1385,-1,1385,1431,625,-1,1385,625,624,-1,1432,1433,601,-1,1433,1432,1434,-1,1435,1436,1437,-1,1438,1439,1440,-1,1441,1442,1443,-1,1444,1445,1446,-1,1447,1448,1449,-1,1273,1270,1450,-1,1269,1268,1451,-1,1452,1449,619,-1,619,1449,1262,-1,1266,1265,1448,-1,1448,1265,1264,-1,1448,1264,1449,-1,1449,1264,1263,-1,1449,1263,1262,-1,1271,1272,1386,-1,1386,1272,1453,-1,1386,1453,1387,-1,1387,1453,1454,-1,1387,1454,1388,-1,1452,1444,1449,-1,1449,1444,1446,-1,1449,1446,1447,-1,1447,1446,1455,-1,1388,1454,1389,-1,1389,1454,1456,-1,1389,1456,1390,-1,1445,1441,1446,-1,1446,1441,1443,-1,1446,1443,1455,-1,1455,1443,1457,-1,1442,1438,1443,-1,1443,1438,1440,-1,1443,1440,1457,-1,1457,1440,1458,-1,1459,1393,1460,-1,1460,1393,1392,-1,1460,1392,1456,-1,1456,1392,1391,-1,1456,1391,1390,-1,1439,1435,1440,-1,1440,1435,1437,-1,1440,1437,1458,-1,1458,1437,1461,-1,601,1396,1462,-1,1462,1396,1395,-1,1462,1395,1459,-1,1459,1395,1394,-1,1459,1394,1393,-1,1272,1273,1453,-1,1453,1273,1450,-1,1453,1450,1454,-1,1454,1450,1463,-1,1454,1463,1456,-1,1456,1463,1464,-1,1456,1464,1460,-1,1460,1464,1465,-1,1460,1465,1459,-1,1459,1465,1466,-1,1459,1466,1462,-1,1462,1466,1467,-1,1462,1467,601,-1,1268,1267,1451,-1,1451,1267,1468,-1,1451,1468,1469,-1,1469,1468,1470,-1,1469,1470,1471,-1,1471,1470,1472,-1,1471,1472,1473,-1,1473,1472,1474,-1,1473,1474,1475,-1,1475,1474,1476,-1,1475,1476,1477,-1,1477,1476,1478,-1,1477,1478,601,-1,1267,1266,1468,-1,1468,1266,1448,-1,1468,1448,1470,-1,1470,1448,1447,-1,1470,1447,1472,-1,1472,1447,1455,-1,1472,1455,1474,-1,1474,1455,1457,-1,1474,1457,1476,-1,1476,1457,1458,-1,1476,1458,1478,-1,1478,1458,1461,-1,1478,1461,601,-1,1270,1269,1450,-1,1450,1269,1451,-1,1450,1451,1463,-1,1463,1451,1469,-1,1463,1469,1464,-1,1464,1469,1471,-1,1464,1471,1465,-1,1465,1471,1473,-1,1465,1473,1466,-1,1466,1473,1475,-1,1466,1475,1467,-1,1467,1475,1477,-1,1467,1477,601,-1,1436,1434,1437,-1,1437,1434,1432,-1,1437,1432,1461,-1,1461,1432,601,-1,1479,1397,600,-1,1397,1479,1398,-1,1480,1481,1482,-1,1400,1399,1483,-1,1484,1485,1486,-1,1402,1401,1487,-1,1488,1489,1490,-1,1404,1403,1491,-1,1406,1405,1492,-1,1493,1494,1495,-1,1407,1496,649,-1,649,1496,1497,-1,1498,1499,1500,-1,1501,1502,1494,-1,1494,1502,1503,-1,1494,1503,1495,-1,1495,1503,1504,-1,1505,1501,1506,-1,1506,1501,1494,-1,1506,1494,1507,-1,1507,1494,1493,-1,1507,1493,1508,-1,1508,1493,1509,-1,1489,1509,1490,-1,1490,1509,1493,-1,1490,1493,1510,-1,1510,1493,1495,-1,1510,1495,1498,-1,1498,1495,1504,-1,1498,1504,1499,-1,1485,1488,1486,-1,1486,1488,1490,-1,1486,1490,1511,-1,1511,1490,1510,-1,1511,1510,1512,-1,1512,1510,1498,-1,1512,1498,1513,-1,1513,1498,1500,-1,1513,1500,1514,-1,1481,1484,1482,-1,1482,1484,1486,-1,1482,1486,1515,-1,1515,1486,1511,-1,1515,1511,1516,-1,1516,1511,1512,-1,1516,1512,1517,-1,1517,1512,1513,-1,1517,1513,1496,-1,1496,1513,1514,-1,1496,1514,1497,-1,1407,1406,1496,-1,1496,1406,1492,-1,1496,1492,1517,-1,1517,1492,1518,-1,1517,1518,1516,-1,1516,1518,1519,-1,1516,1519,1515,-1,1515,1519,1520,-1,1515,1520,1482,-1,1482,1520,1521,-1,1482,1521,1480,-1,600,1522,1523,-1,1523,1522,1524,-1,1523,1524,1483,-1,1483,1524,1487,-1,1483,1487,1400,-1,1400,1487,1401,-1,1399,1398,1483,-1,1483,1398,1479,-1,1483,1479,1523,-1,1523,1479,600,-1,600,1525,1521,-1,1521,1525,1526,-1,1521,1526,1480,-1,1405,1404,1492,-1,1492,1404,1491,-1,1492,1491,1518,-1,1518,1491,1527,-1,1518,1527,1519,-1,1519,1527,1528,-1,1519,1528,1520,-1,1520,1528,1529,-1,1520,1529,1521,-1,1521,1529,600,-1,1403,1402,1491,-1,1491,1402,1487,-1,1491,1487,1527,-1,1527,1487,1524,-1,1527,1524,1528,-1,1528,1524,1522,-1,1528,1522,1529,-1,1529,1522,600,-1,1408,644,643,-1,1409,1408,1530,-1,1410,1409,1531,-1,1412,1411,1532,-1,1533,1534,1535,-1,1535,1534,686,-1,1535,686,1412,-1,1536,1537,1538,-1,1538,1537,1539,-1,1538,1539,1533,-1,1533,1539,1540,-1,1533,1540,1534,-1,1541,1542,1536,-1,1536,1542,1543,-1,1536,1543,1537,-1,1544,1545,1541,-1,1541,1545,1546,-1,1541,1546,1542,-1,1408,643,1530,-1,1530,643,642,-1,1530,642,1547,-1,1547,642,641,-1,1547,641,1548,-1,1548,641,652,-1,1548,652,1549,-1,1549,652,635,-1,1549,635,1550,-1,1550,635,637,-1,1550,637,1551,-1,1551,637,653,-1,1551,653,1552,-1,1409,1530,1531,-1,1531,1530,1547,-1,1531,1547,1553,-1,1553,1547,1548,-1,1553,1548,1554,-1,1554,1548,1549,-1,1554,1549,1555,-1,1555,1549,1550,-1,1555,1550,1556,-1,1556,1550,1551,-1,1556,1551,1557,-1,1557,1551,1552,-1,1557,1552,1558,-1,1412,1532,1535,-1,1535,1532,1559,-1,1535,1559,1533,-1,1533,1559,1560,-1,1533,1560,1538,-1,1538,1560,1561,-1,1538,1561,1536,-1,1536,1561,1562,-1,1536,1562,1541,-1,1541,1562,1563,-1,1541,1563,1544,-1,1544,1563,1564,-1,1544,1564,1565,-1,1566,1567,1565,-1,1565,1567,1568,-1,1565,1568,1544,-1,1544,1568,1569,-1,1544,1569,1545,-1,653,649,1497,-1,653,1497,1552,-1,1552,1497,1514,-1,1552,1514,1558,-1,1558,1514,1500,-1,1558,1500,1499,-1,1410,1531,1570,-1,1570,1531,1553,-1,1570,1553,1571,-1,1571,1553,1554,-1,1571,1554,1572,-1,1572,1554,1555,-1,1572,1555,1573,-1,1573,1555,1556,-1,1573,1556,1574,-1,1574,1556,1557,-1,1574,1557,1575,-1,1575,1557,1558,-1,1575,1558,1576,-1,1576,1558,1499,-1,1576,1499,1504,-1,1504,1564,1576,-1,1576,1564,1563,-1,1576,1563,1575,-1,1575,1563,1562,-1,1575,1562,1574,-1,1574,1562,1561,-1,1574,1561,1573,-1,1573,1561,1560,-1,1573,1560,1572,-1,1572,1560,1559,-1,1572,1559,1571,-1,1571,1559,1532,-1,1571,1532,1570,-1,1570,1532,1411,-1,1570,1411,1410,-1,1505,1566,1501,-1,1501,1566,1565,-1,1501,1565,1502,-1,1502,1565,1564,-1,1502,1564,1503,-1,1503,1564,1504,-1,1422,683,1577,-1,1578,1579,1580,-1,1581,1582,1583,-1,1584,1585,1586,-1,1423,597,1413,-1,1425,1424,1587,-1,1587,1424,1423,-1,1431,1430,1585,-1,1585,1430,1429,-1,1585,1429,1586,-1,1586,1429,1428,-1,1586,1428,1427,-1,625,1431,1588,-1,1588,1431,1585,-1,1588,1585,1589,-1,1589,1585,1584,-1,1589,1584,1590,-1,1590,1584,1591,-1,1423,1413,1587,-1,1587,1413,1414,-1,1587,1414,1592,-1,1582,1591,1583,-1,1583,1591,1584,-1,1583,1584,1593,-1,1593,1584,1586,-1,1593,1586,1594,-1,1594,1586,1427,-1,1414,1415,1592,-1,1592,1415,1416,-1,1592,1416,1595,-1,1579,1581,1580,-1,1580,1581,1583,-1,1580,1583,1596,-1,1596,1583,1593,-1,1596,1593,1597,-1,1597,1593,1594,-1,1416,1417,1595,-1,1595,1417,1418,-1,1595,1418,1598,-1,1597,1599,1596,-1,1596,1599,1600,-1,1596,1600,1580,-1,1580,1600,1601,-1,1580,1601,1578,-1,1426,1425,1602,-1,1602,1425,1587,-1,1602,1587,1603,-1,1603,1587,1592,-1,1603,1592,1604,-1,1604,1592,1595,-1,1604,1595,1605,-1,1605,1595,1598,-1,1605,1598,1606,-1,1606,1598,1577,-1,1606,1577,683,-1,683,1607,1601,-1,1601,1607,1608,-1,1601,1608,1578,-1,1599,1609,1600,-1,1600,1609,1610,-1,1600,1610,1601,-1,1601,1610,683,-1,1609,1611,1610,-1,1610,1611,683,-1,1418,1419,1598,-1,1598,1419,1420,-1,1598,1420,1577,-1,1577,1420,1421,-1,1577,1421,1422,-1,1427,1426,1594,-1,1594,1426,1602,-1,1594,1602,1597,-1,1597,1602,1603,-1,1597,1603,1599,-1,1599,1603,1604,-1,1599,1604,1609,-1,1609,1604,1605,-1,1609,1605,1611,-1,1611,1605,1606,-1,1611,1606,683,-1,599,601,1612,-1,1612,601,1433,-1,1612,1433,1613,-1,1613,1433,1434,-1,1613,1434,1614,-1,1614,1434,1436,-1,1614,1436,1615,-1,1615,1436,1435,-1,1615,1435,1616,-1,1616,1435,1439,-1,1616,1439,1617,-1,1617,1439,1438,-1,1617,1438,1618,-1,1618,1438,1442,-1,1618,1442,1619,-1,1619,1442,1441,-1,1619,1441,1620,-1,1620,1441,1445,-1,1620,1445,1621,-1,1621,1445,1444,-1,1621,1444,1622,-1,1622,1444,1452,-1,1622,1452,618,-1,618,1452,619,-1,1623,1505,1624,-1,1624,1505,1506,-1,1624,1506,1625,-1,1625,1506,1507,-1,1625,1507,1626,-1,1626,1507,1508,-1,1626,1508,1627,-1,1627,1508,1509,-1,1627,1509,1628,-1,1628,1509,1489,-1,1628,1489,1629,-1,1629,1489,1488,-1,1629,1488,1630,-1,1630,1488,1485,-1,1630,1485,1631,-1,1631,1485,1484,-1,1631,1484,1632,-1,1632,1484,1481,-1,1632,1481,1633,-1,1633,1481,1480,-1,1633,1480,1634,-1,1634,1480,1526,-1,1634,1526,1635,-1,1526,1525,1635,-1,1635,1525,600,-1,1635,600,599,-1,1636,685,686,-1,686,1534,1636,-1,1636,1534,1540,-1,1636,1540,1637,-1,1637,1540,1539,-1,1637,1539,1638,-1,1638,1539,1537,-1,1638,1537,1639,-1,1639,1537,1543,-1,1639,1543,1640,-1,1640,1543,1542,-1,1640,1542,1641,-1,1641,1542,1546,-1,1641,1546,1642,-1,1642,1546,1545,-1,1642,1545,1643,-1,1643,1545,1569,-1,1643,1569,1644,-1,1644,1569,1568,-1,1644,1568,1645,-1,1645,1568,1646,-1,1646,1568,1567,-1,1646,1567,1647,-1,1567,1566,1647,-1,1647,1566,1505,-1,1647,1505,1623,-1,625,1588,626,-1,626,1588,1648,-1,1588,1589,1648,-1,1648,1589,1590,-1,1648,1590,1649,-1,1590,1591,1649,-1,1649,1591,1582,-1,1649,1582,1650,-1,1582,1581,1650,-1,1650,1581,1579,-1,1650,1579,1651,-1,1579,1578,1651,-1,1651,1578,1608,-1,1651,1608,1652,-1,1608,1607,1652,-1,1652,1607,683,-1,1652,683,685,-1,1635,599,1653,-1,1654,1655,1656,-1,1657,1658,1659,-1,1660,1661,1662,-1,1663,1664,1665,-1,1665,1664,1623,-1,1657,1659,1666,-1,618,1667,1622,-1,1622,1667,1668,-1,1622,1668,1621,-1,1621,1668,1669,-1,1623,1624,1665,-1,1665,1624,1625,-1,1665,1625,1670,-1,1671,1619,1669,-1,1669,1619,1620,-1,1669,1620,1621,-1,1625,1626,1670,-1,1670,1626,1627,-1,1670,1627,1672,-1,1673,1617,1671,-1,1671,1617,1618,-1,1671,1618,1619,-1,1627,1628,1672,-1,1672,1628,1629,-1,1672,1629,1674,-1,1675,1615,1673,-1,1673,1615,1616,-1,1673,1616,1617,-1,1629,1630,1674,-1,1674,1630,1631,-1,1674,1631,1676,-1,599,1612,1677,-1,1677,1612,1613,-1,1677,1613,1675,-1,1675,1613,1614,-1,1675,1614,1615,-1,1655,1678,1656,-1,1656,1678,1679,-1,1656,1679,1680,-1,1680,1679,1681,-1,1680,1681,1682,-1,1682,1681,1683,-1,1682,1683,1684,-1,1684,1683,1685,-1,1684,1685,1686,-1,1686,1685,1687,-1,1686,1687,1688,-1,1688,1687,1689,-1,1688,1689,599,-1,1678,1666,1679,-1,1679,1666,1659,-1,1679,1659,1681,-1,1681,1659,1690,-1,1681,1690,1683,-1,1683,1690,1691,-1,1683,1691,1685,-1,1685,1691,1692,-1,1685,1692,1687,-1,1687,1692,1693,-1,1687,1693,1689,-1,1689,1693,1694,-1,1689,1694,599,-1,1667,1654,1668,-1,1668,1654,1656,-1,1668,1656,1669,-1,1669,1656,1680,-1,1669,1680,1671,-1,1671,1680,1682,-1,1671,1682,1673,-1,1673,1682,1684,-1,1673,1684,1675,-1,1675,1684,1686,-1,1675,1686,1677,-1,1677,1686,1688,-1,1677,1688,599,-1,1661,1663,1662,-1,1662,1663,1665,-1,1662,1665,1695,-1,1695,1665,1670,-1,1695,1670,1696,-1,1696,1670,1672,-1,1696,1672,1697,-1,1697,1672,1674,-1,1697,1674,1698,-1,1698,1674,1676,-1,1698,1676,1699,-1,1699,1676,1653,-1,1699,1653,599,-1,1631,1632,1676,-1,1676,1632,1633,-1,1676,1633,1653,-1,1653,1633,1634,-1,1653,1634,1635,-1,1658,1660,1659,-1,1659,1660,1662,-1,1659,1662,1690,-1,1690,1662,1695,-1,1690,1695,1691,-1,1691,1695,1696,-1,1691,1696,1692,-1,1692,1696,1697,-1,1692,1697,1693,-1,1693,1697,1698,-1,1693,1698,1694,-1,1694,1698,1699,-1,1694,1699,599,-1,1638,1639,1700,-1,1641,1642,1701,-1,1643,1644,1702,-1,618,620,1667,-1,1667,620,1703,-1,1704,1655,1703,-1,1703,1655,1654,-1,1703,1654,1667,-1,1705,1666,1704,-1,1704,1666,1678,-1,1704,1678,1655,-1,1706,1658,1705,-1,1705,1658,1657,-1,1705,1657,1666,-1,1664,1663,1707,-1,1707,1663,1661,-1,1707,1661,1706,-1,1706,1661,1660,-1,1706,1660,1658,-1,1623,1664,1647,-1,1647,1664,1707,-1,1647,1707,1646,-1,1646,1707,1645,-1,1644,1645,1702,-1,1702,1645,1707,-1,1702,1707,1708,-1,1708,1707,1706,-1,1708,1706,1709,-1,1709,1706,1705,-1,1709,1705,1710,-1,1710,1705,1704,-1,1710,1704,1711,-1,1711,1704,1703,-1,1711,1703,621,-1,621,1703,620,-1,1642,1643,1701,-1,1701,1643,1702,-1,1701,1702,1712,-1,1712,1702,1708,-1,1712,1708,1713,-1,1713,1708,1709,-1,1713,1709,1714,-1,1714,1709,1710,-1,1714,1710,1715,-1,1715,1710,1711,-1,1715,1711,606,-1,606,1711,621,-1,1640,1641,1716,-1,1716,1641,1701,-1,1716,1701,1717,-1,1717,1701,1712,-1,1717,1712,1718,-1,1718,1712,1713,-1,1718,1713,1719,-1,1719,1713,1714,-1,1719,1714,1720,-1,1720,1714,1715,-1,1720,1715,604,-1,604,1715,606,-1,1639,1640,1700,-1,1700,1640,1716,-1,1700,1716,1721,-1,1721,1716,1717,-1,1721,1717,1722,-1,1722,1717,1718,-1,1722,1718,1723,-1,1723,1718,1719,-1,1723,1719,1724,-1,1724,1719,1720,-1,1724,1720,603,-1,603,1720,604,-1,1637,1638,1725,-1,1725,1638,1700,-1,1725,1700,1726,-1,1726,1700,1721,-1,1726,1721,1727,-1,1727,1721,1722,-1,1727,1722,1728,-1,1728,1722,1723,-1,1728,1723,1729,-1,1729,1723,1724,-1,1729,1724,617,-1,617,1724,603,-1,1636,1637,1730,-1,1730,1637,1725,-1,1730,1725,1731,-1,1731,1725,1726,-1,1731,1726,1732,-1,1732,1726,1727,-1,1732,1727,1733,-1,1733,1727,1728,-1,1733,1728,1734,-1,1734,1728,1729,-1,1734,1729,616,-1,616,1729,617,-1,685,1636,1652,-1,1652,1636,1730,-1,1652,1730,1651,-1,1651,1730,1731,-1,1651,1731,1650,-1,1650,1731,1732,-1,1650,1732,1649,-1,1649,1732,1733,-1,1649,1733,1648,-1,1648,1733,1734,-1,1648,1734,626,-1,626,1734,616,-1,
        ]
    }
}
Shape{
    appearance Appearance {
        material  Material 	{
            diffuseColor 0.7803921568627451 0.7803921568627451 0.7803921568627451
            specularColor 0.38823529411764707 0.38823529411764707 0.38823529411764707
            ambientIntensity 0.2
            transparency 0
            shininess 0.5
        }
    }
    geometry IndexedFaceSet {
        ccw TRUE
        solid FALSE
        coord DEF co Coordinate {
            point [
                1.063 -0.6102 0.0394, 1.063 0.6102 0.0394, 1.063 -0.6102 -0.0394, 1.063 0.6102 -0.0394, 1.3583 0.6102 0.3937, 1.4567 0.6102 0.3937, 1.3583 -0.6102 0.3937, 1.4567 -0.6102 0.3937, 1.3583 0.6102 0.4724, 1.4567 0.6102 0.4724, 1.3583 -0.6102 0.4724, 1.4567 -0.6102 0.4724, 1.4669 -0.6102 0.3924, 1.4669 0.6102 0.3924, 1.4764 -0.6102 0.3884, 1.4764 0.6102 0.3884, 1.4845 -0.6102 0.3822, 1.4845 0.6102 0.3822, 1.4908 -0.6102 0.374, 1.4908 0.6102 0.374, 1.4947 -0.6102 0.3645, 1.4947 0.6102 0.3645, 1.4961 -0.6102 0.3543, 1.4961 0.6102 0.3543, 1.4873 0.6102 0.4684, 1.5157 0.6102 0.4566, 1.5402 0.6102 0.4378, 1.559 0.6102 0.4134, 1.5708 0.6102 0.3849, 1.5748 0.6102 0.3543, 1.5748 -0.6102 0.3543, 1.5708 -0.6102 0.3849, 1.559 -0.6102 0.4134, 1.5402 -0.6102 0.4378, 1.5157 -0.6102 0.4566, 1.4873 -0.6102 0.4684, 1.4961 -0.6102 0.0787, 1.4961 0.6102 0.0787, 1.5748 0.6102 0.0787, 1.5748 -0.6102 0.0787, 1.4951 -0.6102 0.07, 1.4951 0.6102 0.07, 1.4922 -0.6102 0.0617, 1.4922 0.6102 0.0617, 1.4875 -0.6102 0.0542, 1.4875 0.6102 0.0542, 1.4812 -0.6102 0.048, 1.4812 0.6102 0.048, 1.4738 -0.6102 0.0433, 1.4738 0.6102 0.0433, 1.4655 -0.6102 0.0404, 1.4655 0.6102 0.0404, 1.4567 -0.6102 0.0394, 1.4567 0.6102 0.0394, 1.4567 0.6102 -0.0394, 1.4873 0.6102 -0.0353, 1.5157 0.6102 -0.0235, 1.5402 0.6102 -0.0048, 1.5708 0.6102 0.0482, 1.559 0.6102 0.0197, 1.4567 -0.6102 -0.0394, 1.4873 -0.6102 -0.0353, 1.5157 -0.6102 -0.0235, 1.5402 -0.6102 -0.0048, 1.559 -0.6102 0.0197, 1.5708 -0.6102 0.0482, -1.063 0.6102 0.0394, -1.063 -0.6102 0.0394, -1.063 0.6102 -0.0394, -1.063 -0.6102 -0.0394, -1.3583 0.6102 0.4724, -1.4567 0.6102 0.4724, -1.3583 -0.6102 0.4724, -1.4567 -0.6102 0.4724, -1.3583 0.6102 0.3937, -1.4567 0.6102 0.3937, -1.3583 -0.6102 0.3937, -1.4567 -0.6102 0.3937, -1.5748 0.6102 0.3543, -1.5748 -0.6102 0.3543, -1.5708 -0.6102 0.3849, -1.5708 0.6102 0.3849, -1.559 -0.6102 0.4134, -1.559 0.6102 0.4134, -1.5402 -0.6102 0.4378, -1.5402 0.6102 0.4378, -1.5157 -0.6102 0.4566, -1.5157 0.6102 0.4566, -1.4873 -0.6102 0.4684, -1.4873 0.6102 0.4684, -1.4961 0.6102 0.3543, -1.4947 0.6102 0.3645, -1.4908 0.6102 0.374, -1.4845 0.6102 0.3822, -1.4764 0.6102 0.3884, -1.4669 0.6102 0.3924, -1.4669 -0.6102 0.3924, -1.4764 -0.6102 0.3884, -1.4845 -0.6102 0.3822, -1.4908 -0.6102 0.374, -1.4947 -0.6102 0.3645, -1.4961 -0.6102 0.3543, -1.5748 -0.6102 0.0787, -1.5748 0.6102 0.0787, -1.4961 0.6102 0.0787, -1.4961 -0.6102 0.0787, -1.4567 0.6102 -0.0394, -1.4567 -0.6102 -0.0394, -1.4873 -0.6102 -0.0353, -1.4873 0.6102 -0.0353, -1.5157 -0.6102 -0.0235, -1.5157 0.6102 -0.0235, -1.5402 -0.6102 -0.0048, -1.5402 0.6102 -0.0048, -1.559 -0.6102 0.0197, -1.559 0.6102 0.0197, -1.5708 -0.6102 0.0482, -1.5708 0.6102 0.0482, -1.4951 0.6102 0.07, -1.4922 0.6102 0.0617, -1.4567 0.6102 0.0394, -1.4655 0.6102 0.0404, -1.4738 0.6102 0.0433, -1.4812 0.6102 0.048, -1.4875 0.6102 0.0542, -1.4951 -0.6102 0.07, -1.4922 -0.6102 0.0617, -1.4875 -0.6102 0.0542, -1.4812 -0.6102 0.048, -1.4738 -0.6102 0.0433, -1.4655 -0.6102 0.0404, -1.4567 -0.6102 0.0394, -1.4567 -0.6102 0.0394
            ]
        }
        coordIndex [
            0,1,2,-1,2,1,3,-1,4,5,6,-1,6,5,7,-1,8,9,4,-1,4,9,5,-1,10,11,8,-1,8,11,9,-1,6,7,10,-1,10,7,11,-1,7,5,12,-1,12,5,13,-1,12,13,14,-1,14,13,15,-1,14,15,16,-1,16,15,17,-1,16,17,18,-1,18,17,19,-1,18,19,20,-1,20,19,21,-1,20,21,22,-1,22,21,23,-1,5,9,13,-1,13,9,24,-1,13,24,15,-1,15,24,25,-1,15,25,17,-1,17,25,26,-1,17,26,19,-1,19,26,27,-1,19,27,21,-1,21,27,28,-1,21,28,23,-1,23,28,29,-1,30,29,28,-1,30,28,31,-1,31,28,27,-1,31,27,32,-1,32,27,26,-1,32,26,33,-1,33,26,25,-1,33,25,34,-1,34,25,24,-1,34,24,35,-1,35,24,9,-1,35,9,11,-1,22,30,20,-1,20,30,31,-1,20,31,18,-1,18,31,32,-1,18,32,16,-1,16,32,33,-1,16,33,14,-1,14,33,34,-1,14,34,12,-1,12,34,35,-1,12,35,7,-1,7,35,11,-1,36,22,37,-1,37,22,23,-1,37,23,38,-1,38,23,29,-1,38,29,39,-1,39,29,30,-1,30,22,39,-1,39,22,36,-1,36,37,40,-1,40,37,41,-1,40,41,42,-1,42,41,43,-1,42,43,44,-1,44,43,45,-1,44,45,46,-1,46,45,47,-1,46,47,48,-1,48,47,49,-1,48,49,50,-1,50,49,51,-1,50,51,52,-1,52,51,53,-1,54,53,55,-1,55,53,51,-1,55,51,56,-1,56,51,49,-1,56,49,57,-1,37,38,41,-1,41,38,58,-1,41,58,43,-1,43,58,59,-1,43,59,45,-1,45,59,57,-1,45,57,47,-1,47,57,49,-1,60,54,55,-1,60,55,61,-1,61,55,56,-1,61,56,62,-1,62,56,57,-1,62,57,63,-1,63,57,59,-1,63,59,64,-1,64,59,58,-1,64,58,65,-1,65,58,38,-1,65,38,39,-1,39,36,65,-1,65,36,40,-1,65,40,64,-1,64,40,42,-1,64,42,63,-1,52,60,50,-1,50,60,61,-1,50,61,48,-1,48,61,62,-1,48,62,46,-1,46,62,63,-1,46,63,44,-1,44,63,42,-1,0,52,1,-1,1,52,53,-1,1,53,3,-1,3,53,54,-1,3,54,2,-1,2,54,60,-1,60,52,2,-1,2,52,0,-1,66,67,68,-1,68,67,69,-1,70,71,72,-1,72,71,73,-1,74,75,70,-1,70,75,71,-1,76,77,74,-1,74,77,75,-1,72,73,76,-1,76,73,77,-1,78,79,80,-1,78,80,81,-1,81,80,82,-1,81,82,83,-1,83,82,84,-1,83,84,85,-1,85,84,86,-1,85,86,87,-1,87,86,88,-1,87,88,89,-1,89,88,73,-1,89,73,71,-1,90,78,91,-1,91,78,81,-1,91,81,92,-1,92,81,83,-1,92,83,93,-1,93,83,85,-1,93,85,94,-1,94,85,87,-1,94,87,95,-1,95,87,89,-1,95,89,75,-1,75,89,71,-1,75,77,95,-1,95,77,96,-1,95,96,94,-1,94,96,97,-1,94,97,93,-1,93,97,98,-1,93,98,92,-1,92,98,99,-1,92,99,91,-1,91,99,100,-1,91,100,90,-1,90,100,101,-1,77,73,96,-1,96,73,88,-1,96,88,97,-1,97,88,86,-1,97,86,98,-1,98,86,84,-1,98,84,99,-1,99,84,82,-1,99,82,100,-1,100,82,80,-1,100,80,101,-1,101,80,79,-1,102,79,103,-1,103,79,78,-1,103,78,104,-1,104,78,90,-1,104,90,105,-1,105,90,101,-1,101,79,105,-1,105,79,102,-1,106,107,108,-1,106,108,109,-1,109,108,110,-1,109,110,111,-1,111,110,112,-1,111,112,113,-1,113,112,114,-1,113,114,115,-1,115,114,116,-1,115,116,117,-1,117,116,102,-1,117,102,103,-1,103,104,117,-1,117,104,118,-1,117,118,115,-1,115,118,119,-1,115,119,113,-1,120,106,121,-1,121,106,109,-1,121,109,122,-1,122,109,111,-1,122,111,123,-1,123,111,113,-1,123,113,124,-1,124,113,119,-1,104,105,118,-1,118,105,125,-1,118,125,119,-1,119,125,126,-1,119,126,124,-1,124,126,127,-1,124,127,123,-1,123,127,128,-1,123,128,122,-1,122,128,129,-1,122,129,121,-1,121,129,130,-1,121,130,120,-1,120,130,131,-1,107,131,108,-1,108,131,130,-1,108,130,110,-1,110,130,129,-1,110,129,112,-1,105,102,125,-1,125,102,116,-1,125,116,126,-1,126,116,114,-1,126,114,127,-1,127,114,112,-1,127,112,128,-1,128,112,129,-1,69,107,68,-1,68,107,106,-1,68,106,66,-1,66,106,120,-1,66,120,67,-1,67,120,131,-1,131,107,67,-1,67,107,69,-1,
        ]
    }
}
Shape{
    appearance Appearance {
        material  Material 	{
            diffuseColor 1.0 1.0 1.0
            specularColor 0.7019607843137254 0.7019607843137254 0.7019607843137254
            ambientIntensity 0.2
            transparency 0
            shininess 0.5
        }
    }
    geometry IndexedFaceSet {
        ccw TRUE
        solid FALSE
        coord DEF co Coordinate {
            point [
                -0.1057 1.1534 0.6386, -0.1057 1.1538 0.6386, -0.1057 1.1541 0.6343, -0.1056 1.1553 0.6296, -0.1056 1.1549 0.6296, -0.0738 1.1534 0.6388, -0.0738 1.1538 0.6389, -0.1057 1.1534 0.6386, -0.0743 1.1421 0.7088, -0.0743 1.1419 0.7078, -0.0743 1.1418 0.7084, -0.0743 1.1417 0.7088, -0.064 1.1421 0.7089, -0.064 1.1417 0.7088, -0.0634 1.1549 0.6299, -0.0634 1.1553 0.6299, -0.064 1.1419 0.7078, -0.064 1.1418 0.7084, -0.1689 1.1544 0.6324, -0.1689 1.1548 0.6325, -0.1675 1.1549 0.6318, -0.1467 1.1556 0.628, -0.1467 1.1552 0.628, -0.1492 1.1551 0.6282, -0.1589 1.1554 0.6291, -0.1589 1.155 0.629, -0.1654 1.1547 0.6311, -0.1675 1.1546 0.6317, -0.1689 1.1532 0.6422, -0.1689 1.1528 0.6422, -0.1654 1.1531 0.6406, -0.1611 1.1538 0.6388, -0.1611 1.1534 0.6387, -0.152 1.1537 0.6371, -0.152 1.154 0.6372, -0.1482 1.1537 0.637, -0.1482 1.1541 0.6371, -0.1402 1.1535 0.638, -0.1402 1.1539 0.6381, -0.1345 1.1531 0.6403, -0.1345 1.1535 0.6403, -0.1293 1.1525 0.6439, -0.1293 1.1529 0.644, -0.1277 1.1523 0.6455, -0.1277 1.1526 0.6456, -0.1244 1.1515 0.65, -0.1244 1.1519 0.6501, -0.1216 1.1505 0.6562, -0.1216 1.1509 0.6563, -0.1202 1.1492 0.6638, -0.1202 1.1496 0.6639, -0.12 1.1485 0.6681, -0.12 1.1489 0.6681, -0.1214 1.1467 0.679, -0.1214 1.1471 0.6791, -0.1242 1.1455 0.6858, -0.1242 1.1459 0.6858, -0.1286 1.1445 0.6918, -0.1286 1.1449 0.6918, -0.1341 1.1438 0.6962, -0.1341 1.1442 0.6962, -0.1404 1.1433 0.699, -0.1404 1.1437 0.6991, -0.1474 1.1431 0.7003, -0.1474 1.1435 0.7003, -0.1505 1.1431 0.7004, -0.1505 1.1435 0.7004, -0.1693 1.1439 0.6956, -0.1693 1.1443 0.6956, -0.1684 1.1442 0.6961, -0.1603 1.1433 0.6991, -0.1603 1.1437 0.6992, -0.1654 1.1436 0.6972, -0.1684 1.1438 0.696, -0.1694 1.1425 0.7063, -0.1694 1.1421 0.7062, -0.1654 1.1419 0.7074, -0.161 1.1421 0.7087, -0.164 1.1419 0.7078, -0.1619 1.1418 0.7084, -0.161 1.1417 0.7087, -0.1505 1.1416 0.7096, -0.1505 1.142 0.7096, -0.1505 1.1416 0.7096, -0.1505 1.142 0.7096, -0.1388 1.1422 0.7083, -0.1403 1.1418 0.7084, -0.1388 1.1418 0.7083, -0.1376 1.1419 0.7078, -0.1304 1.1427 0.7052, -0.1304 1.1423 0.7051, -0.1229 1.1432 0.7, -0.1229 1.1436 0.7, -0.121 1.1435 0.6982, -0.121 1.1439 0.6982, -0.1151 1.1447 0.6907, -0.1151 1.1451 0.6908, -0.1112 1.1462 0.682, -0.1112 1.1466 0.682, -0.1093 1.1479 0.6717, -0.1093 1.1483 0.6717, -0.1092 1.1486 0.6675, -0.1092 1.149 0.6676, -0.1107 1.1507 0.6546, -0.1107 1.1511 0.6547, -0.1139 1.1521 0.6464, -0.1139 1.1525 0.6464, -0.1192 1.1534 0.6389, -0.1192 1.1537 0.639, -0.1426 1.1551 0.6282, -0.1418 1.1555 0.6283, -0.1418 1.1551 0.6282, -0.1332 1.1552 0.6301, -0.1332 1.1548 0.63, -0.1256 1.1546 0.6337, -0.1256 1.1542 0.6336, -0.228 1.1539 0.6378, -0.2279 1.1554 0.6288, -0.228 1.1536 0.6377, -0.2279 1.1551 0.6287, -0.1953 1.1535 0.638, -0.1953 1.1539 0.638, -0.2162 1.1535 0.6378, -0.1955 1.1495 0.6646, -0.1955 1.1491 0.6645, -0.2241 1.1491 0.6643, -0.2241 1.1495 0.6644, -0.2162 1.1491 0.6644, -0.2242 1.148 0.6734, -0.2242 1.1476 0.6734, -0.1955 1.1476 0.6736, -0.1955 1.148 0.6736, -0.2162 1.1476 0.6734, -0.1957 1.1438 0.6989, -0.1957 1.1434 0.6988, -0.2266 1.1434 0.6986, -0.2266 1.1438 0.6987, -0.2162 1.1434 0.6987, -0.2267 1.1423 0.7078, -0.2267 1.1419 0.7077, -0.1854 1.1418 0.708, -0.1854 1.1422 0.7081, -0.2145 1.1419 0.7078, -0.2162 1.1419 0.7078, -0.1849 1.155 0.629, -0.1849 1.1554 0.6291, -0.1854 1.1419 0.7078, -0.2162 1.155 0.6288, -0.2925 1.1519 0.6498, -0.289 1.1526 0.6456, -0.2963 1.1537 0.6394, -0.2881 1.1528 0.6448, -0.2879 1.1547 0.6335, -0.2829 1.1534 0.6413, -0.2788 1.1552 0.6301, -0.2763 1.1538 0.6388, -0.2651 1.1555 0.6285, -0.2651 1.154 0.6375, -0.2431 1.1555 0.6287, -0.2535 1.154 0.6376, -0.2436 1.1423 0.7077, -0.2539 1.1438 0.6985, -0.2665 1.1423 0.7075, -0.266 1.1438 0.6984, -0.2787 1.1426 0.7061, -0.2763 1.144 0.6972, -0.2883 1.1432 0.7025, -0.2832 1.1445 0.6947, -0.2967 1.1441 0.6968, -0.2891 1.1451 0.6908, -0.2994 1.1446 0.6941, -0.2912 1.1455 0.6887, -0.3044 1.1457 0.6872, -0.2943 1.1462 0.6842, -0.3073 1.147 0.6797, -0.2965 1.1472 0.6785, -0.3085 1.1488 0.6687, -0.2977 1.1488 0.6685, -0.3083 1.1496 0.6637, -0.2972 1.1498 0.6625, -0.3063 1.1512 0.6545, -0.2955 1.151 0.6555, -0.3023 1.1525 0.6463, -0.2651 1.1551 0.6285, -0.2431 1.1551 0.6286, -0.2788 1.1548 0.63, -0.2879 1.1543 0.6335, -0.2963 1.1533 0.6393, -0.3023 1.1521 0.6463, -0.3063 1.1508 0.6544, -0.3083 1.1492 0.6636, -0.3085 1.1484 0.6687, -0.3073 1.1466 0.6796, -0.3044 1.1453 0.6871, -0.2994 1.1442 0.6941, -0.2967 1.1437 0.6968, -0.2883 1.1428 0.7025, -0.2787 1.1422 0.706, -0.2665 1.1419 0.7074, -0.2436 1.1419 0.7076, -0.266 1.1435 0.6984, -0.2539 1.1434 0.6984, -0.2535 1.1536 0.6375, -0.2651 1.1536 0.6375, -0.289 1.1523 0.6455, -0.2881 1.1524 0.6447, -0.2829 1.153 0.6412, -0.2763 1.1534 0.6387, -0.2977 1.1484 0.6684, -0.2972 1.1494 0.6624, -0.2955 1.1506 0.6554, -0.2925 1.1516 0.6497, -0.2891 1.1447 0.6908, -0.2912 1.1451 0.6886, -0.2943 1.1458 0.6842, -0.2965 1.1468 0.6784, -0.2763 1.1436 0.6972, -0.2832 1.1441 0.6946, -0.2832 1.1441 0.6946
            ]
        }
        coordIndex [
            0,1,2,-1,2,1,3,-1,2,3,4,-1,5,6,7,-1,7,6,1,-1,7,1,0,-1,8,6,5,-1,5,9,8,-1,8,9,10,-1,8,10,11,-1,12,8,13,-1,13,8,11,-1,14,15,16,-1,16,15,12,-1,16,12,17,-1,17,12,13,-1,3,15,4,-1,4,15,14,-1,8,12,6,-1,6,12,15,-1,6,15,1,-1,1,15,3,-1,18,19,20,-1,21,22,23,-1,21,23,24,-1,23,25,24,-1,24,25,26,-1,24,26,20,-1,20,26,27,-1,20,27,18,-1,28,19,29,-1,29,19,18,-1,28,29,30,-1,28,30,31,-1,30,32,31,-1,31,32,33,-1,31,33,34,-1,34,33,35,-1,34,35,36,-1,36,35,37,-1,36,37,38,-1,38,37,39,-1,38,39,40,-1,40,39,41,-1,40,41,42,-1,42,41,43,-1,42,43,44,-1,44,43,45,-1,44,45,46,-1,46,45,47,-1,46,47,48,-1,48,47,49,-1,48,49,50,-1,50,49,51,-1,50,51,52,-1,52,51,53,-1,52,53,54,-1,54,53,55,-1,54,55,56,-1,56,55,57,-1,56,57,58,-1,58,57,59,-1,58,59,60,-1,60,59,61,-1,60,61,62,-1,62,61,63,-1,62,63,64,-1,64,63,65,-1,64,65,66,-1,67,68,69,-1,66,65,70,-1,66,70,71,-1,71,70,72,-1,71,72,69,-1,69,72,73,-1,69,73,67,-1,74,68,75,-1,75,68,67,-1,74,75,76,-1,74,76,77,-1,77,76,78,-1,77,78,79,-1,79,80,77,-1,77,80,81,-1,77,81,82,-1,82,81,83,-1,82,83,84,-1,85,84,86,-1,86,84,83,-1,86,87,85,-1,85,87,88,-1,85,88,89,-1,88,90,89,-1,89,90,91,-1,89,91,92,-1,92,91,93,-1,92,93,94,-1,94,93,95,-1,94,95,96,-1,96,95,97,-1,96,97,98,-1,98,97,99,-1,98,99,100,-1,100,99,101,-1,100,101,102,-1,102,101,103,-1,102,103,104,-1,104,103,105,-1,104,105,106,-1,106,105,107,-1,106,107,108,-1,22,21,109,-1,109,21,110,-1,109,110,111,-1,111,110,112,-1,111,112,113,-1,113,112,114,-1,113,114,115,-1,115,114,108,-1,115,108,107,-1,69,68,74,-1,60,92,58,-1,58,92,94,-1,58,94,56,-1,56,94,96,-1,56,96,54,-1,102,52,100,-1,100,52,54,-1,100,54,98,-1,98,54,96,-1,69,74,71,-1,71,74,77,-1,71,77,66,-1,66,77,82,-1,66,82,64,-1,64,82,84,-1,64,84,62,-1,62,84,85,-1,62,85,60,-1,60,85,89,-1,60,89,92,-1,19,28,20,-1,20,28,31,-1,20,31,24,-1,24,31,34,-1,24,34,21,-1,21,34,36,-1,21,36,110,-1,110,36,38,-1,110,38,112,-1,112,38,40,-1,112,40,114,-1,114,40,42,-1,114,42,108,-1,108,42,44,-1,108,44,106,-1,106,44,46,-1,106,46,104,-1,104,46,48,-1,104,48,102,-1,102,48,50,-1,102,50,52,-1,116,117,118,-1,118,117,119,-1,120,121,122,-1,122,121,116,-1,122,116,118,-1,123,121,124,-1,124,121,120,-1,125,126,127,-1,127,126,123,-1,127,123,124,-1,128,126,129,-1,129,126,125,-1,130,131,132,-1,132,131,128,-1,132,128,129,-1,133,131,134,-1,134,131,130,-1,135,136,137,-1,137,136,133,-1,137,133,134,-1,138,136,139,-1,139,136,135,-1,140,141,142,-1,142,141,138,-1,142,138,143,-1,143,138,139,-1,144,145,146,-1,146,145,141,-1,146,141,140,-1,119,117,147,-1,147,117,145,-1,147,145,144,-1,136,138,133,-1,133,138,141,-1,133,141,131,-1,117,116,145,-1,145,116,121,-1,145,121,123,-1,126,128,123,-1,123,128,131,-1,123,131,145,-1,145,131,141,-1,148,149,150,-1,150,149,151,-1,150,151,152,-1,152,151,153,-1,152,153,154,-1,154,153,155,-1,154,155,156,-1,156,155,157,-1,156,157,158,-1,158,157,159,-1,158,159,160,-1,160,159,161,-1,160,161,162,-1,162,161,163,-1,162,163,164,-1,164,163,165,-1,164,165,166,-1,166,165,167,-1,166,167,168,-1,168,167,169,-1,168,169,170,-1,170,169,171,-1,170,171,172,-1,172,171,173,-1,172,173,174,-1,174,173,175,-1,174,175,176,-1,176,175,177,-1,176,177,178,-1,178,177,179,-1,178,179,180,-1,180,179,181,-1,180,181,182,-1,182,181,148,-1,182,148,150,-1,156,158,183,-1,183,158,184,-1,156,183,185,-1,156,185,154,-1,154,185,186,-1,154,186,152,-1,152,186,187,-1,152,187,150,-1,150,187,188,-1,150,188,182,-1,182,188,189,-1,182,189,180,-1,180,189,190,-1,180,190,178,-1,178,190,191,-1,178,191,176,-1,176,191,192,-1,176,192,174,-1,174,192,193,-1,174,193,172,-1,172,193,194,-1,172,194,170,-1,170,194,195,-1,170,195,168,-1,168,195,196,-1,168,196,166,-1,166,196,197,-1,166,197,164,-1,164,197,198,-1,164,198,162,-1,160,162,199,-1,199,162,198,-1,158,160,184,-1,184,160,199,-1,163,161,200,-1,200,161,201,-1,161,159,201,-1,201,159,202,-1,159,157,202,-1,202,157,203,-1,149,204,205,-1,149,205,151,-1,151,205,206,-1,151,206,153,-1,153,206,207,-1,153,207,155,-1,155,207,203,-1,155,203,157,-1,177,208,209,-1,177,209,179,-1,179,209,210,-1,179,210,181,-1,181,210,211,-1,181,211,148,-1,148,211,204,-1,148,204,149,-1,169,212,213,-1,169,213,171,-1,171,213,214,-1,171,214,173,-1,173,214,215,-1,173,215,175,-1,175,215,208,-1,175,208,177,-1,163,200,216,-1,163,216,165,-1,165,216,217,-1,165,217,167,-1,167,217,212,-1,167,212,169,-1,
        ]
    }
}
Shape{
    appearance Appearance {
        material  Material 	{
            diffuseColor 0.25098039215686274 0.25098039215686274 0.25098039215686274
            specularColor 0.12549019607843137 0.12549019607843137 0.12549019607843137
            ambientIntensity 0.2
            transparency 0
            shininess 0.5
        }
    }
    geometry IndexedFaceSet {
        ccw TRUE
        solid FALSE
        coord DEF co Coordinate {
            point [
                -0.2881 1.1524 0.6447, -0.289 1.1523 0.6455, -0.266 1.1435 0.6984, -0.2539 1.1434 0.6984, -0.2535 1.1536 0.6375, -0.2651 1.1536 0.6375, -0.2763 1.1534 0.6387, -0.2829 1.153 0.6412, -0.2925 1.1516 0.6497, -0.2955 1.1506 0.6554, -0.2972 1.1494 0.6624, -0.2977 1.1484 0.6684, -0.2965 1.1468 0.6784, -0.2943 1.1458 0.6842, -0.2912 1.1451 0.6886, -0.2891 1.1447 0.6908, -0.2763 1.1436 0.6972, -0.2832 1.1441 0.6946, -0.2832 1.1441 0.6946
            ]
        }
        coordIndex [
            0,1,2,-1,3,4,2,-1,2,4,5,-1,5,6,2,-1,2,6,7,-1,2,7,0,-1,1,8,2,-1,2,8,9,-1,2,9,10,-1,10,11,2,-1,2,11,12,-1,2,12,13,-1,13,14,2,-1,2,14,15,-1,2,15,16,-1,16,15,17,-1,
        ]
    }
}
Shape{
    appearance Appearance {
        material  Material 	{
            diffuseColor 1.0 1.0 1.0
            specularColor 0.7019607843137254 0.7019607843137254 0.7019607843137254
            ambientIntensity 0.2
            transparency 0
            shininess 0.5
        }
    }
    geometry IndexedFaceSet {
        ccw TRUE
        solid FALSE
        coord DEF co Coordinate {
            point [
                -0.3353 1.1505 0.6586, -0.3475 1.145 0.6913, -0.3438 1.1424 0.707, -0.3127 1.1555 0.6282, -0.3241 1.1556 0.6281, -0.332 1.152 0.6497, -0.3482 1.1446 0.6937, -0.3489 1.1441 0.6968, -0.3548 1.1424 0.7069, -0.3491 1.1441 0.6968, -0.3497 1.1447 0.6935, -0.3503 1.145 0.6913, -0.3622 1.1505 0.6584, -0.3847 1.1556 0.6277, -0.3733 1.1556 0.6278, -0.3653 1.152 0.6494, -0.3548 1.142 0.7068, -0.3845 1.1551 0.6282, -0.3847 1.1552 0.6276, -0.3438 1.142 0.7069, -0.3127 1.1551 0.6282, -0.3127 1.1552 0.6281, -0.3349 1.1458 0.6844, -0.3241 1.1552 0.628, -0.332 1.1516 0.6496, -0.3242 1.1551 0.6282, -0.3653 1.1516 0.6494, -0.3349 1.1516 0.6496, -0.3731 1.1551 0.6282, -0.3733 1.1552 0.6277, -0.3353 1.1501 0.6585, -0.3622 1.1501 0.6583, -0.3503 1.1446 0.6912, -0.3491 1.1437 0.6968, -0.3497 1.1443 0.6934, -0.3489 1.1437 0.6968, -0.3475 1.1446 0.6912, -0.3482 1.1442 0.6936, -0.3482 1.1442 0.6936
            ]
        }
        coordIndex [
            0,1,2,-1,3,4,5,-1,1,6,2,-1,2,6,7,-1,2,7,8,-1,8,7,9,-1,8,9,10,-1,10,11,8,-1,8,11,12,-1,8,12,13,-1,14,13,15,-1,15,13,12,-1,15,12,5,-1,5,12,0,-1,5,0,3,-1,3,0,2,-1,16,8,17,-1,17,8,13,-1,17,13,18,-1,2,8,19,-1,19,8,16,-1,20,21,3,-1,20,3,22,-1,22,3,2,-1,22,2,19,-1,4,3,23,-1,23,3,21,-1,24,5,25,-1,25,5,4,-1,25,4,23,-1,26,15,27,-1,27,15,5,-1,27,5,24,-1,15,26,14,-1,14,26,28,-1,14,28,29,-1,13,14,18,-1,18,14,29,-1,0,12,30,-1,30,12,31,-1,12,11,31,-1,31,11,32,-1,9,33,34,-1,9,34,10,-1,10,34,32,-1,10,32,11,-1,9,7,33,-1,33,7,35,-1,1,36,37,-1,1,37,6,-1,6,37,35,-1,6,35,7,-1,1,0,36,-1,36,0,30,-1,
        ]
    }
}
Shape{
    appearance Appearance {
        material  Material 	{
            diffuseColor 0.25098039215686274 0.25098039215686274 0.25098039215686274
            specularColor 0.12549019607843137 0.12549019607843137 0.12549019607843137
            ambientIntensity 0.2
            transparency 0
            shininess 0.5
        }
    }
    geometry IndexedFaceSet {
        ccw TRUE
        solid FALSE
        coord DEF co Coordinate {
            point [
                -0.3491 1.1437 0.6968, -0.3489 1.1437 0.6968, -0.3497 1.1443 0.6934, -0.3482 1.1442 0.6936, -0.3503 1.1446 0.6912, -0.3475 1.1446 0.6912, -0.3622 1.1501 0.6583, -0.3353 1.1501 0.6585, -0.3353 1.1501 0.6585
            ]
        }
        coordIndex [
            0,1,2,-1,2,1,3,-1,2,3,4,-1,4,3,5,-1,4,5,6,-1,6,5,7,-1,
        ]
    }
}
Shape{
    appearance Appearance {
        material  Material 	{
            diffuseColor 1.0 1.0 1.0
            specularColor 0.7019607843137254 0.7019607843137254 0.7019607843137254
            ambientIntensity 0.2
            transparency 0
            shininess 0.5
        }
    }
    geometry IndexedFaceSet {
        ccw TRUE
        solid FALSE
        coord DEF co Coordinate {
            point [
                -0.1056 1.1747 0.5133, -0.1056 1.1762 0.5043, -0.1056 1.1743 0.5133, -0.1056 1.1758 0.5043, -0.0729 1.1746 0.5136, -0.0729 1.1743 0.5135, -0.0731 1.1702 0.5401, -0.0731 1.1698 0.5401, -0.1017 1.1703 0.5399, -0.1017 1.1699 0.5399, -0.1018 1.1687 0.549, -0.1018 1.1684 0.5489, -0.0732 1.1687 0.5492, -0.0732 1.1683 0.5491, -0.0733 1.1645 0.5745, -0.0733 1.1641 0.5744, -0.1042 1.1645 0.5742, -0.1042 1.1641 0.5742, -0.1043 1.163 0.5812, -0.1043 1.163 0.5833, -0.1043 1.1627 0.5828, -0.1043 1.1626 0.5833, -0.0631 1.163 0.5836, -0.0631 1.1626 0.5836, -0.0625 1.1757 0.5046, -0.0625 1.1761 0.5046, -0.0631 1.163 0.5812, -0.0631 1.1627 0.5828, -0.1511 1.1762 0.504, -0.1611 1.1762 0.504, -0.1511 1.1748 0.5127, -0.1614 1.1702 0.5403, -0.1509 1.1748 0.5127, -0.1456 1.1745 0.5142, -0.1491 1.1752 0.5102, -0.1428 1.1748 0.5124, -0.1315 1.172 0.5292, -0.1379 1.1718 0.5306, -0.1513 1.1715 0.5323, -0.1512 1.1724 0.5269, -0.1512 1.1725 0.5263, -0.1506 1.1733 0.5219, -0.1491 1.1739 0.5183, -0.1469 1.1743 0.5154, -0.1478 1.1667 0.561, -0.1456 1.1681 0.5526, -0.1518 1.167 0.5596, -0.1474 1.1683 0.5514, -0.1293 1.1722 0.5281, -0.1513 1.1703 0.5399, -0.151 1.1695 0.5442, -0.1604 1.1688 0.5486, -0.15 1.1689 0.5478, -0.1588 1.1681 0.5528, -0.1489 1.1686 0.5498, -0.1567 1.1676 0.5559, -0.155 1.1673 0.5576, -0.1211 1.1675 0.5567, -0.1211 1.1691 0.5471, -0.1232 1.1673 0.5578, -0.128 1.1684 0.5513, -0.1307 1.1668 0.5606, -0.1343 1.168 0.5533, -0.1409 1.1666 0.5618, -0.1399 1.1679 0.5538, -0.1433 1.168 0.5534, -0.1275 1.1745 0.5144, -0.1201 1.1757 0.5074, -0.1283 1.1747 0.5135, -0.1235 1.1761 0.505, -0.1303 1.1749 0.5122, -0.1273 1.1763 0.5035, -0.1326 1.175 0.5113, -0.1333 1.1764 0.5028, -0.1359 1.1751 0.5109, -0.1385 1.1763 0.5034, -0.1397 1.175 0.5113, -0.1426 1.1761 0.5048, -0.1459 1.1758 0.5069, -0.1344 1.1706 0.5377, -0.1261 1.171 0.5356, -0.1282 1.1724 0.5272, -0.122 1.1713 0.5334, -0.127 1.1726 0.5258, -0.1191 1.1718 0.5308, -0.1261 1.1729 0.5239, -0.117 1.1723 0.5276, -0.1255 1.1733 0.5217, -0.1158 1.1729 0.5239, -0.1254 1.1736 0.5201, -0.1153 1.1737 0.5194, -0.1257 1.1739 0.5178, -0.1158 1.1745 0.5145, -0.1263 1.1742 0.516, -0.1171 1.175 0.5112, -0.1192 1.1755 0.5083, -0.1409 1.1662 0.5617, -0.1307 1.1664 0.5606, -0.1232 1.1669 0.5578, -0.1211 1.1671 0.5566, -0.1211 1.1687 0.547, -0.128 1.168 0.5513, -0.1343 1.1676 0.5532, -0.1399 1.1676 0.5537, -0.1433 1.1676 0.5533, -0.1456 1.1678 0.5525, -0.1474 1.1679 0.5514, -0.1489 1.1682 0.5498, -0.15 1.1686 0.5477, -0.151 1.1691 0.5442, -0.1513 1.1699 0.5398, -0.1344 1.1702 0.5376, -0.1261 1.1706 0.5355, -0.122 1.171 0.5334, -0.1191 1.1714 0.5307, -0.117 1.1719 0.5275, -0.1158 1.1725 0.5239, -0.1153 1.1733 0.5193, -0.1158 1.1741 0.5144, -0.1171 1.1746 0.5112, -0.1192 1.1751 0.5082, -0.1201 1.1753 0.5073, -0.1235 1.1757 0.5049, -0.1273 1.1759 0.5035, -0.1333 1.1761 0.5028, -0.1385 1.176 0.5033, -0.1426 1.1757 0.5047, -0.1459 1.1754 0.5069, -0.1491 1.1748 0.5101, -0.1509 1.1744 0.5127, -0.1511 1.1744 0.5127, -0.1511 1.1758 0.504, -0.1611 1.1759 0.5039, -0.1614 1.1698 0.5402, -0.1604 1.1684 0.5485, -0.1588 1.1677 0.5528, -0.1567 1.1672 0.5558, -0.155 1.1669 0.5575, -0.1518 1.1666 0.5595, -0.1478 1.1664 0.5609, -0.1282 1.172 0.5272, -0.1293 1.1718 0.528, -0.1315 1.1717 0.5291, -0.1379 1.1714 0.5306, -0.1254 1.1732 0.52, -0.1255 1.1729 0.5216, -0.1261 1.1725 0.5239, -0.127 1.1722 0.5257, -0.1283 1.1743 0.5134, -0.1275 1.1741 0.5143, -0.1263 1.1738 0.516, -0.1257 1.1735 0.5178, -0.1359 1.1747 0.5108, -0.1326 1.1746 0.5112, -0.1303 1.1745 0.5121, -0.1469 1.1739 0.5154, -0.1456 1.1741 0.5142, -0.1428 1.1745 0.5123, -0.1397 1.1746 0.5112, -0.1512 1.172 0.5269, -0.1512 1.1721 0.5262, -0.1506 1.1729 0.5218, -0.1491 1.1735 0.5183, -0.1513 1.1711 0.5323, -0.1513 1.1711 0.5323
            ]
        }
        coordIndex [
            0,1,2,-1,2,1,3,-1,4,0,5,-1,5,0,2,-1,6,4,7,-1,7,4,5,-1,8,6,9,-1,9,6,7,-1,10,8,11,-1,11,8,9,-1,12,10,13,-1,13,10,11,-1,14,12,15,-1,15,12,13,-1,16,14,17,-1,17,14,15,-1,16,17,18,-1,16,18,19,-1,19,18,20,-1,19,20,21,-1,22,19,23,-1,23,19,21,-1,24,25,26,-1,26,25,22,-1,26,22,27,-1,27,22,23,-1,1,25,3,-1,3,25,24,-1,25,1,0,-1,0,4,25,-1,25,4,6,-1,25,6,22,-1,16,19,14,-1,14,19,22,-1,14,22,12,-1,12,22,6,-1,12,6,10,-1,10,6,8,-1,28,29,30,-1,30,29,31,-1,32,33,34,-1,34,33,35,-1,36,37,31,-1,31,37,38,-1,31,38,39,-1,39,40,31,-1,31,40,41,-1,31,41,30,-1,30,41,42,-1,30,42,32,-1,32,42,43,-1,32,43,33,-1,44,45,46,-1,46,45,47,-1,48,36,49,-1,49,36,31,-1,49,31,50,-1,50,31,51,-1,50,51,52,-1,52,51,53,-1,52,53,54,-1,54,53,55,-1,54,55,47,-1,47,55,56,-1,47,56,46,-1,57,58,59,-1,59,58,60,-1,59,60,61,-1,61,60,62,-1,61,62,63,-1,63,62,64,-1,63,64,44,-1,44,64,65,-1,44,65,45,-1,66,67,68,-1,68,67,69,-1,68,69,70,-1,70,69,71,-1,70,71,72,-1,72,71,73,-1,72,73,74,-1,74,73,75,-1,74,75,76,-1,76,75,77,-1,76,77,35,-1,35,77,78,-1,35,78,34,-1,49,79,48,-1,48,79,80,-1,48,80,81,-1,81,80,82,-1,81,82,83,-1,83,82,84,-1,83,84,85,-1,85,84,86,-1,85,86,87,-1,87,86,88,-1,87,88,89,-1,89,88,90,-1,89,90,91,-1,91,90,92,-1,91,92,93,-1,93,92,94,-1,93,94,66,-1,66,94,95,-1,66,95,67,-1,63,96,97,-1,63,97,61,-1,61,97,98,-1,61,98,59,-1,59,98,99,-1,59,99,57,-1,58,57,100,-1,100,57,99,-1,58,100,101,-1,58,101,60,-1,60,101,102,-1,60,102,62,-1,62,102,103,-1,62,103,64,-1,64,103,104,-1,64,104,65,-1,65,104,105,-1,65,105,45,-1,45,105,106,-1,45,106,47,-1,47,106,107,-1,47,107,54,-1,54,107,108,-1,54,108,52,-1,52,108,109,-1,52,109,50,-1,50,109,110,-1,50,110,49,-1,79,49,111,-1,111,49,110,-1,79,111,112,-1,79,112,80,-1,80,112,113,-1,80,113,82,-1,82,113,114,-1,82,114,84,-1,84,114,115,-1,84,115,86,-1,86,115,116,-1,86,116,88,-1,88,116,117,-1,88,117,90,-1,90,117,118,-1,90,118,92,-1,92,118,119,-1,92,119,94,-1,94,119,120,-1,94,120,95,-1,95,120,121,-1,95,121,67,-1,67,121,122,-1,67,122,69,-1,69,122,123,-1,69,123,71,-1,71,123,124,-1,71,124,73,-1,73,124,125,-1,73,125,75,-1,75,125,126,-1,75,126,77,-1,77,126,127,-1,77,127,78,-1,78,127,128,-1,78,128,34,-1,34,128,129,-1,34,129,32,-1,30,32,130,-1,130,32,129,-1,28,30,131,-1,131,30,130,-1,29,28,132,-1,132,28,131,-1,31,29,133,-1,133,29,132,-1,31,133,134,-1,31,134,51,-1,51,134,135,-1,51,135,53,-1,53,135,136,-1,53,136,55,-1,55,136,137,-1,55,137,56,-1,56,137,138,-1,56,138,46,-1,46,138,139,-1,46,139,44,-1,44,139,96,-1,44,96,63,-1,81,140,141,-1,81,141,48,-1,48,141,142,-1,48,142,36,-1,36,142,143,-1,36,143,37,-1,89,144,145,-1,89,145,87,-1,87,145,146,-1,87,146,85,-1,85,146,147,-1,85,147,83,-1,83,147,140,-1,83,140,81,-1,68,148,149,-1,68,149,66,-1,66,149,150,-1,66,150,93,-1,93,150,151,-1,93,151,91,-1,91,151,144,-1,91,144,89,-1,74,152,153,-1,74,153,72,-1,72,153,154,-1,72,154,70,-1,70,154,148,-1,70,148,68,-1,43,155,156,-1,43,156,33,-1,33,156,157,-1,33,157,35,-1,35,157,158,-1,35,158,76,-1,76,158,152,-1,76,152,74,-1,39,159,160,-1,39,160,40,-1,40,160,161,-1,40,161,41,-1,41,161,162,-1,41,162,42,-1,42,162,155,-1,42,155,43,-1,39,38,159,-1,159,38,163,-1,38,37,163,-1,163,37,143,-1,
        ]
    }
}
Shape{
    appearance Appearance {
        material  Material 	{
            diffuseColor 0.25098039215686274 0.25098039215686274 0.25098039215686274
            specularColor 0.12549019607843137 0.12549019607843137 0.12549019607843137
            ambientIntensity 0.2
            transparency 0
            shininess 0.5
        }
    }
    geometry IndexedFaceSet {
        ccw TRUE
        solid FALSE
        coord DEF co Coordinate {
            point [
                -0.1512 1.1721 0.5262, -0.1512 1.172 0.5269, -0.1282 1.172 0.5272, -0.1513 1.1711 0.5323, -0.1379 1.1714 0.5306, -0.1315 1.1717 0.5291, -0.1293 1.1718 0.528, -0.1506 1.1729 0.5218, -0.127 1.1722 0.5257, -0.1491 1.1735 0.5183, -0.1275 1.1741 0.5143, -0.1283 1.1743 0.5134, -0.1456 1.1741 0.5142, -0.1263 1.1738 0.516, -0.1428 1.1745 0.5123, -0.1397 1.1746 0.5112, -0.1359 1.1747 0.5108, -0.1261 1.1725 0.5239, -0.1255 1.1729 0.5216, -0.1469 1.1739 0.5154, -0.1254 1.1732 0.52, -0.1257 1.1735 0.5178, -0.1303 1.1745 0.5121, -0.1326 1.1746 0.5112, -0.1326 1.1746 0.5112
            ]
        }
        coordIndex [
            0,1,2,-1,1,3,4,-1,4,5,1,-1,1,5,6,-1,1,6,2,-1,0,2,7,-1,7,2,8,-1,7,8,9,-1,10,11,12,-1,10,12,13,-1,14,12,15,-1,15,12,16,-1,8,17,9,-1,9,17,18,-1,9,18,19,-1,19,18,20,-1,19,20,12,-1,12,20,21,-1,12,21,13,-1,11,22,12,-1,12,22,23,-1,12,23,16,-1,
        ]
    }
}
Shape{
    appearance Appearance {
        material  Material 	{
            diffuseColor 1.0 1.0 1.0
            specularColor 0.7019607843137254 0.7019607843137254 0.7019607843137254
            ambientIntensity 0.2
            transparency 0
            shininess 0.5
        }
    }
    geometry IndexedFaceSet {
        ccw TRUE
        solid FALSE
        coord DEF co Coordinate {
            point [
                -0.1912 1.1752 0.5105, -0.1912 1.1748 0.5104, -0.1856 1.1747 0.511, -0.1856 1.1751 0.5111, -0.1793 1.1743 0.5133, -0.1793 1.1747 0.5133, -0.1748 1.1738 0.516, -0.1748 1.1742 0.5161, -0.1747 1.1759 0.5058, -0.1747 1.1755 0.5058, -0.1817 1.1764 0.5033, -0.1817 1.176 0.5033, -0.1902 1.1765 0.5024, -0.19 1.1761 0.5024, -0.1902 1.1761 0.5024, -0.1904 1.1761 0.5024, -0.1993 1.1763 0.5034, -0.1993 1.176 0.5034, -0.2046 1.1756 0.5053, -0.2046 1.176 0.5054, -0.2069 1.1754 0.5067, -0.2069 1.1758 0.5068, -0.2098 1.175 0.5092, -0.2098 1.1754 0.5092, -0.2117 1.1745 0.5118, -0.2117 1.1749 0.5118, -0.2129 1.174 0.5149, -0.2129 1.1744 0.515, -0.2134 1.1734 0.5189, -0.2134 1.1738 0.5189, -0.213 1.1727 0.5226, -0.213 1.1731 0.5226, -0.212 1.1723 0.5255, -0.212 1.1726 0.5256, -0.2101 1.1718 0.5282, -0.2101 1.1722 0.5283, -0.2078 1.1715 0.5303, -0.2078 1.1718 0.5304, -0.2011 1.1708 0.534, -0.2011 1.1712 0.5341, -0.1973 1.1706 0.5356, -0.1973 1.171 0.5357, -0.1911 1.1701 0.5383, -0.1911 1.1705 0.5384, -0.1876 1.1698 0.5405, -0.1876 1.1701 0.5406, -0.1866 1.1696 0.5416, -0.1866 1.17 0.5417, -0.1859 1.1694 0.5429, -0.1859 1.1697 0.543, -0.1855 1.1691 0.5445, -0.1855 1.1695 0.5445, -0.1854 1.1689 0.5458, -0.1854 1.1693 0.5459, -0.1856 1.1686 0.5474, -0.1856 1.169 0.5474, -0.1861 1.1684 0.5487, -0.1861 1.1688 0.5488, -0.187 1.1682 0.55, -0.187 1.1686 0.55, -0.1885 1.168 0.5513, -0.1885 1.1684 0.5513, -0.1907 1.1678 0.5524, -0.1907 1.1682 0.5525, -0.1934 1.1677 0.5531, -0.1934 1.168 0.5532, -0.1964 1.1676 0.5533, -0.1964 1.168 0.5534, -0.2034 1.1678 0.5524, -0.2034 1.1682 0.5525, -0.2091 1.1681 0.5502, -0.2091 1.1685 0.5503, -0.2109 1.1683 0.5491, -0.2109 1.1687 0.5492, -0.211 1.1671 0.5588, -0.211 1.1667 0.5587, -0.2045 1.1664 0.5607, -0.2045 1.1668 0.5607, -0.1974 1.1663 0.5613, -0.1974 1.1667 0.5614, -0.1894 1.1664 0.5604, -0.1894 1.1668 0.5605, -0.184 1.1668 0.5584, -0.184 1.1672 0.5585, -0.1816 1.167 0.557, -0.1816 1.1674 0.557, -0.1786 1.1675 0.5543, -0.1786 1.1678 0.5544, -0.1767 1.1679 0.5517, -0.1767 1.1683 0.5517, -0.1755 1.1684 0.5485, -0.1755 1.1688 0.5486, -0.1751 1.169 0.545, -0.1751 1.1694 0.545, -0.1755 1.1697 0.5411, -0.1755 1.17 0.5412, -0.1766 1.1702 0.5381, -0.1766 1.1705 0.5382, -0.1778 1.1705 0.536, -0.1778 1.1709 0.5361, -0.1795 1.1708 0.5343, -0.1795 1.1712 0.5344, -0.1842 1.1713 0.5312, -0.1842 1.1717 0.5313, -0.1901 1.1718 0.5285, -0.1901 1.1722 0.5285, -0.1967 1.1722 0.5257, -0.1967 1.1726 0.5258, -0.2006 1.1726 0.5234, -0.2006 1.173 0.5234, -0.2018 1.1728 0.5221, -0.2018 1.1732 0.5221, -0.2026 1.1731 0.5208, -0.2026 1.1734 0.5208, -0.203 1.1733 0.5192, -0.203 1.1737 0.5193, -0.2031 1.1735 0.518, -0.2031 1.1739 0.518, -0.2029 1.1738 0.5161, -0.2029 1.1742 0.5161, -0.2024 1.1741 0.5147, -0.2024 1.1745 0.5147, -0.2015 1.1743 0.5134, -0.2015 1.1747 0.5135, -0.2003 1.1744 0.5124, -0.2003 1.1748 0.5125, -0.1994 1.1745 0.5119, -0.1994 1.1749 0.5119, -0.1968 1.1747 0.511, -0.1968 1.1751 0.511, -0.1917 1.1748 0.5104, -0.1917 1.1752 0.5105, -0.2634 1.167 0.5596, -0.2738 1.167 0.5596, -0.2634 1.1666 0.5596, -0.2738 1.1666 0.5595, -0.2475 1.174 0.5173, -0.2475 1.1736 0.5172, -0.2467 1.1741 0.5146, -0.2467 1.1745 0.5147, -0.2463 1.1744 0.5127, -0.2463 1.1748 0.5127, -0.246 1.1748 0.5127, -0.246 1.1744 0.5127, -0.2448 1.174 0.5174, -0.2448 1.1736 0.5173, -0.2302 1.1665 0.5598, -0.2302 1.1669 0.5599, -0.2355 1.1691 0.5442, -0.2189 1.1669 0.56, -0.2189 1.1665 0.5599, -0.241 1.1759 0.5035, -0.241 1.1763 0.5035, -0.2355 1.1736 0.5174, -0.2365 1.1776 0.4932, -0.2365 1.178 0.4933, -0.2405 1.1761 0.5024, -0.2355 1.1779 0.4915, -0.2344 1.1786 0.4897, -0.2344 1.1782 0.4896, -0.2326 1.1786 0.4876, -0.2326 1.179 0.4876, -0.231 1.1788 0.4865, -0.231 1.1791 0.4866, -0.2288 1.1789 0.4857, -0.2288 1.1793 0.4857, -0.2262 1.179 0.4853, -0.2262 1.1793 0.4854, -0.2225 1.1789 0.4858, -0.2225 1.1793 0.4859, -0.2205 1.1788 0.4865, -0.2205 1.1791 0.4866, -0.2204 1.1806 0.4778, -0.2204 1.1802 0.4777, -0.2247 1.1803 0.477, -0.2247 1.1807 0.477, -0.2269 1.1804 0.4769, -0.2269 1.1808 0.4769, -0.2309 1.1803 0.4773, -0.2309 1.1807 0.4774, -0.2349 1.1801 0.4788, -0.2349 1.1804 0.4788, -0.2355 1.18 0.4792, -0.2384 1.18 0.4812, -0.2384 1.1797 0.4811, -0.2391 1.1796 0.4817, -0.2391 1.1799 0.4818, -0.2428 1.1788 0.4861, -0.2428 1.1792 0.4861, -0.2474 1.1774 0.4948, -0.2474 1.1778 0.4948, -0.2505 1.1761 0.5024, -0.3274 1.1749 0.5118, -0.3273 1.1764 0.5028, -0.3274 1.1746 0.5117, -0.3273 1.1761 0.5027, -0.2946 1.1745 0.512, -0.2946 1.1749 0.512, -0.3106 1.1745 0.5118, -0.2948 1.1705 0.5386, -0.2948 1.1701 0.5385, -0.3235 1.1701 0.5383, -0.3235 1.1705 0.5384, -0.3106 1.1701 0.5384, -0.3235 1.169 0.5474, -0.3235 1.1686 0.5474, -0.2949 1.1686 0.5476, -0.2949 1.169 0.5476, -0.3106 1.1686 0.5475, -0.2951 1.1648 0.5729, -0.2951 1.1644 0.5728, -0.326 1.1644 0.5726, -0.326 1.1648 0.5727, -0.3106 1.1644 0.5727, -0.3261 1.1633 0.5818, -0.326 1.163 0.5812, -0.3261 1.1629 0.5817, -0.2848 1.1628 0.582, -0.2848 1.1632 0.5821, -0.3106 1.1629 0.5818, -0.2842 1.176 0.503, -0.2842 1.1764 0.5031, -0.2848 1.163 0.5812, -0.3106 1.176 0.5028, -0.3919 1.1729 0.5238, -0.3883 1.1736 0.5196, -0.3956 1.1747 0.5134, -0.3874 1.1738 0.5188, -0.3873 1.1757 0.5075, -0.3822 1.1744 0.5153, -0.3781 1.1762 0.5041, -0.3756 1.1748 0.5128, -0.3645 1.1765 0.5025, -0.3645 1.175 0.5115, -0.3424 1.1765 0.5027, -0.3528 1.175 0.5116, -0.343 1.1633 0.5817, -0.3533 1.1648 0.5725, -0.3658 1.1633 0.5815, -0.3654 1.1648 0.5724, -0.3781 1.1636 0.5801, -0.3756 1.165 0.5712, -0.3877 1.1642 0.5765, -0.3826 1.1655 0.5687, -0.396 1.1651 0.5708, -0.3884 1.1661 0.5648, -0.3988 1.1656 0.5681, -0.3906 1.1665 0.5627, -0.4037 1.1667 0.5612, -0.3937 1.1672 0.5583, -0.4066 1.168 0.5537, -0.3959 1.1682 0.5525, -0.4079 1.1698 0.5427, -0.397 1.1698 0.5425, -0.4076 1.1706 0.5377, -0.3966 1.1708 0.5365, -0.4056 1.1722 0.5285, -0.3948 1.172 0.5295, -0.4016 1.1735 0.5203, -0.3645 1.1761 0.5025, -0.3424 1.1761 0.5026, -0.3781 1.1758 0.504, -0.3873 1.1753 0.5075, -0.3956 1.1743 0.5133, -0.4016 1.1731 0.5203, -0.4056 1.1718 0.5284, -0.4076 1.1702 0.5376, -0.4079 1.1694 0.5427, -0.4066 1.1676 0.5536, -0.4037 1.1663 0.5611, -0.3988 1.1652 0.5681, -0.396 1.1647 0.5708, -0.3658 1.1629 0.5814, -0.3675 1.163 0.5812, -0.3781 1.1632 0.58, -0.3877 1.1638 0.5765, -0.343 1.1629 0.5816, -0.343 1.163 0.5812, -0.3654 1.1644 0.5724, -0.3533 1.1644 0.5724, -0.3528 1.1746 0.5116, -0.3645 1.1746 0.5115, -0.3883 1.1733 0.5195, -0.3874 1.1734 0.5187, -0.3822 1.174 0.5152, -0.3756 1.1744 0.5127, -0.397 1.1694 0.5425, -0.3966 1.1704 0.5364, -0.3948 1.1716 0.5294, -0.3919 1.1726 0.5237, -0.3884 1.1657 0.5648, -0.3906 1.1661 0.5626, -0.3937 1.1668 0.5582, -0.3959 1.1678 0.5524, -0.3756 1.1646 0.5712, -0.3826 1.1651 0.5687, -0.3826 1.1651 0.5687
            ]
        }
        coordIndex [
            0,1,2,-1,0,2,3,-1,3,2,4,-1,3,4,5,-1,5,4,6,-1,5,6,7,-1,8,7,9,-1,9,7,6,-1,10,8,11,-1,11,8,9,-1,10,11,12,-1,12,11,13,-1,12,13,14,-1,12,14,15,-1,12,15,16,-1,15,17,16,-1,16,17,18,-1,16,18,19,-1,19,18,20,-1,19,20,21,-1,21,20,22,-1,21,22,23,-1,23,22,24,-1,23,24,25,-1,25,24,26,-1,25,26,27,-1,27,26,28,-1,27,28,29,-1,29,28,30,-1,29,30,31,-1,31,30,32,-1,31,32,33,-1,33,32,34,-1,33,34,35,-1,35,34,36,-1,35,36,37,-1,37,36,38,-1,37,38,39,-1,39,38,40,-1,39,40,41,-1,41,40,42,-1,41,42,43,-1,43,42,44,-1,43,44,45,-1,45,44,46,-1,45,46,47,-1,47,46,48,-1,47,48,49,-1,49,48,50,-1,49,50,51,-1,51,50,52,-1,51,52,53,-1,53,52,54,-1,53,54,55,-1,55,54,56,-1,55,56,57,-1,57,56,58,-1,57,58,59,-1,59,58,60,-1,59,60,61,-1,61,60,62,-1,61,62,63,-1,63,62,64,-1,63,64,65,-1,65,64,66,-1,65,66,67,-1,67,66,68,-1,67,68,69,-1,69,68,70,-1,69,70,71,-1,71,70,72,-1,71,72,73,-1,74,73,75,-1,75,73,72,-1,74,75,76,-1,74,76,77,-1,77,76,78,-1,77,78,79,-1,79,78,80,-1,79,80,81,-1,81,80,82,-1,81,82,83,-1,83,82,84,-1,83,84,85,-1,85,84,86,-1,85,86,87,-1,87,86,88,-1,87,88,89,-1,89,88,90,-1,89,90,91,-1,91,90,92,-1,91,92,93,-1,93,92,94,-1,93,94,95,-1,95,94,96,-1,95,96,97,-1,97,96,98,-1,97,98,99,-1,99,98,100,-1,99,100,101,-1,101,100,102,-1,101,102,103,-1,103,102,104,-1,103,104,105,-1,105,104,106,-1,105,106,107,-1,107,106,108,-1,107,108,109,-1,109,108,110,-1,109,110,111,-1,111,110,112,-1,111,112,113,-1,113,112,114,-1,113,114,115,-1,115,114,116,-1,115,116,117,-1,117,116,118,-1,117,118,119,-1,119,118,120,-1,119,120,121,-1,121,120,122,-1,121,122,123,-1,123,122,124,-1,123,124,125,-1,125,124,126,-1,125,126,127,-1,127,126,128,-1,127,128,129,-1,129,128,130,-1,129,130,131,-1,131,130,1,-1,131,1,0,-1,59,61,83,-1,83,61,81,-1,107,41,105,-1,105,41,43,-1,19,21,123,-1,123,21,23,-1,123,23,121,-1,121,23,25,-1,121,25,119,-1,119,25,27,-1,119,27,117,-1,117,27,29,-1,117,29,115,-1,115,29,31,-1,115,31,113,-1,113,31,33,-1,113,33,111,-1,111,33,35,-1,111,35,109,-1,109,35,37,-1,109,37,107,-1,107,37,39,-1,107,39,41,-1,12,0,10,-1,10,0,3,-1,10,3,8,-1,8,3,5,-1,8,5,7,-1,61,63,81,-1,81,63,65,-1,81,65,79,-1,79,65,67,-1,79,67,77,-1,77,67,69,-1,77,69,74,-1,74,69,71,-1,74,71,73,-1,123,125,19,-1,19,125,127,-1,19,127,16,-1,16,127,129,-1,16,129,12,-1,12,129,131,-1,12,131,0,-1,83,85,59,-1,59,85,87,-1,59,87,57,-1,57,87,89,-1,57,89,55,-1,55,89,91,-1,55,91,53,-1,53,91,93,-1,53,93,51,-1,51,93,95,-1,51,95,49,-1,49,95,97,-1,49,97,47,-1,47,97,99,-1,47,99,45,-1,45,99,101,-1,45,101,43,-1,43,101,103,-1,43,103,105,-1,132,133,134,-1,134,133,135,-1,136,132,137,-1,137,132,134,-1,136,137,138,-1,136,138,139,-1,139,138,140,-1,139,140,141,-1,142,141,143,-1,143,141,140,-1,144,142,145,-1,145,142,143,-1,146,147,148,-1,148,147,144,-1,148,144,145,-1,149,147,150,-1,150,147,146,-1,151,152,153,-1,153,152,149,-1,153,149,150,-1,154,155,156,-1,156,155,152,-1,156,152,151,-1,155,154,157,-1,155,157,158,-1,157,159,158,-1,158,159,160,-1,158,160,161,-1,161,160,162,-1,161,162,163,-1,163,162,164,-1,163,164,165,-1,165,164,166,-1,165,166,167,-1,167,166,168,-1,167,168,169,-1,169,168,170,-1,169,170,171,-1,172,171,173,-1,173,171,170,-1,172,173,174,-1,172,174,175,-1,175,174,176,-1,175,176,177,-1,177,176,178,-1,177,178,179,-1,179,178,180,-1,179,180,181,-1,181,180,182,-1,181,182,183,-1,182,184,183,-1,183,184,185,-1,183,185,186,-1,186,185,187,-1,186,187,188,-1,188,187,189,-1,188,189,190,-1,135,133,191,-1,191,133,190,-1,191,190,189,-1,139,141,190,-1,133,132,190,-1,190,132,136,-1,190,136,139,-1,147,149,144,-1,144,149,152,-1,144,152,142,-1,171,172,169,-1,169,172,175,-1,169,175,167,-1,167,175,177,-1,167,177,165,-1,165,177,179,-1,165,179,163,-1,163,179,181,-1,163,181,161,-1,141,142,190,-1,190,142,152,-1,190,152,188,-1,152,155,188,-1,188,155,158,-1,188,158,186,-1,186,158,161,-1,186,161,183,-1,183,161,181,-1,192,193,194,-1,194,193,195,-1,196,197,198,-1,198,197,192,-1,198,192,194,-1,199,197,200,-1,200,197,196,-1,201,202,203,-1,203,202,199,-1,203,199,200,-1,204,202,205,-1,205,202,201,-1,206,207,208,-1,208,207,204,-1,208,204,205,-1,209,207,210,-1,210,207,206,-1,211,212,213,-1,213,212,209,-1,213,209,210,-1,212,211,214,-1,214,211,215,-1,214,215,216,-1,217,218,219,-1,219,218,214,-1,219,214,216,-1,220,221,222,-1,222,221,218,-1,222,218,217,-1,195,193,223,-1,223,193,221,-1,223,221,220,-1,221,193,192,-1,192,197,221,-1,221,197,199,-1,221,199,218,-1,212,214,209,-1,209,214,218,-1,209,218,207,-1,207,218,199,-1,207,199,204,-1,204,199,202,-1,224,225,226,-1,226,225,227,-1,226,227,228,-1,228,227,229,-1,228,229,230,-1,230,229,231,-1,230,231,232,-1,232,231,233,-1,232,233,234,-1,234,233,235,-1,234,235,236,-1,236,235,237,-1,236,237,238,-1,238,237,239,-1,238,239,240,-1,240,239,241,-1,240,241,242,-1,242,241,243,-1,242,243,244,-1,244,243,245,-1,244,245,246,-1,246,245,247,-1,246,247,248,-1,248,247,249,-1,248,249,250,-1,250,249,251,-1,250,251,252,-1,252,251,253,-1,252,253,254,-1,254,253,255,-1,254,255,256,-1,256,255,257,-1,256,257,258,-1,258,257,224,-1,258,224,226,-1,232,234,259,-1,259,234,260,-1,232,259,261,-1,232,261,230,-1,230,261,262,-1,230,262,228,-1,228,262,263,-1,228,263,226,-1,226,263,264,-1,226,264,258,-1,258,264,265,-1,258,265,256,-1,256,265,266,-1,256,266,254,-1,254,266,267,-1,254,267,252,-1,252,267,268,-1,252,268,250,-1,250,268,269,-1,250,269,248,-1,248,269,270,-1,248,270,246,-1,246,270,271,-1,246,271,244,-1,272,238,273,-1,273,238,240,-1,273,240,274,-1,274,240,242,-1,274,242,275,-1,275,242,244,-1,275,244,271,-1,236,238,276,-1,276,238,272,-1,260,234,277,-1,277,234,236,-1,277,236,276,-1,239,237,278,-1,278,237,279,-1,237,235,279,-1,279,235,280,-1,235,233,280,-1,280,233,281,-1,225,282,283,-1,225,283,227,-1,227,283,284,-1,227,284,229,-1,229,284,285,-1,229,285,231,-1,231,285,281,-1,231,281,233,-1,253,286,287,-1,253,287,255,-1,255,287,288,-1,255,288,257,-1,257,288,289,-1,257,289,224,-1,224,289,282,-1,224,282,225,-1,245,290,291,-1,245,291,247,-1,247,291,292,-1,247,292,249,-1,249,292,293,-1,249,293,251,-1,251,293,286,-1,251,286,253,-1,239,278,294,-1,239,294,241,-1,241,294,295,-1,241,295,243,-1,243,295,290,-1,243,290,245,-1,
        ]
    }
}
Shape{
    appearance Appearance {
        material  Material 	{
            diffuseColor 0.25098039215686274 0.25098039215686274 0.25098039215686274
            specularColor 0.12549019607843137 0.12549019607843137 0.12549019607843137
            ambientIntensity 0.2
            transparency 0
            shininess 0.5
        }
    }
    geometry IndexedFaceSet {
        ccw TRUE
        solid FALSE
        coord DEF co Coordinate {
            point [
                -0.3874 1.1734 0.5187, -0.3883 1.1733 0.5195, -0.3654 1.1644 0.5724, -0.3533 1.1644 0.5724, -0.3528 1.1746 0.5116, -0.3645 1.1746 0.5115, -0.3756 1.1744 0.5127, -0.3822 1.174 0.5152, -0.3919 1.1726 0.5237, -0.3948 1.1716 0.5294, -0.3966 1.1704 0.5364, -0.397 1.1694 0.5425, -0.3959 1.1678 0.5524, -0.3937 1.1668 0.5582, -0.3906 1.1661 0.5626, -0.3884 1.1657 0.5648, -0.3756 1.1646 0.5712, -0.3826 1.1651 0.5687, -0.3826 1.1651 0.5687
            ]
        }
        coordIndex [
            0,1,2,-1,3,4,2,-1,2,4,5,-1,5,6,2,-1,2,6,7,-1,2,7,0,-1,1,8,2,-1,2,8,9,-1,2,9,10,-1,10,11,2,-1,2,11,12,-1,2,12,13,-1,13,14,2,-1,2,14,15,-1,2,15,16,-1,16,15,17,-1,
        ]
    }
}
Shape{
    appearance Appearance {
        material  Material 	{
            diffuseColor 1.0 1.0 1.0
            specularColor 0.7019607843137254 0.7019607843137254 0.7019607843137254
            ambientIntensity 0.2
            transparency 0
            shininess 0.5
        }
    }
    geometry IndexedFaceSet {
        ccw TRUE
        solid FALSE
        coord DEF co Coordinate {
            point [
                -0.4347 1.1715 0.5326, -0.4469 1.166 0.5653, -0.4431 1.1634 0.581, -0.4121 1.1765 0.5022, -0.4235 1.1766 0.5021, -0.4313 1.173 0.5237, -0.4476 1.1656 0.5677, -0.4482 1.1651 0.5708, -0.4542 1.1634 0.5809, -0.4485 1.1651 0.5708, -0.4491 1.1657 0.5675, -0.4497 1.166 0.5653, -0.4615 1.1715 0.5324, -0.4841 1.1766 0.5017, -0.4727 1.1766 0.5018, -0.4647 1.173 0.5234, -0.4542 1.163 0.5808, -0.4838 1.1761 0.5024, -0.4841 1.1762 0.5016, -0.4431 1.163 0.5809, -0.4122 1.1761 0.5024, -0.4121 1.1762 0.5021, -0.4235 1.1762 0.5021, -0.4313 1.1726 0.5236, -0.4236 1.1761 0.5024, -0.4647 1.1726 0.5234, -0.4724 1.1761 0.5024, -0.4727 1.1762 0.5017, -0.4347 1.1711 0.5325, -0.4615 1.1711 0.5323, -0.4497 1.1656 0.5652, -0.4485 1.1647 0.5708, -0.4491 1.1653 0.5674, -0.4482 1.1647 0.5708, -0.4469 1.1656 0.5652, -0.4476 1.1652 0.5676, -0.4476 1.1652 0.5676
            ]
        }
        coordIndex [
            0,1,2,-1,3,4,5,-1,1,6,2,-1,2,6,7,-1,2,7,8,-1,8,7,9,-1,8,9,10,-1,10,11,8,-1,8,11,12,-1,8,12,13,-1,14,13,15,-1,15,13,12,-1,15,12,5,-1,5,12,0,-1,5,0,3,-1,3,0,2,-1,16,8,17,-1,17,8,13,-1,17,13,18,-1,2,8,19,-1,19,8,16,-1,2,19,3,-1,3,19,20,-1,3,20,21,-1,4,3,22,-1,22,3,21,-1,23,5,24,-1,24,5,4,-1,24,4,22,-1,15,5,25,-1,25,5,23,-1,15,25,14,-1,14,25,26,-1,14,26,27,-1,13,14,18,-1,18,14,27,-1,0,12,28,-1,28,12,29,-1,12,11,29,-1,29,11,30,-1,9,31,32,-1,9,32,10,-1,10,32,30,-1,10,30,11,-1,9,7,31,-1,31,7,33,-1,1,34,35,-1,1,35,6,-1,6,35,33,-1,6,33,7,-1,1,0,34,-1,34,0,28,-1,
        ]
    }
}
Shape{
    appearance Appearance {
        material  Material 	{
            diffuseColor 0.25098039215686274 0.25098039215686274 0.25098039215686274
            specularColor 0.12549019607843137 0.12549019607843137 0.12549019607843137
            ambientIntensity 0.2
            transparency 0
            shininess 0.5
        }
    }
    geometry IndexedFaceSet {
        ccw TRUE
        solid FALSE
        coord DEF co Coordinate {
            point [
                -0.4485 1.1647 0.5708, -0.4482 1.1647 0.5708, -0.4491 1.1653 0.5674, -0.4476 1.1652 0.5676, -0.4497 1.1656 0.5652, -0.4469 1.1656 0.5652, -0.4615 1.1711 0.5323, -0.4347 1.1711 0.5325, -0.4347 1.1711 0.5325
            ]
        }
        coordIndex [
            0,1,2,-1,2,1,3,-1,2,3,4,-1,4,3,5,-1,4,5,6,-1,6,5,7,-1,
        ]
    }
}
Shape{
    appearance Appearance {
        material  Material 	{
            diffuseColor 1.0 1.0 1.0
            specularColor 0.7019607843137254 0.7019607843137254 0.7019607843137254
            ambientIntensity 0.2
            transparency 0
            shininess 0.5
        }
    }
    geometry IndexedFaceSet {
        ccw TRUE
        solid FALSE
        coord DEF co Coordinate {
            point [
                0.2912 1.1776 0.4959, 0.2828 1.1793 0.4856, 0.296 1.1693 0.5456, 0.0898 1.1531 0.6427, 0.0865 1.1557 0.6273, 0.0583 1.1507 0.6574, 0.1056 1.1649 0.5718, 0.1231 1.16 0.6017, 0.1996 1.1664 0.5629, 0.2381 1.1692 0.5464, 0.2329 1.1695 0.5444, 0.3051 1.153 0.6433, 0.2924 1.1519 0.6499, 0.2937 1.1461 0.6847, 0.2728 1.1457 0.687, 0.2283 1.17 0.5413, 0.2247 1.1707 0.5372, 0.1856 1.1718 0.5308, 0.3083 1.168 0.5532, 0.3057 1.1751 0.5108, 0.2968 1.1756 0.508, 0.2223 1.1715 0.5326, 0.2211 1.1724 0.5273, 0.1857 1.1727 0.5252, 0.2211 1.1732 0.5225, 0.0819 1.1557 0.6272, 0.0711 1.1559 0.6258, 0.0555 1.1508 0.6564, 0.0612 1.1566 0.622, 0.0386 1.1522 0.648, 0.0233 1.1544 0.635, 0.2051 1.1455 0.6883, 0.2344 1.1419 0.7103, 0.2208 1.1474 0.6771, 0.2479 1.1437 0.6991, 0.2336 1.1499 0.6622, 0.2597 1.1459 0.6858, 0.2423 1.1528 0.6446, 0.2783 1.1514 0.653, 0.2724 1.1514 0.6533, 0.2662 1.1458 0.6866, 0.2592 1.1516 0.6516, 0.2464 1.1524 0.6469, 0.2574 1.1755 0.5083, 0.2528 1.176 0.5053, 0.2717 1.1807 0.4772, 0.2475 1.1763 0.5036, 0.248 1.1692 0.5464, 0.2558 1.1634 0.5808, 0.253 1.1695 0.5447, 0.2684 1.1642 0.5761, 0.2576 1.17 0.5417, 0.2801 1.1655 0.5682, 0.2613 1.1706 0.5377, 0.2896 1.1673 0.5577, 0.2639 1.1714 0.5328, 0.2652 1.1723 0.5274, 0.024 1.1719 0.5302, 0.0504 1.1681 0.5527, 0.0396 1.174 0.5174, 0.0588 1.1692 0.546, 0.057 1.1754 0.5092, 0.0689 1.17 0.5415, 0.0759 1.176 0.5053, 0.0791 1.1703 0.5396, 0.1095 1.176 0.5056, 0.1047 1.1703 0.5398, 0.1127 1.1759 0.5061, 0.328 1.1584 0.6111, 0.3653 1.1597 0.6034, 0.3298 1.1607 0.5975, 0.3656 1.1608 0.5967, 0.3291 1.1621 0.5889, 0.3634 1.1642 0.5761, 0.3252 1.1644 0.5752, 0.3557 1.1677 0.555, 0.3184 1.1663 0.5636, 0.3422 1.171 0.5353, 0.326 1.1734 0.5212, 0.2215 1.1638 0.5784, 0.2353 1.1633 0.5819, 0.2422 1.1632 0.5823, 0.0524 1.1576 0.6159, 0.0458 1.1588 0.6085, 0.0118 1.1571 0.619, 0.0406 1.1604 0.5988, 0.005 1.1599 0.6018, 0.038 1.1622 0.588, 0.0025 1.163 0.5834, 0.0378 1.1631 0.5831, 0.0053 1.1663 0.5634, 0.0393 1.1649 0.5722, 0.0126 1.1693 0.5457, 0.0432 1.1665 0.5622, 0.0496 1.168 0.5535, 0.315 1.1474 0.6772, 0.334 1.1495 0.6645, 0.315 1.1545 0.6347, 0.3384 1.1502 0.6605, 0.323 1.1563 0.6236, 0.3515 1.1528 0.6444, 0.361 1.1562 0.6244, 0.2612 1.1749 0.5122, 0.2638 1.1741 0.5168, 0.2652 1.1733 0.5219, 0.0983 1.1501 0.6609, 0.0681 1.1474 0.6773, 0.111 1.1476 0.6761, 0.0859 1.1437 0.6992, 0.1127 1.1473 0.6777, 0.0888 1.1432 0.702, 0.1286 1.1455 0.6887, 0.114 1.1404 0.719, 0.1464 1.1443 0.6956, 0.1425 1.1387 0.7291, 0.1656 1.1439 0.698, 0.166 1.1383 0.7317, 0.1864 1.1443 0.6956, 0.1943 1.1388 0.7285, 0.2206 1.1405 0.7186, 0.243 1.1691 0.5469, 0.2095 1.1649 0.5719, 0.1076 1.1702 0.5403, 0.1215 1.175 0.5115, 0.1202 1.1752 0.5102, 0.1059 1.1702 0.54, 0.1165 1.1756 0.5076, 0.2586 1.1816 0.4717, 0.2452 1.182 0.4695, 0.2433 1.1764 0.5031, 0.243 1.182 0.4694, 0.2383 1.1763 0.5037, 0.2292 1.1817 0.471, 0.2333 1.176 0.5054, 0.2165 1.181 0.4757, 0.2289 1.1755 0.5083, 0.2051 1.1797 0.4834, 0.2251 1.1749 0.5123, 0.1962 1.1781 0.4931, 0.2225 1.1741 0.5171, 0.1894 1.176 0.5056, 0.186 1.1737 0.5194, 0.1259 1.1731 0.5231, 0.1254 1.1738 0.5189, 0.1239 1.1744 0.5151, 0.1125 1.1703 0.5399, 0.1164 1.1705 0.5384, 0.1258 1.1727 0.5252, 0.12 1.1709 0.536, 0.1224 1.1714 0.5333, 0.1246 1.172 0.5294, 0.1081 1.1702 0.5404, 0.2241 1.1811 0.4724, 0.2292 1.1814 0.471, 0.243 1.1816 0.4694, 0.2452 1.1816 0.4694, 0.2586 1.1812 0.4716, 0.2613 1.1811 0.4724, 0.0025 1.1626 0.5834, 0.005 1.1596 0.6017, 0.0118 1.1567 0.6189, 0.0184 1.1551 0.6282, 0.0233 1.154 0.635, 0.0386 1.1519 0.648, 0.0555 1.1504 0.6564, 0.0583 1.1503 0.6573, 0.0681 1.147 0.6772, 0.0859 1.1433 0.6992, 0.0888 1.1429 0.7019, 0.0975 1.1419 0.7078, 0.0984 1.1418 0.7084, 0.114 1.14 0.7189, 0.1425 1.1383 0.7291, 0.166 1.1379 0.7316, 0.1943 1.1384 0.7284, 0.2206 1.1401 0.7186, 0.2344 1.1415 0.7102, 0.2597 1.1456 0.6857, 0.2366 1.1418 0.7084, 0.2374 1.1419 0.7078, 0.2479 1.1433 0.699, 0.2662 1.1454 0.6865, 0.2728 1.1454 0.6869, 0.2937 1.1457 0.6847, 0.315 1.147 0.6771, 0.334 1.1491 0.6644, 0.3384 1.1498 0.6604, 0.3515 1.1524 0.6444, 0.3592 1.1551 0.6282, 0.361 1.1558 0.6244, 0.3653 1.1593 0.6033, 0.3656 1.1604 0.5966, 0.3639 1.163 0.5812, 0.3641 1.1627 0.5828, 0.3634 1.1638 0.576, 0.3557 1.1673 0.555, 0.3422 1.1706 0.5352, 0.326 1.173 0.5211, 0.3057 1.1747 0.5107, 0.2968 1.1752 0.5079, 0.2942 1.1761 0.5024, 0.2912 1.1772 0.4959, 0.2828 1.1789 0.4855, 0.2717 1.1803 0.4771, 0.2165 1.1806 0.4757, 0.2051 1.1793 0.4834, 0.1962 1.1777 0.493, 0.1911 1.1761 0.5024, 0.1894 1.1756 0.5055, 0.186 1.1733 0.5194, 0.1857 1.1723 0.5251, 0.1856 1.1714 0.5308, 0.1056 1.1646 0.5717, 0.1112 1.163 0.5812, 0.1121 1.1627 0.5828, 0.1231 1.1596 0.6016, 0.1633 1.163 0.5812, 0.1996 1.166 0.5629, 0.1603 1.1627 0.5828, 0.2422 1.1628 0.5822, 0.2095 1.1645 0.5719, 0.2215 1.1635 0.5783, 0.2331 1.163 0.5812, 0.2353 1.1629 0.5818, 0.2509 1.163 0.5812, 0.2558 1.1631 0.5807, 0.2684 1.1638 0.576, 0.2801 1.1651 0.5682, 0.2896 1.1669 0.5576, 0.296 1.1689 0.5456, 0.3274 1.1627 0.5828, 0.327 1.163 0.5812, 0.3252 1.164 0.5751, 0.3184 1.1659 0.5636, 0.3083 1.1676 0.5532, 0.3291 1.1617 0.5889, 0.3298 1.1603 0.5975, 0.328 1.158 0.611, 0.323 1.1559 0.6235, 0.3197 1.1551 0.6282, 0.315 1.1541 0.6346, 0.3051 1.1526 0.6432, 0.2924 1.1515 0.6498, 0.2783 1.151 0.653, 0.2724 1.151 0.6532, 0.2592 1.1513 0.6515, 0.2464 1.152 0.6468, 0.2423 1.1524 0.6446, 0.2336 1.1495 0.6621, 0.2208 1.147 0.6771, 0.2051 1.1451 0.6882, 0.1864 1.1439 0.6955, 0.1656 1.1435 0.698, 0.1464 1.1439 0.6955, 0.1286 1.1451 0.6886, 0.1127 1.1469 0.6776, 0.111 1.1472 0.6761, 0.0983 1.1497 0.6608, 0.0898 1.1527 0.6426, 0.0867 1.1551 0.6282, 0.0865 1.1553 0.6272, 0.0819 1.1553 0.6272, 0.0711 1.1555 0.6258, 0.0612 1.1562 0.6219, 0.0524 1.1572 0.6158, 0.0458 1.1584 0.6085, 0.0406 1.1601 0.5987, 0.038 1.1619 0.5879, 0.0378 1.1627 0.5831, 0.0378 1.1627 0.5828, 0.038 1.163 0.5812, 0.0393 1.1645 0.5722, 0.0432 1.1661 0.5622, 0.0496 1.1676 0.5535, 0.0504 1.1677 0.5526, 0.0588 1.1689 0.5459, 0.0689 1.1696 0.5414, 0.0791 1.1699 0.5396, 0.1047 1.1699 0.5397, 0.1059 1.1699 0.5399, 0.1076 1.1698 0.5403, 0.1081 1.1698 0.5403, 0.1125 1.1699 0.5398, 0.1164 1.1701 0.5383, 0.12 1.1705 0.5359, 0.1224 1.171 0.5332, 0.1246 1.1716 0.5294, 0.1258 1.1723 0.5251, 0.1259 1.1727 0.523, 0.1254 1.1734 0.5188, 0.1239 1.174 0.515, 0.1215 1.1746 0.5115, 0.1202 1.1748 0.5101, 0.1165 1.1753 0.5075, 0.1127 1.1755 0.506, 0.1095 1.1756 0.5055, 0.0759 1.1756 0.5053, 0.057 1.175 0.5091, 0.0396 1.1736 0.5173, 0.024 1.1715 0.5302, 0.0126 1.1689 0.5456, 0.0053 1.166 0.5633, 0.0028 1.163 0.5812, 0.0026 1.1627 0.5828, 0.243 1.1687 0.5469, 0.2381 1.1688 0.5463, 0.2329 1.1691 0.5444, 0.2283 1.1696 0.5412, 0.2247 1.1703 0.5371, 0.2223 1.1711 0.5325, 0.2211 1.172 0.5273, 0.2211 1.1728 0.5225, 0.2225 1.1737 0.5171, 0.2251 1.1745 0.5122, 0.2289 1.1751 0.5082, 0.2333 1.1756 0.5054, 0.2383 1.1759 0.5036, 0.2433 1.176 0.5031, 0.2475 1.1759 0.5035, 0.2528 1.1756 0.5052, 0.2574 1.1751 0.5082, 0.2612 1.1745 0.5122, 0.2638 1.1737 0.5167, 0.2652 1.1729 0.5219, 0.2652 1.172 0.5273, 0.2639 1.1711 0.5327, 0.2613 1.1702 0.5376, 0.2576 1.1696 0.5416, 0.253 1.1691 0.5446, 0.248 1.1688 0.5464, 0.248 1.1688 0.5464
            ]
        }
        coordIndex [
            0,1,2,-1,3,4,5,-1,6,7,8,-1,9,10,6,-1,11,12,13,-1,13,12,14,-1,10,15,6,-1,6,15,16,-1,6,16,17,-1,18,19,2,-1,2,19,20,-1,2,20,0,-1,16,21,17,-1,17,21,22,-1,17,22,23,-1,23,22,24,-1,4,25,5,-1,5,25,26,-1,5,26,27,-1,27,26,28,-1,27,28,29,-1,29,28,30,-1,31,32,33,-1,33,32,34,-1,33,34,35,-1,35,34,36,-1,35,36,37,-1,12,38,14,-1,14,38,39,-1,14,39,40,-1,40,39,41,-1,40,41,36,-1,36,41,42,-1,36,42,37,-1,43,1,44,-1,44,1,45,-1,44,45,46,-1,47,48,49,-1,49,48,50,-1,49,50,51,-1,51,50,52,-1,51,52,53,-1,53,52,54,-1,53,54,55,-1,55,54,2,-1,55,2,56,-1,57,58,59,-1,59,58,60,-1,59,60,61,-1,61,60,62,-1,61,62,63,-1,63,62,64,-1,63,64,65,-1,65,64,66,-1,65,66,67,-1,68,69,70,-1,70,69,71,-1,70,71,72,-1,72,71,73,-1,72,73,74,-1,74,73,75,-1,74,75,76,-1,76,75,77,-1,76,77,18,-1,18,77,78,-1,18,78,19,-1,79,80,47,-1,47,80,81,-1,47,81,48,-1,28,82,30,-1,30,82,83,-1,30,83,84,-1,84,83,85,-1,84,85,86,-1,86,85,87,-1,86,87,88,-1,88,87,89,-1,88,89,90,-1,90,89,91,-1,90,91,92,-1,92,91,93,-1,92,93,57,-1,57,93,94,-1,57,94,58,-1,13,95,11,-1,11,95,96,-1,11,96,97,-1,97,96,98,-1,97,98,99,-1,99,98,100,-1,99,100,68,-1,68,100,101,-1,68,101,69,-1,43,102,1,-1,1,102,103,-1,1,103,2,-1,2,103,104,-1,2,104,56,-1,3,5,105,-1,105,5,106,-1,105,106,107,-1,107,106,108,-1,107,108,109,-1,109,108,110,-1,109,110,111,-1,111,110,112,-1,111,112,113,-1,113,112,114,-1,113,114,115,-1,115,114,116,-1,115,116,117,-1,117,116,118,-1,117,118,31,-1,31,118,119,-1,31,119,32,-1,9,6,120,-1,120,6,8,-1,120,8,47,-1,47,8,121,-1,47,121,79,-1,122,123,124,-1,66,125,67,-1,67,125,122,-1,67,122,126,-1,126,122,124,-1,45,127,46,-1,46,127,128,-1,46,128,129,-1,129,128,130,-1,129,130,131,-1,131,130,132,-1,131,132,133,-1,133,132,134,-1,133,134,135,-1,135,134,136,-1,135,136,137,-1,137,136,138,-1,137,138,139,-1,139,138,140,-1,139,140,24,-1,24,140,141,-1,24,141,23,-1,142,143,122,-1,122,143,144,-1,122,144,123,-1,145,146,147,-1,146,148,147,-1,147,148,149,-1,147,149,150,-1,142,122,147,-1,147,122,151,-1,147,151,145,-1,152,153,154,-1,154,155,152,-1,152,155,156,-1,152,156,157,-1,88,158,159,-1,88,159,86,-1,86,159,160,-1,86,160,84,-1,84,160,161,-1,84,161,30,-1,161,162,30,-1,30,162,163,-1,30,163,29,-1,29,163,164,-1,29,164,27,-1,27,164,165,-1,27,165,5,-1,5,165,166,-1,5,166,106,-1,106,166,167,-1,106,167,108,-1,108,167,168,-1,108,168,110,-1,168,169,110,-1,110,169,170,-1,110,170,112,-1,170,171,112,-1,112,171,172,-1,112,172,114,-1,114,172,173,-1,114,173,116,-1,116,173,174,-1,116,174,118,-1,118,174,175,-1,118,175,119,-1,119,175,176,-1,119,176,32,-1,177,36,34,-1,176,178,32,-1,32,178,179,-1,32,179,34,-1,34,179,180,-1,34,180,177,-1,36,177,181,-1,36,181,40,-1,40,181,182,-1,40,182,14,-1,14,182,183,-1,14,183,13,-1,13,183,184,-1,13,184,95,-1,95,184,185,-1,95,185,96,-1,96,185,186,-1,96,186,98,-1,98,186,187,-1,98,187,100,-1,100,187,188,-1,100,188,101,-1,188,189,101,-1,101,189,190,-1,101,190,69,-1,69,190,191,-1,69,191,71,-1,192,73,193,-1,193,73,71,-1,193,71,191,-1,192,194,73,-1,73,194,195,-1,73,195,75,-1,75,195,196,-1,75,196,77,-1,77,196,197,-1,77,197,78,-1,78,197,198,-1,78,198,19,-1,19,198,199,-1,19,199,20,-1,20,199,200,-1,20,200,0,-1,200,201,0,-1,0,201,202,-1,0,202,1,-1,1,202,203,-1,1,203,45,-1,45,203,157,-1,45,157,127,-1,157,156,127,-1,127,156,155,-1,127,155,128,-1,128,155,154,-1,128,154,130,-1,130,154,153,-1,130,153,132,-1,132,153,152,-1,132,152,134,-1,152,204,134,-1,134,204,205,-1,134,205,136,-1,136,205,206,-1,136,206,138,-1,138,206,207,-1,138,207,140,-1,207,208,140,-1,140,208,209,-1,140,209,141,-1,141,209,210,-1,141,210,23,-1,17,23,211,-1,211,23,210,-1,6,17,212,-1,212,17,211,-1,212,213,6,-1,6,213,214,-1,6,214,7,-1,7,214,215,-1,216,217,8,-1,216,8,218,-1,218,8,7,-1,218,7,215,-1,219,81,80,-1,8,217,220,-1,8,220,121,-1,121,220,221,-1,121,221,79,-1,79,221,222,-1,79,222,80,-1,80,222,223,-1,80,223,219,-1,48,81,224,-1,224,81,219,-1,224,225,48,-1,48,225,226,-1,48,226,50,-1,50,226,227,-1,50,227,52,-1,52,227,228,-1,52,228,54,-1,54,228,229,-1,54,229,2,-1,230,72,231,-1,231,72,74,-1,231,74,232,-1,232,74,76,-1,232,76,233,-1,233,76,18,-1,233,18,234,-1,234,18,2,-1,234,2,229,-1,230,235,72,-1,72,235,236,-1,72,236,70,-1,70,236,237,-1,70,237,68,-1,68,237,238,-1,68,238,99,-1,99,238,239,-1,99,239,97,-1,239,240,97,-1,97,240,241,-1,97,241,11,-1,11,241,242,-1,11,242,12,-1,12,242,243,-1,12,243,38,-1,38,243,244,-1,38,244,39,-1,39,244,245,-1,39,245,41,-1,41,245,246,-1,41,246,42,-1,42,246,247,-1,42,247,37,-1,37,247,248,-1,37,248,35,-1,35,248,249,-1,35,249,33,-1,33,249,250,-1,33,250,31,-1,31,250,251,-1,31,251,117,-1,117,251,252,-1,117,252,115,-1,115,252,253,-1,115,253,113,-1,113,253,254,-1,113,254,111,-1,111,254,255,-1,111,255,109,-1,109,255,256,-1,109,256,107,-1,107,256,257,-1,107,257,105,-1,105,257,258,-1,105,258,3,-1,3,258,4,-1,4,258,259,-1,4,259,260,-1,25,4,261,-1,261,4,260,-1,25,261,262,-1,25,262,26,-1,26,262,263,-1,26,263,28,-1,28,263,264,-1,28,264,82,-1,82,264,265,-1,82,265,83,-1,83,265,266,-1,83,266,85,-1,85,266,267,-1,85,267,87,-1,87,267,268,-1,87,268,89,-1,268,269,89,-1,89,269,270,-1,89,270,91,-1,270,271,91,-1,91,271,272,-1,91,272,93,-1,93,272,273,-1,93,273,94,-1,94,273,274,-1,94,274,58,-1,58,274,275,-1,58,275,60,-1,60,275,276,-1,60,276,62,-1,62,276,277,-1,62,277,64,-1,66,64,278,-1,278,64,277,-1,66,278,279,-1,66,279,125,-1,125,279,280,-1,125,280,122,-1,122,280,281,-1,122,281,151,-1,151,281,282,-1,151,282,145,-1,145,282,283,-1,145,283,146,-1,146,283,284,-1,146,284,148,-1,148,284,285,-1,148,285,149,-1,149,285,286,-1,149,286,150,-1,150,286,287,-1,150,287,147,-1,147,287,288,-1,147,288,142,-1,142,288,289,-1,142,289,143,-1,143,289,290,-1,143,290,144,-1,144,290,291,-1,144,291,123,-1,123,291,292,-1,123,292,124,-1,124,292,293,-1,124,293,126,-1,126,293,294,-1,126,294,67,-1,67,294,295,-1,67,295,65,-1,63,65,296,-1,296,65,295,-1,63,296,297,-1,63,297,61,-1,61,297,298,-1,61,298,59,-1,59,298,299,-1,59,299,57,-1,57,299,300,-1,57,300,92,-1,92,300,301,-1,92,301,90,-1,90,301,302,-1,90,302,88,-1,88,302,303,-1,88,303,158,-1,120,304,305,-1,120,305,9,-1,9,305,306,-1,9,306,10,-1,10,306,307,-1,10,307,15,-1,15,307,308,-1,15,308,16,-1,16,308,309,-1,16,309,21,-1,21,309,310,-1,21,310,22,-1,22,310,311,-1,22,311,24,-1,24,311,312,-1,24,312,139,-1,139,312,313,-1,139,313,137,-1,137,313,314,-1,137,314,135,-1,135,314,315,-1,135,315,133,-1,133,315,316,-1,133,316,131,-1,131,316,317,-1,131,317,129,-1,129,317,318,-1,129,318,46,-1,46,318,319,-1,46,319,44,-1,44,319,320,-1,44,320,43,-1,43,320,321,-1,43,321,102,-1,102,321,322,-1,102,322,103,-1,103,322,323,-1,103,323,104,-1,104,323,324,-1,104,324,56,-1,56,324,325,-1,56,325,55,-1,55,325,326,-1,55,326,53,-1,53,326,327,-1,53,327,51,-1,51,327,328,-1,51,328,49,-1,49,328,329,-1,49,329,47,-1,47,329,304,-1,47,304,120,-1,
        ]
    }
}
Shape{
    appearance Appearance {
        material  Material 	{
            diffuseColor 0.25098039215686274 0.25098039215686274 0.25098039215686274
            specularColor 0.12549019607843137 0.12549019607843137 0.12549019607843137
            ambientIntensity 0.2
            transparency 0
            shininess 0.5
        }
    }
    geometry IndexedFaceSet {
        ccw TRUE
        solid FALSE
        coord DEF co Coordinate {
            point [
                0.2475 1.1759 0.5035, 0.2433 1.176 0.5031, 0.243 1.1687 0.5469, 0.2333 1.1756 0.5054, 0.2211 1.1728 0.5225, 0.2383 1.1759 0.5036, 0.2211 1.172 0.5273, 0.2223 1.1711 0.5325, 0.2247 1.1703 0.5371, 0.2283 1.1696 0.5412, 0.253 1.1691 0.5446, 0.2612 1.1745 0.5122, 0.2574 1.1751 0.5082, 0.2329 1.1691 0.5444, 0.2381 1.1688 0.5463, 0.2638 1.1737 0.5167, 0.2576 1.1696 0.5416, 0.2652 1.1729 0.5219, 0.248 1.1688 0.5464, 0.2528 1.1756 0.5052, 0.2289 1.1751 0.5082, 0.2251 1.1745 0.5122, 0.2225 1.1737 0.5171, 0.2652 1.172 0.5273, 0.2613 1.1702 0.5376, 0.2639 1.1711 0.5327, 0.2639 1.1711 0.5327
            ]
        }
        coordIndex [
            0,1,2,-1,3,4,5,-1,5,4,6,-1,5,6,1,-1,6,7,1,-1,1,7,8,-1,1,8,9,-1,10,11,12,-1,9,13,1,-1,1,13,14,-1,1,14,2,-1,11,10,15,-1,15,10,16,-1,15,16,17,-1,2,18,0,-1,0,18,10,-1,0,10,19,-1,19,10,12,-1,3,20,4,-1,4,20,21,-1,4,21,22,-1,17,16,23,-1,23,16,24,-1,23,24,25,-1,
        ]
    }
}