{"type":"FeatureCollection","features":[{"type":"Feature","properties":{},"geometry":{"type":"Polygon","coordinates":[[[-81.334814,24.650488],[-81.379053,24.636279],[-81.42168,24.732617],[-81.322314,24.685059],[-81.334814,24.650488]]]}},{"type":"Feature","properties":{},"geometry":{"type":"Polygon","coordinates":[[[-80.829395,24.803662],[-80.84834,24.803662],[-80.838867,24.817871],[-80.799414,24.846289],[-80.785205,24.835254],[-80.786768,24.821045],[-80.829395,24.803662]]]}},{"type":"Feature","properties":{},"geometry":{"type":"Polygon","coordinates":[[[-80.638281,24.903174],[-80.665137,24.898438],[-80.625684,24.941113],[-80.6146,24.937939],[-80.638281,24.903174]]]}},{"type":"Feature","properties":{},"geometry":{"type":"Polygon","coordinates":[[[143.178906,-11.954492],[143.401563,-12.639941],[143.643359,-13.963672],[144.473047,-14.231836],[145.25166,-15.097461],[145.436426,-16.30498],[145.901953,-17.070215],[146.311719,-18.666699],[147.092773,-19.332617],[147.742383,-19.770117],[148.600488,-20.145215],[148.912402,-20.845215],[149.524023,-22.023633],[150.005566,-22.521582],[150.541309,-22.559082],[150.783008,-23.176563],[151.575391,-24.033594],[152.456348,-24.802441],[152.984961,-25.816211],[153.385742,-27.768555],[153.348047,-29.29043],[153.021582,-31.086621],[152.33125,-32.55752],[151.812891,-32.901074],[151.29209,-33.580957],[151.191211,-34.015234],[150.80918,-34.993848],[150.714648,-35.155176],[150.128906,-36.12041],[149.962305,-37.443848],[148.2625,-37.830664],[146.292578,-38.699805],[146.483789,-39.065039],[146.018164,-38.86709],[145.424219,-38.477344],[145.191211,-38.383594],[145.119922,-38.091309],[144.589453,-38.157617],[143.538965,-38.820898],[142.187695,-38.399414],[140.627246,-38.028418],[139.846582,-36.748047],[138.968945,-35.580762],[139.302539,-35.399414],[138.729688,-35.550781],[138.489941,-34.763574],[137.874121,-34.727441],[136.883594,-35.239746],[137.468555,-34.490234],[137.866016,-33.314063],[137.790918,-32.823242],[136.936523,-33.750195],[135.891016,-34.660938],[135.647559,-34.939648],[135.175977,-34.496582],[135.286328,-34.142285],[134.607715,-33.190137],[133.930176,-32.411719],[132.323633,-32.02002],[130.783008,-31.604004],[127.319824,-32.264063],[124.758789,-32.882715],[123.506836,-33.916211],[121.946387,-33.856738],[119.729102,-34.041504],[118.006445,-35.013281],[115.986719,-34.79502],[114.973437,-34.051172],[115.683008,-33.192871],[115.45459,-31.302539],[114.958984,-29.433594],[114.133496,-27.976465],[113.253125,-26.197266],[113.546582,-26.436719],[113.589063,-26.098633],[113.697852,-26.004199],[113.942383,-26.258691],[113.992773,-25.544824],[113.489844,-23.869629],[113.682813,-22.637793],[114.141602,-22.483105],[115.161719,-21.630566],[116.836328,-20.64707],[118.199219,-20.375195],[120.433691,-19.841992],[121.721973,-18.659961],[122.237402,-17.968555],[122.522559,-16.942871],[123.14209,-16.863086],[123.60791,-17.219922],[123.829492,-16.996875],[123.49043,-16.490723],[123.85918,-16.382324],[124.52998,-16.395215],[124.388281,-16.203027],[124.64834,-15.805469],[124.561621,-15.496289],[125.062988,-15.442285],[124.91416,-15.109961],[125.355664,-15.119824],[125.28457,-14.584082],[125.70459,-14.291406],[125.839551,-14.533887],[126.100879,-14.184375],[126.298828,-14.13623],[126.775586,-13.788477],[127.763477,-14.299414],[128.111719,-15.312012],[128.218359,-14.995703],[129.058203,-14.884375],[129.458984,-14.933203],[129.763477,-14.84502],[129.60791,-14.559668],[129.789258,-13.719922],[130.134961,-13.145508],[130.60957,-12.491309],[130.873828,-12.367188],[131.291602,-12.067871],[132.182324,-12.226953],[132.712793,-12.123438],[132.133594,-11.500684],[132.155469,-11.311133],[132.857129,-11.391113],[133.654492,-11.811328],[134.816406,-12.054688],[135.885254,-11.82168],[135.704395,-12.209863],[136.192676,-12.435156],[136.609766,-12.133594],[136.594336,-13.003809],[135.929199,-13.621582],[135.405176,-14.758203],[136.291406,-15.570117],[136.686719,-15.788477],[137.526367,-16.16709],[139.009863,-16.899316],[139.945996,-17.653613],[141.219141,-16.646191],[141.603516,-14.852734],[141.58877,-13.425098],[141.892871,-12.681348],[141.870508,-11.975586],[142.326465,-10.88418],[142.779688,-11.115332],[143.066406,-11.924121],[143.178906,-11.954492]]]}},{"type":"Feature","properties":{},"geometry":{"type":"Polygon","coordinates":[[[-77.261475,18.457422],[-77.01377,18.40293],[-76.908203,18.39043],[-76.700732,18.257178],[-76.232764,17.970312],[-76.301465,17.879834],[-76.524609,17.866211],[-76.669385,17.927637],[-76.748291,17.964893],[-76.853223,17.97373],[-76.944141,17.848779],[-77.071289,17.90127],[-77.158398,17.845068],[-77.279883,17.779541],[-77.463867,17.856055],[-77.768164,17.877393],[-77.881299,18.019043],[-78.044482,18.173828],[-78.294092,18.218066],[-78.325977,18.349756],[-78.216699,18.448096],[-77.978174,18.467822],[-77.873437,18.522217],[-77.354248,18.466455],[-77.261475,18.457422]]]}},{"type":"Feature","properties":{},"geometry":{"type":"Polygon","coordinates":[[[-66.129395,18.444922],[-66.068408,18.428027],[-66.07041,18.468994],[-65.755566,18.401611],[-65.62085,18.242334],[-65.782227,18.128613],[-65.970801,17.974365],[-66.24502,17.947266],[-66.325781,17.96416],[-66.510791,17.987012],[-66.772412,17.986572],[-66.9,17.9479],[-67.01333,17.967871],[-67.196875,17.994189],[-67.172461,18.224219],[-67.238965,18.320654],[-67.213379,18.393604],[-67.158643,18.499219],[-67.059619,18.522168],[-66.188574,18.475781],[-66.129395,18.444922]]]}},{"type":"Feature","properties":{},"geometry":{"type":"Polygon","coordinates":[[[-81.837451,23.163037],[-81.363623,23.129688],[-81.271631,23.128613],[-81.144629,23.054932],[-80.650146,23.103076],[-80.550488,23.016602],[-80.364893,22.943408],[-80.167627,22.949365],[-79.959912,22.876904],[-79.820264,22.887012],[-79.67666,22.743066],[-79.456494,22.509863],[-79.275684,22.407617],[-78.901904,22.395996],[-78.775977,22.367334],[-78.686475,22.366846],[-77.970508,21.971973],[-77.636816,21.797363],[-77.497119,21.78833],[-77.57334,21.868311],[-77.497266,21.871631],[-77.299512,21.712256],[-77.144141,21.643604],[-77.244531,21.59375],[-77.26958,21.537891],[-77.20791,21.478857],[-77.098633,21.589014],[-76.836328,21.399512],[-76.867432,21.33042],[-76.726074,21.358887],[-76.647412,21.284521],[-76.455176,21.273633],[-76.073633,21.133447],[-75.722949,21.111035],[-75.595801,20.994678],[-75.662939,20.898145],[-75.740234,20.811963],[-75.752979,20.736182],[-75.642773,20.733496],[-75.338135,20.701611],[-74.959717,20.672656],[-74.73208,20.573193],[-74.513135,20.38457],[-74.272803,20.317383],[-74.198486,20.311475],[-74.136816,20.231934],[-74.217432,20.117139],[-74.412158,20.075342],[-74.850049,20.002295],[-75.003174,19.928564],[-75.124121,19.924658],[-75.151611,20.00835],[-75.219434,19.923633],[-75.551953,19.891113],[-75.765137,19.9604],[-76.252832,19.987158],[-76.779736,19.940186],[-76.999463,19.892822],[-77.463184,19.861377],[-77.55376,20.082129],[-77.149414,20.347266],[-77.093018,20.45293],[-77.188965,20.559961],[-77.22959,20.64375],[-77.467041,20.689502],[-77.856885,20.713623],[-78.116357,20.761865],[-78.406348,20.973877],[-78.490771,21.053711],[-78.576562,21.413818],[-78.727686,21.592725],[-79.189209,21.552832],[-79.357422,21.585156],[-80.13833,21.829248],[-80.310693,21.933398],[-80.485449,22.123437],[-80.499072,22.063525],[-81.035645,22.073584],[-81.11665,22.134229],[-81.185498,22.267969],[-81.222412,22.14292],[-81.355273,22.104102],[-81.816211,22.200195],[-81.972607,22.290869],[-81.973047,22.421826],[-81.710352,22.49668],[-81.702734,22.591895],[-81.789893,22.657031],[-81.903418,22.679004],[-82.786377,22.65835],[-83.009424,22.514014],[-83.14375,22.386475],[-83.292139,22.303223],[-83.485937,22.187109],[-83.601514,22.20874],[-83.686621,22.179932],[-83.932715,22.149658],[-83.998047,21.980127],[-84.13833,21.929004],[-84.448828,21.79165],[-84.490918,21.854297],[-84.56001,21.933008],[-84.682666,21.899072],[-84.838232,21.82793],[-84.877246,21.894141],[-84.494238,22.041602],[-84.373145,22.035938],[-84.383008,22.255566],[-84.281348,22.474219],[-84.044922,22.666016],[-83.177246,22.983008],[-82.587793,23.064551],[-82.101367,23.19043],[-81.837451,23.163037]]]}},{"type":"Feature","properties":{},"geometry":{"type":"Polygon","coordinates":[[[-71.954297,19.72168],[-71.779248,19.718164],[-71.706055,19.795166],[-71.615967,19.877441],[-71.441699,19.893994],[-71.235937,19.848145],[-70.95415,19.913965],[-70.785254,19.850879],[-70.636182,19.775635],[-70.436426,19.77124],[-70.193848,19.638037],[-70.014062,19.672949],[-69.891211,19.589746],[-69.823437,19.367139],[-69.324951,19.327734],[-69.264258,19.225684],[-69.519727,19.212012],[-69.623242,19.160498],[-69.50835,19.107617],[-69.280225,19.051904],[-69.031299,19.013184],[-68.684766,18.904785],[-68.381396,18.671143],[-68.359277,18.538086],[-68.493213,18.379004],[-68.612207,18.30625],[-68.687402,18.214941],[-68.778467,18.266113],[-68.934961,18.408008],[-69.274512,18.439844],[-69.519434,18.415674],[-69.770654,18.443555],[-70.018311,18.373633],[-70.141602,18.2771],[-70.479932,18.217285],[-70.644678,18.33623],[-70.924316,18.29248],[-71.069971,18.250342],[-71.082617,18.128369],[-71.267285,17.849609],[-71.395703,17.646094],[-71.518359,17.725],[-71.631738,17.773633],[-71.657227,17.888672],[-71.712451,18.005469],[-71.85293,18.119141],[-72.002051,18.212012],[-72.503564,18.219922],[-72.591895,18.186914],[-72.755273,18.156152],[-73.160059,18.205615],[-73.385156,18.251172],[-73.644043,18.229053],[-73.824707,18.121777],[-73.884961,18.041895],[-74.0854,18.215137],[-74.419043,18.346191],[-74.478125,18.45],[-74.284473,18.656689],[-74.100342,18.641113],[-73.8625,18.575439],[-73.591602,18.522363],[-72.789355,18.434814],[-72.695996,18.468213],[-72.618066,18.550781],[-72.376074,18.574463],[-72.347656,18.674951],[-72.649121,18.894141],[-72.741211,19.131348],[-72.741797,19.341846],[-72.863428,19.526074],[-73.315527,19.637305],[-73.438379,19.722119],[-73.315332,19.85459],[-73.117773,19.903809],[-72.637012,19.900879],[-72.219824,19.744629],[-71.954297,19.72168]]]}},{"type":"Feature","properties":{},"geometry":{"type":"Polygon","coordinates":[[[-64.84502,18.330078],[-64.919971,18.321289],[-65.023633,18.367578],[-64.942041,18.385205],[-64.889111,18.374219],[-64.84502,18.330078]]]}},{"type":"Feature","properties":{},"geometry":{"type":"Polygon","coordinates":[[[-69.899121,12.452002],[-69.942187,12.438525],[-70.066113,12.546973],[-70.035107,12.614111],[-69.911816,12.480469],[-69.899121,12.452002]]]}},{"type":"Feature","properties":{},"geometry":{"type":"Polygon","coordinates":[[[-65.2125,10.906445],[-65.266406,10.883984],[-65.365234,10.906445],[-65.414648,10.937891],[-65.383203,10.973828],[-65.302344,10.973828],[-65.226562,10.930225],[-65.2125,10.906445]]]}},{"type":"Feature","properties":{},"geometry":{"type":"Polygon","coordinates":[[[-72.80459,18.777686],[-73.077979,18.790918],[-73.276416,18.954053],[-73.069141,18.932031],[-72.80459,18.777686]]]}},{"type":"Feature","properties":{},"geometry":{"type":"Polygon","coordinates":[[[-63.012305,18.04541],[-63.09043,18.041406],[-63.11499,18.090723],[-63.024805,18.113086],[-63.012305,18.04541]]]}},{"type":"Feature","properties":{},"geometry":{"type":"Polygon","coordinates":[[[-65.425586,18.105615],[-65.555078,18.107666],[-65.477148,18.165039],[-65.302686,18.144385],[-65.425586,18.105615]]]}},{"type":"Feature","properties":{},"geometry":{"type":"Polygon","coordinates":[[[-62.532227,17.121875],[-62.582422,17.100586],[-62.624902,17.12959],[-62.615283,17.199121],[-62.574707,17.201025],[-62.53418,17.170117],[-62.532227,17.121875]]]}},{"type":"Feature","properties":{},"geometry":{"type":"Polygon","coordinates":[[[-64.395215,18.4646],[-64.421143,18.457422],[-64.438037,18.458984],[-64.44375,18.473389],[-64.426074,18.513086],[-64.324658,18.51748],[-64.395215,18.4646]]]}},{"type":"Feature","properties":{},"geometry":{"type":"Polygon","coordinates":[[[-64.659814,18.354346],[-64.725977,18.327881],[-64.770605,18.331592],[-64.787695,18.341113],[-64.752441,18.371973],[-64.659814,18.354346]]]}},{"type":"Feature","properties":{},"geometry":{"type":"Polygon","coordinates":[[[-64.593652,18.402832],[-64.671826,18.399121],[-64.695117,18.41167],[-64.650977,18.442529],[-64.569141,18.446289],[-64.545166,18.438135],[-64.593652,18.402832]]]}},{"type":"Feature","properties":{},"geometry":{"type":"Polygon","coordinates":[[[-64.765625,17.794336],[-64.681836,17.750195],[-64.580469,17.750195],[-64.686279,17.706104],[-64.889111,17.701709],[-64.884717,17.772266],[-64.765625,17.794336]]]}},{"type":"Feature","properties":{},"geometry":{"type":"Polygon","coordinates":[[[-77.347559,25.013867],[-77.541211,25.013574],[-77.527344,25.057666],[-77.329102,25.083008],[-77.269141,25.043848],[-77.347559,25.013867]]]}},{"type":"Feature","properties":{},"geometry":{"type":"Polygon","coordinates":[[[-81.044189,24.716797],[-81.08999,24.693115],[-81.137354,24.710498],[-81.085254,24.73418],[-80.930469,24.759473],[-80.988916,24.727881],[-81.044189,24.716797]]]}},{"type":"Feature","properties":{},"geometry":{"type":"Polygon","coordinates":[[[-78.89834,8.274268],[-78.964941,8.32627],[-78.960596,8.43584],[-78.883252,8.460254],[-78.83916,8.3479],[-78.89834,8.274268]]]}},{"type":"Feature","properties":{},"geometry":{"type":"Polygon","coordinates":[[[-77.657715,24.249463],[-77.755273,24.163477],[-77.615381,24.216357],[-77.532031,23.987646],[-77.531885,23.939404],[-77.51875,23.869434],[-77.771289,23.752539],[-77.806299,23.883545],[-77.914062,24.090918],[-77.950049,24.253076],[-77.849561,24.25752],[-77.701465,24.287549],[-77.657715,24.249463]]]}},{"type":"Feature","properties":{},"geometry":{"type":"Polygon","coordinates":[[[-77.668994,21.951953],[-77.755029,21.965576],[-77.823193,21.987939],[-77.918555,22.088086],[-77.774414,22.082959],[-77.645996,21.996484],[-77.668994,21.951953]]]}},{"type":"Feature","properties":{},"geometry":{"type":"Polygon","coordinates":[[[-78.0271,22.285156],[-78.10166,22.305762],[-78.226123,22.37998],[-78.273535,22.423584],[-78.150586,22.431494],[-78.06167,22.305908],[-78.0271,22.285156]]]}},{"type":"Feature","properties":{},"geometry":{"type":"Polygon","coordinates":[[[-78.630127,22.552246],[-78.445312,22.54375],[-78.351221,22.538623],[-78.343018,22.445117],[-78.424561,22.460107],[-78.629004,22.488184],[-78.695508,22.533984],[-78.630127,22.552246]]]}},{"type":"Feature","properties":{},"geometry":{"type":"Polygon","coordinates":[[[-77.225635,25.904199],[-77.333252,25.995605],[-77.293945,26.095508],[-77.247754,26.289062],[-77.230127,26.424707],[-77.238623,26.561133],[-77.510596,26.845996],[-77.94375,26.903564],[-77.787549,26.935645],[-77.533887,26.903418],[-77.36875,26.747607],[-77.265918,26.688818],[-77.257178,26.638818],[-77.066357,26.530176],[-77.167285,26.240332],[-77.225635,25.904199]]]}},{"type":"Feature","properties":{},"geometry":{"type":"Polygon","coordinates":[[[-74.05752,22.723486],[-74.098584,22.66543],[-74.274609,22.71167],[-74.313965,22.803564],[-74.221484,22.811572],[-74.05752,22.723486]]]}},{"type":"Feature","properties":{},"geometry":{"type":"Polygon","coordinates":[[[-74.429443,24.068066],[-74.508691,23.959717],[-74.550928,23.968945],[-74.526904,24.105078],[-74.472021,24.12666],[-74.450488,24.125488],[-74.429443,24.068066]]]}},{"type":"Feature","properties":{},"geometry":{"type":"Polygon","coordinates":[[[-73.026855,21.192383],[-73.164551,20.97915],[-73.661035,20.937402],[-73.686816,21.009131],[-73.66958,21.082227],[-73.585059,21.125928],[-73.424512,21.201758],[-73.235352,21.154492],[-73.058496,21.313379],[-73.026855,21.192383]]]}},{"type":"Feature","properties":{},"geometry":{"type":"Polygon","coordinates":[[[-74.206738,22.21377],[-74.261328,22.235547],[-74.052344,22.400635],[-73.994971,22.449219],[-73.906396,22.527441],[-73.976367,22.635059],[-73.954199,22.715527],[-73.87749,22.680762],[-73.974609,22.361182],[-74.206738,22.21377]]]}},{"type":"Feature","properties":{},"geometry":{"type":"Polygon","coordinates":[[[-76.648828,25.487402],[-76.343799,25.332031],[-76.126611,25.140527],[-76.140527,24.885645],[-76.169531,24.649414],[-76.241211,24.754346],[-76.319971,24.817676],[-76.204346,24.93623],[-76.1604,25.119336],[-76.369287,25.312598],[-76.620703,25.431641],[-76.780664,25.426855],[-76.726953,25.551611],[-76.648828,25.487402]]]}},{"type":"Feature","properties":{},"geometry":{"type":"Polygon","coordinates":[[[-75.664551,23.450146],[-75.781006,23.470654],[-76.037109,23.602783],[-75.948633,23.647412],[-75.754248,23.48999],[-75.664551,23.450146]]]}},{"type":"Feature","properties":{},"geometry":{"type":"Polygon","coordinates":[[[-74.840479,22.894336],[-74.97334,23.068555],[-75.22334,23.165332],[-75.141113,23.204639],[-75.157568,23.336377],[-75.288232,23.568262],[-75.315967,23.668359],[-75.175293,23.438672],[-75.064209,23.150195],[-74.845605,22.999902],[-74.840479,22.894336]]]}},{"type":"Feature","properties":{},"geometry":{"type":"Polygon","coordinates":[[[-75.308398,24.2],[-75.36875,24.159473],[-75.503223,24.139062],[-75.412402,24.220947],[-75.493896,24.33042],[-75.639062,24.529395],[-75.743994,24.654687],[-75.709619,24.69751],[-75.526465,24.449512],[-75.308398,24.2]]]}},{"type":"Feature","properties":{},"geometry":{"type":"Polygon","coordinates":[[[-77.879395,22.127539],[-78.011914,22.166406],[-78.006689,22.247998],[-77.985645,22.3021],[-77.893652,22.214551],[-77.84248,22.148975],[-77.879395,22.127539]]]}},{"type":"Feature","properties":{},"geometry":{"type":"Polygon","coordinates":[[[-82.037207,26.453613],[-82.072852,26.427539],[-82.144971,26.44668],[-82.184375,26.480957],[-82.201367,26.548047],[-82.138574,26.477002],[-82.116064,26.460938],[-82.037207,26.453613]]]}},{"type":"Feature","properties":{},"geometry":{"type":"Polygon","coordinates":[[[-77.743848,24.707422],[-77.735107,24.495752],[-77.853418,24.40293],[-77.983203,24.334961],[-78.07583,24.364648],[-78.145801,24.493457],[-78.257617,24.482764],[-78.435303,24.627588],[-78.318994,24.590234],[-78.260059,24.687305],[-78.298828,24.753906],[-78.159326,25.022363],[-78.162793,25.202344],[-77.975293,25.084814],[-77.918945,24.942822],[-77.743848,24.707422]]]}},{"type":"Feature","properties":{},"geometry":{"type":"Polygon","coordinates":[[[-81.566699,24.599902],[-81.631494,24.590039],[-81.579248,24.629395],[-81.562305,24.68916],[-81.531641,24.64248],[-81.532227,24.61416],[-81.566699,24.599902]]]}},{"type":"Feature","properties":{},"geometry":{"type":"Polygon","coordinates":[[[-80.186768,27.278418],[-80.170508,27.204785],[-80.262451,27.375586],[-80.376074,27.643408],[-80.436914,27.850537],[-80.395752,27.794531],[-80.355518,27.678613],[-80.186768,27.278418]]]}},{"type":"Feature","properties":{},"geometry":{"type":"Polygon","coordinates":[[[-82.561768,21.57168],[-82.853174,21.443896],[-83.067285,21.469385],[-83.183789,21.593457],[-83.112939,21.573682],[-83.007227,21.565576],[-83.08252,21.791406],[-82.991211,21.942725],[-82.714551,21.890283],[-82.629395,21.766895],[-82.561768,21.57168]]]}},{"type":"Feature","properties":{},"geometry":{"type":"Polygon","coordinates":[[[-82.083789,26.552344],[-82.085205,26.493604],[-82.135596,26.591992],[-82.169141,26.700732],[-82.121143,26.665527],[-82.083789,26.552344]]]}},{"type":"Feature","properties":{},"geometry":{"type":"Polygon","coordinates":[[[-79.349561,22.663916],[-79.3479,22.637695],[-79.522754,22.711133],[-79.597852,22.787646],[-79.628174,22.805225],[-79.57915,22.806738],[-79.382178,22.681348],[-79.349561,22.663916]]]}},{"type":"Feature","properties":{},"geometry":{"type":"Polygon","coordinates":[[[-78.492871,26.729053],[-78.306836,26.702197],[-78.088672,26.714307],[-77.922461,26.691113],[-78.233887,26.637354],[-78.670947,26.506543],[-78.799219,26.528467],[-78.935791,26.673437],[-78.7125,26.599023],[-78.621143,26.704639],[-78.597119,26.797949],[-78.492871,26.729053]]]}},{"type":"Feature","properties":{},"geometry":{"type":"Polygon","coordinates":[[[-80.381836,25.142285],[-80.558545,25.001318],[-80.456006,25.149316],[-80.354932,25.233643],[-80.280469,25.34126],[-80.381836,25.142285]]]}},{"type":"Feature","properties":{},"geometry":{"type":"Polygon","coordinates":[[[-82.233496,9.380713],[-82.244434,9.334082],[-82.321729,9.418115],[-82.275781,9.431885],[-82.259424,9.430273],[-82.233496,9.380713]]]}},{"type":"Feature","properties":{},"geometry":{"type":"Polygon","coordinates":[[[-81.369531,19.348877],[-81.296484,19.341357],[-81.130469,19.346777],[-81.224609,19.304102],[-81.303711,19.271875],[-81.419092,19.374756],[-81.369531,19.348877]]]}},{"type":"Feature","properties":{},"geometry":{"type":"Polygon","coordinates":[[[-62.630664,17.23999],[-62.702002,17.286035],[-62.838916,17.339258],[-62.839404,17.365332],[-62.794629,17.402588],[-62.675781,17.290918],[-62.630664,17.23999]]]}},{"type":"Feature","properties":{},"geometry":{"type":"Polygon","coordinates":[[[-60.895215,13.821973],[-61.060645,13.783105],[-61.063574,13.915576],[-60.94458,14.072852],[-60.886768,14.011133],[-60.895215,13.821973]]]}},{"type":"Feature","properties":{},"geometry":{"type":"Polygon","coordinates":[[[-60.82627,14.494482],[-60.862109,14.42627],[-61.063721,14.46709],[-61.090332,14.529687],[-61.104297,14.62124],[-61.219727,14.804395],[-61.180811,14.871924],[-61.0271,14.826172],[-60.927148,14.755176],[-60.933691,14.686182],[-60.869971,14.613721],[-60.82627,14.494482]]]}},{"type":"Feature","properties":{},"geometry":{"type":"Polygon","coordinates":[[[-61.012109,10.134326],[-61.59668,10.064648],[-61.906104,10.069141],[-61.632715,10.243408],[-61.499316,10.268555],[-61.478271,10.603369],[-61.540918,10.664453],[-61.651172,10.718066],[-61.464844,10.764453],[-61.17373,10.80332],[-60.917627,10.840234],[-61.03374,10.669873],[-61.0375,10.482275],[-60.968457,10.323389],[-61.004102,10.167822],[-61.012109,10.134326]]]}},{"type":"Feature","properties":{},"geometry":{"type":"Polygon","coordinates":[[[-68.205811,12.14458],[-68.282227,12.082275],[-68.307129,12.206738],[-68.371094,12.25752],[-68.219482,12.23125],[-68.205811,12.14458]]]}},{"type":"Feature","properties":{},"geometry":{"type":"Polygon","coordinates":[[[-60.756299,11.178516],[-60.810645,11.168604],[-60.804297,11.208398],[-60.708936,11.277246],[-60.562793,11.323535],[-60.525488,11.325391],[-60.546484,11.263721],[-60.756299,11.178516]]]}},{"type":"Feature","properties":{},"geometry":{"type":"Polygon","coordinates":[[[-62.148438,16.740332],[-62.154248,16.681201],[-62.221631,16.699512],[-62.223047,16.751562],[-62.191357,16.804395],[-62.175781,16.80957],[-62.148438,16.740332]]]}},{"type":"Feature","properties":{},"geometry":{"type":"Polygon","coordinates":[[[-59.493311,13.081982],[-59.611328,13.1021],[-59.64668,13.303125],[-59.487891,13.196826],[-59.493311,13.081982]]]}},{"type":"Feature","properties":{},"geometry":{"type":"Polygon","coordinates":[[[-63.849365,11.131006],[-63.8271,10.97583],[-63.993555,10.881201],[-64.101172,10.901416],[-64.218945,10.941602],[-64.402344,10.981592],[-64.249756,11.080322],[-64.184814,11.042969],[-64.02832,11.001855],[-63.893115,11.167236],[-63.849365,11.131006]]]}},{"type":"Feature","properties":{},"geometry":{"type":"Polygon","coordinates":[[[-63.001221,18.221777],[-63.16001,18.171387],[-63.15332,18.200293],[-63.026025,18.269727],[-62.97959,18.264795],[-63.001221,18.221777]]]}},{"type":"Feature","properties":{},"geometry":{"type":"Polygon","coordinates":[[[-61.71543,12.012646],[-61.755957,12.045703],[-61.715039,12.185059],[-61.606787,12.223389],[-61.71543,12.012646]]]}},{"type":"Feature","properties":{},"geometry":{"type":"Polygon","coordinates":[[[-61.747119,17.574951],[-61.843799,17.596143],[-61.866162,17.704297],[-61.819922,17.696875],[-61.749609,17.661328],[-61.747119,17.574951]]]}},{"type":"Feature","properties":{},"geometry":{"type":"Polygon","coordinates":[[[-61.230469,15.889941],[-61.310742,15.894678],[-61.275293,15.99624],[-61.212354,15.959912],[-61.230469,15.889941]]]}},{"type":"Feature","properties":{},"geometry":{"type":"Polygon","coordinates":[[[-61.716064,17.037012],[-61.859668,17.01333],[-61.887109,17.098145],[-61.738574,17.138477],[-61.686035,17.098438],[-61.694971,17.048926],[-61.716064,17.037012]]]}},{"type":"Feature","properties":{},"geometry":{"type":"Polygon","coordinates":[[[-61.281689,15.249023],[-61.415723,15.399854],[-61.469922,15.603467],[-61.32002,15.585059],[-61.251074,15.373145],[-61.281689,15.249023]]]}},{"type":"Feature","properties":{},"geometry":{"type":"Polygon","coordinates":[[[-61.327148,16.23042],[-61.522168,16.228027],[-61.500586,16.360205],[-61.510645,16.477686],[-61.406445,16.468311],[-61.355469,16.363184],[-61.327148,16.23042]]]}},{"type":"Feature","properties":{},"geometry":{"type":"Polygon","coordinates":[[[-61.589551,16.006934],[-61.710254,15.975928],[-61.794092,16.300977],[-61.748047,16.355273],[-61.597021,16.292187],[-61.575049,16.227148],[-61.589551,16.006934]]]}},{"type":"Feature","properties":{},"geometry":{"type":"Polygon","coordinates":[[[-61.174512,13.158105],[-61.277295,13.20957],[-61.224072,13.330664],[-61.138965,13.35874],[-61.134521,13.202881],[-61.174512,13.158105]]]}},{"type":"Feature","properties":{},"geometry":{"type":"Polygon","coordinates":[[[-73.041016,22.429053],[-72.945215,22.415625],[-72.762598,22.344385],[-72.783887,22.290625],[-72.981055,22.369238],[-73.161914,22.380713],[-73.041016,22.429053]]]}},{"type":"Feature","properties":{},"geometry":{"type":"Polygon","coordinates":[[[-68.751074,12.059766],[-68.995117,12.141846],[-69.158887,12.380273],[-69.076758,12.342041],[-68.827393,12.158545],[-68.751074,12.059766]]]}},{"type":"Feature","properties":{},"geometry":{"type":"Polygon","coordinates":[[[-71.661426,21.765234],[-71.721777,21.790234],[-71.847656,21.843457],[-71.668359,21.833447],[-71.661426,21.765234]]]}},{"type":"Feature","properties":{},"geometry":{"type":"Polygon","coordinates":[[[-72.916113,21.506689],[-73.049316,21.457617],[-73.062695,21.515332],[-72.994775,21.561621],[-72.916113,21.506689]]]}},{"type":"Feature","properties":{},"geometry":{"type":"Polygon","coordinates":[[[-71.879932,21.84043],[-71.955469,21.864404],[-71.984521,21.893408],[-72.010645,21.950439],[-71.899609,21.8625],[-71.879932,21.84043]]]}},{"type":"Feature","properties":{},"geometry":{"type":"Polygon","coordinates":[[[-72.332812,21.851367],[-72.149805,21.804492],[-72.181543,21.780029],[-72.300879,21.755225],[-72.342383,21.795312],[-72.332812,21.851367]]]}},{"type":"Feature","properties":{},"geometry":{"type":"Polygon","coordinates":[[[-60.9979,8.867334],[-61.069189,8.947314],[-60.944775,9.055029],[-60.89458,9.053369],[-60.84917,8.995703],[-60.916406,8.899268],[-60.9979,8.867334]]]}},{"type":"Feature","properties":{},"geometry":{"type":"Polygon","coordinates":[[[-79.06543,8.254199],[-79.110352,8.209814],[-79.127539,8.251855],[-79.096289,8.29541],[-79.085303,8.295801],[-79.06543,8.254199]]]}},{"type":"Feature","properties":{},"geometry":{"type":"Polygon","coordinates":[[[-60.821191,9.138379],[-60.939453,9.132324],[-60.844873,9.191797],[-60.781592,9.218359],[-60.73584,9.20332],[-60.821191,9.138379]]]}},{"type":"Feature","properties":{},"geometry":{"type":"Polygon","coordinates":[[[-86.589355,71.010791],[-85.042773,71.091602],[-84.674316,71.43877],[-85.339062,71.697266],[-85.545801,72.101562],[-84.347461,72.094434],[-84.96416,72.405615],[-85.637891,72.633203],[-84.989551,72.919873],[-84.416064,73.456494],[-83.020459,73.676025],[-81.344092,73.597754],[-80.619141,72.997168],[-80.675098,72.558643],[-80.821484,72.260254],[-80.941406,72.048242],[-80.70542,71.988135],[-80.066992,72.37832],[-79.427441,72.337305],[-78.614453,71.881006],[-78.699268,72.351416],[-77.694482,72.238428],[-78.350244,72.600195],[-76.18877,72.572217],[-75.071484,72.322852],[-75.922803,71.717236],[-74.694922,72.096924],[-74.315723,71.842676],[-74.707373,71.646924],[-74.758936,71.338135],[-73.814062,71.771436],[-73.712842,71.587598],[-73.278223,71.537988],[-71.875195,71.56123],[-71.396582,71.146875],[-72.598047,70.849219],[-71.18623,70.978027],[-70.655225,70.870898],[-71.800146,70.457031],[-71.375098,70.548438],[-70.979785,70.581055],[-69.560107,70.777148],[-68.40083,70.56499],[-68.84292,70.314453],[-69.79585,70.046924],[-68.723291,70.145654],[-68.489355,70.064844],[-68.203516,70.281494],[-67.172656,69.799463],[-68.189453,69.730615],[-69.250781,69.511914],[-67.360937,69.47251],[-66.707422,69.168213],[-68.198193,69.202686],[-67.832617,69.065967],[-68.542773,68.842773],[-68.540625,68.749365],[-67.766016,68.547021],[-66.742725,68.457764],[-66.905127,68.098486],[-66.630957,68.210645],[-66.443945,67.833838],[-65.864355,67.922852],[-65.40127,67.674854],[-64.922314,68.031641],[-64.637793,67.840234],[-64.303271,67.353467],[-64.063232,67.265918],[-63.161621,67.174365],[-63.143701,66.924316],[-61.968555,67.019043],[-61.724121,66.637793],[-61.862695,66.312842],[-62.419824,66.288574],[-62.467773,66.01748],[-62.485645,65.804492],[-63.45874,65.853027],[-63.364258,65.543213],[-63.895605,65.109277],[-64.285742,65.400195],[-65.108496,65.46377],[-65.276953,65.890674],[-64.504395,66.325488],[-65.825732,65.996924],[-66.063721,66.132715],[-66.862891,66.595313],[-67.317676,66.520361],[-67.868457,66.490137],[-67.350439,65.929736],[-68.748926,66.200049],[-68.186719,65.870996],[-67.906055,65.563477],[-67.303418,65.48291],[-66.998584,65.172998],[-66.799609,65.019678],[-66.22373,64.854102],[-65.938525,64.885742],[-65.512793,64.525977],[-65.507471,64.318311],[-65.187305,64.037988],[-64.798145,63.915967],[-64.550293,63.572559],[-64.933301,63.599268],[-65.016699,63.292822],[-64.672363,62.921973],[-65.050195,62.646143],[-65.805664,62.911572],[-66.201074,63.00625],[-66.630859,63.119043],[-66.974707,63.255566],[-67.893262,63.73374],[-68.632861,63.741113],[-68.14126,63.172314],[-67.36665,62.91416],[-66.45874,62.463135],[-66.133154,62.102393],[-66.551318,61.925586],[-68.633643,62.281299],[-69.962109,62.776172],[-71.096191,63.019678],[-71.992236,63.416162],[-71.513477,63.586572],[-72.28877,63.756982],[-72.586133,63.900781],[-73.454541,64.399268],[-73.867871,64.585352],[-74.130469,64.607812],[-74.681396,64.830664],[-74.640039,64.55708],[-75.766699,64.391943],[-76.723828,64.242041],[-77.760498,64.360156],[-78.144629,64.807715],[-77.461475,65.328174],[-76.778906,65.413867],[-75.590869,64.927686],[-75.357129,65.00874],[-75.166309,65.283936],[-74.390723,65.397559],[-73.643408,65.653223],[-74.374902,66.208154],[-72.985352,66.765381],[-72.234131,67.284424],[-73.331445,68.308984],[-73.87334,68.46416],[-74.072998,68.714941],[-74.647949,68.70752],[-74.752393,68.89209],[-74.805469,69.064258],[-75.623047,68.887744],[-76.581738,68.816309],[-75.858594,69.060303],[-76.316211,69.421631],[-76.234082,69.662109],[-77.089941,69.635107],[-77.232471,69.85459],[-77.842529,70.24707],[-78.830859,70.463184],[-79.405225,70.400732],[-78.818799,70.010449],[-80.386816,70.010449],[-81.329492,70.024365],[-81.957715,69.86875],[-83.859082,69.962744],[-86.198193,70.105127],[-86.624316,70.40127],[-87.237891,70.309717],[-88.4021,70.44248],[-89.455908,71.061719],[-87.534424,70.956592],[-88.589502,71.240283],[-89.977344,71.848047],[-89.858691,72.24834],[-89.3271,72.841553],[-88.742529,73.33457],[-86.76875,73.833984],[-85.204297,73.603564],[-86.667773,72.762549],[-86.341357,72.123193],[-85.023389,71.353223],[-86.589355,71.010791]]]}},{"type":"Feature","properties":{},"geometry":{"type":"Polygon","coordinates":[[[-69.488867,83.016797],[-66.422559,82.926855],[-67.39707,82.668115],[-65.299023,82.799609],[-64.504004,82.778418],[-63.620605,82.729297],[-62.475195,82.51958],[-61.968652,82.110254],[-65.39917,81.715381],[-66.914062,81.485107],[-64.832764,81.438623],[-69.550684,80.383252],[-70.212793,80.277734],[-72.062988,80.105566],[-71.355811,79.911279],[-72.436523,79.694385],[-73.64209,79.770996],[-73.466064,79.495166],[-75.773828,79.431152],[-75.94751,79.311328],[-75.233154,79.035547],[-77.398047,79.057275],[-78.036816,78.963916],[-75.952686,78.959033],[-74.546582,78.620312],[-75.237207,78.355713],[-76.974023,77.927246],[-78.167969,77.458105],[-80.573047,77.314795],[-81.277734,77.365186],[-81.756348,77.204004],[-79.92373,77.193604],[-78.791797,76.883594],[-78.118701,76.644043],[-80.690283,76.176465],[-80.974512,76.470068],[-82.03418,76.629395],[-82.261963,76.574707],[-85.14126,76.30459],[-86.561914,76.516504],[-88.481641,76.580078],[-89.544336,76.659668],[-87.361719,77.13623],[-87.429688,77.347803],[-87.496777,77.871924],[-85.588477,77.461133],[-83.477344,77.513623],[-83.30376,77.67373],[-85.289355,77.559033],[-84.388135,78.206348],[-86.217773,78.081201],[-87.551758,78.176611],[-85.691016,78.843701],[-83.147412,78.807861],[-81.889111,78.974854],[-84.316113,78.975293],[-83.824609,79.058838],[-85.089795,79.612158],[-86.498535,80.258252],[-82.67749,79.992773],[-80.475928,79.60625],[-81.644238,79.890234],[-80.979639,80.445264],[-76.850342,80.878174],[-78.463965,81.114355],[-78.931543,81.119238],[-79.761328,80.841943],[-82.768311,80.630664],[-84.07627,80.55625],[-86.531592,80.604736],[-83.349219,81.10332],[-87.71167,80.65625],[-89.263281,80.914307],[-84.941211,81.28623],[-89.623047,81.032471],[-89.673682,81.328613],[-88.479053,81.564648],[-90.330859,81.631543],[-91.647559,81.683838],[-89.156348,81.95542],[-86.999219,81.992139],[-85.403174,81.982227],[-85.92002,82.283057],[-83.823633,82.350684],[-82.65708,82.158301],[-80.153369,81.977637],[-81.997607,82.278271],[-81.958594,82.563232],[-81.146631,82.715576],[-78.791797,82.693896],[-79.180566,82.933203],[-76.244043,82.604102],[-76.409961,82.81582],[-73.916504,82.904199],[-73.403809,82.977148],[-70.933008,82.911279],[-69.782129,83.092529],[-69.488867,83.016797]]]}},{"type":"Feature","properties":{},"geometry":{"type":"Polygon","coordinates":[[[-94.30835,71.764893],[-93.575879,71.568701],[-92.904199,70.916064],[-92.355811,70.634277],[-91.926221,70.294775],[-91.616113,70.147852],[-92.454687,70.150439],[-92.750928,69.713916],[-92.258301,69.634326],[-91.170312,69.620312],[-90.554932,69.504492],[-90.822119,69.290479],[-91.237207,69.285547],[-90.525244,68.611279],[-90.204785,68.257471],[-89.884229,68.625586],[-89.198486,69.269482],[-87.964355,68.709277],[-87.892676,68.248145],[-88.319629,68.165771],[-87.391943,67.191064],[-86.682031,67.422314],[-85.984473,68.045361],[-85.643164,68.699707],[-84.86748,68.790381],[-84.862207,69.073975],[-85.416406,69.410889],[-85.502441,69.651514],[-85.176807,69.805127],[-83.551709,69.703955],[-82.754834,69.494385],[-81.951807,69.276074],[-81.95166,68.909082],[-81.259131,68.692432],[-82.210156,68.50625],[-82.430664,68.306592],[-82.0125,68.193896],[-81.708594,67.722363],[-81.467578,67.069873],[-82.260547,66.739111],[-83.523096,66.36875],[-84.154443,66.731689],[-84.530664,66.961328],[-84.977979,66.88125],[-84.223047,66.682471],[-83.905078,66.211768],[-84.908398,66.271338],[-86.633203,66.531348],[-86.584766,66.321924],[-86.701953,65.670557],[-88.120996,65.39458],[-89.420361,65.860791],[-90.116602,65.882422],[-91.427246,65.9479],[-90.047559,65.805615],[-87.929541,65.280322],[-87.88501,64.400439],[-89.059619,64.034424],[-89.500928,64.014502],[-90.080029,64.127734],[-90.059619,63.87749],[-90.596387,63.661279],[-91.926025,63.75708],[-92.195215,63.775977],[-93.655811,63.972803],[-93.405859,63.941211],[-92.205029,63.656787],[-91.489307,63.562207],[-90.727637,63.01748],[-92.034229,62.863428],[-92.305176,62.71167],[-92.207227,62.585352],[-92.707422,62.418213],[-92.648096,62.207764],[-92.905518,62.215137],[-93.366357,62.014551],[-93.429932,61.812109],[-93.889258,61.364063],[-94.154053,61.025439],[-94.670654,60.45332],[-94.870264,59.087988],[-94.579199,58.868457],[-94.208936,58.626367],[-93.15459,58.69458],[-92.449414,57.384863],[-92.802393,56.92832],[-92.372119,56.975146],[-90.075195,57.051904],[-88.271338,56.535693],[-86.138672,55.717871],[-85.218018,55.348975],[-84.705762,55.259229],[-83.667676,55.264502],[-82.577441,55.14873],[-82.394141,54.180469],[-82.146191,53.3646],[-82.107959,52.877393],[-81.776367,52.253613],[-81.127197,52.04541],[-80.495508,51.344678],[-80.103564,51.282861],[-79.636182,51.049023],[-79.547461,51.493848],[-79.090869,51.501709],[-78.827441,51.42998],[-78.87124,51.913428],[-78.526074,52.310693],[-78.72168,52.856445],[-79.113135,53.717188],[-79.073291,53.951416],[-79.215967,54.185693],[-79.67041,54.646826],[-78.128857,55.151318],[-76.761816,55.996436],[-76.601416,57.272266],[-77.684082,58.291357],[-78.482617,58.829102],[-77.760693,59.380029],[-77.59043,59.680518],[-77.368408,59.884375],[-77.452881,60.145801],[-77.79082,60.639844],[-78.122461,60.809619],[-77.749609,61.393018],[-78.021387,61.83208],[-77.603955,62.531396],[-75.789844,62.17959],[-74.612891,62.125195],[-73.705078,62.473145],[-72.734961,62.131104],[-72.727393,61.838623],[-72.081445,61.728271],[-71.922266,61.676953],[-71.854395,61.439795],[-71.348437,61.148975],[-70.157959,61.020654],[-69.677588,60.949561],[-69.404736,60.846777],[-69.755908,60.388525],[-69.795654,60.029736],[-69.733936,59.918018],[-69.710889,59.392529],[-69.420312,59.068213],[-69.753027,58.9396],[-70.159961,58.789404],[-69.173486,58.896631],[-68.381152,58.743506],[-68.468164,58.076318],[-68.413574,58.051758],[-67.888281,58.295752],[-67.737061,58.385449],[-67.596338,58.186133],[-66.557715,58.636621],[-66.044629,58.605615],[-66.021289,58.734766],[-65.841406,58.977051],[-65.39624,59.038428],[-65.660742,59.229687],[-65.475098,59.470312],[-65.345508,59.511035],[-65.28877,59.818066],[-65.104883,59.993408],[-64.436328,60.228125],[-64.283496,60.064062],[-63.928809,59.644922],[-63.775879,59.277148],[-63.910498,59.065576],[-63.22251,59.057178],[-63.050293,58.878174],[-63.537061,58.329932],[-62.837402,58.479395],[-63.261523,58.014697],[-62.117432,57.964111],[-62.083984,57.561914],[-62.303223,57.440674],[-61.977441,57.247949],[-61.390479,56.852979],[-62.372021,56.836182],[-61.737744,56.526025],[-61.498682,56.327588],[-61.448926,56.022363],[-60.892676,55.914209],[-60.412598,55.788574],[-60.360937,55.366309],[-59.930322,55.259424],[-59.48584,55.130176],[-59.25957,55.199951],[-58.222852,54.812695],[-57.483008,54.640283],[-58.161914,54.319971],[-58.920215,54.033105],[-59.823047,53.834424],[-60.26333,53.610059],[-60.251172,53.343555],[-59.829053,53.504541],[-58.088086,54.089502],[-58.309961,54.20166],[-57.243994,53.715479],[-57.012158,53.672607],[-56.110156,53.587598],[-55.808203,53.134668],[-56.166992,52.574756],[-55.716211,52.391504],[-55.672803,52.190137],[-57.299219,51.478271],[-58.510352,51.295068],[-59.815332,50.418262],[-61.289746,50.201953],[-62.830225,50.301465],[-64.17041,50.269434],[-66.242188,50.220361],[-67.234375,49.601758],[-68.294531,49.114355],[-69.550098,48.250781],[-70.922607,48.422314],[-69.839844,47.952588],[-71.267773,46.795947],[-72.842676,46.262402],[-73.797852,45.654932],[-74.358301,45.206396],[-73.48418,45.586768],[-72.366162,46.404785],[-71.152002,46.819092],[-69.581055,47.823682],[-68.238184,48.626416],[-65.396143,49.262061],[-64.414551,48.803613],[-64.959912,48.159863],[-66.083105,48.102686],[-66.210205,47.988574],[-65.00166,47.846826],[-65.318896,47.101221],[-64.88252,46.822852],[-64.211816,46.220215],[-63.567676,45.87793],[-62.700684,45.740576],[-61.955518,45.868164],[-61.350488,45.573682],[-61.067676,45.252832],[-61.719238,45.094482],[-63.155713,44.711328],[-63.567676,44.514453],[-64.044629,44.54541],[-64.378223,44.303564],[-65.234912,43.726758],[-65.661914,43.534033],[-66.192529,44.079687],[-66.02168,44.561719],[-65.728223,44.697119],[-64.330762,45.309326],[-64.093164,45.21709],[-64.600195,45.410059],[-64.39707,45.755859],[-64.593652,45.813672],[-66.109766,45.316602],[-66.251562,45.189014],[-66.976562,45.157178],[-67.014014,44.867773],[-67.652979,44.562402],[-68.056641,44.384326],[-68.37373,44.445117],[-68.612012,44.310547],[-68.765527,44.509766],[-69.137256,44.037842],[-69.58999,43.886572],[-69.795312,43.910645],[-69.974512,43.818066],[-70.520703,43.348828],[-70.735693,42.669287],[-70.831152,42.552588],[-70.645215,42.021582],[-70.006104,41.872314],[-70.159863,42.097119],[-70.404687,41.626904],[-71.079785,41.538086],[-71.330615,41.762256],[-71.929932,41.341064],[-73.182275,41.17583],[-73.948584,40.83877],[-73.927197,40.914258],[-74.241504,40.45625],[-74.048926,39.923047],[-74.330615,39.535889],[-74.602979,39.292578],[-74.975293,39.188232],[-75.471631,39.712402],[-75.400635,39.831592],[-75.412646,39.281396],[-75.11084,38.599365],[-75.116748,38.406201],[-75.587109,37.558691],[-75.997363,37.263818],[-75.829053,38.032764],[-75.858691,38.362061],[-76.116504,38.317676],[-76.016943,38.625098],[-76.246973,38.822656],[-76.185693,38.990723],[-75.875977,39.375977],[-76.006299,39.568701],[-76.247656,39.438623],[-76.402783,39.252832],[-76.54624,39.067969],[-76.501318,38.532178],[-76.65918,38.579541],[-76.401953,38.125049],[-76.988379,38.393896],[-77.053906,38.705811],[-77.313672,38.396631],[-76.471777,38.011182],[-76.49248,37.682227],[-76.71543,37.810156],[-76.263477,37.357031],[-76.738086,37.448779],[-76.400879,36.991309],[-77.227051,37.309082],[-76.487842,36.897021],[-75.757861,36.229248],[-75.946484,36.659082],[-75.820068,36.112842],[-76.270605,36.189893],[-76.717627,36.148096],[-76.263574,35.96709],[-75.978906,35.895947],[-76.103516,35.380273],[-76.577197,35.532324],[-76.552783,35.305615],[-77.070264,35.154639],[-76.618018,34.769922],[-77.29624,34.60293],[-77.649658,34.35752],[-77.953271,34.168994],[-79.193799,33.244141],[-79.498682,33.027295],[-80.021777,32.619922],[-80.63418,32.511719],[-80.647217,32.395947],[-80.702051,32.245898],[-81.045557,31.892041],[-81.1979,31.704199],[-81.175439,31.531299],[-81.364893,31.171875],[-81.516211,30.801807],[-80.564307,28.556396],[-80.499561,27.934473],[-80.731738,28.462891],[-80.838184,28.757666],[-80.088672,26.993945],[-80.219092,25.741748],[-81.011963,25.133252],[-80.980371,25.31167],[-81.811475,26.146094],[-81.970166,26.552051],[-82.168604,26.874365],[-82.7146,27.499609],[-82.498145,27.86792],[-82.626025,27.745996],[-82.660645,28.48584],[-84.309668,30.064746],[-84.888916,29.777637],[-85.383447,29.785059],[-85.610254,30.148389],[-85.790771,30.171973],[-86.257373,30.493018],[-87.163721,30.374219],[-87.170605,30.53877],[-87.513281,30.368115],[-87.897607,30.41416],[-88.135449,30.366602],[-89.223633,30.332373],[-90.225293,30.379297],[-89.773145,30.137207],[-89.631689,29.903809],[-89.362793,29.839795],[-89.682959,29.674854],[-89.116846,29.248242],[-89.236084,29.081104],[-89.620264,29.302393],[-90.160791,29.504395],[-90.13584,29.136084],[-90.751025,29.130859],[-91.260254,29.505469],[-91.893164,29.836035],[-92.671289,29.59707],[-93.826465,29.725146],[-93.841455,29.979736],[-94.52627,29.547949],[-94.929883,29.680176],[-95.152148,29.079248],[-96.234521,28.488965],[-96.526025,28.648291],[-96.488818,28.406055],[-96.919873,28.185352],[-97.034326,28.093848],[-97.380469,27.419336],[-97.474512,27.172949],[-97.402344,26.396533],[-97.50708,25.014551],[-97.75835,22.886035],[-97.484521,21.704834],[-97.384814,21.523828],[-97.514551,21.477979],[-96.456055,19.869775],[-95.778125,18.805518],[-95.719824,18.768359],[-94.459766,18.16665],[-92.884766,18.468652],[-91.973779,18.715869],[-91.440479,18.541846],[-91.445557,18.832813],[-90.693164,19.729883],[-90.458447,20.713721],[-88.584912,21.538672],[-87.77373,21.549512],[-87.210596,21.543945],[-87.034766,21.592236],[-86.926221,20.786475],[-87.466211,19.82417],[-87.469385,19.586475],[-87.655762,19.257861],[-87.761816,18.446143],[-88.031738,18.838916],[-88.295654,18.344092],[-88.203467,17.516602],[-88.562305,16.29043],[-88.603369,15.76416],[-88.0104,15.786182],[-87.285889,15.834424],[-85.953906,16.002246],[-84.559668,15.802002],[-83.765283,15.405469],[-83.927441,15.394043],[-83.497949,15.222119],[-83.185352,14.956396],[-83.374854,14.766113],[-83.49375,13.738818],[-83.627197,12.459326],[-83.754248,12.501953],[-83.767187,12.059277],[-83.664307,11.723877],[-83.76792,11.010254],[-83.124609,10.041602],[-82.370801,9.428564],[-82.235449,9.14165],[-81.900146,9.111035],[-81.063086,8.812646],[-79.723096,9.479297],[-78.931641,9.428467],[-77.261572,8.493701],[-76.924658,7.973193],[-76.920459,8.57373],[-75.755566,9.415625],[-75.538574,10.205176],[-75.280615,10.727197],[-74.40957,10.967187],[-74.200195,11.265723],[-72.44707,11.801709],[-71.714551,12.419971],[-71.349414,11.814941],[-71.835107,11.190332],[-71.664844,10.44375],[-71.805664,9.386426],[-71.241406,9.160449],[-71.386621,10.26377],[-70.820508,11.208447],[-69.7729,11.541309],[-70.202783,12.098389],[-69.711914,11.564209],[-68.398633,11.160986],[-67.871631,10.47207],[-65.851758,10.257764],[-64.18833,10.457812],[-64.201953,10.632666],[-61.879492,10.741016],[-62.843018,10.41792],[-62.651172,10.070654],[-62.299805,9.788184],[-62.147461,9.953418],[-61.805371,9.705518],[-61.512305,9.84751],[-61.023145,9.15459],[-61.618701,8.597461],[-60.481494,8.547266],[-59.739941,8.338721],[-58.511084,7.398047],[-58.569482,6.627246],[-57.607568,6.450391],[-57.182129,5.528906],[-55.939551,5.795459],[-54.833691,5.98833],[-54.085303,5.411816],[-52.453955,5.021338],[-51.979346,4.429883],[-51.785645,4.570508],[-51.461523,4.31377],[-50.789697,2.477783],[-50.534424,1.927246],[-49.898877,1.162988],[-50.755078,0.222559],[-51.496289,-0.509473],[-51.980811,-1.367969],[-51.646289,-1.394336],[-50.838184,-1.038867],[-50.675293,-1.694727],[-49.999219,-1.831836],[-49.553369,-2.519922],[-49.154785,-1.878516],[-48.451465,-1.43584],[-48.201758,-0.82793],[-47.77373,-0.676758],[-47.460352,-0.680957],[-46.893652,-0.779883],[-46.219141,-1.03125],[-45.458594,-1.35625],[-44.919775,-1.588867],[-44.546777,-1.946289],[-44.662402,-2.373242],[-44.562012,-2.524219],[-44.381152,-2.738379],[-44.225195,-2.75498],[-43.380078,-2.376074],[-41.876172,-2.746582],[-40.235352,-2.813184],[-38.68623,-3.653711],[-37.174658,-4.912402],[-35.549414,-5.129395],[-34.879883,-6.908203],[-34.872998,-7.69209],[-35.59707,-9.540625],[-36.39834,-10.484082],[-37.181201,-11.1875],[-37.438477,-11.39375],[-38.447314,-12.96709],[-38.783594,-12.844434],[-39.034912,-13.558789],[-38.966504,-14.003418],[-38.960791,-16.186523],[-39.278369,-17.849414],[-39.783301,-19.571777],[-40.596582,-20.783789],[-40.987842,-21.920313],[-41.940918,-22.788281],[-43.081152,-22.902539],[-43.208838,-22.878125],[-43.898828,-23.035254],[-44.637256,-23.055469],[-45.21543,-23.575586],[-45.97207,-23.795508],[-47.98916,-25.035742],[-48.273486,-25.306348],[-48.692187,-25.491504],[-48.576318,-25.935449],[-48.676514,-26.612402],[-48.642578,-27.55791],[-49.271289,-28.871191],[-51.151758,-31.480371],[-52.063232,-31.830371],[-51.174316,-31.339746],[-50.770166,-30.813379],[-50.646191,-30.236816],[-51.29502,-30.141016],[-51.359082,-30.674512],[-51.972461,-31.383789],[-52.190186,-32.220801],[-53.41958,-33.779199],[-54.365332,-34.732715],[-56.194629,-34.906445],[-57.873242,-34.447656],[-58.363525,-33.182324],[-58.201172,-32.47168],[-58.454834,-33.285938],[-58.475244,-34.262988],[-57.170654,-35.3625],[-56.749463,-36.346484],[-57.507275,-37.909277],[-61.112207,-38.992969],[-62.303613,-38.988086],[-62.076807,-39.461523],[-62.393604,-40.458789],[-63.772998,-41.15],[-64.916895,-40.731348],[-65.059082,-41.969922],[-64.574121,-42.355957],[-64.228516,-42.218262],[-63.594434,-42.555566],[-64.324268,-42.572266],[-64.380371,-42.949219],[-65.252344,-43.571875],[-65.647607,-44.661426],[-66.493604,-45.117578],[-67.599561,-46.052539],[-65.998535,-47.09375],[-66.225244,-47.826758],[-66.017187,-48.084277],[-67.684863,-49.24668],[-68.404639,-50.042676],[-68.97959,-50.003027],[-68.749854,-50.281152],[-69.351758,-51.045801],[-69.218066,-51.56123],[-68.916797,-51.714648],[-69.446875,-52.269434],[-70.795117,-52.76875],[-71.082812,-53.825],[-72.398242,-53.417773],[-71.867334,-53.458398],[-71.163281,-52.888086],[-72.492578,-53.290625],[-72.909912,-52.936523],[-72.117578,-52.65],[-72.225684,-52.520996],[-72.766016,-52.642578],[-73.338184,-53.054688],[-73.123926,-52.487988],[-74.014453,-52.639355],[-74.265967,-52.171289],[-73.702783,-52.198828],[-73.137354,-52.129688],[-72.587988,-52.145117],[-72.53291,-52.282324],[-72.494141,-51.847559],[-73.11499,-51.504492],[-73.383252,-52.07002],[-73.973242,-51.784473],[-74.210498,-51.20459],[-75.055322,-50.785547],[-74.644482,-50.360938],[-73.806543,-50.938379],[-73.679932,-50.490234],[-73.950342,-50.510547],[-74.33374,-49.974609],[-74.29082,-49.604102],[-74.094434,-49.429688],[-73.934961,-49.020898],[-74.301514,-49.463965],[-74.176221,-48.494141],[-74.499414,-48.362305],[-73.384473,-48.177344],[-73.748242,-47.661328],[-74.376221,-47.829688],[-74.403564,-47.600391],[-74.482666,-47.430469],[-74.454199,-46.766797],[-75.005957,-46.741113],[-75.540332,-46.69873],[-75.635254,-46.862793],[-74.924463,-46.159668],[-74.301172,-45.803027],[-74.037549,-45.417676],[-74.061035,-45.947363],[-73.967578,-46.154102],[-73.810645,-46.377344],[-73.668213,-46.212109],[-73.730762,-45.47998],[-72.975537,-45.392578],[-72.738965,-44.73418],[-73.224463,-43.897949],[-72.758008,-43.039453],[-72.716309,-42.410449],[-72.460107,-42.206641],[-72.659863,-41.74248],[-72.669775,-41.659375],[-73.624023,-41.773633],[-73.855029,-41.446387],[-73.670996,-39.963184],[-73.471875,-38.130078],[-73.60166,-37.188477],[-73.006592,-36.643457],[-72.505176,-35.446973],[-72.002832,-34.165332],[-71.742969,-33.095117],[-71.577295,-31.496387],[-71.315723,-29.649707],[-71.266846,-28.50752],[-70.914258,-27.30791],[-70.635449,-25.992676],[-70.558643,-24.778516],[-70.392334,-23.565918],[-70.38916,-22.969629],[-70.080029,-21.356836],[-70.2104,-19.486914],[-70.941699,-17.932031],[-71.868359,-17.151074],[-73.26377,-16.388574],[-75.190527,-15.320117],[-76.175146,-14.22666],[-76.427344,-13.109961],[-77.062695,-12.106836],[-77.736084,-10.836719],[-78.75459,-8.74043],[-79.617725,-7.295605],[-81.180518,-5.942383],[-81.167676,-5.16709],[-80.891943,-3.881641],[-80.02666,-3.228125],[-79.832617,-2.110547],[-80.053076,-2.390723],[-80.839062,-2.349023],[-80.83501,-1.632422],[-80.455469,-0.585449],[-80.133398,-0.006055],[-79.741211,0.979785],[-79.025439,1.623682],[-78.534717,2.423682],[-77.987207,2.568994],[-77.671094,2.919336],[-77.356543,3.348584],[-77.248389,4.040967],[-77.515527,4.256299],[-77.339453,4.838525],[-77.344678,5.995361],[-77.525977,6.693115],[-78.378223,7.899902],[-78.141895,8.386084],[-78.057178,8.397119],[-78.374316,8.489258],[-78.514062,8.628174],[-79.24668,9.020068],[-79.815918,8.639209],[-80.458105,8.077051],[-80.110596,7.433447],[-80.914648,7.4375],[-81.268408,7.625488],[-82.096729,8.222754],[-82.866113,8.246338],[-83.285791,8.664355],[-83.452051,8.438477],[-83.736914,9.150293],[-84.643066,9.789404],[-84.962793,9.933447],[-85.314551,9.810937],[-85.671436,10.679785],[-85.744336,11.062109],[-87.125195,12.434131],[-87.424365,12.921143],[-87.485156,13.310596],[-87.878076,13.224414],[-88.581543,13.244971],[-90.095215,13.736523],[-92.264551,14.567773],[-93.916064,16.053564],[-94.302832,16.169336],[-94.587109,16.31582],[-94.900439,16.41748],[-95.134375,16.176953],[-97.754785,15.966846],[-100.024512,16.920508],[-101.600293,17.651562],[-103.018506,18.186865],[-104.602979,19.152881],[-105.615918,20.316309],[-105.327051,20.752979],[-105.225,21.249707],[-105.791797,22.62749],[-107.084863,24.016113],[-107.602002,24.490137],[-108.280762,25.081543],[-108.373682,25.194336],[-109.063477,25.516699],[-109.196484,25.592529],[-109.158789,26.25835],[-109.676074,26.696826],[-110.377295,27.233301],[-110.759033,27.915186],[-111.747217,28.563965],[-112.223486,29.269482],[-112.697168,29.916846],[-113.10498,31.027197],[-113.231445,31.255957],[-114.002686,31.525146],[-114.933594,31.900732],[-114.703369,30.765186],[-114.179199,29.734326],[-113.328906,28.873047],[-112.87085,28.424219],[-112.552637,27.657471],[-111.883154,26.840186],[-111.795264,26.879687],[-111.330371,25.931348],[-110.677246,24.788525],[-110.367432,24.100488],[-109.98252,24.109375],[-109.41499,23.405566],[-110.086035,23.005469],[-111.036182,24.105273],[-111.848242,24.670068],[-112.1146,25.630371],[-113.143213,26.792187],[-113.840967,26.966504],[-114.498291,27.376221],[-114.57002,27.783936],[-114.069336,27.675684],[-114.092725,28.221338],[-115.166357,29.427246],[-115.858203,30.359814],[-116.333447,31.202783],[-116.623877,31.758008],[-117.137402,32.64917],[-117.788525,33.538477],[-118.506201,34.017383],[-119.713184,34.399658],[-120.626709,34.668945],[-120.884863,35.274951],[-121.46499,35.927393],[-121.807422,36.851221],[-122.445605,37.797998],[-122.070508,37.478271],[-122.385449,37.960596],[-121.625732,38.083936],[-122.208301,38.072559],[-122.680713,37.902344],[-122.876807,38.12334],[-123.719531,39.110986],[-124.356543,40.371094],[-124.208447,40.746094],[-124.071924,41.459521],[-124.420508,42.381006],[-124.275488,43.367383],[-124.09917,44.333789],[-123.96123,45.842969],[-123.466357,46.209424],[-123.650342,46.267725],[-124.016406,46.521387],[-123.986035,46.984473],[-124.309277,47.40459],[-124.632617,48.375049],[-123.124414,48.150928],[-122.739746,48.013232],[-123.131055,47.437744],[-123.066797,47.399658],[-122.608154,47.835498],[-122.630176,47.692822],[-122.577881,47.293164],[-122.828467,47.336572],[-122.701953,47.110889],[-122.351123,47.395215],[-122.401807,47.784277],[-122.388672,48.166357],[-122.520312,48.229102],[-122.6625,48.446387],[-122.512744,48.669434],[-122.78877,48.993018],[-123.077295,48.980225],[-123.196338,49.147705],[-122.964453,49.329346],[-123.222998,49.590479],[-123.398975,49.441895],[-124.053809,49.661719],[-123.612744,49.657568],[-123.884961,50.017041],[-123.863037,50.102588],[-124.28125,49.772119],[-124.985596,50.355615],[-124.859863,50.872412],[-125.476318,50.497168],[-125.697559,50.464551],[-126.404492,50.529883],[-125.980713,50.711377],[-126.418213,50.850195],[-127.014062,50.866797],[-127.68916,51.343457],[-127.034082,51.716699],[-127.728711,51.505518],[-127.858789,51.990283],[-127.007959,52.290674],[-126.901416,52.265332],[-126.951318,52.72124],[-127.066211,52.652686],[-127.99541,51.950537],[-128.021289,52.490674],[-128.196777,52.623291],[-128.652344,53.243848],[-128.85459,53.704541],[-128.132715,53.417773],[-128.511768,53.476562],[-128.652881,53.831641],[-128.959375,53.841455],[-129.462402,53.346582],[-130.232861,53.867432],[-130.084229,54.181396],[-130.307227,54.700293],[-129.630127,55.452246],[-129.837744,55.319092],[-130.044043,55.471924],[-130.074658,55.836035],[-130.036572,55.2979],[-130.61582,54.790918],[-130.748193,55.318018],[-131.127686,55.960156],[-131.826172,55.835352],[-132.15542,55.599561],[-131.551367,56.206787],[-132.255566,56.489111],[-132.639502,56.796436],[-133.465869,57.172168],[-133.142822,57.555127],[-133.194336,57.877686],[-133.894482,57.993262],[-133.911133,58.515234],[-134.663623,58.384717],[-135.330322,59.239063],[-135.400146,59.20791],[-135.151904,58.512207],[-135.449951,58.376123],[-136.043115,58.821631],[-136.159473,58.946777],[-136.380273,58.827295],[-136.952832,58.966943],[-136.613916,58.809277],[-136.224609,58.602246],[-136.607422,58.243994],[-137.661084,58.659912],[-138.451318,59.110107],[-139.576807,59.462451],[-139.505566,59.726318],[-139.446875,59.956836],[-139.245703,59.78208],[-139.518945,60.01709],[-141.331934,59.873779],[-141.422168,60.085498],[-143.506104,60.055029],[-144.332617,60.191016],[-144.824414,60.533594],[-145.248291,60.380127],[-145.690234,60.621973],[-146.502979,60.700781],[-146.636035,60.992529],[-147.034326,60.996191],[-147.433398,60.950293],[-147.990771,60.948291],[-148.15791,61.079687],[-148.225879,61.044043],[-148.398682,60.734033],[-148.50957,60.565234],[-148.119189,60.575146],[-148.203564,60.364941],[-148.430713,59.989111],[-149.004248,59.97998],[-149.459717,59.96626],[-149.803662,59.832715],[-150.198047,59.566553],[-150.621143,59.535059],[-151.182764,59.300781],[-151.619385,59.187305],[-151.692578,59.462207],[-151.403662,59.662256],[-151.611865,60.092041],[-150.95376,60.841211],[-149.85625,60.962256],[-149.967725,61.121729],[-149.595996,61.417285],[-149.975684,61.279346],[-151.150146,61.08584],[-151.785107,60.740234],[-152.368848,60.336328],[-152.89292,60.240381],[-153.106055,59.875049],[-153.364014,59.659863],[-153.609375,59.615039],[-154.17832,59.155566],[-153.334424,58.857861],[-154.062451,58.441748],[-154.282275,58.146777],[-155.312744,57.807129],[-155.813672,57.559033],[-156.478418,57.327881],[-156.629004,57.009961],[-157.13916,56.826563],[-157.578369,56.634473],[-157.928711,56.531689],[-158.537402,56.335449],[-158.275635,56.19624],[-158.626758,56.154688],[-159.659668,55.625928],[-159.913525,55.792187],[-160.553516,55.535498],[-161.099512,55.405713],[-161.372705,55.556299],[-161.598779,55.592822],[-162.211475,55.121338],[-162.426807,55.14541],[-162.81958,54.95],[-163.288623,54.837598],[-163.114502,55.193945],[-162.658984,55.350781],[-161.222559,55.977441],[-161.005371,55.887158],[-160.530225,55.863477],[-160.527441,55.965039],[-159.785059,56.561621],[-158.708838,56.788574],[-158.47373,57.199072],[-157.697412,57.539258],[-157.607568,57.601465],[-157.193701,58.194189],[-156.974658,58.736328],[-158.021924,58.640186],[-158.314502,59.009326],[-158.760596,58.950098],[-159.082666,58.469775],[-160.260791,58.971533],[-161.287891,58.760937],[-161.780518,58.897412],[-161.920117,59.365479],[-162.287793,60.456885],[-162.468701,60.394678],[-162.732617,59.993652],[-164.470508,60.149316],[-165.224512,60.523584],[-164.318506,60.771289],[-163.894922,60.745166],[-163.837305,60.88042],[-165.065625,60.920654],[-165.137695,61.130127],[-165.273633,61.274854],[-165.691357,61.299902],[-166.163525,61.589014],[-165.991406,61.83418],[-165.194531,62.473535],[-164.687988,62.608252],[-164.764062,62.970605],[-164.107617,63.261719],[-163.737842,63.016406],[-162.807764,63.206592],[-161.50542,63.468164],[-160.987549,64.25127],[-160.893701,64.612891],[-161.466357,64.794873],[-162.807031,64.374219],[-163.144336,64.423828],[-164.829541,64.511377],[-166.481396,64.728076],[-166.856787,65.147266],[-166.609375,65.352734],[-167.927002,65.714355],[-166.540137,66.100635],[-165.560205,66.16709],[-164.460498,66.588428],[-163.793701,66.492627],[-162.721777,66.059814],[-161.201074,66.219385],[-161.887598,66.493066],[-162.253564,66.918652],[-161.048145,66.474219],[-160.864014,66.67085],[-161.622217,66.979346],[-163.001709,67.027295],[-166.235938,68.27793],[-166.447021,68.390234],[-164.302344,68.936475],[-163.131006,69.454346],[-161.779932,70.277344],[-161.639014,70.234521],[-160.005566,70.447559],[-159.683301,70.477148],[-159.191748,70.859668],[-158.620947,70.799023],[-156.97334,71.230029],[-155.645605,71.182764],[-155.708057,70.857275],[-154.726318,70.927783],[-153.23291,70.932568],[-152.399219,70.620459],[-151.224805,70.41875],[-149.870117,70.509668],[-148.248779,70.356738],[-146.28125,70.186133],[-144.064111,70.054102],[-142.296973,69.869873],[-140.86001,69.635254],[-137.259961,68.964111],[-135.231201,68.694287],[-135.872852,69.001025],[-135.691455,69.311182],[-134.852881,69.485889],[-134.242041,69.668848],[-134.165039,69.280566],[-133.028271,69.508252],[-132.568359,69.698145],[-131.581836,69.882129],[-130.665479,70.127051],[-129.730078,70.19209],[-130.83208,69.651465],[-132.12876,69.402344],[-133.228223,68.967139],[-133.319531,68.819727],[-132.739111,68.922461],[-132.134375,69.234473],[-131.562939,69.461377],[-131.063428,69.450684],[-130.515967,69.569678],[-128.898926,69.966162],[-129.054346,69.701074],[-127.764941,70.221875],[-128.168066,70.479785],[-127.138477,70.239355],[-125.907422,69.418555],[-125.345508,69.662451],[-124.88916,69.935791],[-124.745117,70.080176],[-124.471924,69.918506],[-124.47207,69.400049],[-123.361475,69.496631],[-122.7854,69.808447],[-120.814648,69.616846],[-118.095215,69.04292],[-116.334082,68.873633],[-115.883252,68.987305],[-114.218164,68.552051],[-114.095947,68.266797],[-115.201855,67.998437],[-114.429395,67.751221],[-112.879443,67.679883],[-111.450684,67.776172],[-110.21626,67.954004],[-109.686035,67.751758],[-108.890967,67.438086],[-108.346973,67.403418],[-108.344336,67.05752],[-108.001758,66.818018],[-107.278076,66.424902],[-107.499219,66.936182],[-107.32334,67.022559],[-107.638379,67.474219],[-107.763086,67.906836],[-107.224121,68.093799],[-106.534863,68.209277],[-105.933057,68.443115],[-106.458057,68.516455],[-107.146191,68.304199],[-108.027197,68.162939],[-108.345752,68.597803],[-106.015674,68.906055],[-105.194971,68.330371],[-104.769629,68.251758],[-103.901562,68.041064],[-102.320361,67.735645],[-100.855615,67.798975],[-99.293555,67.745312],[-98.417139,67.826465],[-98.539844,68.046631],[-97.194434,67.696924],[-97.739111,67.978174],[-98.380859,68.132471],[-98.218555,68.317432],[-97.548047,68.474951],[-96.976709,68.25542],[-96.531299,68.063135],[-96.198828,67.717822],[-96.012598,67.270898],[-95.528711,67.20918],[-95.610645,66.975684],[-96.404248,67.063232],[-95.743164,66.69043],[-95.399658,66.949463],[-95.650488,67.737451],[-94.744434,68.070898],[-93.448926,68.618896],[-93.765723,68.96958],[-94.216943,68.760547],[-94.081152,69.13584],[-93.619482,69.416992],[-93.537061,69.382324],[-94.163184,69.445947],[-94.789258,69.585449],[-96.050146,69.831152],[-96.336572,70.470166],[-95.886328,70.694287],[-96.47041,71.069727],[-96.139648,71.396387],[-95.44751,71.460059],[-95.615918,71.6854],[-94.478809,71.848584],[-94.30835,71.764893]]]}},{"type":"Feature","properties":{},"geometry":{"type":"Polygon","coordinates":[[[-29.952881,83.564844],[-25.912451,83.2375],[-31.515576,82.99165],[-25.123389,83.159619],[-22.524902,82.78916],[-23.118066,82.324707],[-27.839502,82.048877],[-23.310547,81.885303],[-21.167383,81.983838],[-21.960742,81.283936],[-22.918945,80.871826],[-20.015723,81.564355],[-17.71665,81.428174],[-16.120703,81.776611],[-12.434424,81.68252],[-12.46123,81.23252],[-14.228564,80.870459],[-16.760596,80.573389],[-17.011133,80.190186],[-19.429199,80.257715],[-20.068848,79.773779],[-19.354199,79.567334],[-19.011328,79.251465],[-19.831592,78.959131],[-21.141455,78.642529],[-21.632666,77.897461],[-20.318604,77.861963],[-19.524121,77.571973],[-19.587598,77.294434],[-18.292383,77.132861],[-18.981006,76.81377],[-21.614697,76.687891],[-22.444434,76.625049],[-21.416846,76.264014],[-19.862891,76.120654],[-19.431445,75.566895],[-19.893164,75.204541],[-21.649316,75.023438],[-21.457324,74.997559],[-20.88999,74.735205],[-20.214258,75.019238],[-19.271582,74.342627],[-20.653125,74.137354],[-21.920166,74.439209],[-22.22002,74.165527],[-21.022217,73.94126],[-21.872852,73.358105],[-24.45127,73.628516],[-25.527734,73.84082],[-25.450098,73.390674],[-27.27041,73.436279],[-27.264893,73.176465],[-27.07002,73.137012],[-24.587207,73.422949],[-22.450195,72.986084],[-22.293213,72.119531],[-24.547217,72.921729],[-26.205762,72.795557],[-25.2375,72.842773],[-25.128027,72.419189],[-23.797705,72.200732],[-22.264502,71.753809],[-22.417578,71.248682],[-21.671191,71.205957],[-21.943506,70.443457],[-22.526074,70.807812],[-23.791797,70.555176],[-25.033398,71.333936],[-27.087207,71.626563],[-25.699414,71.368311],[-27.335693,70.952783],[-27.979297,70.839502],[-28.953467,70.447217],[-26.56543,70.437549],[-27.628857,70.028223],[-25.624854,70.346973],[-22.235449,70.067578],[-23.014551,69.804834],[-23.708984,69.627246],[-24.220898,69.479297],[-25.092432,69.165186],[-26.138623,68.781152],[-27.851221,68.493506],[-29.868506,68.311572],[-30.610742,68.11792],[-32.313672,68.387598],[-32.248926,68.139111],[-33.108154,67.658203],[-33.527979,67.258154],[-34.475879,66.592139],[-35.662061,66.34375],[-35.729297,66.102246],[-36.522754,65.973145],[-37.062793,65.871436],[-37.954785,65.633594],[-37.290674,66.323926],[-37.969434,66.141113],[-38.203369,65.711719],[-39.57793,65.340771],[-41.084424,65.10083],[-40.278418,64.595947],[-40.98457,64.23501],[-40.617773,64.131738],[-41.056152,63.412256],[-41.62793,63.064502],[-41.634473,62.972461],[-42.741113,62.713037],[-42.243164,62.466064],[-42.110205,61.857227],[-42.49375,61.362793],[-43.791992,60.59458],[-43.156494,60.332861],[-43.955029,60.025488],[-44.10542,59.877734],[-44.404932,60.060791],[-44.812207,60.049902],[-44.742432,60.655273],[-45.934326,60.579443],[-45.870215,61.218311],[-46.805664,60.860303],[-47.707471,60.8271],[-48.241943,60.806836],[-48.378125,61.138477],[-48.987207,61.428711],[-49.304492,61.772314],[-49.008154,62.108203],[-49.667725,62.150879],[-50.319238,62.473193],[-50.092236,62.976758],[-50.804297,63.090771],[-51.280078,64.052979],[-50.492285,64.229346],[-51.487109,64.103271],[-51.109912,64.572803],[-50.268945,64.614746],[-50.516992,64.766504],[-50.913721,65.096973],[-51.17085,64.707764],[-51.834961,64.231982],[-52.235449,65.060547],[-52.17959,65.441943],[-51.393799,65.77915],[-52.994922,65.566016],[-53.392041,66.04834],[-51.891211,66.623145],[-51.647705,66.754004],[-53.412744,66.159961],[-53.435791,66.622168],[-52.386865,66.881152],[-53.687158,66.986475],[-52.666455,67.749707],[-50.613477,67.52793],[-51.423242,67.754492],[-52.97959,67.757764],[-53.35293,67.970508],[-51.596875,68.054785],[-51.169141,68.385205],[-52.198535,68.220801],[-53.337402,68.352148],[-51.478711,68.547168],[-51.249414,68.739941],[-50.459375,69.205518],[-50.810596,69.599023],[-50.3375,69.994141],[-51.189941,70.051904],[-53.023047,70.301904],[-54.437988,70.751611],[-52.801953,70.750586],[-50.682129,70.396875],[-51.282813,70.768018],[-51.26709,70.976855],[-52.233594,71.147559],[-53.0021,71.369971],[-52.081934,71.636719],[-53.464844,71.606787],[-53.355273,71.870898],[-53.672021,72.351025],[-53.70293,72.080029],[-53.779687,71.678516],[-54.172705,71.417285],[-55.667822,71.626758],[-54.840137,72.356104],[-55.37793,72.311133],[-54.924951,72.571973],[-54.866211,72.966846],[-55.633984,72.991406],[-55.288281,73.3271],[-55.991992,73.536816],[-55.872412,73.833447],[-56.298486,74.163428],[-56.9375,74.195068],[-56.350293,74.490479],[-57.190869,74.89375],[-58.603467,75.385303],[-59.263623,75.818896],[-62.09668,76.242334],[-63.843066,76.217139],[-64.911963,76.17251],[-65.875732,76.23833],[-66.992578,76.212939],[-68.560645,76.150195],[-68.660742,76.586621],[-69.747217,76.752393],[-70.441309,76.807373],[-71.141455,77.028662],[-68.747461,77.306934],[-66.447656,77.349805],[-66.970654,77.67085],[-68.621533,77.601855],[-70.118164,77.583496],[-70.412402,77.843115],[-72.064941,77.936816],[-72.672461,78.335303],[-71.394775,78.642627],[-68.923926,78.881934],[-67.482227,79.116895],[-65.419873,79.340234],[-64.465723,80.07168],[-65.222119,80.085938],[-66.959473,80.092041],[-66.372314,80.58418],[-64.515527,81],[-63.235205,81.08335],[-61.635596,81.115723],[-61.235693,81.69458],[-59.281934,81.884033],[-56.730664,81.365625],[-58.816748,81.92041],[-55.48623,82.282861],[-53.582031,82.061572],[-52.968506,81.967139],[-50.894434,81.895215],[-50.935547,82.382812],[-44.890967,81.788281],[-44.54707,82.260059],[-45.067432,82.784961],[-41.434424,82.778613],[-46.169043,83.063867],[-42.775537,83.258789],[-40.689453,83.275195],[-38.098584,83.013574],[-38.749561,83.37085],[-37.486914,83.499121],[-35.165527,83.545752],[-30.70293,83.593408],[-29.952881,83.564844]]]}},{"type":"Feature","properties":{},"geometry":{"type":"Polygon","coordinates":[[[-72.664062,20.0375],[-72.638867,19.98584],[-72.844238,20.035449],[-72.899316,20.031445],[-72.906738,20.08584],[-72.791016,20.091895],[-72.664062,20.0375]]]}},{"type":"Feature","properties":{},"geometry":{"type":"Polygon","coordinates":[[[-57.020654,-63.372852],[-57.152246,-63.479102],[-58.722852,-64.077441],[-58.905127,-64.352148],[-59.460742,-64.345605],[-59.963086,-64.431348],[-61.331836,-65.023828],[-61.855615,-65.235352],[-61.756006,-65.569238],[-61.839062,-66.119531],[-60.988135,-65.940234],[-60.955664,-66.071973],[-61.431934,-66.144727],[-62.24126,-66.19707],[-62.637549,-66.511133],[-63.25752,-66.26377],[-63.964355,-66.58877],[-64.400977,-66.85332],[-64.785498,-67.12373],[-65.248535,-67.341992],[-65.418066,-67.65957],[-65.54624,-68.14668],[-65.365186,-68.2875],[-65.15835,-68.617969],[-63.216602,-68.418848],[-63.747021,-68.70459],[-62.839746,-69.371875],[-62.217871,-70.233203],[-61.696484,-70.675781],[-61.25166,-71.002246],[-61.789551,-71.616016],[-60.949023,-71.747266],[-61.310254,-72.112695],[-60.730322,-72.425977],[-60.384668,-73.007324],[-60.560693,-73.211426],[-61.914746,-73.215723],[-60.902734,-73.870605],[-61.319434,-74.035938],[-61.120605,-74.306934],[-62.088867,-74.452832],[-62.372461,-74.952148],[-63.197998,-74.909082],[-63.231055,-75.153809],[-63.25752,-75.398535],[-67.518213,-76.109766],[-72.722314,-76.689063],[-76.244189,-76.585352],[-75.386914,-77.474219],[-74.812061,-78.177832],[-81.103125,-77.841797],[-77.54502,-78.65957],[-83.08252,-78.24668],[-83.35498,-78.407617],[-82.589209,-78.916309],[-80.47876,-79.426172],[-76.031592,-79.627051],[-78.907129,-80.089648],[-75.709033,-80.382715],[-73.937842,-80.815918],[-70.687891,-80.62627],[-68.589844,-80.967969],[-62.490234,-81.556738],[-64.475684,-81.67168],[-64.137109,-81.869336],[-65.913184,-82.183203],[-63.466309,-82.306836],[-62.553027,-82.50332],[-61.218408,-82.991797],[-60.397021,-83.440723],[-56.075049,-82.570215],[-52.798877,-82.153613],[-47.360254,-82.004004],[-46.516748,-82.45459],[-43.180371,-82.017188],[-39.762305,-81.032031],[-35.775879,-80.812695],[-32.255713,-80.460742],[-24.240283,-80.061914],[-25.258643,-79.7625],[-31.412793,-79.145215],[-36.265625,-78.615527],[-33.591162,-77.31123],[-29.891553,-76.597949],[-23.197266,-75.717676],[-18.850928,-75.470215],[-18.516943,-75.051953],[-16.429541,-74.323926],[-15.259619,-73.888867],[-16.387744,-73.681348],[-15.007031,-73.047461],[-13.602832,-72.79209],[-10.958105,-71.901953],[-12.351318,-71.389746],[-10.825439,-71.55332],[-10.359961,-70.982422],[-8.646484,-71.672754],[-7.756885,-71.017188],[-6.54751,-70.816895],[-6.126758,-71.265625],[-2.812012,-71.320996],[-0.89585,-71.349219],[0.834961,-71.202344],[6.950977,-70.535254],[9.885547,-70.40293],[12.461621,-70.370117],[13.297949,-70.22959],[16.381055,-70.145117],[18.627344,-70.269434],[19.409277,-70.916992],[21.848926,-70.276758],[22.979004,-70.810352],[24.385742,-70.704395],[26.917969,-70.953711],[30.834082,-70.246289],[32.989355,-69.624219],[33.465625,-68.670703],[34.058594,-69.110547],[36.331152,-69.639355],[38.144336,-69.824219],[39.705078,-69.425586],[41.356348,-68.514941],[44.372852,-67.961328],[46.436523,-67.533398],[47.40293,-67.40918],[48.32168,-67.785254],[49.219336,-67.226855],[50.006152,-67.175195],[50.332422,-66.444629],[54.947852,-65.916309],[57.185449,-66.613281],[56.479688,-66.85918],[57.361133,-67.052637],[59.867578,-67.403125],[63.699023,-67.508301],[68.32793,-67.889551],[69.788672,-68.279492],[69.530762,-69.024023],[68.95918,-69.540234],[68.178125,-69.837305],[68.559375,-70.4125],[68.767969,-71.090723],[67.281055,-72.290625],[67.003125,-73.236426],[69.157031,-72.418652],[70.731641,-71.822266],[71.771387,-70.80127],[73.041406,-70.009668],[75.635547,-69.848926],[77.81748,-69.068945],[80.363086,-67.946875],[83.903711,-67.291992],[86.750195,-67.037109],[89.698438,-66.823047],[92.48584,-66.604297],[94.313477,-66.647168],[96.788867,-66.550586],[98.858887,-66.670801],[101.381348,-65.973047],[103.951172,-65.988086],[107.785059,-66.664062],[110.622266,-66.524023],[113.502148,-65.886328],[115.635352,-66.771191],[114.319043,-67.405664],[116.713477,-67.047168],[118.518945,-67.160938],[119.953711,-67.075879],[122.033105,-66.901758],[124.597852,-66.708203],[126.42373,-66.462402],[128.816406,-67.080371],[130.578516,-66.208594],[133.842773,-66.153613],[135.351953,-66.127148],[137.753809,-66.406445],[140.901563,-66.751953],[143.168945,-66.948633],[144.621191,-67.141406],[144.879102,-67.720898],[146.878223,-68.191211],[149.716895,-68.417773],[151.28877,-68.81709],[153.495703,-68.764355],[154.576367,-68.634277],[157.481348,-69.308691],[159.930957,-69.630566],[161.625098,-70.916113],[162.674805,-70.30459],[165.853906,-70.645313],[167.966309,-71.09248],[170.276855,-71.443945],[170.030078,-72.115527],[169.440332,-72.486816],[169.828613,-72.728809],[167.853027,-73.122461],[167.709082,-73.394238],[165.970605,-73.630762],[165.129492,-73.382617],[165.037207,-74.263477],[164.410742,-74.533398],[162.96123,-74.656055],[161.67959,-75.217773],[162.577637,-75.758008],[162.824609,-76.463574],[162.850195,-77.023535],[164.036426,-77.853027],[164.628125,-78.315625],[166.510352,-78.497363],[166.116797,-78.571094],[161.757422,-78.544922],[161.737305,-79.059961],[160.20918,-79.554395],[159.896484,-79.858984],[158.560352,-80.348926],[160.823242,-80.674023],[160.72793,-81.112891],[161.996094,-81.653027],[162.426563,-82.314453],[164.747168,-82.354395],[167.232617,-82.952344],[168.481641,-83.126758],[167.842773,-83.316211],[171.537109,-83.581348],[175.187402,-83.877441],[178.944434,-84.181445],[174.375,-89.998926],[163.125,-89.998926],[151.875,-89.998926],[140.625,-89.998926],[129.375,-89.998926],[118.125,-89.998926],[106.875,-89.998926],[95.625,-89.998926],[84.375,-89.998926],[73.125,-89.998926],[61.875,-89.998926],[50.625,-89.998926],[39.375,-89.998926],[28.124902,-89.998926],[16.875,-89.998926],[5.625,-89.998926],[-5.625049,-89.998926],[-16.875,-89.998926],[-28.125,-89.998926],[-39.375,-89.998926],[-50.625,-89.998926],[-61.875,-89.998926],[-73.125,-89.998926],[-84.375,-89.998926],[-95.625,-89.998926],[-106.875,-89.998926],[-118.125,-89.998926],[-129.375,-89.998926],[-140.625,-89.998926],[-151.875,-89.998926],[-163.125,-89.998926],[-174.375,-89.998926],[-180,-87.881055],[-177.73042,-84.395215],[-171.703662,-84.542383],[-157.12749,-85.185645],[-156.620996,-84.839648],[-164.916846,-84.431348],[-163.821387,-84.290527],[-164.08291,-83.946094],[-168.347363,-83.636816],[-174.235938,-82.793457],[-169.440771,-83.095996],[-166.216895,-83.200781],[-162.912061,-83.34707],[-157.027783,-83.234375],[-155.150244,-82.858398],[-154.061377,-81.76543],[-156.528223,-81.162305],[-149.207422,-80.67041],[-150.435449,-80.211035],[-148.430273,-79.971289],[-150.490625,-79.545605],[-152.243506,-79.102734],[-155.919775,-78.510352],[-157.266797,-78.199805],[-158.213574,-77.157129],[-155.91958,-77.098047],[-153.460596,-77.416016],[-149.588477,-77.774219],[-148.843604,-77.283691],[-147.207227,-77.28584],[-145.794287,-77.32998],[-145.933936,-77.029004],[-147.34043,-76.438379],[-148.631787,-76.167969],[-145.44209,-76.40918],[-144.220605,-75.731445],[-140.874316,-75.745898],[-137.618164,-75.075586],[-134.840381,-74.694141],[-131.706543,-74.810938],[-126.383984,-74.742578],[-118.80293,-74.422266],[-114.991016,-74.275],[-113.753271,-74.366699],[-114.097217,-74.909082],[-111.69624,-74.792188],[-111.466797,-74.200781],[-110.531934,-74.836328],[-108.254492,-75.252539],[-104.159668,-75.120703],[-101.039355,-75.421875],[-98.557861,-75.189746],[-100.264893,-74.822949],[-101.342773,-74.350098],[-102.410645,-73.616406],[-99.781104,-73.720117],[-100.020801,-73.402539],[-103.307715,-72.945312],[-102.362939,-72.911426],[-100.563574,-73.015527],[-96.955762,-73.206445],[-94.586475,-73.249512],[-90.430908,-73.243262],[-89.229395,-72.825781],[-88.419385,-73.229004],[-85.980762,-73.208496],[-83.564844,-73.705957],[-81.262402,-73.314941],[-80.442236,-72.944531],[-77.845605,-73.515039],[-76.8875,-73.820508],[-74.594043,-73.715234],[-71.697559,-73.353027],[-67.66709,-72.83457],[-67.529932,-71.28457],[-68.469824,-69.643848],[-67.110449,-69.248047],[-67.116895,-68.574805],[-66.915381,-67.692578],[-67.564746,-67.50293],[-66.955078,-66.984766],[-66.498682,-67.289062],[-66.503613,-66.689844],[-65.678467,-66.402734],[-65.22207,-66.068457],[-64.653223,-65.866895],[-64.213477,-65.63291],[-64.05127,-65.417188],[-63.059082,-65.139355],[-62.503467,-64.656445],[-61.500488,-64.545605],[-60.277246,-63.923926],[-57.868066,-63.31875],[-57.020654,-63.372852]]]}},{"type":"Feature","properties":{},"geometry":{"type":"Polygon","coordinates":[[[17.979785,59.329053],[18.560254,59.394482],[17.974609,59.002637],[16.639355,58.651172],[16.923828,58.492578],[16.555371,57.812256],[16.507324,57.141699],[15.920313,56.167383],[14.713965,56.134131],[14.20293,55.72915],[12.940625,55.481592],[12.520996,56.245557],[12.656445,56.440576],[12.421484,56.906396],[11.729102,57.764453],[11.271582,58.475635],[11.388281,59.036523],[10.742578,59.295996],[10.49375,59.541504],[10.179395,59.009277],[9.696094,59.009717],[9.19375,58.711865],[7.465918,58.020947],[6.802832,58.154541],[6.676758,58.233789],[5.585938,58.62041],[6.21416,58.944678],[5.968555,59.186133],[6.278516,59.534521],[5.362305,59.166357],[5.529688,59.713086],[5.966699,59.813184],[6.105176,60.165137],[6.719922,60.418164],[5.967383,60.205566],[5.263867,59.709766],[5.219531,59.97876],[5.573828,60.158496],[5.589355,60.694287],[5.09541,61.071338],[6.777832,61.142432],[7.54502,61.177148],[7.298047,61.213623],[6.599902,61.289648],[5.106738,61.187549],[5.167578,61.543359],[5.465332,61.896924],[5.664453,61.9229],[5.357715,62.151709],[6.025586,62.375684],[6.136133,62.407471],[6.744629,62.637891],[7.518164,62.645508],[7.024902,62.728809],[7.571875,63.099512],[8.60918,62.880566],[8.641016,63.39209],[8.842383,63.645898],[9.602246,63.60957],[10.188574,63.454785],[10.779199,63.651172],[11.175586,63.898877],[10.966699,63.901562],[9.76748,63.699512],[10.009961,64.083154],[11.523828,64.744385],[12.159668,65.178955],[12.511719,65.195312],[12.20625,65.48623],[12.976074,66.019189],[13.973145,66.319727],[13.191602,66.537158],[13.916992,66.819385],[14.205566,67.11123],[14.824414,67.268311],[14.961914,67.574268],[15.691504,67.521387],[15.303906,67.765283],[15.274414,67.960938],[15.486816,68.102832],[16.312305,67.881445],[16.203809,68.316748],[17.552832,68.42627],[16.514355,68.532568],[17.70459,69.100049],[18.378711,69.439844],[18.674023,69.520361],[19.687012,69.804736],[20.068945,69.883447],[20.277148,69.53584],[20.661523,69.584717],[21.163086,69.889502],[21.802734,70.066064],[22.054395,70.275977],[22.982813,70.236768],[23.329102,70.207227],[24.403516,70.745312],[25.171191,70.872021],[25.768164,70.853174],[24.982715,70.143994],[26.661328,70.939746],[26.585059,70.41001],[27.555664,70.827393],[28.392285,70.975293],[28.271777,70.667969],[28.437305,70.501367],[29.397656,70.734131],[30.203027,70.562305],[30.262988,70.124707],[29.635938,69.780127],[30.348828,69.83457],[31.452734,69.6896],[31.98457,69.953662],[32.754297,69.605713],[32.999805,69.470117],[33.417969,69.315283],[33.684375,69.310254],[35.85791,69.191748],[39.568945,68.071729],[40.380664,67.831885],[41.261719,67.218457],[38.653906,66.069043],[35.513477,66.395801],[34.146094,66.703271],[32.847559,67.021533],[32.500977,67.003857],[33.18291,66.573877],[33.41582,66.315625],[34.734766,65.716309],[34.827148,64.912695],[35.432031,64.346777],[37.372754,63.816748],[37.843555,64.366309],[36.578711,64.790967],[37.528125,65.108252],[39.053516,64.713916],[40.444922,64.778711],[39.816504,65.597949],[42.083594,66.465918],[43.550879,66.321289],[43.944141,66.098682],[44.488672,66.671777],[43.795703,67.32959],[44.169141,68.3271],[45.078125,68.578174],[46.174219,67.818164],[45.752539,66.98916],[46.69082,66.825537],[47.874707,67.58418],[48.840625,67.869727],[51.078516,68.36333],[52.183496,68.374268],[52.550098,68.592432],[54.37627,68.964746],[53.833887,68.708936],[53.293359,68.31167],[54.393945,68.275098],[55.675293,68.575879],[58.173047,68.889746],[59.370508,68.738379],[59.827539,68.380322],[60.48916,68.728955],[60.276465,69.652637],[64.19043,69.534668],[65.812695,69.077002],[68.156934,68.403662],[68.65957,68.927393],[67.064453,69.693701],[66.926367,70.014258],[67.284766,70.738721],[66.84707,71.063721],[68.269238,71.682812],[69.708984,72.956396],[71.616992,72.9021],[72.624414,72.079443],[72.079297,71.306689],[72.529688,70.17251],[72.811914,68.815234],[73.129395,68.090918],[71.365234,66.961523],[70.561426,66.548682],[70.443945,66.697314],[69.013477,66.78833],[70.339453,66.342383],[72.417383,66.560791],[74.769531,67.766357],[74.57959,68.751221],[77.111719,68.596191],[77.675098,67.5896],[78.16123,67.678369],[77.958691,68.377051],[75.561133,69.251807],[73.890918,69.417969],[74.343359,70.578711],[73.671777,71.845068],[75.09707,72.420654],[75.369336,72.796631],[75.694434,72.253516],[75.417188,71.494678],[76.995215,71.181055],[78.888672,70.997168],[77.706641,71.300586],[76.032422,71.9104],[78.232422,71.952295],[77.625293,72.201416],[80.699219,72.098291],[82.757812,71.764111],[82.493164,71.292871],[82.163184,70.598145],[82.737793,70.94209],[82.682324,70.217725],[83.073828,70.276709],[83.333887,70.988525],[83.534375,71.683936],[82.183594,72.237549],[80.719629,72.6479],[80.455469,73.155225],[81.468848,73.64043],[85.44834,73.734619],[86.365918,73.619775],[86.30791,73.195752],[85.998926,73.48584],[87.503223,73.832471],[86.395801,74.450098],[86.425684,74.585498],[86.862891,74.717871],[87.005957,75.169824],[91.004687,75.649561],[93.687012,75.921582],[92.89043,75.909961],[94.102344,76.123584],[96.075488,76.081982],[96.49707,75.891211],[98.02002,76.133691],[99.615625,76.082324],[99.7375,75.880664],[98.869434,76.50957],[101.683789,76.485498],[100.905859,76.900684],[103.560742,77.631934],[105.983398,77.447607],[105.645898,77.100684],[107.278906,76.990967],[106.683203,76.514697],[108.181641,76.737842],[111.600586,76.622314],[112.413281,76.408301],[113.04668,76.114111],[113.427734,76.112109],[113.517188,75.621875],[112.72959,75.737646],[112.924902,75.015039],[109.866406,74.293066],[107.271094,73.621045],[105.402734,72.789941],[107.36875,73.163135],[109.165625,73.399609],[110.722363,73.779932],[110.083887,73.994385],[111.228125,73.968555],[112.939648,73.835645],[113.156934,73.45957],[113.158203,72.769482],[113.215527,72.805859],[113.829297,73.326562],[114.816016,73.607178],[118.754492,73.464502],[120.597949,72.981104],[122.69209,72.89082],[123.301172,73.001807],[123.355273,73.40249],[124.388086,73.754834],[126.254492,73.548193],[126.838477,73.43418],[128.281445,73.330566],[129.05918,73.10752],[129.229102,72.775732],[129.116602,72.485742],[127.803418,72.434033],[129.154199,71.878662],[128.922656,71.601758],[130.668457,70.88833],[131.562012,70.901025],[132.325781,71.726221],[133.426172,71.490967],[135.884766,71.630566],[137.939648,71.133398],[138.314063,71.325537],[138.23418,71.596338],[139.632129,71.489258],[139.84707,72.148584],[139.14502,72.264404],[140.972852,72.716992],[143.51582,72.698242],[146.25293,72.442236],[144.169238,72.258789],[146.40166,72.035498],[145.709668,72.206348],[145.063965,71.926074],[145.804785,71.746484],[148.964844,72.252344],[149.04873,71.795752],[149.912695,71.580713],[150.097656,71.226562],[151.999805,71.00249],[155.595898,71.038623],[159.804688,70.604932],[159.729395,69.870215],[161.14082,69.038867],[161.365137,68.822998],[162.166016,69.611572],[164.513281,69.609131],[167.950098,69.69917],[169.310645,69.079541],[170.71416,69.388232],[170.867969,70.096045],[173.438672,69.946826],[176.10752,69.860303],[178.925,69.325977],[179.651367,64.920947],[177.337012,64.931348],[176.645508,65.007178],[176.556641,64.83999],[175.09707,64.746631],[176.300879,64.783838],[177.049805,64.719238],[178.044727,64.21958],[178.451367,64.011377],[178.466113,63.574072],[178.792969,63.540332],[179.25957,63.008301],[179.176953,62.469189],[177.292578,62.599023],[177.091211,62.789551],[176.907422,62.536084],[175.192383,62.034424],[173.623438,61.716064],[172.867773,61.293066],[172.362402,61.116602],[171.489746,60.725732],[170.396484,60.009766],[169.814746,60.265381],[167.745996,60.509326],[166.148926,59.92207],[165.941992,60.356885],[164.953711,59.843604],[164.113281,59.897559],[163.49375,59.886768],[162.974902,59.137061],[162.141602,58.447412],[162.392188,57.74502],[163.213867,57.686816],[162.814844,57.023389],[163.243262,56.564551],[162.628125,56.232275],[162.589063,56.454932],[161.775586,55.654834],[161.966895,54.688672],[160.288867,54.288232],[159.899121,53.447705],[158.952051,53.047559],[158.608789,52.873633],[157.823242,51.605322],[156.713477,51.124121],[156.228613,52.62627],[155.563867,55.199121],[156.728418,57.152246],[156.871973,57.803662],[158.321094,58.083447],[159.847363,59.127148],[161.845996,60.232227],[163.585156,60.877148],[163.972754,61.419873],[164.2875,62.346631],[165.280371,62.462988],[163.331738,62.550928],[163.131055,62.049902],[163.047266,61.554053],[162.506445,61.670117],[160.287305,60.667041],[160.004004,61.007422],[160.162695,61.5375],[159.552344,61.719482],[158.333691,61.825684],[156.790625,61.529639],[155.427832,60.549854],[154.20918,59.600342],[155.153027,59.270215],[154.010938,59.075537],[152.817871,58.92627],[151.121094,59.08252],[151.798047,59.323242],[150.823438,59.460742],[150.202539,59.65127],[149.133008,59.480518],[148.72666,59.25791],[146.537207,59.456982],[144.483398,59.37627],[141.754688,58.745264],[140.002344,57.6875],[138.662109,56.965527],[137.189844,55.892285],[135.2625,54.943311],[136.580273,54.613623],[136.718848,53.804102],[137.141602,54.182227],[137.476465,54.027588],[137.253711,53.546143],[138.568164,53.947168],[138.660742,53.744775],[139.319727,54.192969],[141.005664,53.49458],[140.839648,53.087891],[141.329688,52.271143],[140.838574,51.41416],[140.624512,50.082422],[140.399121,49.289795],[140.170605,48.523682],[139.001367,47.383301],[137.769141,45.928516],[136.251172,44.666797],[135.260156,43.684619],[133.329492,42.763867],[132.481348,42.909766],[131.89834,43.170752],[131.29248,42.772119],[130.729883,42.325781],[130.068262,42.045752],[129.76582,41.303857],[128.842969,40.358496],[127.86709,39.895947],[127.383496,39.296143],[128.1625,38.786133],[129.418262,37.059033],[129.402441,36.137646],[129.419141,35.497852],[128.458105,35.069434],[128.03623,35.021973],[127.71543,34.721045],[127.479102,34.625244],[127.24707,34.755127],[126.531445,34.314258],[126.524512,34.6979],[126.397852,34.932812],[126.614062,35.570996],[126.719629,35.8979],[126.544238,36.341211],[126.180859,36.691602],[126.784473,36.948437],[126.787402,37.102734],[126.580176,37.65376],[126.203125,37.828516],[125.581543,37.815039],[124.98877,37.931445],[124.690918,38.129199],[125.491797,38.676123],[125.413184,39.32627],[124.732227,39.652197],[124.362109,40.004053],[123.490039,39.767871],[122.225,39.267334],[121.677246,39.003418],[121.163574,38.731641],[121.757812,39.347559],[121.26748,39.544678],[121.868945,40.046387],[121.858789,40.84209],[121.085938,40.841602],[119.591113,39.902637],[118.826465,39.172119],[117.784668,39.134473],[118.66709,38.126367],[119.033496,37.661035],[119.760547,37.155078],[120.284668,37.69209],[121.816406,37.456641],[122.602344,37.426416],[122.519727,36.946826],[122.049512,36.970752],[120.81084,36.632812],[120.682227,36.340723],[120.327734,36.228174],[120.219043,35.934912],[119.608398,35.469873],[119.426758,34.71416],[120.499805,33.716455],[120.989941,32.567041],[121.751074,31.992871],[121.145801,31.842334],[120.035937,31.936279],[121.055371,31.719434],[121.675195,30.86377],[120.62998,30.390869],[120.633398,30.133154],[121.944336,29.894092],[121.821875,29.604639],[121.655957,29.236133],[121.540039,28.931885],[121.609961,28.292139],[120.958594,28.037012],[120.661328,27.687891],[120.278711,27.09707],[119.842383,26.689307],[119.588184,26.784961],[119.876465,26.370947],[119.232129,26.104395],[119.616895,25.8229],[119.34375,25.446289],[119.024609,25.223438],[118.640234,24.809082],[118.087109,24.627002],[118.024219,24.379639],[117.579199,23.856982],[117.330762,23.708789],[116.75957,23.38252],[116.519824,23.006592],[115.852148,22.801563],[115.195801,22.817285],[114.65166,22.755273],[114.266016,22.540967],[114.139063,22.348438],[113.82832,22.607227],[113.519727,23.1021],[113.449805,22.726123],[113.415723,22.178369],[112.953906,21.907324],[112.421289,21.880615],[112.30498,21.741699],[111.775977,21.719238],[111.100586,21.484717],[110.504297,21.207422],[110.154004,20.944629],[110.517578,20.46001],[109.931641,20.398877],[109.72627,20.83877],[109.930762,21.480566],[109.544043,21.537939],[109.101758,21.590479],[108.589355,21.815967],[108.444336,21.607324],[107.972656,21.507959],[107.37334,21.128467],[106.88623,20.95],[106.550781,20.526562],[105.812109,19.466992],[105.808203,18.64585],[106.459375,17.873682],[107.180371,16.897949],[107.882031,16.309619],[108.267383,16.089795],[108.821289,15.37793],[109.207324,14.154297],[109.271875,13.279346],[109.274023,12.709033],[109.220215,11.958838],[109.173242,11.664746],[108.418555,11.040723],[107.384473,10.458643],[106.983691,10.618311],[106.698438,10.462061],[106.602441,10.231738],[106.595605,9.859863],[106.53916,9.603564],[106.206152,9.502344],[104.891895,8.583252],[105.092578,9.900977],[104.663477,10.169922],[103.870508,10.655127],[103.721875,10.890137],[103.152832,10.913721],[102.932324,11.741699],[102.574805,12.157812],[102.034375,12.531885],[100.897754,12.653809],[100.906543,13.462402],[100.051074,13.17124],[99.79873,11.748779],[99.165039,10.319824],[99.253906,9.265234],[99.989551,8.589209],[100.453516,7.442285],[100.27998,7.584326],[100.423535,7.187842],[101.400879,6.899561],[102.790234,5.644922],[103.420508,3.976855],[103.537305,2.774756],[104.176367,1.364893],[103.991504,1.454785],[103.356836,1.546143],[101.406836,2.813477],[100.85127,3.776709],[100.614551,4.652246],[99.868652,6.749902],[99.435156,7.334375],[98.973926,7.962793],[98.420996,8.178223],[98.443164,9.492822],[98.523047,10.353125],[98.730078,11.32998],[98.693652,11.718359],[98.696289,12.225244],[98.635645,12.770508],[98.238965,13.934473],[97.976562,14.461475],[97.74375,15.306787],[97.725977,16.568555],[97.17832,17.062012],[96.850879,17.20293],[96.364355,16.520508],[96.324316,16.444434],[95.711426,16.073389],[95.346777,16.097607],[94.882227,16.087939],[94.651367,16.064844],[94.637695,16.309082],[94.327344,16.572168],[94.560059,17.698975],[94.07002,18.893408],[93.929199,18.899658],[93.824902,19.238477],[93.761035,19.648047],[93.40957,20.03833],[93.040332,20.129785],[92.882129,20.152148],[92.735645,20.562695],[92.248145,20.883594],[91.857813,22.317334],[91.480078,22.884814],[90.633594,23.094238],[90.555664,23.421533],[90.527734,23.084961],[90.498438,22.634814],[90.355762,22.048242],[90.20957,22.156592],[89.881836,22.387598],[89.568555,21.767432],[89.353711,21.721094],[88.949316,21.937939],[88.74502,21.584375],[88.641602,22.121973],[88.253711,21.622314],[87.941406,22.374316],[87.82373,21.727344],[86.939355,20.745068],[86.445801,20.088916],[85.85293,19.791748],[85.248633,19.757666],[84.770996,19.125391],[83.572266,18.003613],[82.307227,16.878564],[81.711719,16.334473],[80.917773,15.759668],[80.101074,15.323633],[80.143652,14.058936],[80.062109,13.60625],[79.858496,11.98877],[79.848633,11.196875],[79.314551,10.256689],[79.107031,9.308936],[78.19248,8.890869],[77.065918,8.315918],[76.403125,9.236816],[76.419531,9.520459],[76.12334,10.327002],[75.314648,11.958447],[74.681641,13.58374],[74.335059,14.575439],[73.931934,15.396973],[73.476074,16.054248],[72.97207,18.259277],[72.97207,19.15332],[72.787891,19.362988],[72.708984,20.078027],[72.692383,21.177637],[73.022461,21.699609],[72.61748,21.961719],[72.455957,22.248096],[72.094434,21.919971],[72.076563,21.224072],[70.127344,21.094678],[68.983496,22.3854],[69.727539,22.465186],[70.509375,23.040137],[70.118262,22.947021],[68.41748,23.571484],[68.234961,23.596973],[67.950977,23.828613],[67.476855,24.018262],[67.100586,24.791943],[66.324219,25.601807],[66.32832,25.465771],[64.594043,25.206299],[63.556641,25.353174],[62.444727,25.197266],[61.743652,25.138184],[60.5875,25.413525],[59.227246,25.427734],[57.796094,25.653027],[57.036035,26.800684],[55.941113,27.037598],[54.759277,26.505078],[53.45498,26.943262],[52.030762,27.824414],[51.093848,28.512109],[50.675195,29.146582],[50.128906,30.048096],[49.049023,30.397266],[48.916797,30.397266],[48.546484,29.962354],[48.005664,29.835791],[47.725293,29.416943],[48.183789,28.979395],[48.626367,28.132568],[49.15752,27.528223],[50.149805,26.662646],[50.184961,26.404932],[50.130273,25.846631],[50.725586,24.869385],[50.868652,25.612695],[51.526953,25.682129],[51.533398,24.890869],[51.309863,24.340381],[51.734766,24.262793],[52.648242,24.154639],[54.458398,24.358252],[55.303516,25.236816],[56.164453,26.207031],[56.417773,26.208154],[56.387988,24.979199],[57.825098,23.759131],[58.911523,23.33418],[59.823242,22.508984],[59.304492,21.435352],[58.208984,20.423975],[57.802148,19.95459],[57.738477,18.977344],[56.383496,17.987988],[55.295605,17.381592],[54.068164,17.005518],[52.327734,16.293555],[51.748633,15.440137],[49.906348,14.828125],[48.668359,14.050146],[47.407715,13.661621],[45.657324,13.338721],[44.617773,12.817236],[43.487598,12.698828],[43.044824,14.341553],[42.936426,14.938574],[42.799902,15.371631],[42.647461,16.801367],[41.75,17.885742],[41.116016,19.082178],[40.080664,20.265918],[39.14707,21.518994],[39.062012,22.592187],[38.757031,23.194287],[37.820996,24.1875],[37.266309,24.960059],[36.675195,26.038867],[35.423828,27.733789],[34.779883,28.507324],[34.617188,28.75791],[33.594141,28.255566],[32.811719,29.4],[32.359766,29.630664],[32.829492,28.702881],[33.558789,27.701221],[34.049512,26.550732],[35.624707,24.066016],[35.564355,23.271094],[36.87041,22.015771],[37.257227,21.039404],[37.193164,20.120703],[37.921875,18.555908],[38.609473,18.005078],[39.578809,15.52251],[39.86377,15.470312],[40.546289,14.933594],[42.399316,13.212598],[43.130859,12.660449],[42.799023,11.739404],[43.042773,11.588477],[44.386523,10.430225],[46.565039,10.745996],[48.572559,11.320508],[50.466211,11.727539],[51.136328,11.505127],[51.031836,10.444775],[51.38457,10.386523],[50.825,9.428174],[49.76123,7.659521],[48.233984,4.952686],[44.032715,1.105908],[42.218945,-0.737988],[41.532715,-1.695312],[40.916602,-2.04248],[40.404492,-2.555664],[39.936816,-3.44248],[39.658008,-4.119141],[39.123242,-4.980469],[38.855273,-6.204883],[39.546094,-7.024023],[39.441016,-8.011523],[39.641309,-9.19248],[39.945215,-10.092285],[40.463574,-10.464355],[40.526855,-11.025391],[40.510449,-11.94043],[40.57207,-12.758398],[40.569531,-13.223438],[40.602539,-14.167383],[40.775,-14.421289],[40.700684,-14.929785],[40.313867,-15.763965],[39.844629,-16.435645],[38.757617,-17.055176],[37.839453,-17.393164],[36.756152,-18.307324],[36.183203,-18.871387],[34.852344,-19.820508],[34.705078,-20.473047],[35.329297,-22.037402],[35.49375,-22.124707],[35.494434,-23.185156],[35.489648,-24.065527],[33.347461,-25.260938],[32.769629,-26.203027],[32.886133,-26.849316],[31.955371,-28.883789],[30.472266,-30.714551],[28.449414,-32.624609],[25.989551,-33.711328],[24.905566,-34.059766],[22.925586,-34.063184],[21.248926,-34.407031],[19.92627,-34.774707],[19.244629,-34.412305],[18.826367,-34.188477],[18.461621,-34.346875],[18.309473,-33.514453],[17.895313,-32.750488],[18.21084,-31.74248],[16.480762,-28.641504],[15.215723,-26.995117],[14.845215,-25.725684],[14.483398,-24.050391],[14.495703,-22.921387],[13.450586,-20.916699],[11.951367,-18.270508],[11.796973,-15.986426],[12.280469,-14.6375],[13.597949,-12.286133],[13.633496,-10.512305],[13.075977,-9.230371],[13.358984,-8.687207],[12.521289,-6.590332],[13.009766,-5.907617],[12.411719,-5.986328],[12.177148,-5.324805],[11.80127,-4.705176],[10.947266,-3.662109],[9.763672,-2.473828],[9.624609,-2.36709],[9.482813,-1.962305],[9.052832,-1.379102],[9.397168,-1.530176],[9.203809,-1.382422],[8.821387,-0.708398],[9.325293,0.11582],[9.738379,0.084961],[9.398828,0.486719],[9.625293,0.631641],[9.434082,1.296387],[9.800781,2.304443],[9.765723,3.623828],[9.639941,3.965332],[9.500781,4.000732],[9.000098,4.091602],[8.807129,4.573437],[8.532813,4.605859],[8.252734,4.923975],[7.530762,4.655176],[7.086914,4.68584],[6.787598,4.724707],[6.633008,4.340234],[6.263672,4.309424],[5.970703,4.338574],[5.403223,5.142285],[5.500879,5.378613],[5.393848,5.574512],[5.172852,5.602734],[4.125879,6.411377],[3.430176,6.525],[1.187207,6.089404],[-0.126514,5.568164],[-1.776855,4.880371],[-3.114014,5.088672],[-3.151416,5.348291],[-4.357275,5.301416],[-4.970117,5.147754],[-5.564746,5.089453],[-7.426074,4.376025],[-10.276367,6.077637],[-11.50752,6.906543],[-12.510449,7.665723],[-12.925146,8.055176],[-13.157959,8.442285],[-13.121631,8.58877],[-13.271631,8.987402],[-13.568262,9.543408],[-13.820117,9.887207],[-14.60957,10.549854],[-14.837451,10.962549],[-15.05459,11.141943],[-15.400586,11.266211],[-15.252588,11.573291],[-15.501904,11.723779],[-15.078271,11.968994],[-15.902734,11.919678],[-16.24458,12.237109],[-16.553223,12.604883],[-16.672559,12.622021],[-16.76333,13.06416],[-16.413379,13.269727],[-15.471289,13.458643],[-16.530078,13.457959],[-16.618115,14.040527],[-17.168066,14.640625],[-16.843408,15.293994],[-16.078906,17.54585],[-16.514453,19.361963],[-16.210449,20.22793],[-16.728369,20.806152],[-16.930859,21.9],[-16.210254,23.0979],[-15.912549,23.727588],[-14.904297,24.719775],[-14.413867,26.253711],[-13.256152,27.434619],[-11.430176,28.382031],[-9.743457,29.958203],[-9.83335,31.069629],[-8.596289,33.187158],[-5.957568,35.681152],[-5.337646,35.745215],[-3.693262,35.27998],[-2.925977,35.287109],[-1.913281,35.094238],[-0.350781,35.863184],[0.97168,36.443945],[3.779004,36.896191],[6.064746,36.864258],[7.204297,37.092383],[9.058887,37.155859],[9.896387,37.181641],[10.293262,36.781494],[11.12666,36.874072],[10.505762,36.032422],[11.120117,35.240283],[10.040039,34.140332],[10.828125,33.518896],[11.202637,33.249219],[12.427051,32.829102],[14.237109,32.68125],[15.496387,31.656787],[17.830469,30.927588],[19.713281,30.488379],[19.926367,31.817529],[21.424707,32.79917],[22.916895,32.687158],[24.038965,32.037012],[25.150488,31.65498],[27.620117,31.191748],[29.278906,30.866943],[30.312305,31.357031],[30.841406,31.439893],[31.839258,31.526318],[31.902051,31.240186],[32.250586,31.294922],[33.156738,31.126221],[34.477344,31.584863],[35.155078,33.16001],[35.921387,34.493311],[35.916016,35.350537],[35.882812,36.406348],[35.801563,36.778076],[34.81123,36.799268],[33.441797,36.152832],[32.021973,36.535303],[30.506055,36.451123],[29.689063,36.156689],[28.969629,36.715332],[28.019434,36.634473],[27.554688,36.758887],[27.668359,37.007422],[27.520117,37.249121],[27.077832,37.687695],[26.682813,38.19834],[26.416406,38.367871],[26.59502,38.418604],[27.144238,38.451953],[26.90918,38.775781],[26.853613,39.115625],[26.484082,39.520703],[26.313379,40.025],[27.475586,40.319922],[27.994824,40.466602],[29.055176,40.42417],[29.844922,40.738086],[29.067383,41.10166],[31.34668,41.15791],[34.192969,41.963672],[35.297754,41.728516],[36.509668,41.2625],[37.910059,41.001904],[40.128418,40.943018],[41.701758,41.70542],[41.128711,42.828125],[39.516699,43.727881],[37.572461,44.67085],[36.627637,45.151318],[36.865918,45.427051],[37.634375,45.486328],[38.069727,45.969873],[38.077734,46.394336],[38.22998,46.70127],[39.270703,47.044141],[38.552441,47.150342],[37.828711,47.09585],[36.558789,46.762695],[35.204395,46.169189],[35.230371,46.440625],[35.260156,45.446924],[36.170508,45.453076],[36.229883,45.025977],[35.357813,44.978418],[33.909961,44.387598],[33.601172,44.981494],[32.551855,45.350391],[33.594141,46.09624],[32.329883,46.130371],[32.013086,46.387158],[32.131445,46.509375],[31.974316,46.708789],[31.865918,47.003271],[31.496875,46.738379],[30.656738,46.266504],[29.685059,45.754687],[29.678613,45.15166],[29.095313,44.975049],[28.813574,44.60249],[28.585352,43.742236],[27.896484,43.020703],[27.982715,42.047412],[29.032129,41.140479],[27.747363,41.013281],[26.271777,40.096582],[26.720313,40.544238],[26.010742,40.769141],[24.678711,40.869482],[23.743262,40.677002],[24.29248,40.241797],[23.720508,40.286279],[23.664551,40.223828],[23.395605,39.989844],[22.811426,40.578613],[22.835742,39.800586],[23.154688,39.101465],[22.938965,39.111523],[22.634277,38.850684],[23.683984,38.352441],[24.055371,37.709619],[23.420215,37.99209],[23.197559,37.620215],[23.252539,37.377295],[22.775,37.585107],[23.111719,36.547607],[22.608398,36.779736],[22.164746,36.902832],[21.738086,36.863232],[21.288477,37.774512],[21.54873,38.1646],[22.799609,37.981201],[23.183496,38.133691],[22.753906,38.289502],[21.71709,38.355029],[21.30332,38.373926],[20.777344,38.927881],[21.034082,39.02627],[20.191406,39.545801],[19.360156,40.347705],[19.3375,40.663818],[19.545801,41.596826],[18.63291,42.378076],[18.160645,42.634033],[17.667578,42.897119],[16.268945,43.53125],[15.655664,43.811279],[15.470996,44.271973],[14.632031,45.2229],[13.96582,44.835645],[13.57793,45.516895],[13.156738,45.746582],[12.536133,45.544922],[12.523438,44.967969],[12.396289,44.223877],[13.804688,43.180371],[15.964063,41.939453],[16.012598,41.4354],[18.460645,40.221045],[17.476172,40.314941],[16.807031,40.326465],[17.122949,39.136572],[16.545605,38.409082],[15.700195,38.262305],[16.209961,38.941113],[15.390918,40.052148],[14.839551,40.62998],[14.428125,40.759326],[13.733398,41.235645],[13.024219,41.300928],[11.296289,42.423291],[10.937793,42.738721],[10.517285,43.065137],[9.730859,44.101172],[8.00498,43.876758],[6.657227,43.26167],[5.406543,43.228516],[4.911914,43.426953],[4.409766,43.447217],[3.861621,43.516357],[3.211426,42.431152],[3.224609,42.111133],[1.566602,41.195605],[0.720605,40.630469],[-0.327002,39.519873],[-0.052734,38.585693],[-0.814648,37.769922],[-1.797607,37.232861],[-2.787549,36.714746],[-4.434863,36.700244],[-5.381592,36.134082],[-6.040674,36.188428],[-6.32832,36.848145],[-6.86377,37.278906],[-8.136768,37.077051],[-8.81416,37.430811],[-8.668311,38.424316],[-9.203369,38.538965],[-8.791602,39.078174],[-9.474121,38.730859],[-9.319629,39.391113],[-8.772412,40.605664],[-8.805664,41.56001],[-8.87832,41.946875],[-8.730029,42.411719],[-9.035059,42.662354],[-9.178076,43.174023],[-8.248926,43.439404],[-7.59458,43.727344],[-6.224121,43.603857],[-4.015332,43.463086],[-2.875049,43.454443],[-1.484863,43.56377],[-1.245215,44.666699],[-0.633984,45.047119],[-1.195996,45.714453],[-1.132031,46.252686],[-2.09248,46.865039],[-2.027588,47.273584],[-2.530029,47.381592],[-2.733105,47.601807],[-3.328613,47.71333],[-4.375098,47.877441],[-4.512207,48.229736],[-4.364404,48.356738],[-4.531201,48.619971],[-2.792871,48.601074],[-1.824707,48.630518],[-1.870068,49.595117],[-1.232275,49.494873],[0.136133,49.401514],[0.616211,49.862939],[1.579492,50.739258],[3.225195,51.351611],[4.226172,51.386475],[3.499609,51.57666],[4.175488,51.519287],[4.026074,51.927734],[4.712695,52.872119],[5.873535,53.375195],[7.197266,53.282275],[8.009277,53.690723],[8.451367,53.551709],[8.897754,53.835693],[9.216406,53.891211],[8.736035,54.295215],[8.789648,54.695947],[8.345313,55.510303],[8.281445,56.616699],[8.994531,56.774805],[8.876074,56.887256],[8.427051,56.984424],[9.815137,57.478418],[10.537109,57.448535],[10.282715,56.620508],[10.753418,56.241992],[10.159375,55.853809],[9.810352,55.650977],[9.504785,55.11626],[9.892285,54.780615],[10.212402,54.408936],[10.85459,54.009814],[12.168652,54.225879],[13.448047,54.140869],[14.583496,53.639355],[13.925781,53.879053],[14.211426,53.950342],[16.239355,54.333057],[18.085645,54.83584],[18.587109,54.512891],[19.858887,54.633838],[20.845703,55.232031],[21.031738,55.350488],[21.222852,55.107764],[21.014941,56.258936],[21.728711,57.570996],[23.287305,57.089746],[24.301563,57.784131],[24.392188,58.386084],[23.691504,58.505615],[23.497168,58.819531],[23.640527,59.242334],[25.44375,59.521143],[26.852051,59.471777],[28.013965,59.724756],[28.603906,59.818066],[29.669727,59.955664],[29.569336,60.201855],[28.640332,60.542871],[27.525098,60.490771],[26.534668,60.412891],[26.377734,60.424072],[25.845801,60.3146],[24.957617,60.157471],[23.592676,59.968164],[23.188477,59.972217],[22.819141,60.101367],[22.471094,60.146973],[22.512305,60.281348],[21.805273,60.594141],[21.378906,60.850049],[21.506641,61.484326],[21.605957,61.591553],[21.343359,62.277393],[21.45752,62.95],[22.120313,63.244141],[22.318652,63.504395],[23.493945,64.034473],[24.530176,64.738672],[25.280762,64.916406],[25.30791,65.352734],[24.628027,65.85918],[23.59209,65.805322],[22.538574,65.794336],[22.254004,65.597559],[21.95,65.470361],[21.595996,65.316553],[21.545996,65.206982],[21.279297,64.724707],[20.762695,63.867822],[19.655762,63.458008],[19.034375,63.237744],[18.606445,63.178271],[18.482617,62.92832],[17.951074,62.833887],[17.930469,62.640625],[17.508984,62.48252],[17.510156,62.166309],[17.196387,61.724561],[17.163867,61.278271],[17.359863,60.64082],[17.955762,60.589795],[18.787012,60.079492],[18.639941,59.600928],[17.979785,59.329053]],[[50.679883,46.938721],[49.886328,46.595654],[49.28584,46.436816],[48.742578,46.100732],[48.589063,45.934863],[47.701074,45.686182],[47.529492,45.530225],[47.221484,45.024268],[46.841211,44.718262],[47.122656,44.26167],[47.627832,43.805957],[47.529004,42.967139],[48.303027,42.080225],[49.106641,41.301709],[49.851758,40.577197],[49.918848,40.316406],[49.367383,39.398389],[49.111328,39.084717],[48.901367,38.143652],[49.726953,37.480518],[51.118555,36.742578],[53.76875,36.818457],[53.897852,37.413574],[53.87373,38.741943],[53.539453,39.274072],[53.235645,39.608545],[53.450488,39.748535],[52.952148,39.895459],[52.849902,40.685645],[53.423633,40.792773],[54.283301,40.693701],[54.685059,40.873047],[54.181055,41.431592],[53.624902,42.136377],[52.883496,41.652539],[52.493848,41.780371],[52.596582,42.760156],[52.018555,42.860547],[51.514063,43.170508],[51.238965,43.576709],[50.331152,44.325488],[50.860352,44.62876],[51.431055,44.601953],[51.153711,45.040234],[52.426758,45.404639],[52.773828,45.572754],[53.170215,46.669043],[52.384863,46.922119],[51.650098,47.018066],[50.679883,46.938721]]]}},{"type":"Feature","properties":{},"geometry":{"type":"Polygon","coordinates":[[[-81.783838,24.54458],[-81.809229,24.542334],[-81.811426,24.557812],[-81.767676,24.576709],[-81.738672,24.575439],[-81.739746,24.554492],[-81.783838,24.54458]]]}}]}