#VRML V2.0 utf8
# 3D model generated by easyeda2kicad.py (https://github.com/uPesy/easyeda2kicad.py)

Shape{
    appearance Appearance {
        material  Material 	{
            diffuseColor 0.6470588235294118 0.6196078431372549 0.5882352941176471
            specularColor 0.45098039215686275 0.43529411764705883 0.4117647058823529
            ambientIntensity 0.6242
            transparency 0.0
            shininess 0.5
        }
    }
    geometry IndexedFaceSet {
        ccw TRUE
        solid FALSE
        coord DEF co Coordinate {
            point [
                1.9095 0.5236 0.6693, 1.9095 0.5236 0.5976, 1.8307 0.5236 0.6693, 1.8307 0.5236 0.5976, 1.9095 -0.691 0.6693, 1.8307 -0.691 0.6693, 1.8307 -0.7042 0.6675, 1.9095 -0.7042 0.6675, 1.8307 -0.7166 0.6624, 1.9095 -0.7166 0.6624, 1.8307 -0.7272 0.6543, 1.9095 -0.7272 0.6543, 1.8307 -0.7353 0.6437, 1.9095 -0.7353 0.6437, 1.8307 -0.7404 0.6314, 1.9095 -0.7404 0.6314, 1.8307 -0.7421 0.6181, 1.9095 -0.7421 0.6181, 1.9095 -0.7421 0.6074, 1.8307 -0.7421 0.6074, 1.8307 -0.7404 0.5941, 1.9095 -0.7404 0.5941, 1.8307 -0.7353 0.5818, 1.9095 -0.7353 0.5818, 1.8307 -0.7272 0.5712, 1.9095 -0.7272 0.5712, 1.8307 -0.7166 0.563, 1.9095 -0.7166 0.563, 1.8307 -0.7042 0.5579, 1.9095 -0.7042 0.5579, 1.8307 -0.691 0.5562, 1.9095 -0.691 0.5562, 1.9095 -0.65 0.5562, 1.8307 -0.65 0.5562, 1.9095 -0.6194 0.5764, 1.8307 -0.6194 0.5764, 1.9095 -0.5849 0.589, 1.8307 -0.5849 0.589, 1.9095 -0.5484 0.5933, 1.8307 -0.5484 0.5933, 1.9095 -0.512 0.589, 1.8307 -0.512 0.589, 1.9095 -0.4775 0.5764, 1.8307 -0.4775 0.5764, 1.9095 -0.4469 0.5562, 1.8307 -0.4469 0.5562, 1.9095 0.124 0.5562, 1.8307 0.124 0.5562, 1.9095 0.1546 0.5522, 1.8307 0.1546 0.5522, 1.9095 0.1831 0.5404, 1.8307 0.1831 0.5404, 1.9095 0.2075 0.5216, 1.8307 0.2075 0.5216, 1.9095 0.2263 0.4971, 1.8307 0.2263 0.4971, 1.9095 0.2381 0.4686, 1.8307 0.2381 0.4686, 1.9095 0.2421 0.4381, 1.8307 0.2421 0.4381, 1.9095 0.2421 0.4055, 1.8307 0.2421 0.4055, 1.9095 0.2381 0.375, 1.8307 0.2381 0.375, 1.9095 0.2263 0.3465, 1.8307 0.2263 0.3465, 1.9095 0.2075 0.322, 1.8307 0.2075 0.322, 1.9095 0.1831 0.3033, 1.8307 0.1831 0.3033, 1.9095 0.1546 0.2915, 1.8307 0.1546 0.2915, 1.9095 0.124 0.2874, 1.8307 0.124 0.2874, 1.9095 -0.4633 0.2874, 1.8307 -0.4633 0.2874, 1.9095 -0.4633 0.3465, 1.8307 -0.4633 0.3465, 1.9095 -0.8704 0.2362, 1.8307 -0.8704 0.2362, 1.9095 -0.8704 0.1819, 1.8307 -0.8704 0.1819, 1.9095 -0.6162 0.1819, 1.8307 -0.6162 0.1819, 1.9095 -0.5848 0.2133, 1.8307 -0.5848 0.2133, 1.9095 0.1036 0.1575, 1.8307 0.1036 0.1575, 1.9095 0.425 0.1575, 1.8307 0.425 0.1575, 1.9095 0.425 0.0591, 1.8307 0.425 0.0591, 1.9095 0.5432 0.0591, 1.8307 0.5432 0.0591, 1.9095 0.6022 0.0, 1.8307 0.6022 0.0, 1.9095 0.7992 0.0, 1.8307 0.7992 0.0, 1.9095 0.7992 0.0787, 1.8307 0.7992 0.0787, 1.9095 0.6417 0.1209, 1.8307 0.6417 0.1209, 1.9095 0.4724 0.263, 1.8307 0.4724 0.263, 1.9095 0.4724 0.3417, 1.8307 0.4724 0.3417, 1.9095 0.5236 0.3417, 1.8307 0.5236 0.3417, 1.9095 0.5236 0.5189, 1.8307 0.5236 0.5189, 1.9095 0.4724 0.5189, 1.8307 0.4724 0.5189, 1.9095 0.4724 0.5976, 1.8307 0.4724 0.5976, -2.2441 -0.7363 0.2362, -2.2441 -0.7363 0.0, -2.2441 -0.4213 0.2362, -2.2441 0.4015 0.0, -2.2441 -0.4213 0.5512, -2.2441 0.4015 0.5512, -2.8071 -0.7363 0.0787, -2.8071 -0.7363 0.0, -2.3228 -0.7363 0.0787, -2.3228 -0.7363 0.2362, -2.3228 0.4015 0.0, -2.3228 -0.3426 0.0, -2.3228 0.4015 0.5512, -2.3228 -0.3426 0.0787, -2.3228 -0.4213 0.5512, -2.3228 -0.4213 0.2362, -2.7835 -0.605 0.0, -2.7712 -0.6034 0.0, -2.7378 -0.57 0.0, -2.7425 -0.5814 0.0, -2.75 -0.5912 0.0, -2.7362 -0.5578 0.0, -2.8543 -0.689 0.0, -2.8543 -0.6523 0.0, -2.7598 -0.5987 0.0, -2.7362 -0.521 0.0, -2.7378 -0.5088 0.0, -2.7425 -0.4974 0.0, -2.75 -0.4876 0.0, -2.7598 -0.4801 0.0, -2.8071 -0.3426 0.0, -2.7712 -0.4754 0.0, -2.7835 -0.4738 0.0, -2.8071 -0.4738 0.0, -2.8543 -0.4265 0.0, -2.8543 -0.3898 0.0, -2.8193 -0.7346 0.0, -2.8307 -0.7299 0.0, -2.8405 -0.7224 0.0, -2.8071 -0.605 0.0, -2.8527 -0.64 0.0, -2.8193 -0.6066 0.0, -2.848 -0.7126 0.0, -2.8527 -0.7012 0.0, -2.8405 -0.46 0.0, -2.8307 -0.4675 0.0, -2.8193 -0.4722 0.0, -2.848 -0.4502 0.0, -2.8527 -0.4388 0.0, -2.848 -0.6286 0.0, -2.8405 -0.6189 0.0, -2.8307 -0.6114 0.0, -2.8527 -0.3776 0.0, -2.848 -0.3662 0.0, -2.8405 -0.3564 0.0, -2.8307 -0.3489 0.0, -2.8193 -0.3442 0.0, -2.8543 -0.689 0.0787, -2.8527 -0.7012 0.0787, -2.848 -0.7126 0.0787, -2.8405 -0.7224 0.0787, -2.8307 -0.7299 0.0787, -2.8193 -0.7346 0.0787, -2.8543 -0.6523 0.0787, -2.8071 -0.605 0.0787, -2.8193 -0.6066 0.0787, -2.8307 -0.6114 0.0787, -2.8405 -0.6189 0.0787, -2.848 -0.6286 0.0787, -2.8527 -0.64 0.0787, -2.7835 -0.605 0.0787, -2.7362 -0.5578 0.0787, -2.7378 -0.57 0.0787, -2.7425 -0.5814 0.0787, -2.75 -0.5912 0.0787, -2.7598 -0.5987 0.0787, -2.7712 -0.6034 0.0787, -2.7362 -0.521 0.0787, -2.7835 -0.4738 0.0787, -2.7712 -0.4754 0.0787, -2.7598 -0.4801 0.0787, -2.75 -0.4876 0.0787, -2.7425 -0.4974 0.0787, -2.7378 -0.5088 0.0787, -2.8071 -0.4738 0.0787, -2.8543 -0.4265 0.0787, -2.8527 -0.4388 0.0787, -2.848 -0.4502 0.0787, -2.8405 -0.46 0.0787, -2.8307 -0.4675 0.0787, -2.8193 -0.4722 0.0787, -2.8543 -0.3898 0.0787, -2.8071 -0.3426 0.0787, -2.8193 -0.3442 0.0787, -2.8307 -0.3489 0.0787, -2.8405 -0.3564 0.0787, -2.848 -0.3662 0.0787, -2.8527 -0.3776 0.0787, 2.2441 -0.7363 0.0, 2.2441 -0.7363 0.2362, 2.2441 -0.4213 0.2362, 2.2441 -0.4213 0.5512, 2.2441 0.4015 0.5512, 2.2441 0.4015 0.0, 2.3228 -0.7363 0.2362, 2.3228 -0.7363 0.0787, 2.8071 -0.7363 0.0787, 2.8071 -0.7363 0.0, 2.3228 -0.4213 0.2362, 2.3228 -0.3426 0.0787, 2.3228 -0.3426 0.0, 2.3228 0.4015 0.0, 2.3228 0.4015 0.5512, 2.3228 -0.4213 0.5512, 2.8193 -0.7346 0.0, 2.8527 -0.7012 0.0, 2.7362 -0.5578 0.0, 2.7378 -0.57 0.0, 2.7835 -0.4738 0.0, 2.7712 -0.4754 0.0, 2.8071 -0.3426 0.0, 2.7599 -0.5987 0.0, 2.7712 -0.6034 0.0, 2.7835 -0.605 0.0, 2.8071 -0.605 0.0, 2.7599 -0.4801 0.0, 2.7501 -0.4876 0.0, 2.7362 -0.521 0.0, 2.7426 -0.5814 0.0, 2.7501 -0.5912 0.0, 2.8527 -0.64 0.0, 2.8543 -0.6523 0.0, 2.7426 -0.4974 0.0, 2.7378 -0.5088 0.0, 2.8193 -0.6066 0.0, 2.8307 -0.6114 0.0, 2.8405 -0.6189 0.0, 2.8543 -0.689 0.0, 2.8193 -0.3442 0.0, 2.8307 -0.3489 0.0, 2.8405 -0.3564 0.0, 2.8527 -0.4388 0.0, 2.8071 -0.4738 0.0, 2.8543 -0.4265 0.0, 2.8543 -0.3898 0.0, 2.848 -0.6286 0.0, 2.848 -0.3662 0.0, 2.8527 -0.3776 0.0, 2.848 -0.4502 0.0, 2.8405 -0.46 0.0, 2.848 -0.7126 0.0, 2.8405 -0.7224 0.0, 2.8307 -0.7299 0.0, 2.8307 -0.4675 0.0, 2.8193 -0.4722 0.0, 2.8193 -0.7346 0.0787, 2.8307 -0.7299 0.0787, 2.8405 -0.7224 0.0787, 2.848 -0.7126 0.0787, 2.8527 -0.7012 0.0787, 2.8543 -0.689 0.0787, 2.8543 -0.6523 0.0787, 2.8527 -0.64 0.0787, 2.848 -0.6286 0.0787, 2.8405 -0.6189 0.0787, 2.8307 -0.6114 0.0787, 2.8193 -0.6066 0.0787, 2.8071 -0.605 0.0787, 2.7835 -0.605 0.0787, 2.7712 -0.6034 0.0787, 2.7599 -0.5987 0.0787, 2.7501 -0.5912 0.0787, 2.7426 -0.5814 0.0787, 2.7378 -0.57 0.0787, 2.7362 -0.5578 0.0787, 2.7362 -0.521 0.0787, 2.7378 -0.5088 0.0787, 2.7426 -0.4974 0.0787, 2.7501 -0.4876 0.0787, 2.7599 -0.4801 0.0787, 2.7712 -0.4754 0.0787, 2.7835 -0.4738 0.0787, 2.8071 -0.4738 0.0787, 2.8193 -0.4722 0.0787, 2.8307 -0.4675 0.0787, 2.8405 -0.46 0.0787, 2.848 -0.4502 0.0787, 2.8527 -0.4388 0.0787, 2.8543 -0.4265 0.0787, 2.8543 -0.3898 0.0787, 2.8527 -0.3776 0.0787, 2.848 -0.3662 0.0787, 2.8405 -0.3564 0.0787, 2.8307 -0.3489 0.0787, 2.8193 -0.3442 0.0787, 2.8071 -0.3426 0.0787
            ]
        }
        coordIndex [
            0,1,2,-1,2,1,3,-1,4,0,5,-1,5,0,2,-1,4,5,6,-1,4,6,7,-1,7,6,8,-1,7,8,9,-1,9,8,10,-1,9,10,11,-1,11,10,12,-1,11,12,13,-1,13,12,14,-1,13,14,15,-1,15,14,16,-1,15,16,17,-1,18,17,19,-1,19,17,16,-1,18,19,20,-1,18,20,21,-1,21,20,22,-1,21,22,23,-1,23,22,24,-1,23,24,25,-1,25,24,26,-1,25,26,27,-1,27,26,28,-1,27,28,29,-1,29,28,30,-1,29,30,31,-1,32,31,33,-1,33,31,30,-1,32,33,34,-1,34,33,35,-1,34,35,36,-1,36,35,37,-1,36,37,38,-1,38,37,39,-1,38,39,40,-1,40,39,41,-1,40,41,42,-1,42,41,43,-1,42,43,44,-1,44,43,45,-1,46,44,47,-1,47,44,45,-1,46,47,48,-1,48,47,49,-1,48,49,50,-1,50,49,51,-1,50,51,52,-1,52,51,53,-1,52,53,54,-1,54,53,55,-1,54,55,56,-1,56,55,57,-1,56,57,58,-1,58,57,59,-1,60,58,61,-1,61,58,59,-1,60,61,62,-1,62,61,63,-1,62,63,64,-1,64,63,65,-1,64,65,66,-1,66,65,67,-1,66,67,68,-1,68,67,69,-1,68,69,70,-1,70,69,71,-1,70,71,72,-1,72,71,73,-1,74,72,75,-1,75,72,73,-1,76,74,77,-1,77,74,75,-1,78,76,79,-1,79,76,77,-1,80,78,81,-1,81,78,79,-1,82,80,83,-1,83,80,81,-1,84,82,85,-1,85,82,83,-1,86,84,87,-1,87,84,85,-1,88,86,89,-1,89,86,87,-1,90,88,91,-1,91,88,89,-1,92,90,93,-1,93,90,91,-1,94,92,95,-1,95,92,93,-1,96,94,97,-1,97,94,95,-1,98,96,99,-1,99,96,97,-1,100,98,101,-1,101,98,99,-1,102,100,103,-1,103,100,101,-1,104,102,105,-1,105,102,103,-1,106,104,107,-1,107,104,105,-1,108,106,109,-1,109,106,107,-1,110,108,111,-1,111,108,109,-1,112,110,113,-1,113,110,111,-1,1,112,3,-1,3,112,113,-1,80,82,78,-1,78,82,84,-1,78,84,76,-1,106,108,104,-1,104,108,110,-1,1,0,112,-1,112,0,4,-1,96,98,94,-1,94,98,100,-1,94,100,92,-1,92,100,88,-1,92,88,90,-1,66,68,86,-1,46,48,112,-1,112,48,50,-1,68,70,86,-1,86,70,72,-1,86,72,84,-1,84,72,74,-1,84,74,76,-1,58,60,110,-1,110,60,62,-1,110,62,64,-1,100,102,88,-1,88,102,104,-1,88,104,86,-1,86,104,110,-1,86,110,66,-1,66,110,64,-1,50,52,112,-1,112,52,54,-1,112,54,110,-1,110,54,56,-1,110,56,58,-1,15,17,34,-1,34,17,18,-1,36,38,4,-1,4,38,40,-1,4,40,112,-1,112,40,42,-1,112,42,46,-1,46,42,44,-1,36,4,34,-1,34,4,7,-1,34,7,9,-1,9,11,34,-1,34,11,13,-1,34,13,15,-1,21,23,18,-1,18,23,25,-1,18,25,27,-1,32,34,31,-1,31,34,18,-1,31,18,29,-1,29,18,27,-1,79,77,81,-1,81,77,75,-1,5,2,113,-1,113,2,3,-1,6,5,16,-1,109,107,111,-1,111,107,105,-1,97,95,99,-1,99,95,101,-1,83,81,85,-1,85,81,75,-1,85,75,87,-1,87,75,73,-1,73,71,87,-1,87,71,69,-1,87,69,67,-1,47,45,43,-1,95,93,101,-1,101,93,91,-1,101,91,89,-1,67,111,87,-1,87,111,105,-1,87,105,89,-1,89,105,103,-1,89,103,101,-1,67,65,111,-1,111,65,63,-1,111,63,61,-1,53,51,113,-1,113,51,49,-1,113,49,47,-1,61,59,111,-1,111,59,57,-1,111,57,113,-1,113,57,55,-1,113,55,53,-1,47,43,113,-1,113,43,41,-1,113,41,5,-1,5,41,39,-1,5,39,37,-1,37,35,5,-1,5,35,33,-1,5,33,30,-1,5,24,22,-1,12,10,8,-1,30,28,5,-1,5,28,26,-1,5,26,24,-1,22,20,5,-1,5,20,19,-1,5,19,16,-1,6,16,8,-1,8,16,14,-1,8,14,12,-1,114,115,116,-1,116,115,117,-1,116,117,118,-1,118,117,119,-1,120,121,122,-1,122,121,115,-1,122,115,123,-1,123,115,114,-1,124,125,126,-1,126,125,127,-1,128,126,129,-1,129,126,127,-1,129,127,123,-1,123,127,122,-1,117,124,119,-1,119,124,126,-1,130,131,121,-1,132,115,133,-1,133,115,134,-1,132,135,115,-1,115,135,125,-1,115,125,117,-1,117,125,124,-1,130,136,137,-1,121,131,115,-1,115,131,138,-1,115,138,134,-1,135,139,125,-1,125,139,140,-1,125,140,141,-1,141,142,125,-1,125,142,143,-1,125,143,144,-1,144,143,145,-1,144,145,146,-1,147,148,146,-1,146,148,149,-1,121,150,130,-1,130,150,151,-1,130,151,152,-1,130,137,153,-1,153,137,154,-1,153,154,155,-1,152,156,130,-1,130,156,157,-1,130,157,136,-1,158,147,159,-1,159,147,160,-1,158,161,147,-1,147,161,162,-1,147,162,148,-1,163,164,154,-1,154,164,165,-1,154,165,155,-1,149,166,146,-1,146,166,167,-1,146,167,168,-1,168,169,146,-1,146,169,170,-1,146,170,144,-1,126,128,119,-1,119,128,118,-1,171,136,157,-1,171,157,172,-1,172,157,156,-1,172,156,173,-1,173,156,152,-1,173,152,174,-1,174,152,151,-1,174,151,175,-1,175,151,150,-1,175,150,176,-1,176,150,121,-1,176,121,120,-1,171,177,136,-1,136,177,137,-1,178,153,155,-1,178,155,179,-1,179,155,165,-1,179,165,180,-1,180,165,164,-1,180,164,181,-1,181,164,163,-1,181,163,182,-1,182,163,154,-1,182,154,183,-1,183,154,137,-1,183,137,177,-1,178,184,153,-1,153,184,130,-1,185,135,186,-1,186,135,132,-1,186,132,187,-1,187,132,133,-1,187,133,188,-1,188,133,134,-1,188,134,189,-1,189,134,138,-1,189,138,190,-1,190,138,131,-1,190,131,184,-1,184,131,130,-1,185,191,135,-1,135,191,139,-1,192,146,193,-1,193,146,145,-1,193,145,194,-1,194,145,143,-1,194,143,195,-1,195,143,142,-1,195,142,196,-1,196,142,141,-1,196,141,197,-1,197,141,140,-1,197,140,191,-1,191,140,139,-1,192,198,146,-1,146,198,147,-1,199,148,162,-1,199,162,200,-1,200,162,161,-1,200,161,201,-1,201,161,158,-1,201,158,202,-1,202,158,159,-1,202,159,203,-1,203,159,160,-1,203,160,204,-1,204,160,147,-1,204,147,198,-1,199,205,148,-1,148,205,149,-1,206,144,170,-1,206,170,207,-1,207,170,169,-1,207,169,208,-1,208,169,168,-1,208,168,209,-1,209,168,167,-1,209,167,210,-1,210,167,166,-1,210,166,211,-1,211,166,149,-1,211,149,205,-1,206,127,144,-1,144,127,125,-1,176,120,172,-1,120,184,178,-1,194,195,127,-1,127,195,196,-1,122,186,187,-1,196,197,127,-1,127,197,191,-1,127,191,122,-1,122,191,185,-1,122,185,186,-1,187,188,122,-1,122,188,189,-1,122,189,120,-1,120,189,190,-1,120,190,184,-1,179,183,178,-1,178,183,177,-1,178,177,120,-1,120,177,171,-1,120,171,172,-1,179,180,183,-1,183,180,181,-1,183,181,182,-1,200,198,199,-1,199,198,192,-1,199,192,205,-1,173,174,172,-1,172,174,175,-1,172,175,176,-1,208,209,192,-1,209,210,192,-1,192,210,211,-1,192,211,205,-1,200,201,202,-1,194,127,193,-1,193,127,206,-1,193,206,192,-1,192,206,207,-1,192,207,208,-1,202,203,200,-1,200,203,204,-1,200,204,198,-1,129,116,128,-1,128,116,118,-1,123,114,129,-1,129,114,116,-1,212,213,214,-1,215,216,214,-1,214,216,217,-1,214,217,212,-1,218,213,219,-1,219,213,212,-1,219,212,220,-1,220,212,221,-1,218,219,222,-1,222,219,223,-1,224,225,223,-1,223,225,226,-1,223,226,222,-1,222,226,227,-1,225,217,226,-1,226,217,216,-1,228,221,229,-1,217,225,224,-1,230,231,212,-1,232,233,234,-1,221,212,235,-1,235,236,221,-1,221,236,237,-1,221,237,238,-1,234,233,224,-1,224,233,239,-1,224,239,240,-1,217,224,212,-1,212,224,241,-1,212,241,230,-1,231,242,212,-1,212,242,243,-1,212,243,235,-1,244,245,238,-1,240,246,224,-1,224,246,247,-1,224,247,241,-1,248,249,250,-1,238,245,221,-1,221,245,251,-1,221,251,229,-1,234,252,232,-1,232,252,253,-1,232,253,254,-1,255,256,257,-1,257,256,232,-1,257,232,258,-1,248,250,238,-1,238,250,259,-1,238,259,244,-1,254,260,232,-1,232,260,261,-1,232,261,258,-1,255,262,263,-1,264,265,229,-1,229,265,266,-1,229,266,228,-1,263,267,255,-1,255,267,268,-1,255,268,256,-1,227,226,215,-1,215,226,216,-1,220,221,228,-1,220,228,269,-1,269,228,266,-1,269,266,270,-1,270,266,265,-1,270,265,271,-1,271,265,264,-1,271,264,272,-1,272,264,229,-1,272,229,273,-1,273,229,251,-1,273,251,274,-1,275,274,245,-1,245,274,251,-1,275,245,244,-1,275,244,276,-1,276,244,259,-1,276,259,277,-1,277,259,250,-1,277,250,278,-1,278,250,249,-1,278,249,279,-1,279,249,248,-1,279,248,280,-1,280,248,238,-1,280,238,281,-1,282,281,237,-1,237,281,238,-1,282,237,283,-1,283,237,236,-1,283,236,284,-1,284,236,235,-1,284,235,285,-1,285,235,243,-1,285,243,286,-1,286,243,242,-1,286,242,287,-1,287,242,231,-1,287,231,288,-1,288,231,230,-1,289,288,241,-1,241,288,230,-1,289,241,290,-1,290,241,247,-1,290,247,291,-1,291,247,246,-1,291,246,292,-1,292,246,240,-1,292,240,293,-1,293,240,239,-1,293,239,294,-1,294,239,233,-1,294,233,295,-1,295,233,232,-1,296,295,256,-1,256,295,232,-1,296,256,268,-1,296,268,297,-1,297,268,267,-1,297,267,298,-1,298,267,263,-1,298,263,299,-1,299,263,262,-1,299,262,300,-1,300,262,255,-1,300,255,301,-1,301,255,257,-1,301,257,302,-1,303,302,258,-1,258,302,257,-1,303,258,261,-1,303,261,304,-1,304,261,260,-1,304,260,305,-1,305,260,254,-1,305,254,306,-1,306,254,253,-1,306,253,307,-1,307,253,252,-1,307,252,308,-1,308,252,234,-1,308,234,309,-1,223,309,224,-1,224,309,234,-1,282,283,220,-1,220,283,219,-1,283,284,219,-1,219,284,285,-1,219,285,286,-1,286,287,219,-1,219,287,288,-1,219,288,223,-1,223,288,289,-1,223,289,290,-1,223,293,309,-1,309,293,294,-1,309,294,295,-1,290,291,223,-1,223,291,292,-1,223,292,293,-1,276,281,275,-1,275,281,282,-1,275,282,274,-1,276,277,278,-1,306,295,305,-1,305,295,304,-1,306,307,295,-1,295,307,308,-1,295,308,309,-1,220,269,282,-1,282,269,270,-1,282,270,271,-1,278,279,276,-1,276,279,280,-1,276,280,281,-1,297,301,296,-1,296,301,302,-1,296,302,295,-1,295,302,303,-1,295,303,304,-1,297,298,301,-1,301,298,299,-1,301,299,300,-1,271,272,282,-1,282,272,273,-1,282,273,274,-1,214,222,215,-1,215,222,227,-1,213,218,214,-1,214,218,222,-1,
        ]
    }
}
Shape{
    appearance Appearance {
        material  Material 	{
            diffuseColor 0.6784313725490196 0.6784313725490196 0.6784313725490196
            specularColor 0.047058823529411764 0.047058823529411764 0.047058823529411764
            ambientIntensity 0.9686
            transparency 0.0
            shininess 0.5
        }
    }
    geometry IndexedFaceSet {
        ccw TRUE
        solid FALSE
        coord DEF co Coordinate {
            point [
                -1.9685 -1.2323 0.1575, -1.9685 -1.0748 0.2362, -1.9685 -1.2323 0.2362, -1.9685 -0.1457 0.2362, -1.9685 -0.1457 0.6693, -1.9685 -0.4213 0.2362, -1.9685 -0.4213 0.6693, -2.8346 -0.7756 0.0, -2.8346 -1.2323 0.0, -2.8346 -0.7756 0.0984, -2.8346 -1.2323 0.7874, -2.8346 -0.3032 0.0984, -2.8346 0.3267 0.7874, -2.8346 -0.3032 0.0, -2.8346 0.3267 0.1575, -2.8346 0.4015 0.0, -2.8346 0.4015 0.1575, -2.5197 -1.2323 0.7874, -2.5197 -0.4213 0.7874, -1.9685 -0.4213 0.7874, 2.8347 0.3267 0.7874, 2.5197 -1.2323 0.7874, 2.8347 -1.2323 0.7874, 2.5197 -0.4213 0.7874, 1.9685 -0.4213 0.7874, 1.9685 -0.5197 0.7874, -1.9685 -0.5197 0.7874, 0.5673 0.0506 0.0, 0.5591 0.0404 0.0, 0.2215 0.0404 0.0, 0.378 -0.0556 0.0, 0.3828 -0.0836 0.0, 0.2644 -0.1216 0.0, 0.385 -0.1748 0.0, 0.2537 -0.1216 0.0, 0.2896 0.0247 0.0, 0.2621 0.0296 0.0, 0.3023 0.0315 0.0, 0.3188 0.0358 0.0, 0.2537 0.0296 0.0, 0.2774 0.0136 0.0, 0.2712 0.0053 0.0, 0.2662 -0.0038 0.0, 0.371 -0.2557 0.0, 0.2607 -0.2445 0.0, 0.3142 0.0172 0.0, 0.3261 0.0165 0.0, 0.3361 0.013 0.0, 0.3082 0.016 0.0, 0.3649 -0.0178 0.0, 0.3551 -0.0024 0.0, 0.2692 -0.0418 0.0, 0.2763 -0.016 0.0, 0.2838 -0.0015 0.0, 0.3457 0.007 0.0, 0.3188 -0.3118 0.0, 0.2685 -0.277 0.0, 0.2758 -0.2905 0.0, 0.3425 -0.3245 0.0, 0.4433 -0.3135 0.0, 0.3271 -0.3297 0.0, 0.444 -0.3148 0.0, 0.3621 -0.2794 0.0, 0.3505 -0.296 0.0, 0.3423 -0.3038 0.0, 0.3349 -0.3084 0.0, 0.3276 -0.3109 0.0, 0.3059 -0.3108 0.0, 0.2937 -0.3063 0.0, 0.2838 -0.2995 0.0, 0.3268 0.0358 0.0, 0.5424 0.0195 0.0, 0.5509 -0.305 0.0, 0.5073 -0.3014 0.0, 0.5509 -0.0163 0.0, 0.4865 -0.2982 0.0, 0.2837 -0.3218 0.0, 0.2967 -0.3279 0.0, 0.2215 -1.2323 0.0, 0.2908 0.0066 0.0, 0.2997 0.0128 0.0, 0.3757 -0.2872 0.0, 0.3913 -0.2413 0.0, 0.4452 -0.3074 0.0, 0.5656 -0.0145 0.0, 0.5661 0.0131 0.0, 0.5702 0.0404 0.0, 0.4791 -0.2964 0.0, 0.4748 -0.2941 0.0, 0.469 -0.2892 0.0, 0.5484 0.0068 0.0, 0.3844 -0.0254 0.0, 0.3703 0.0045 0.0, 0.3583 0.0188 0.0, 0.3437 0.0297 0.0, 0.335 0.034 0.0, 0.4472 -0.3055 0.0, 0.3984 -0.1957 0.0, 0.4009 -0.1155 0.0, 0.4666 -0.2881 0.0, 0.398 -0.087 0.0, 0.3539 -0.3174 0.0, 0.3636 -0.3073 0.0, 0.4436 -0.3114 0.0, 0.4444 -0.3089 0.0, 0.448 -0.3166 0.0, 0.4564 -0.3167 0.0, 0.4798 -0.3199 0.0, 0.5648 -0.3279 0.0, 0.5656 -0.3277 0.0, 2.2343 -0.7756 0.0, 0.5663 -0.3274 0.0, 0.5669 -0.3269 0.0, 2.8347 -0.7756 0.0, 2.8347 -1.2323 0.0, 0.5507 -0.0093 0.0, 0.2489 -0.2533 0.0, 0.2559 -0.284 0.0, 0.5676 -0.326 0.0, 0.5684 -0.3244 0.0, 2.2343 0.0404 0.0, 0.5687 -0.3231 0.0, 0.2452 -0.1912 0.0, 0.2647 -0.3023 0.0, 0.273 -0.3131 0.0, 0.4445 -0.3153 0.0, 0.3109 -0.3305 0.0, 0.4534 -0.2997 0.0, 0.5226 -0.3237 0.0, 0.5464 -0.326 0.0, 0.4453 -0.3159 0.0, 0.4468 -0.3164 0.0, 0.4897 -0.321 0.0, 0.5594 -0.3271 0.0, 0.5634 -0.328 0.0, 2.2343 0.4015 0.0, 0.5685 -0.3198 0.0, 0.5656 -0.2694 0.0, 0.5668 -0.3037 0.0, 0.5667 -0.3028 0.0, -0.2832 0.0404 0.0, -0.2837 0.0426 0.0, 0.2215 0.4015 0.0, -0.2916 0.0426 0.0, -2.2342 0.4015 0.0, -2.2342 -0.7756 0.0, -0.2254 -0.2274 0.0, -0.1562 -0.0189 0.0, 0.0022 -0.3056 0.0, 0.0022 -0.3051 0.0, 0.044 -0.3038 0.0, 0.0016 -0.3033 0.0, 0.0014 -0.3029 0.0, 0.0621 -0.2818 0.0, 0.0011 -0.3026 0.0, 0.0026 0.0153 0.0, 0.0008 -0.3023 0.0, 0.0026 0.0138 0.0, 0.0021 0.0121 0.0, 0.1674 -0.1289 0.0, 0.1198 -0.1227 0.0, 0.1674 -0.0044 0.0, 0.1002 -0.1187 0.0, 0.0768 -0.108 0.0, 0.0604 0.0121 0.0, 0.0694 0.0109 0.0, -0.1313 -0.3019 0.0, -0.2132 -0.3444 0.0, -0.2129 -0.3442 0.0, -0.0232 -0.3313 0.0, 0.044 -0.3048 0.0, 0.0453 -0.3075 0.0, 0.0457 -0.3078 0.0, 0.0463 -0.3081 0.0, 0.0876 -0.1143 0.0, 0.0819 -0.1108 0.0, 0.0961 0.0076 0.0, 0.0828 0.0092 0.0, 0.0442 -0.3027 0.0, 0.0022 -0.3046 0.0, 0.0447 -0.3015 0.0, -0.3465 -0.2002 0.0, -0.3533 -0.2286 0.0, -2.2342 0.0404 0.0, 0.1843 -0.3286 0.0, 0.1859 -0.3279 0.0, 0.1976 0.0196 0.0, 0.1973 0.02 0.0, -0.2072 -0.3039 0.0, -0.2065 -0.2929 0.0, -0.1686 -0.1658 0.0, -0.2067 -0.2878 0.0, -0.1654 -0.077 0.0, -0.0898 0.0302 0.0, -0.1074 0.0291 0.0, -0.1205 0.0258 0.0, -0.1304 0.0207 0.0, 0.0463 -0.2994 0.0, -0.2921 0.0404 0.0, -0.3675 -0.342 0.0, -0.3672 -0.3426 0.0, -0.2142 -0.3445 0.0, -0.2138 -0.3445 0.0, -0.2135 -0.3445 0.0, -0.2125 -0.3438 0.0, -0.212 -0.3427 0.0, -0.1409 -0.29 0.0, -0.2116 -0.3414 0.0, -0.1519 -0.27 0.0, 0.1823 -0.3289 0.0, 0.0482 -0.3084 0.0, 0.0496 -0.3085 0.0, -0.024 -0.3316 0.0, 0.1967 0.0204 0.0, 0.1959 0.0207 0.0, 0.1949 0.0208 0.0, 0.0592 -0.126 0.0, 0.0584 -0.1273 0.0, 0.0588 0.0122 0.0, 0.058 -0.1285 0.0, 0.0577 0.0126 0.0, 0.0578 -0.1295 0.0, 0.0568 0.0132 0.0, -0.1389 0.0133 0.0, -0.1479 0.0011 0.0, -0.2079 -0.2843 0.0, -0.2089 -0.2824 0.0, 0.0009 -0.308 0.0, 0.0016 -0.307 0.0, 0.002 -0.3062 0.0, 0.0002 -0.3021 0.0, -0.001 -0.302 0.0, 0.0012 0.0105 0.0, -0.3669 -0.343 0.0, -0.3666 -0.3433 0.0, -0.3661 -0.3435 0.0, -0.3657 -0.3436 0.0, -0.1216 -0.3096 0.0, -0.1126 -0.314 0.0, -0.0906 -0.3186 0.0, -0.0677 -0.3215 0.0, 0.189 -0.3175 0.0, 0.1853 -0.3033 0.0, 0.1839 -0.0044 0.0, 0.1839 -0.2886 0.0, 0.1839 -0.2778 0.0, 0.0444 -0.3059 0.0, 0.0449 -0.307 0.0, 0.1929 0.0206 0.0, 0.1822 0.0189 0.0, 0.1726 0.0177 0.0, 0.0605 -0.1336 0.0, 0.0598 -0.1332 0.0, 0.0589 -0.1324 0.0, -0.21 -0.3277 0.0, -0.2108 -0.3354 0.0, -0.1638 -0.2268 0.0, -0.0772 0.0292 0.0, 0.074 0.0381 0.0, 0.5713 0.0461 0.0, 0.0003 -0.3021 0.0, -0.0164 -0.0037 0.0, -0.0128 -0.0015 0.0, -0.3563 -0.242 0.0, -0.3601 -0.2552 0.0, -0.364 -0.2659 0.0, -0.3677 -0.2761 0.0, -0.3701 -0.2797 0.0, -0.3721 -0.2821 0.0, -0.3633 -0.3422 0.0, -0.248 -0.198 0.0, -0.3639 -0.3429 0.0, -0.2299 -0.2824 0.0, -0.3644 -0.3433 0.0, 0.1899 0.0027 0.0, 0.1936 0.0072 0.0, 0.1892 -0.3221 0.0, 0.1959 0.0103 0.0, 0.189 -0.3176 0.0, 0.1674 -0.1487 0.0, 0.1674 -0.3022 0.0, 0.083 -0.2903 0.0, 0.0604 -0.1244 0.0, -0.0026 0.007 0.0, -0.0002 0.0089 0.0, -0.3627 -0.3408 0.0, -0.3624 -0.3396 0.0, -0.325 -0.1794 0.0, -0.3584 -0.3169 0.0, -0.0428 -0.3243 0.0, -0.0336 -0.3268 0.0, -0.0276 -0.3304 0.0, 0.1835 -0.2708 0.0, 0.1833 -0.2637 0.0, 0.1629 0.0177 0.0, 0.1612 0.0177 0.0, 0.1501 0.0179 0.0, 0.1391 0.0195 0.0, 0.117 0.0234 0.0, 0.0975 0.0274 0.0, 0.0576 0.0211 0.0, 0.0018 0.0179 0.0, 0.0565 0.0193 0.0, 0.0558 0.0179 0.0, 0.0553 0.0161 0.0, 0.0554 0.0153 0.0, 0.0615 -0.1339 0.0, 0.0632 -0.1341 0.0, 0.0672 -0.2846 0.0, 0.0748 -0.2882 0.0, -0.0267 0.0186 0.0, -0.0315 0.0195 0.0, -0.2118 -0.2773 0.0, -0.2192 -0.2525 0.0, -0.3727 -0.2831 0.0, -0.3729 -0.2839 0.0, -0.373 -0.2852 0.0, -0.3686 -0.3345 0.0, -0.3683 -0.3375 0.0, 0.0581 -0.309 0.0, 0.101 -0.3142 0.0, 0.1437 -0.3209 0.0, 0.1979 0.0178 0.0, 0.1979 0.019 0.0, 0.1978 0.0193 0.0, 0.0819 0.033 0.0, 0.0791 0.0347 0.0, 0.0555 0.0169 0.0, 0.0023 0.0169 0.0, 0.0557 0.0145 0.0, 0.0561 0.0138 0.0, -0.0434 0.0206 0.0, -0.0649 0.0268 0.0, -0.0213 -0.3301 0.0, -0.0135 -0.3234 0.0, -0.0083 -0.318 0.0, -0.0202 -0.3022 0.0, -0.0202 -0.0055 0.0, -0.0111 -0.3022 0.0, -0.0032 -0.3022 0.0, 0.058 -0.1306 0.0, 0.0583 -0.1315 0.0, -0.0015 -0.3107 0.0, -0.0 -0.3092 0.0, -0.3725 -0.291 0.0, -0.3724 -0.2933 0.0, -0.372 -0.2994 0.0, -0.3697 -0.3248 0.0, -0.368 -0.3396 0.0, -0.3677 -0.3411 0.0, -0.2172 -0.341 0.0, -0.2165 -0.3424 0.0, -0.3653 -0.3436 0.0, -0.2159 -0.3433 0.0, -0.2153 -0.3439 0.0, -0.2148 -0.3443 0.0, 0.1872 -0.327 0.0, 0.1881 -0.3259 0.0, 0.1888 -0.3243 0.0, 0.0011 0.0188 0.0, 0.0002 0.0195 0.0, -0.01 0.0177 0.0, -0.0218 0.0177 0.0, -0.3648 -0.3435 0.0, -0.2213 -0.3254 0.0, -0.218 -0.339 0.0, -0.0258 -0.3315 0.0, -0.0253 -0.3316 0.0, 0.2571 -0.2206 0.0, 0.2542 -0.1907 0.0, 0.1972 0.0128 0.0, 0.1978 0.0151 0.0, 0.1978 0.0166 0.0, 0.1697 -0.3254 0.0, 0.1759 -0.3277 0.0, 0.1796 -0.3287 0.0, -2.3327 0.4015 0.0, -2.3327 -0.3032 0.0, -2.372 0.4015 0.1575, -2.3327 0.4015 0.5906, -2.372 0.4015 0.7087, -2.2342 0.4015 0.5906, -1.9685 0.4015 0.7087, 0.3445 0.4015 0.0984, 0.4429 0.4015 0.0984, -1.9685 0.4015 0.0984, -1.9193 0.4015 0.0984, -1.8209 0.4015 0.0984, 2.8347 0.4015 0.1575, 2.8347 0.4015 0.0, 2.3721 0.4015 0.1575, 2.3327 0.4015 0.0, 2.3327 0.4015 0.5906, 0.5413 0.4015 0.0984, 0.6398 0.4015 0.0984, 0.7382 0.4015 0.0984, -1.7224 0.4015 0.0984, -1.624 0.4015 0.0984, -1.5256 0.4015 0.0984, 0.8366 0.4015 0.0984, 0.935 0.4015 0.0984, 1.0335 0.4015 0.0984, -1.4272 0.4015 0.0984, -1.3287 0.4015 0.0984, -1.2303 0.4015 0.0984, 1.1319 0.4015 0.0984, 1.2303 0.4015 0.0984, -1.1319 0.4015 0.0984, -1.0335 0.4015 0.0984, -0.935 0.4015 0.0984, -0.8366 0.4015 0.0984, 1.3288 0.4015 0.0984, 1.4272 0.4015 0.0984, 1.5256 0.4015 0.0984, -0.7382 0.4015 0.0984, -0.6398 0.4015 0.0984, -0.5413 0.4015 0.0984, 1.624 0.4015 0.0984, 1.7225 0.4015 0.0984, 1.8209 0.4015 0.0984, 1.9193 0.4015 0.0984, 1.9685 0.4015 0.0984, 2.2343 0.4015 0.5906, 1.9685 0.4015 0.7087, 2.3721 0.4015 0.7087, -0.4429 0.4015 0.0984, -0.3445 0.4015 0.0984, -0.2461 0.4015 0.0984, -0.1476 0.4015 0.0984, -0.0492 0.4015 0.0984, 0.0492 0.4015 0.0984, 0.1476 0.4015 0.0984, 0.2461 0.4015 0.0984, 1.9685 -1.2323 0.2362, 1.9685 -1.2323 0.1575, 2.5197 -1.2323 0.2362, -2.5197 -1.2323 0.2362, 0.1476 -1.2323 0.1575, 0.0492 -1.2323 0.1575, 1.9193 -1.2323 0.1575, 1.8209 -1.2323 0.1575, 1.7225 -1.2323 0.1575, -0.0492 -1.2323 0.1575, -0.1476 -1.2323 0.1575, -0.2461 -1.2323 0.1575, 1.624 -1.2323 0.1575, 1.5256 -1.2323 0.1575, 1.4272 -1.2323 0.1575, 1.3288 -1.2323 0.1575, -0.3445 -1.2323 0.1575, -0.4429 -1.2323 0.1575, -0.5413 -1.2323 0.1575, 1.2303 -1.2323 0.1575, 1.1319 -1.2323 0.1575, 1.0335 -1.2323 0.1575, -0.6398 -1.2323 0.1575, -0.7382 -1.2323 0.1575, -0.8366 -1.2323 0.1575, 0.935 -1.2323 0.1575, 0.8366 -1.2323 0.1575, 0.7382 -1.2323 0.1575, -0.935 -1.2323 0.1575, -1.0335 -1.2323 0.1575, -1.1319 -1.2323 0.1575, 0.6398 -1.2323 0.1575, 0.5413 -1.2323 0.1575, 0.4429 -1.2323 0.1575, 0.3445 -1.2323 0.1575, 0.2461 -1.2323 0.1575, -1.2303 -1.2323 0.1575, -1.3287 -1.2323 0.1575, -1.4272 -1.2323 0.1575, -1.5256 -1.2323 0.1575, -1.624 -1.2323 0.1575, -1.7224 -1.2323 0.1575, -1.8209 -1.2323 0.1575, -1.9193 -1.2323 0.1575, -2.5197 -0.4213 0.2362, -2.3327 -0.4213 0.2362, -2.3327 -0.4213 0.5906, -2.2342 -0.4213 0.5906, -2.2342 -0.4213 0.2362, -2.3327 -0.7756 0.2362, -2.2342 -0.7756 0.2362, -1.9193 -1.0748 0.2362, -1.9193 -0.1457 0.2362, -2.3327 -0.7756 0.0984, -2.3327 -0.3032 0.0984, -2.4705 0.3267 0.689, -2.7362 0.3267 0.689, 2.7362 0.3267 0.689, 2.4705 0.3267 0.689, 2.7362 0.3267 0.2165, 2.8347 0.3267 0.1575, 2.4705 0.3267 0.2165, 2.3721 0.3267 0.1575, 2.3721 0.3267 0.7087, -2.7362 0.3267 0.2165, -2.372 0.3267 0.1575, -2.4705 0.3267 0.2165, -2.372 0.3267 0.7087, 1.9193 0.3267 0.7087, 1.8209 0.3267 0.7087, 1.7225 0.3267 0.7087, 1.624 0.3267 0.7087, 1.5256 0.3267 0.7087, 1.4272 0.3267 0.7087, 1.3288 0.3267 0.7087, 0.4429 0.3267 0.7087, 0.3445 0.3267 0.7087, -0.2461 0.3267 0.7087, -0.3445 0.3267 0.7087, 1.2303 0.3267 0.7087, 1.1319 0.3267 0.7087, 1.0335 0.3267 0.7087, -0.4429 0.3267 0.7087, -0.5413 0.3267 0.7087, -0.6398 0.3267 0.7087, -0.7382 0.3267 0.7087, -0.8366 0.3267 0.7087, -0.935 0.3267 0.7087, 0.2461 0.3267 0.7087, 0.1476 0.3267 0.7087, 0.0492 0.3267 0.7087, -1.0335 0.3267 0.7087, -1.1319 0.3267 0.7087, -1.2303 0.3267 0.7087, -0.0492 0.3267 0.7087, -0.1476 0.3267 0.7087, -1.3287 0.3267 0.7087, -1.4272 0.3267 0.7087, -1.5256 0.3267 0.7087, 0.935 0.3267 0.7087, 0.8366 0.3267 0.7087, 0.7382 0.3267 0.7087, -1.624 0.3267 0.7087, -1.7224 0.3267 0.7087, -1.8209 0.3267 0.7087, 0.6398 0.3267 0.7087, 0.5413 0.3267 0.7087, -1.9193 0.3267 0.7087, -1.9685 0.5236 0.7087, -1.9193 0.5236 0.7087, -2.7362 -0.067 0.689, -2.7362 -0.067 0.2165, -2.4705 -0.067 0.689, -2.4705 -0.067 0.2165, -1.9685 0.5236 0.0984, -1.9193 -0.1457 0.6693, -1.9193 0.5236 0.0984, -1.7224 0.5236 0.7087, -1.8209 0.5236 0.7087, 1.9685 -0.5197 0.6693, -1.9685 -0.5197 0.6693, 1.9193 -0.1457 0.6693, 1.9685 -0.1457 0.6693, 1.9685 -0.4213 0.6693, -1.7224 -0.1457 0.6693, -1.7224 0.2874 0.6693, -1.624 0.2874 0.6693, -1.624 -0.1457 0.6693, -1.5256 -0.1457 0.6693, -1.8209 -0.1457 0.6693, -1.8209 0.2874 0.6693, -1.9193 0.2874 0.6693, -1.3287 -0.1457 0.6693, -1.3287 0.2874 0.6693, -1.2303 0.2874 0.6693, -1.2303 -0.1457 0.6693, -1.1319 -0.1457 0.6693, -1.4272 -0.1457 0.6693, -1.4272 0.2874 0.6693, -1.5256 0.2874 0.6693, -0.935 -0.1457 0.6693, -0.935 0.2874 0.6693, -0.8366 0.2874 0.6693, -0.8366 -0.1457 0.6693, -0.7382 -0.1457 0.6693, -1.0335 -0.1457 0.6693, -1.0335 0.2874 0.6693, -1.1319 0.2874 0.6693, -0.5413 -0.1457 0.6693, -0.5413 0.2874 0.6693, -0.4429 0.2874 0.6693, -0.4429 -0.1457 0.6693, -0.3445 -0.1457 0.6693, -0.6398 -0.1457 0.6693, -0.6398 0.2874 0.6693, -0.7382 0.2874 0.6693, -0.1476 -0.1457 0.6693, -0.1476 0.2874 0.6693, -0.0492 0.2874 0.6693, -0.0492 -0.1457 0.6693, 0.0492 -0.1457 0.6693, -0.2461 -0.1457 0.6693, -0.2461 0.2874 0.6693, -0.3445 0.2874 0.6693, 0.2461 -0.1457 0.6693, 0.2461 0.2874 0.6693, 0.3445 0.2874 0.6693, 0.3445 -0.1457 0.6693, 0.4429 -0.1457 0.6693, 0.1476 -0.1457 0.6693, 0.1476 0.2874 0.6693, 0.0492 0.2874 0.6693, 0.6398 -0.1457 0.6693, 0.6398 0.2874 0.6693, 0.7382 0.2874 0.6693, 0.7382 -0.1457 0.6693, 0.8366 -0.1457 0.6693, 0.5413 -0.1457 0.6693, 0.5413 0.2874 0.6693, 0.4429 0.2874 0.6693, 1.0335 -0.1457 0.6693, 1.0335 0.2874 0.6693, 1.1319 0.2874 0.6693, 1.1319 -0.1457 0.6693, 1.2303 -0.1457 0.6693, 0.935 -0.1457 0.6693, 0.935 0.2874 0.6693, 0.8366 0.2874 0.6693, 1.4272 -0.1457 0.6693, 1.4272 0.2874 0.6693, 1.5256 0.2874 0.6693, 1.5256 -0.1457 0.6693, 1.3288 -0.1457 0.6693, 1.3288 0.2874 0.6693, 1.2303 0.2874 0.6693, 1.624 0.2874 0.6693, 1.7225 0.2874 0.6693, 1.624 -0.1457 0.6693, 1.7225 -0.1457 0.6693, 1.8209 -0.1457 0.6693, 1.8209 0.2874 0.6693, 1.9193 0.2874 0.6693, -1.7224 -0.1457 0.2362, -1.8209 -0.1457 0.2362, -1.7224 -1.0748 0.2362, -1.8209 -1.0748 0.2362, -1.7224 0.5236 0.0984, -1.8209 0.5236 0.0984, -1.9193 0.3425 0.1575, -1.8209 0.3425 0.1575, -1.5256 0.5236 0.7087, -1.624 0.5236 0.7087, -1.5256 -0.1457 0.2362, -1.624 -0.1457 0.2362, -1.5256 -1.0748 0.2362, -1.624 -1.0748 0.2362, -1.5256 0.5236 0.0984, -1.624 0.5236 0.0984, -1.7224 0.3425 0.1575, -1.624 0.3425 0.1575, -1.3287 0.5236 0.7087, -1.4272 0.5236 0.7087, -1.3287 -0.1457 0.2362, -1.4272 -0.1457 0.2362, -1.3287 -1.0748 0.2362, -1.4272 -1.0748 0.2362, -1.3287 0.5236 0.0984, -1.4272 0.5236 0.0984, -1.5256 0.3425 0.1575, -1.4272 0.3425 0.1575, -1.1319 0.5236 0.7087, -1.2303 0.5236 0.7087, -1.1319 -0.1457 0.2362, -1.2303 -0.1457 0.2362, -1.1319 -1.0748 0.2362, -1.2303 -1.0748 0.2362, -1.1319 0.5236 0.0984, -1.2303 0.5236 0.0984, -1.3287 0.3425 0.1575, -1.2303 0.3425 0.1575, 1.8209 0.5236 0.7087, 1.7225 0.5236 0.7087, 1.8209 -0.1457 0.2362, 1.7225 -0.1457 0.2362, 1.8209 -1.0748 0.2362, 1.7225 -1.0748 0.2362, 1.8209 0.5236 0.0984, 1.7225 0.5236 0.0984, 1.9685 0.5236 0.7087, 1.9193 0.5236 0.7087, 1.9685 -0.1457 0.2362, 1.9193 -0.1457 0.2362, 1.9685 -0.4213 0.2362, 1.9193 -1.0748 0.2362, 2.5197 -0.4213 0.2362, 2.3327 -0.4213 0.2362, 2.3327 -0.7756 0.2362, 2.2343 -0.7756 0.2362, 1.9685 -1.0748 0.2362, 2.2343 -0.4213 0.2362, 1.9685 0.5236 0.0984, 1.9193 0.5236 0.0984, 1.8209 0.3425 0.1575, 1.9193 0.3425 0.1575, 2.8347 -0.7756 0.0984, 2.8347 -0.3032 0.0984, 2.8347 -0.3032 0.0, 2.3327 -0.3032 0.0, 2.2343 -0.4213 0.5906, 2.3327 -0.4213 0.5906, 2.3327 -0.3032 0.0984, 2.3327 -0.7756 0.0984, 2.7362 -0.067 0.2165, 2.7362 -0.067 0.689, 2.4705 -0.067 0.689, 2.4705 -0.067 0.2165, 1.624 0.5236 0.7087, 1.5256 0.5236 0.7087, 1.624 -0.1457 0.2362, 1.5256 -0.1457 0.2362, 1.624 -1.0748 0.2362, 1.5256 -1.0748 0.2362, 1.624 0.5236 0.0984, 1.5256 0.5236 0.0984, 1.624 0.3425 0.1575, 1.7225 0.3425 0.1575, 1.2303 0.5236 0.7087, 1.1319 0.5236 0.7087, 1.2303 -0.1457 0.2362, 1.1319 -0.1457 0.2362, 1.2303 -1.0748 0.2362, 1.1319 -1.0748 0.2362, 1.2303 0.5236 0.0984, 1.1319 0.5236 0.0984, 1.4272 0.5236 0.7087, 1.3288 0.5236 0.7087, 1.4272 -0.1457 0.2362, 1.3288 -0.1457 0.2362, 1.4272 -1.0748 0.2362, 1.3288 -1.0748 0.2362, 1.4272 0.5236 0.0984, 1.3288 0.5236 0.0984, 1.2303 0.3425 0.1575, 1.3288 0.3425 0.1575, 1.4272 0.3425 0.1575, 1.5256 0.3425 0.1575, 1.0335 0.5236 0.7087, 0.935 0.5236 0.7087, 1.0335 -0.1457 0.2362, 0.935 -0.1457 0.2362, 1.0335 -1.0748 0.2362, 0.935 -1.0748 0.2362, 1.0335 0.5236 0.0984, 0.935 0.5236 0.0984, 1.0335 0.3425 0.1575, 1.1319 0.3425 0.1575, 0.8366 0.5236 0.7087, 0.7382 0.5236 0.7087, 0.8366 -0.1457 0.2362, 0.7382 -0.1457 0.2362, 0.8366 -1.0748 0.2362, 0.7382 -1.0748 0.2362, 0.8366 0.5236 0.0984, 0.7382 0.5236 0.0984, 0.8366 0.3425 0.1575, 0.935 0.3425 0.1575, 0.6398 0.5236 0.7087, 0.5413 0.5236 0.7087, 0.6398 -0.1457 0.2362, 0.5413 -0.1457 0.2362, 0.6398 -1.0748 0.2362, 0.5413 -1.0748 0.2362, 0.6398 0.5236 0.0984, 0.5413 0.5236 0.0984, 0.6398 0.3425 0.1575, 0.7382 0.3425 0.1575, 0.4429 0.5236 0.7087, 0.3445 0.5236 0.7087, 0.4429 -0.1457 0.2362, 0.3445 -0.1457 0.2362, 0.4429 -1.0748 0.2362, 0.3445 -1.0748 0.2362, 0.4429 0.5236 0.0984, 0.3445 0.5236 0.0984, 0.4429 0.3425 0.1575, 0.5413 0.3425 0.1575, 0.2461 0.5236 0.7087, 0.1476 0.5236 0.7087, 0.2461 -0.1457 0.2362, 0.1476 -0.1457 0.2362, 0.2461 -1.0748 0.2362, 0.1476 -1.0748 0.2362, 0.2461 0.5236 0.0984, 0.1476 0.5236 0.0984, 0.2461 0.3425 0.1575, 0.3445 0.3425 0.1575, 0.0492 0.5236 0.7087, -0.0492 0.5236 0.7087, 0.0492 -0.1457 0.2362, -0.0492 -0.1457 0.2362, 0.0492 -1.0748 0.2362, -0.0492 -1.0748 0.2362, 0.0492 0.5236 0.0984, -0.0492 0.5236 0.0984, 0.0492 0.3425 0.1575, 0.1476 0.3425 0.1575, -0.1476 0.5236 0.7087, -0.2461 0.5236 0.7087, -0.1476 -0.1457 0.2362, -0.2461 -0.1457 0.2362, -0.1476 -1.0748 0.2362, -0.2461 -1.0748 0.2362, -0.1476 0.5236 0.0984, -0.2461 0.5236 0.0984, -0.1476 0.3425 0.1575, -0.0492 0.3425 0.1575, -0.3445 0.5236 0.7087, -0.4429 0.5236 0.7087, -0.3445 -0.1457 0.2362, -0.4429 -0.1457 0.2362, -0.3445 -1.0748 0.2362, -0.4429 -1.0748 0.2362, -0.3445 0.5236 0.0984, -0.4429 0.5236 0.0984, -0.3445 0.3425 0.1575, -0.2461 0.3425 0.1575, -0.7382 0.5236 0.7087, -0.8366 0.5236 0.7087, -0.7382 -0.1457 0.2362, -0.8366 -0.1457 0.2362, -0.7382 -1.0748 0.2362, -0.8366 -1.0748 0.2362, -0.7382 0.5236 0.0984, -0.8366 0.5236 0.0984, -0.5413 0.5236 0.7087, -0.6398 0.5236 0.7087, -0.5413 -0.1457 0.2362, -0.6398 -0.1457 0.2362, -0.5413 -1.0748 0.2362, -0.6398 -1.0748 0.2362, -0.5413 0.5236 0.0984, -0.6398 0.5236 0.0984, -0.7382 0.3425 0.1575, -0.6398 0.3425 0.1575, -0.935 0.5236 0.7087, -1.0335 0.5236 0.7087, -0.935 -0.1457 0.2362, -1.0335 -0.1457 0.2362, -0.935 -1.0748 0.2362, -1.0335 -1.0748 0.2362, -0.935 0.5236 0.0984, -1.0335 0.5236 0.0984, -0.935 0.3425 0.1575, -0.8366 0.3425 0.1575, -1.1319 0.3425 0.1575, -1.0335 0.3425 0.1575, -0.5413 0.3425 0.1575, -0.4429 0.3425 0.1575
            ]
        }
        coordIndex [
            0,1,2,-1,3,4,5,-1,5,4,6,-1,7,8,9,-1,9,8,10,-1,9,10,11,-1,11,10,12,-1,11,12,13,-1,13,12,14,-1,13,14,15,-1,15,14,16,-1,12,10,17,-1,17,18,12,-1,12,18,19,-1,12,19,20,-1,21,22,23,-1,23,22,20,-1,23,20,24,-1,24,20,19,-1,24,19,25,-1,25,19,26,-1,27,28,29,-1,30,31,32,-1,32,31,33,-1,32,33,34,-1,35,36,37,-1,37,36,38,-1,29,39,34,-1,35,40,36,-1,36,40,41,-1,36,41,42,-1,33,43,44,-1,45,46,47,-1,30,48,49,-1,49,48,50,-1,32,51,30,-1,30,51,52,-1,30,52,53,-1,45,47,48,-1,48,47,54,-1,48,54,50,-1,44,55,56,-1,56,55,57,-1,58,59,60,-1,60,59,61,-1,43,62,44,-1,44,62,63,-1,44,63,64,-1,64,65,44,-1,44,65,66,-1,44,66,55,-1,67,68,55,-1,55,68,69,-1,55,69,57,-1,36,39,38,-1,38,39,29,-1,38,29,70,-1,70,29,28,-1,70,28,71,-1,72,73,74,-1,74,73,75,-1,76,77,78,-1,53,79,30,-1,30,79,80,-1,30,80,48,-1,81,82,83,-1,84,85,86,-1,75,87,74,-1,74,87,88,-1,74,88,89,-1,90,91,71,-1,71,91,92,-1,71,92,93,-1,93,94,71,-1,71,94,95,-1,71,95,70,-1,83,82,96,-1,97,98,99,-1,99,98,100,-1,99,100,91,-1,58,101,59,-1,59,101,102,-1,59,102,103,-1,103,102,81,-1,103,81,104,-1,104,81,83,-1,105,106,107,-1,108,109,110,-1,110,109,111,-1,110,111,112,-1,113,114,110,-1,110,114,78,-1,110,78,108,-1,89,99,74,-1,74,99,91,-1,74,91,115,-1,115,91,90,-1,116,117,78,-1,112,118,110,-1,110,118,119,-1,110,119,120,-1,120,119,121,-1,116,78,122,-1,117,123,78,-1,78,123,124,-1,78,124,76,-1,61,125,60,-1,60,125,78,-1,60,78,126,-1,126,78,77,-1,97,99,82,-1,82,99,127,-1,82,127,96,-1,128,129,78,-1,125,130,78,-1,78,130,131,-1,78,131,105,-1,105,107,78,-1,78,107,132,-1,78,132,128,-1,129,133,78,-1,78,133,134,-1,78,134,108,-1,135,120,86,-1,86,120,121,-1,86,121,84,-1,84,121,136,-1,84,136,137,-1,137,136,138,-1,137,138,139,-1,140,141,142,-1,142,141,143,-1,142,143,144,-1,78,8,145,-1,145,8,7,-1,146,140,147,-1,148,149,150,-1,151,152,153,-1,153,152,154,-1,153,154,155,-1,155,154,156,-1,155,156,157,-1,157,156,158,-1,159,160,161,-1,161,160,162,-1,163,164,165,-1,166,167,168,-1,169,150,170,-1,171,172,169,-1,169,172,173,-1,162,174,161,-1,161,174,175,-1,161,175,176,-1,176,175,163,-1,176,163,177,-1,177,163,165,-1,150,149,178,-1,178,149,179,-1,178,179,180,-1,181,182,183,-1,184,185,78,-1,29,186,187,-1,188,189,190,-1,190,189,191,-1,190,191,192,-1,193,194,140,-1,140,194,195,-1,140,195,196,-1,151,153,179,-1,179,153,197,-1,179,197,180,-1,144,143,183,-1,183,143,198,-1,183,198,181,-1,199,200,145,-1,201,202,78,-1,78,202,203,-1,78,203,167,-1,168,204,166,-1,166,204,205,-1,166,205,206,-1,206,205,207,-1,206,207,208,-1,184,78,209,-1,173,210,169,-1,169,210,211,-1,169,211,212,-1,187,213,29,-1,29,213,214,-1,29,214,215,-1,216,217,218,-1,218,217,219,-1,218,219,220,-1,220,219,221,-1,220,221,222,-1,196,223,140,-1,140,223,224,-1,140,224,147,-1,192,191,147,-1,147,191,225,-1,147,225,226,-1,227,228,150,-1,150,228,229,-1,150,229,148,-1,230,231,232,-1,200,233,145,-1,145,233,234,-1,145,234,78,-1,78,234,235,-1,78,235,236,-1,166,237,167,-1,167,237,238,-1,167,238,78,-1,78,238,239,-1,78,239,240,-1,241,242,243,-1,242,244,245,-1,170,246,169,-1,169,246,247,-1,169,247,171,-1,215,248,29,-1,29,248,249,-1,29,249,250,-1,251,153,252,-1,252,153,253,-1,254,188,255,-1,255,188,190,-1,255,190,207,-1,207,190,256,-1,207,256,208,-1,257,193,258,-1,258,193,140,-1,258,140,29,-1,29,140,142,-1,29,142,27,-1,27,142,135,-1,27,135,259,-1,259,135,86,-1,158,156,232,-1,232,156,260,-1,232,260,230,-1,261,262,231,-1,182,263,183,-1,183,263,264,-1,183,264,265,-1,265,266,183,-1,183,266,267,-1,183,267,268,-1,269,270,271,-1,271,270,272,-1,271,272,273,-1,274,275,276,-1,276,275,277,-1,274,276,243,-1,243,276,278,-1,243,278,241,-1,279,280,281,-1,164,163,218,-1,218,163,282,-1,218,282,216,-1,262,283,231,-1,231,283,284,-1,231,284,232,-1,269,285,270,-1,270,285,286,-1,270,286,287,-1,287,286,288,-1,240,289,78,-1,78,289,290,-1,78,290,291,-1,242,245,243,-1,243,245,292,-1,243,292,293,-1,250,294,29,-1,29,294,295,-1,29,295,296,-1,296,297,29,-1,29,297,298,-1,29,298,299,-1,258,300,301,-1,301,300,302,-1,301,302,303,-1,304,305,155,-1,251,306,153,-1,153,306,307,-1,153,307,308,-1,308,307,279,-1,308,279,309,-1,309,279,281,-1,310,311,258,-1,226,312,147,-1,147,312,313,-1,147,313,146,-1,268,314,183,-1,183,314,315,-1,183,315,145,-1,145,315,316,-1,317,318,145,-1,211,319,212,-1,212,319,320,-1,212,320,321,-1,322,323,29,-1,29,323,324,-1,29,324,186,-1,299,325,29,-1,29,325,326,-1,29,326,258,-1,303,327,301,-1,301,327,304,-1,301,304,328,-1,328,304,155,-1,305,329,155,-1,155,329,330,-1,155,330,222,-1,311,331,258,-1,258,331,332,-1,258,332,257,-1,169,333,150,-1,150,333,334,-1,150,334,335,-1,336,337,338,-1,338,337,261,-1,338,261,339,-1,339,261,231,-1,222,221,155,-1,155,221,340,-1,155,340,153,-1,153,340,341,-1,153,341,253,-1,335,342,150,-1,150,342,343,-1,150,343,227,-1,344,345,316,-1,316,345,346,-1,316,346,145,-1,145,346,347,-1,145,347,317,-1,318,348,145,-1,145,348,349,-1,145,349,199,-1,350,351,352,-1,352,351,353,-1,352,353,236,-1,236,353,354,-1,236,354,78,-1,78,354,355,-1,78,355,201,-1,185,356,78,-1,78,356,357,-1,78,357,358,-1,301,359,258,-1,258,359,360,-1,258,360,310,-1,310,360,361,-1,310,361,362,-1,273,272,363,-1,363,272,364,-1,363,364,352,-1,352,364,365,-1,352,365,350,-1,291,366,78,-1,78,366,367,-1,78,367,212,-1,44,368,33,-1,33,368,369,-1,33,369,34,-1,34,369,122,-1,34,122,29,-1,29,122,78,-1,29,78,276,-1,276,78,358,-1,277,370,276,-1,276,370,371,-1,276,371,29,-1,29,371,372,-1,29,372,322,-1,321,373,212,-1,212,373,374,-1,212,374,78,-1,78,374,375,-1,78,375,209,-1,376,377,15,-1,15,377,13,-1,15,16,376,-1,376,16,378,-1,376,378,379,-1,379,378,380,-1,379,380,381,-1,381,380,382,-1,381,382,144,-1,142,383,384,-1,382,385,144,-1,144,385,386,-1,144,386,387,-1,388,389,390,-1,390,389,391,-1,390,391,392,-1,384,393,142,-1,142,393,394,-1,142,394,395,-1,387,396,144,-1,144,396,397,-1,144,397,398,-1,395,399,142,-1,142,399,400,-1,142,400,401,-1,398,402,144,-1,144,402,403,-1,144,403,404,-1,401,405,142,-1,142,405,406,-1,142,406,135,-1,404,407,144,-1,144,407,408,-1,144,408,142,-1,142,408,409,-1,142,409,410,-1,406,411,135,-1,135,411,412,-1,135,412,413,-1,410,414,142,-1,142,414,415,-1,142,415,416,-1,413,417,135,-1,135,417,418,-1,135,418,419,-1,419,420,135,-1,135,420,421,-1,135,421,422,-1,422,421,423,-1,422,423,392,-1,392,423,424,-1,392,424,390,-1,416,425,142,-1,142,425,426,-1,142,426,427,-1,427,428,142,-1,142,428,429,-1,142,429,430,-1,430,431,142,-1,142,431,432,-1,142,432,383,-1,433,434,435,-1,435,434,114,-1,435,114,21,-1,21,114,22,-1,17,10,436,-1,436,10,8,-1,436,8,2,-1,78,437,438,-1,434,439,114,-1,114,439,440,-1,114,440,441,-1,438,442,78,-1,78,442,443,-1,78,443,444,-1,441,445,114,-1,114,445,446,-1,114,446,78,-1,78,446,447,-1,78,447,448,-1,444,449,78,-1,78,449,450,-1,78,450,451,-1,448,452,78,-1,78,452,453,-1,78,453,454,-1,451,455,78,-1,78,455,456,-1,78,456,457,-1,454,458,78,-1,78,458,459,-1,78,459,460,-1,457,461,78,-1,78,461,462,-1,78,462,463,-1,460,464,78,-1,78,464,465,-1,78,465,466,-1,466,467,78,-1,78,467,468,-1,78,468,437,-1,463,469,78,-1,78,469,470,-1,78,470,8,-1,8,470,471,-1,8,471,472,-1,472,473,8,-1,8,473,474,-1,8,474,475,-1,475,476,8,-1,8,476,0,-1,8,0,2,-1,477,478,18,-1,18,478,479,-1,18,479,19,-1,19,479,480,-1,19,480,6,-1,6,480,481,-1,6,481,5,-1,18,17,477,-1,477,17,436,-1,482,478,477,-1,5,481,483,-1,436,2,1,-1,477,436,482,-1,482,436,1,-1,482,1,483,-1,483,1,484,-1,483,484,5,-1,5,484,485,-1,5,485,3,-1,379,381,479,-1,479,381,480,-1,145,483,183,-1,183,483,481,-1,481,480,183,-1,183,480,381,-1,183,381,144,-1,482,486,478,-1,478,486,487,-1,377,376,487,-1,487,376,379,-1,487,379,478,-1,478,379,479,-1,482,483,486,-1,486,483,145,-1,486,145,9,-1,9,145,7,-1,487,11,377,-1,377,11,13,-1,9,11,486,-1,486,11,487,-1,488,489,12,-1,20,490,491,-1,490,20,492,-1,492,20,493,-1,492,493,494,-1,494,493,495,-1,494,495,491,-1,491,495,496,-1,491,496,20,-1,12,489,14,-1,14,489,497,-1,14,497,498,-1,498,497,499,-1,498,499,500,-1,496,501,20,-1,20,501,502,-1,20,502,503,-1,503,504,20,-1,20,504,505,-1,20,505,12,-1,12,505,506,-1,12,506,507,-1,12,508,509,-1,12,510,511,-1,507,512,12,-1,12,512,513,-1,12,513,514,-1,511,515,12,-1,12,515,516,-1,12,516,517,-1,517,518,12,-1,12,518,519,-1,12,519,520,-1,509,521,12,-1,12,521,522,-1,12,522,523,-1,520,524,12,-1,12,524,525,-1,12,525,526,-1,523,527,12,-1,12,527,528,-1,12,528,510,-1,526,529,12,-1,12,529,530,-1,12,530,531,-1,514,532,12,-1,12,532,533,-1,12,533,534,-1,531,535,12,-1,12,535,536,-1,12,536,537,-1,534,538,12,-1,12,538,539,-1,12,539,508,-1,499,488,500,-1,500,488,12,-1,500,12,540,-1,540,12,537,-1,498,500,378,-1,378,500,380,-1,14,498,16,-1,16,498,378,-1,380,500,382,-1,382,500,540,-1,382,540,541,-1,541,540,542,-1,543,544,489,-1,489,544,497,-1,545,543,488,-1,488,543,489,-1,546,545,499,-1,499,545,488,-1,544,546,497,-1,497,546,499,-1,545,546,543,-1,543,546,544,-1,382,541,385,-1,385,541,547,-1,548,4,485,-1,485,4,3,-1,484,1,476,-1,476,1,0,-1,386,385,549,-1,549,385,547,-1,549,547,542,-1,542,547,541,-1,536,550,537,-1,537,550,551,-1,552,25,553,-1,553,25,26,-1,554,555,556,-1,4,548,6,-1,6,548,552,-1,6,552,553,-1,557,558,559,-1,560,561,552,-1,559,560,557,-1,557,560,552,-1,557,552,562,-1,562,552,548,-1,562,548,563,-1,563,548,564,-1,565,566,567,-1,568,569,552,-1,567,568,565,-1,565,568,552,-1,565,552,570,-1,570,552,561,-1,570,561,571,-1,571,561,572,-1,573,574,575,-1,576,577,552,-1,575,576,573,-1,573,576,552,-1,573,552,578,-1,578,552,569,-1,578,569,579,-1,579,569,580,-1,581,582,583,-1,584,585,552,-1,583,584,581,-1,581,584,552,-1,581,552,586,-1,586,552,577,-1,586,577,587,-1,587,577,588,-1,589,590,591,-1,592,593,552,-1,591,592,589,-1,589,592,552,-1,589,552,594,-1,594,552,585,-1,594,585,595,-1,595,585,596,-1,597,598,599,-1,600,601,552,-1,599,600,597,-1,597,600,552,-1,597,552,602,-1,602,552,593,-1,602,593,603,-1,603,593,604,-1,605,606,607,-1,608,609,552,-1,607,608,605,-1,605,608,552,-1,605,552,610,-1,610,552,601,-1,610,601,611,-1,611,601,612,-1,613,614,615,-1,616,617,552,-1,615,616,613,-1,613,616,552,-1,613,552,618,-1,618,552,609,-1,618,609,619,-1,619,609,620,-1,621,622,623,-1,623,624,621,-1,621,624,552,-1,621,552,625,-1,625,552,617,-1,625,617,626,-1,626,617,627,-1,628,629,630,-1,630,629,631,-1,632,633,634,-1,634,554,632,-1,632,554,556,-1,632,556,631,-1,631,556,552,-1,631,552,630,-1,630,552,624,-1,635,557,636,-1,636,557,562,-1,637,635,638,-1,638,635,636,-1,474,637,475,-1,475,637,638,-1,639,396,640,-1,640,396,387,-1,550,639,551,-1,551,639,640,-1,553,26,6,-1,6,26,19,-1,641,476,642,-1,642,476,475,-1,564,540,563,-1,563,540,537,-1,386,641,387,-1,387,641,642,-1,641,386,549,-1,564,548,485,-1,484,476,485,-1,485,476,641,-1,485,641,564,-1,564,641,549,-1,564,549,540,-1,540,549,542,-1,642,475,636,-1,636,475,638,-1,537,551,563,-1,563,551,640,-1,636,562,642,-1,642,562,563,-1,642,563,387,-1,387,563,640,-1,531,643,535,-1,535,643,644,-1,645,561,646,-1,646,561,560,-1,647,645,648,-1,648,645,646,-1,472,647,473,-1,473,647,648,-1,649,398,650,-1,650,398,397,-1,643,649,644,-1,644,649,650,-1,651,474,652,-1,652,474,473,-1,558,536,559,-1,559,536,535,-1,396,651,397,-1,397,651,652,-1,651,396,639,-1,558,557,635,-1,637,474,635,-1,635,474,651,-1,635,651,558,-1,558,651,639,-1,558,639,536,-1,536,639,550,-1,652,473,646,-1,646,473,648,-1,535,644,559,-1,559,644,650,-1,646,560,652,-1,652,560,559,-1,652,559,397,-1,397,559,650,-1,529,653,530,-1,530,653,654,-1,655,565,656,-1,656,565,570,-1,657,655,658,-1,658,655,656,-1,470,657,471,-1,471,657,658,-1,659,403,660,-1,660,403,402,-1,653,659,654,-1,654,659,660,-1,661,472,662,-1,662,472,471,-1,572,531,571,-1,571,531,530,-1,398,661,402,-1,402,661,662,-1,661,398,649,-1,572,561,645,-1,647,472,645,-1,645,472,661,-1,645,661,572,-1,572,661,649,-1,572,649,531,-1,531,649,643,-1,662,471,656,-1,656,471,658,-1,530,654,571,-1,571,654,660,-1,656,570,662,-1,662,570,571,-1,662,571,402,-1,402,571,660,-1,525,663,526,-1,526,663,664,-1,665,569,666,-1,666,569,568,-1,667,665,668,-1,668,665,666,-1,463,667,469,-1,469,667,668,-1,669,407,670,-1,670,407,404,-1,663,669,664,-1,664,669,670,-1,671,470,672,-1,672,470,469,-1,566,529,567,-1,567,529,526,-1,403,671,404,-1,404,671,672,-1,671,403,659,-1,566,565,655,-1,657,470,655,-1,655,470,671,-1,655,671,566,-1,566,671,659,-1,566,659,529,-1,529,659,653,-1,672,469,666,-1,666,469,668,-1,526,664,567,-1,567,664,670,-1,666,568,672,-1,672,568,567,-1,672,567,404,-1,404,567,670,-1,24,25,556,-1,556,25,552,-1,673,674,502,-1,502,674,503,-1,632,631,675,-1,675,631,676,-1,675,676,677,-1,677,676,678,-1,677,678,440,-1,440,678,441,-1,419,418,679,-1,679,418,680,-1,679,680,673,-1,673,680,674,-1,681,682,423,-1,423,682,501,-1,423,501,424,-1,424,501,496,-1,683,555,684,-1,684,555,554,-1,683,684,685,-1,685,684,686,-1,687,688,435,-1,435,688,689,-1,435,689,690,-1,433,435,691,-1,691,435,690,-1,691,690,686,-1,686,690,692,-1,686,692,685,-1,434,691,439,-1,439,691,686,-1,693,421,694,-1,694,421,420,-1,681,693,682,-1,682,693,694,-1,693,681,421,-1,421,681,423,-1,695,440,696,-1,696,440,439,-1,633,502,634,-1,634,502,501,-1,419,695,420,-1,420,695,696,-1,695,419,679,-1,633,632,675,-1,677,440,675,-1,675,440,695,-1,675,695,633,-1,633,695,679,-1,633,679,502,-1,502,679,673,-1,696,439,684,-1,684,439,686,-1,501,682,634,-1,634,682,694,-1,684,554,696,-1,696,554,634,-1,696,634,420,-1,420,634,694,-1,434,433,691,-1,389,388,493,-1,114,113,22,-1,22,113,697,-1,22,697,20,-1,20,697,698,-1,20,698,493,-1,493,698,699,-1,493,699,389,-1,700,391,699,-1,699,391,389,-1,555,683,556,-1,556,683,685,-1,685,692,556,-1,556,692,701,-1,688,687,702,-1,702,687,23,-1,702,23,701,-1,701,23,24,-1,701,24,556,-1,21,23,435,-1,435,23,687,-1,422,392,701,-1,701,392,702,-1,120,135,422,-1,690,110,692,-1,692,110,120,-1,692,120,701,-1,701,120,422,-1,391,700,392,-1,392,700,703,-1,702,392,688,-1,688,392,703,-1,688,703,689,-1,689,703,704,-1,697,113,704,-1,704,113,110,-1,704,110,689,-1,689,110,690,-1,698,703,699,-1,699,703,700,-1,698,697,703,-1,703,697,704,-1,496,495,424,-1,424,495,390,-1,495,493,390,-1,390,493,388,-1,705,706,492,-1,492,706,490,-1,706,707,490,-1,490,707,491,-1,707,708,491,-1,491,708,494,-1,708,705,494,-1,494,705,492,-1,708,707,705,-1,705,707,706,-1,709,710,504,-1,504,710,505,-1,630,624,711,-1,711,624,712,-1,711,712,713,-1,713,712,714,-1,713,714,445,-1,445,714,446,-1,417,413,715,-1,715,413,716,-1,715,716,709,-1,709,716,710,-1,717,445,718,-1,718,445,441,-1,628,504,629,-1,629,504,503,-1,417,717,418,-1,418,717,718,-1,717,417,715,-1,628,630,711,-1,713,445,711,-1,711,445,717,-1,711,717,628,-1,628,717,715,-1,628,715,504,-1,504,715,709,-1,718,441,676,-1,676,441,678,-1,503,674,629,-1,629,674,680,-1,676,631,718,-1,718,631,629,-1,718,629,418,-1,418,629,680,-1,719,720,512,-1,512,720,513,-1,617,616,721,-1,721,616,722,-1,721,722,723,-1,723,722,724,-1,723,724,452,-1,452,724,453,-1,406,405,725,-1,725,405,726,-1,725,726,719,-1,719,726,720,-1,506,727,507,-1,507,727,728,-1,729,621,730,-1,730,621,625,-1,731,729,732,-1,732,729,730,-1,447,731,448,-1,448,731,732,-1,733,412,734,-1,734,412,411,-1,727,733,728,-1,728,733,734,-1,735,452,736,-1,736,452,448,-1,627,512,626,-1,626,512,507,-1,406,735,411,-1,411,735,736,-1,735,406,725,-1,627,617,721,-1,723,452,721,-1,721,452,735,-1,721,735,627,-1,627,735,725,-1,627,725,512,-1,512,725,719,-1,736,448,730,-1,730,448,732,-1,507,728,626,-1,626,728,734,-1,730,625,736,-1,736,625,626,-1,736,626,411,-1,411,626,734,-1,737,447,738,-1,738,447,446,-1,622,506,623,-1,623,506,505,-1,412,737,413,-1,413,737,738,-1,737,412,733,-1,622,621,729,-1,731,447,729,-1,729,447,737,-1,729,737,622,-1,622,737,733,-1,622,733,506,-1,506,733,727,-1,738,446,712,-1,712,446,714,-1,505,710,623,-1,623,710,716,-1,712,624,738,-1,738,624,623,-1,738,623,413,-1,413,623,716,-1,739,740,514,-1,514,740,532,-1,613,618,741,-1,741,618,742,-1,741,742,743,-1,743,742,744,-1,743,744,454,-1,454,744,458,-1,401,400,745,-1,745,400,746,-1,745,746,739,-1,739,746,740,-1,747,454,748,-1,748,454,453,-1,614,514,615,-1,615,514,513,-1,401,747,405,-1,405,747,748,-1,747,401,745,-1,614,613,741,-1,743,454,741,-1,741,454,747,-1,741,747,614,-1,614,747,745,-1,614,745,514,-1,514,745,739,-1,748,453,722,-1,722,453,724,-1,513,720,615,-1,615,720,726,-1,722,616,748,-1,748,616,615,-1,748,615,405,-1,405,615,726,-1,749,750,533,-1,533,750,534,-1,609,608,751,-1,751,608,752,-1,751,752,753,-1,753,752,754,-1,753,754,459,-1,459,754,460,-1,399,395,755,-1,755,395,756,-1,755,756,749,-1,749,756,750,-1,757,459,758,-1,758,459,458,-1,620,533,619,-1,619,533,532,-1,399,757,400,-1,400,757,758,-1,757,399,755,-1,620,609,751,-1,753,459,751,-1,751,459,757,-1,751,757,620,-1,620,757,755,-1,620,755,533,-1,533,755,749,-1,758,458,742,-1,742,458,744,-1,532,740,619,-1,619,740,746,-1,742,618,758,-1,758,618,619,-1,758,619,400,-1,400,619,746,-1,759,760,538,-1,538,760,539,-1,605,610,761,-1,761,610,762,-1,761,762,763,-1,763,762,764,-1,763,764,464,-1,464,764,465,-1,394,393,765,-1,765,393,766,-1,765,766,759,-1,759,766,760,-1,767,464,768,-1,768,464,460,-1,606,538,607,-1,607,538,534,-1,394,767,395,-1,395,767,768,-1,767,394,765,-1,606,605,761,-1,763,464,761,-1,761,464,767,-1,761,767,606,-1,606,767,765,-1,606,765,538,-1,538,765,759,-1,768,460,752,-1,752,460,754,-1,534,750,607,-1,607,750,756,-1,752,608,768,-1,768,608,607,-1,768,607,395,-1,395,607,756,-1,769,770,508,-1,508,770,509,-1,601,600,771,-1,771,600,772,-1,771,772,773,-1,773,772,774,-1,773,774,466,-1,466,774,467,-1,384,383,775,-1,775,383,776,-1,775,776,769,-1,769,776,770,-1,777,466,778,-1,778,466,465,-1,612,508,611,-1,611,508,539,-1,384,777,393,-1,393,777,778,-1,777,384,775,-1,612,601,771,-1,773,466,771,-1,771,466,777,-1,771,777,612,-1,612,777,775,-1,612,775,508,-1,508,775,769,-1,778,465,762,-1,762,465,764,-1,539,760,611,-1,611,760,766,-1,762,610,778,-1,778,610,611,-1,778,611,393,-1,393,611,766,-1,779,780,521,-1,521,780,522,-1,597,602,781,-1,781,602,782,-1,781,782,783,-1,783,782,784,-1,783,784,468,-1,468,784,437,-1,432,431,785,-1,785,431,786,-1,785,786,779,-1,779,786,780,-1,787,468,788,-1,788,468,467,-1,598,521,599,-1,599,521,509,-1,432,787,383,-1,383,787,788,-1,787,432,785,-1,598,597,781,-1,783,468,781,-1,781,468,787,-1,781,787,598,-1,598,787,785,-1,598,785,521,-1,521,785,779,-1,788,467,772,-1,772,467,774,-1,509,770,599,-1,599,770,776,-1,772,600,788,-1,788,600,599,-1,788,599,383,-1,383,599,776,-1,789,790,523,-1,523,790,527,-1,593,592,791,-1,791,592,792,-1,791,792,793,-1,793,792,794,-1,793,794,438,-1,438,794,442,-1,430,429,795,-1,795,429,796,-1,795,796,789,-1,789,796,790,-1,797,438,798,-1,798,438,437,-1,604,523,603,-1,603,523,522,-1,430,797,431,-1,431,797,798,-1,797,430,795,-1,604,593,791,-1,793,438,791,-1,791,438,797,-1,791,797,604,-1,604,797,795,-1,604,795,523,-1,523,795,789,-1,798,437,782,-1,782,437,784,-1,522,780,603,-1,603,780,786,-1,782,602,798,-1,798,602,603,-1,798,603,431,-1,431,603,786,-1,799,800,528,-1,528,800,510,-1,589,594,801,-1,801,594,802,-1,801,802,803,-1,803,802,804,-1,803,804,443,-1,443,804,444,-1,428,427,805,-1,805,427,806,-1,805,806,799,-1,799,806,800,-1,807,443,808,-1,808,443,442,-1,590,528,591,-1,591,528,527,-1,428,807,429,-1,429,807,808,-1,807,428,805,-1,590,589,801,-1,803,443,801,-1,801,443,807,-1,801,807,590,-1,590,807,805,-1,590,805,528,-1,528,805,799,-1,808,442,792,-1,792,442,794,-1,527,790,591,-1,591,790,796,-1,792,592,808,-1,808,592,591,-1,808,591,429,-1,429,591,796,-1,809,810,511,-1,511,810,515,-1,585,584,811,-1,811,584,812,-1,811,812,813,-1,813,812,814,-1,813,814,449,-1,449,814,450,-1,426,425,815,-1,815,425,816,-1,815,816,809,-1,809,816,810,-1,817,449,818,-1,818,449,444,-1,596,511,595,-1,595,511,510,-1,426,817,427,-1,427,817,818,-1,817,426,815,-1,596,585,811,-1,813,449,811,-1,811,449,817,-1,811,817,596,-1,596,817,815,-1,596,815,511,-1,511,815,809,-1,818,444,802,-1,802,444,804,-1,510,800,595,-1,595,800,806,-1,802,594,818,-1,818,594,595,-1,818,595,427,-1,427,595,806,-1,819,820,518,-1,518,820,519,-1,577,576,821,-1,821,576,822,-1,821,822,823,-1,823,822,824,-1,823,824,456,-1,456,824,457,-1,414,410,825,-1,825,410,826,-1,825,826,819,-1,819,826,820,-1,516,827,517,-1,517,827,828,-1,829,581,830,-1,830,581,586,-1,831,829,832,-1,832,829,830,-1,451,831,455,-1,455,831,832,-1,833,416,834,-1,834,416,415,-1,827,833,828,-1,828,833,834,-1,835,456,836,-1,836,456,455,-1,588,518,587,-1,587,518,517,-1,414,835,415,-1,415,835,836,-1,835,414,825,-1,588,577,821,-1,823,456,821,-1,821,456,835,-1,821,835,588,-1,588,835,825,-1,588,825,518,-1,518,825,819,-1,836,455,830,-1,830,455,832,-1,517,828,587,-1,587,828,834,-1,830,586,836,-1,836,586,587,-1,836,587,415,-1,415,587,834,-1,837,838,520,-1,520,838,524,-1,573,578,839,-1,839,578,840,-1,839,840,841,-1,841,840,842,-1,841,842,461,-1,461,842,462,-1,409,408,843,-1,843,408,844,-1,843,844,837,-1,837,844,838,-1,845,461,846,-1,846,461,457,-1,574,520,575,-1,575,520,519,-1,409,845,410,-1,410,845,846,-1,845,409,843,-1,574,573,839,-1,841,461,839,-1,839,461,845,-1,839,845,574,-1,574,845,843,-1,574,843,520,-1,520,843,837,-1,846,457,822,-1,822,457,824,-1,519,820,575,-1,575,820,826,-1,822,576,846,-1,846,576,575,-1,846,575,410,-1,410,575,826,-1,847,463,848,-1,848,463,462,-1,580,525,579,-1,579,525,524,-1,407,847,408,-1,408,847,848,-1,847,407,669,-1,580,569,665,-1,667,463,665,-1,665,463,847,-1,665,847,580,-1,580,847,669,-1,580,669,525,-1,525,669,663,-1,848,462,840,-1,840,462,842,-1,524,838,579,-1,579,838,844,-1,840,578,848,-1,848,578,579,-1,848,579,408,-1,408,579,844,-1,849,451,850,-1,850,451,450,-1,582,516,583,-1,583,516,515,-1,416,849,425,-1,425,849,850,-1,849,416,833,-1,582,581,829,-1,831,451,829,-1,829,451,849,-1,829,849,582,-1,582,849,833,-1,582,833,516,-1,516,833,827,-1,850,450,812,-1,812,450,814,-1,515,810,583,-1,583,810,816,-1,812,584,850,-1,850,584,583,-1,850,583,425,-1,425,583,816,-1,
        ]
    }
}
Shape{
    appearance Appearance {
        material  Material 	{
            diffuseColor 0.792156862745098 0.8196078431372549 0.9333333333333333
            specularColor 0.396078431372549 0.4117647058823529 0.4666666666666667
            ambientIntensity 0.8244
            transparency 0.0
            shininess 0.5
        }
    }
    geometry IndexedFaceSet {
        ccw TRUE
        solid FALSE
        coord DEF co Coordinate {
            point [
                -0.2299 -0.2824 0.0039, -0.2299 -0.2824 0.0, -0.248 -0.198 0.0039, -0.248 -0.198 0.0, -0.2213 -0.3254 0.0039, -0.2213 -0.3254 0.0, -0.218 -0.339 0.0039, -0.218 -0.339 0.0, -0.2172 -0.341 0.0039, -0.2172 -0.341 0.0, -0.2165 -0.3424 0.0039, -0.2165 -0.3424 0.0, -0.2159 -0.3433 0.0039, -0.2159 -0.3433 0.0, -0.2153 -0.3439 0.0039, -0.2153 -0.3439 0.0, -0.2148 -0.3443 0.0039, -0.2148 -0.3443 0.0, -0.2142 -0.3445 0.0039, -0.2142 -0.3445 0.0, -0.2138 -0.3445 0.0039, -0.2138 -0.3445 0.0, -0.2135 -0.3445 0.0039, -0.2135 -0.3445 0.0, -0.2132 -0.3444 0.0039, -0.2132 -0.3444 0.0, -0.2129 -0.3442 0.0039, -0.2129 -0.3442 0.0, -0.2125 -0.3438 0.0039, -0.2125 -0.3438 0.0, -0.212 -0.3427 0.0039, -0.212 -0.3427 0.0, -0.2116 -0.3414 0.0039, -0.2116 -0.3414 0.0, -0.2108 -0.3354 0.0039, -0.2108 -0.3354 0.0, -0.21 -0.3277 0.0039, -0.21 -0.3277 0.0, -0.2072 -0.3039 0.0039, -0.2072 -0.3039 0.0, -0.2065 -0.2929 0.0039, -0.2065 -0.2929 0.0, -0.2067 -0.2878 0.0039, -0.2067 -0.2878 0.0, -0.2079 -0.2843 0.0039, -0.2079 -0.2843 0.0, -0.2089 -0.2824 0.0039, -0.2089 -0.2824 0.0, -0.2118 -0.2773 0.0039, -0.2118 -0.2773 0.0, -0.2192 -0.2525 0.0039, -0.2192 -0.2525 0.0, -0.2254 -0.2274 0.0039, -0.2254 -0.2274 0.0, -0.2832 0.0404 0.0, -0.2837 0.0426 0.0039, -0.2837 0.0426 0.0, -0.2916 0.0426 0.0039, -0.2916 0.0426 0.0, -0.3465 -0.2002 0.0039, -0.3465 -0.2002 0.0, -0.2921 0.0404 0.0, -0.3533 -0.2286 0.0039, -0.3533 -0.2286 0.0, -0.3563 -0.242 0.0039, -0.3563 -0.242 0.0, -0.3601 -0.2552 0.0039, -0.3601 -0.2552 0.0, -0.364 -0.2659 0.0039, -0.364 -0.2659 0.0, -0.3677 -0.2761 0.0039, -0.3677 -0.2761 0.0, -0.3701 -0.2797 0.0039, -0.3701 -0.2797 0.0, -0.3721 -0.2821 0.0039, -0.3721 -0.2821 0.0, -0.3727 -0.2831 0.0039, -0.3727 -0.2831 0.0, -0.3729 -0.2839 0.0039, -0.3729 -0.2839 0.0, -0.373 -0.2852 0.0039, -0.373 -0.2852 0.0, -0.3725 -0.291 0.0039, -0.3725 -0.291 0.0, -0.3724 -0.2933 0.0039, -0.3724 -0.2933 0.0, -0.372 -0.2994 0.0039, -0.372 -0.2994 0.0, -0.3697 -0.3248 0.0039, -0.3697 -0.3248 0.0, -0.3686 -0.3345 0.0039, -0.3686 -0.3345 0.0, -0.3683 -0.3375 0.0039, -0.3683 -0.3375 0.0, -0.368 -0.3396 0.0039, -0.368 -0.3396 0.0, -0.3677 -0.3411 0.0039, -0.3677 -0.3411 0.0, -0.3675 -0.342 0.0039, -0.3675 -0.342 0.0, -0.3672 -0.3426 0.0039, -0.3672 -0.3426 0.0, -0.3669 -0.343 0.0039, -0.3669 -0.343 0.0, -0.3666 -0.3433 0.0039, -0.3666 -0.3433 0.0, -0.3661 -0.3435 0.0039, -0.3661 -0.3435 0.0, -0.3657 -0.3436 0.0039, -0.3657 -0.3436 0.0, -0.3653 -0.3436 0.0039, -0.3653 -0.3436 0.0, -0.3648 -0.3435 0.0039, -0.3648 -0.3435 0.0, -0.3644 -0.3433 0.0039, -0.3644 -0.3433 0.0, -0.3639 -0.3429 0.0039, -0.3639 -0.3429 0.0, -0.3633 -0.3422 0.0039, -0.3633 -0.3422 0.0, -0.3627 -0.3408 0.0039, -0.3627 -0.3408 0.0, -0.3624 -0.3396 0.0039, -0.3624 -0.3396 0.0, -0.3584 -0.3169 0.0039, -0.3584 -0.3169 0.0, -0.325 -0.1794 0.0039, -0.325 -0.1794 0.0, -0.2876 -0.0117 0.0039, -0.2508 -0.1782 0.0039, -0.3239 -0.1708 0.0039, -0.3086 -0.1561 0.0039, -0.2944 -0.1658 0.0039, -0.2892 -0.1685 0.0039, -0.2731 -0.1735 0.0039, -0.2508 -0.1782 0.0, -0.2876 -0.0117 0.0, -0.2731 -0.1735 0.0, -0.2892 -0.1685 0.0, -0.2944 -0.1658 0.0, -0.3086 -0.1561 0.0, -0.3239 -0.1708 0.0, -0.0026 0.007 0.0039, -0.0026 0.007 0.0, -0.0128 -0.0015 0.0039, -0.0128 -0.0015 0.0, -0.0002 0.0089 0.0039, -0.0002 0.0089 0.0, 0.0012 0.0105 0.0039, 0.0012 0.0105 0.0, 0.0021 0.0121 0.0039, 0.0021 0.0121 0.0, 0.0026 0.0138 0.0039, 0.0026 0.0138 0.0, 0.0026 0.0153 0.0039, 0.0026 0.0153 0.0, 0.0023 0.0169 0.0039, 0.0023 0.0169 0.0, 0.0018 0.0179 0.0039, 0.0018 0.0179 0.0, 0.0011 0.0188 0.0039, 0.0011 0.0188 0.0, 0.0002 0.0195 0.0039, 0.0002 0.0195 0.0, -0.01 0.0177 0.0039, -0.01 0.0177 0.0, -0.0218 0.0177 0.0039, -0.0218 0.0177 0.0, -0.0267 0.0186 0.0039, -0.0267 0.0186 0.0, -0.0315 0.0195 0.0039, -0.0315 0.0195 0.0, -0.0434 0.0206 0.0039, -0.0434 0.0206 0.0, -0.0649 0.0268 0.0039, -0.0649 0.0268 0.0, -0.0772 0.0292 0.0039, -0.0772 0.0292 0.0, -0.0898 0.0302 0.0039, -0.0898 0.0302 0.0, -0.1074 0.0291 0.0039, -0.1074 0.0291 0.0, -0.1205 0.0258 0.0039, -0.1205 0.0258 0.0, -0.1304 0.0207 0.0039, -0.1304 0.0207 0.0, -0.1389 0.0133 0.0039, -0.1389 0.0133 0.0, -0.1479 0.0011 0.0039, -0.1479 0.0011 0.0, -0.1562 -0.0189 0.0039, -0.1562 -0.0189 0.0, -0.1654 -0.077 0.0039, -0.1654 -0.077 0.0, -0.1686 -0.1658 0.0039, -0.1686 -0.1658 0.0, -0.1638 -0.2268 0.0039, -0.1638 -0.2268 0.0, -0.1519 -0.27 0.0039, -0.1519 -0.27 0.0, -0.1409 -0.29 0.0039, -0.1409 -0.29 0.0, -0.1313 -0.3019 0.0039, -0.1313 -0.3019 0.0, -0.1216 -0.3096 0.0039, -0.1216 -0.3096 0.0, -0.1126 -0.314 0.0039, -0.1126 -0.314 0.0, -0.0906 -0.3186 0.0039, -0.0906 -0.3186 0.0, -0.0677 -0.3215 0.0039, -0.0677 -0.3215 0.0, -0.0428 -0.3243 0.0039, -0.0428 -0.3243 0.0, -0.0336 -0.3268 0.0039, -0.0336 -0.3268 0.0, -0.0276 -0.3304 0.0039, -0.0276 -0.3304 0.0, -0.0258 -0.3315 0.0039, -0.0258 -0.3315 0.0, -0.0253 -0.3316 0.0039, -0.0253 -0.3316 0.0, -0.024 -0.3316 0.0039, -0.024 -0.3316 0.0, -0.0232 -0.3313 0.0039, -0.0232 -0.3313 0.0, -0.0213 -0.3301 0.0039, -0.0213 -0.3301 0.0, -0.0135 -0.3234 0.0039, -0.0135 -0.3234 0.0, -0.0083 -0.318 0.0039, -0.0083 -0.318 0.0, -0.0015 -0.3107 0.0039, -0.0015 -0.3107 0.0, -0.0 -0.3092 0.0039, -0.0 -0.3092 0.0, 0.0009 -0.308 0.0039, 0.0009 -0.308 0.0, 0.0016 -0.307 0.0039, 0.0016 -0.307 0.0, 0.002 -0.3062 0.0039, 0.002 -0.3062 0.0, 0.0022 -0.3056 0.0039, 0.0022 -0.3056 0.0, 0.0022 -0.3051 0.0039, 0.0022 -0.3051 0.0, 0.0022 -0.3046 0.0039, 0.0022 -0.3046 0.0, 0.0016 -0.3033 0.0039, 0.0016 -0.3033 0.0, 0.0014 -0.3029 0.0039, 0.0014 -0.3029 0.0, 0.0011 -0.3026 0.0039, 0.0011 -0.3026 0.0, 0.0008 -0.3023 0.0039, 0.0008 -0.3023 0.0, 0.0003 -0.3021 0.0039, 0.0003 -0.3021 0.0, 0.0002 -0.3021 0.0039, 0.0002 -0.3021 0.0, -0.001 -0.302 0.0039, -0.001 -0.302 0.0, -0.0032 -0.3022 0.0039, -0.0032 -0.3022 0.0, -0.0111 -0.3022 0.0039, -0.0111 -0.3022 0.0, -0.0202 -0.3022 0.0039, -0.0202 -0.3022 0.0, -0.0202 -0.0055 0.0039, -0.0202 -0.0055 0.0, -0.0164 -0.0037 0.0039, -0.0164 -0.0037 0.0, -0.036 -0.0015 0.0039, -0.1085 -0.2927 0.0039, -0.1177 -0.2887 0.0039, -0.1245 -0.2833 0.0039, -0.131 -0.275 0.0039, -0.1428 -0.2481 0.0039, -0.036 -0.3011 0.0039, -0.0468 0.003 0.0039, -0.0709 0.0085 0.0039, -0.0955 0.0104 0.0039, -0.1094 0.0078 0.0039, -0.0959 -0.2959 0.0039, -0.0785 -0.2982 0.0039, -0.0536 -0.3011 0.0039, -0.0448 -0.3013 0.0039, -0.152 -0.1909 0.0039, -0.1527 -0.1159 0.0039, -0.1461 -0.039 0.0039, -0.1208 0.0035 0.0039, -0.1274 -0.0011 0.0039, -0.1347 -0.0097 0.0039, -0.1411 -0.0219 0.0039, -0.0785 -0.2982 0.0, -0.0536 -0.3011 0.0, -0.0959 -0.2959 0.0, -0.1085 -0.2927 0.0, -0.1177 -0.2887 0.0, -0.1245 -0.2833 0.0, -0.131 -0.275 0.0, -0.1428 -0.2481 0.0, -0.152 -0.1909 0.0, -0.1527 -0.1159 0.0, -0.1461 -0.039 0.0, -0.1411 -0.0219 0.0, -0.1347 -0.0097 0.0, -0.1274 -0.0011 0.0, -0.1208 0.0035 0.0, -0.1094 0.0078 0.0, -0.0955 0.0104 0.0, -0.0709 0.0085 0.0, -0.0468 0.003 0.0, -0.036 -0.0015 0.0, -0.036 -0.3011 0.0, -0.0448 -0.3013 0.0, 0.1198 -0.1227 0.0039, 0.1198 -0.1227 0.0, 0.1674 -0.1289 0.0039, 0.1674 -0.1289 0.0, 0.1002 -0.1187 0.0039, 0.1002 -0.1187 0.0, 0.0876 -0.1143 0.0039, 0.0876 -0.1143 0.0, 0.0819 -0.1108 0.0039, 0.0819 -0.1108 0.0, 0.0768 -0.108 0.0039, 0.0768 -0.108 0.0, 0.0604 -0.1244 0.0039, 0.0604 -0.1244 0.0, 0.0592 -0.126 0.0039, 0.0592 -0.126 0.0, 0.0584 -0.1273 0.0039, 0.0584 -0.1273 0.0, 0.058 -0.1285 0.0039, 0.058 -0.1285 0.0, 0.0578 -0.1295 0.0039, 0.0578 -0.1295 0.0, 0.058 -0.1306 0.0039, 0.058 -0.1306 0.0, 0.0583 -0.1315 0.0039, 0.0583 -0.1315 0.0, 0.0589 -0.1324 0.0039, 0.0589 -0.1324 0.0, 0.0598 -0.1332 0.0039, 0.0598 -0.1332 0.0, 0.0605 -0.1336 0.0039, 0.0605 -0.1336 0.0, 0.0615 -0.1339 0.0039, 0.0615 -0.1339 0.0, 0.0632 -0.1341 0.0039, 0.0632 -0.1341 0.0, 0.1674 -0.1487 0.0039, 0.1674 -0.1487 0.0, 0.1674 -0.3022 0.0039, 0.1674 -0.3022 0.0, 0.083 -0.2903 0.0039, 0.083 -0.2903 0.0, 0.0748 -0.2882 0.0039, 0.0748 -0.2882 0.0, 0.0672 -0.2846 0.0039, 0.0672 -0.2846 0.0, 0.0621 -0.2818 0.0039, 0.0621 -0.2818 0.0, 0.0463 -0.2994 0.0039, 0.0463 -0.2994 0.0, 0.0447 -0.3015 0.0039, 0.0447 -0.3015 0.0, 0.0442 -0.3027 0.0039, 0.0442 -0.3027 0.0, 0.044 -0.3038 0.0039, 0.044 -0.3038 0.0, 0.044 -0.3048 0.0039, 0.044 -0.3048 0.0, 0.0444 -0.3059 0.0039, 0.0444 -0.3059 0.0, 0.0449 -0.307 0.0039, 0.0449 -0.307 0.0, 0.0453 -0.3075 0.0039, 0.0453 -0.3075 0.0, 0.0457 -0.3078 0.0039, 0.0457 -0.3078 0.0, 0.0463 -0.3081 0.0039, 0.0463 -0.3081 0.0, 0.0482 -0.3084 0.0039, 0.0482 -0.3084 0.0, 0.0496 -0.3085 0.0039, 0.0496 -0.3085 0.0, 0.0581 -0.309 0.0039, 0.0581 -0.309 0.0, 0.101 -0.3142 0.0039, 0.101 -0.3142 0.0, 0.1437 -0.3209 0.0039, 0.1437 -0.3209 0.0, 0.1697 -0.3254 0.0039, 0.1697 -0.3254 0.0, 0.1759 -0.3277 0.0039, 0.1759 -0.3277 0.0, 0.1796 -0.3287 0.0039, 0.1796 -0.3287 0.0, 0.1823 -0.3289 0.0039, 0.1823 -0.3289 0.0, 0.1843 -0.3286 0.0039, 0.1843 -0.3286 0.0, 0.1859 -0.3279 0.0039, 0.1859 -0.3279 0.0, 0.1872 -0.327 0.0039, 0.1872 -0.327 0.0, 0.1881 -0.3259 0.0039, 0.1881 -0.3259 0.0, 0.1888 -0.3243 0.0039, 0.1888 -0.3243 0.0, 0.1892 -0.3221 0.0039, 0.1892 -0.3221 0.0, 0.189 -0.3176 0.0039, 0.189 -0.3176 0.0, 0.189 -0.3175 0.0039, 0.189 -0.3175 0.0, 0.1853 -0.3033 0.0039, 0.1853 -0.3033 0.0, 0.1839 -0.2886 0.0039, 0.1839 -0.2886 0.0, 0.1839 -0.2778 0.0039, 0.1839 -0.2778 0.0, 0.1835 -0.2708 0.0039, 0.1835 -0.2708 0.0, 0.1833 -0.2637 0.0039, 0.1833 -0.2637 0.0, 0.1839 -0.0044 0.0039, 0.1839 -0.0044 0.0, 0.1899 0.0027 0.0039, 0.1899 0.0027 0.0, 0.1936 0.0072 0.0039, 0.1936 0.0072 0.0, 0.1959 0.0103 0.0039, 0.1959 0.0103 0.0, 0.1972 0.0128 0.0039, 0.1972 0.0128 0.0, 0.1978 0.0151 0.0039, 0.1978 0.0151 0.0, 0.1978 0.0166 0.0039, 0.1978 0.0166 0.0, 0.1979 0.0178 0.0039, 0.1979 0.0178 0.0, 0.1979 0.019 0.0039, 0.1979 0.019 0.0, 0.1978 0.0193 0.0039, 0.1978 0.0193 0.0, 0.1976 0.0196 0.0039, 0.1976 0.0196 0.0, 0.1973 0.02 0.0039, 0.1973 0.02 0.0, 0.1967 0.0204 0.0039, 0.1967 0.0204 0.0, 0.1959 0.0207 0.0039, 0.1959 0.0207 0.0, 0.1949 0.0208 0.0039, 0.1949 0.0208 0.0, 0.1929 0.0206 0.0039, 0.1929 0.0206 0.0, 0.1822 0.0189 0.0039, 0.1822 0.0189 0.0, 0.1726 0.0177 0.0039, 0.1726 0.0177 0.0, 0.1629 0.0177 0.0039, 0.1629 0.0177 0.0, 0.1612 0.0177 0.0039, 0.1612 0.0177 0.0, 0.1501 0.0179 0.0039, 0.1501 0.0179 0.0, 0.1391 0.0195 0.0039, 0.1391 0.0195 0.0, 0.117 0.0234 0.0039, 0.117 0.0234 0.0, 0.0975 0.0274 0.0039, 0.0975 0.0274 0.0, 0.0819 0.033 0.0039, 0.0819 0.033 0.0, 0.0791 0.0347 0.0039, 0.0791 0.0347 0.0, 0.074 0.0381 0.0039, 0.074 0.0381 0.0, 0.0576 0.0211 0.0039, 0.0576 0.0211 0.0, 0.0565 0.0193 0.0039, 0.0565 0.0193 0.0, 0.0558 0.0179 0.0039, 0.0558 0.0179 0.0, 0.0555 0.0169 0.0039, 0.0555 0.0169 0.0, 0.0553 0.0161 0.0039, 0.0553 0.0161 0.0, 0.0554 0.0153 0.0039, 0.0554 0.0153 0.0, 0.0557 0.0145 0.0039, 0.0557 0.0145 0.0, 0.0561 0.0138 0.0039, 0.0561 0.0138 0.0, 0.0568 0.0132 0.0039, 0.0568 0.0132 0.0, 0.0577 0.0126 0.0039, 0.0577 0.0126 0.0, 0.0588 0.0122 0.0039, 0.0588 0.0122 0.0, 0.0604 0.0121 0.0039, 0.0604 0.0121 0.0, 0.0694 0.0109 0.0039, 0.0694 0.0109 0.0, 0.0828 0.0092 0.0039, 0.0828 0.0092 0.0, 0.0961 0.0076 0.0039, 0.0961 0.0076 0.0, 0.1674 -0.0044 0.0039, 0.1674 -0.0044 0.0, 0.2537 0.0296 0.0039, 0.2537 0.0296 0.0, 0.2621 0.0296 0.0039, 0.2621 0.0296 0.0, 0.2537 -0.1216 0.0039, 0.2537 -0.1216 0.0, 0.2644 -0.1216 0.0039, 0.2644 -0.1216 0.0, 0.2692 -0.0418 0.0039, 0.2692 -0.0418 0.0, 0.2763 -0.016 0.0039, 0.2763 -0.016 0.0, 0.2838 -0.0015 0.0039, 0.2838 -0.0015 0.0, 0.2908 0.0066 0.0039, 0.2908 0.0066 0.0, 0.2997 0.0128 0.0039, 0.2997 0.0128 0.0, 0.3082 0.016 0.0039, 0.3082 0.016 0.0, 0.3142 0.0172 0.0039, 0.3142 0.0172 0.0, 0.3261 0.0165 0.0039, 0.3261 0.0165 0.0, 0.3361 0.013 0.0039, 0.3361 0.013 0.0, 0.3457 0.007 0.0039, 0.3457 0.007 0.0, 0.3551 -0.0024 0.0039, 0.3551 -0.0024 0.0, 0.3649 -0.0178 0.0039, 0.3649 -0.0178 0.0, 0.378 -0.0556 0.0039, 0.378 -0.0556 0.0, 0.3828 -0.0836 0.0039, 0.3828 -0.0836 0.0, 0.385 -0.1748 0.0039, 0.385 -0.1748 0.0, 0.371 -0.2557 0.0039, 0.371 -0.2557 0.0, 0.3621 -0.2794 0.0039, 0.3621 -0.2794 0.0, 0.3505 -0.296 0.0039, 0.3505 -0.296 0.0, 0.3423 -0.3038 0.0039, 0.3423 -0.3038 0.0, 0.3349 -0.3084 0.0039, 0.3349 -0.3084 0.0, 0.3276 -0.3109 0.0039, 0.3276 -0.3109 0.0, 0.3188 -0.3118 0.0039, 0.3188 -0.3118 0.0, 0.3059 -0.3108 0.0039, 0.3059 -0.3108 0.0, 0.2937 -0.3063 0.0039, 0.2937 -0.3063 0.0, 0.2838 -0.2995 0.0039, 0.2838 -0.2995 0.0, 0.2758 -0.2905 0.0039, 0.2758 -0.2905 0.0, 0.2685 -0.277 0.0039, 0.2685 -0.277 0.0, 0.2607 -0.2445 0.0039, 0.2607 -0.2445 0.0, 0.2571 -0.2206 0.0039, 0.2571 -0.2206 0.0, 0.2542 -0.1907 0.0039, 0.2542 -0.1907 0.0, 0.2452 -0.1912 0.0039, 0.2452 -0.1912 0.0, 0.2489 -0.2533 0.0039, 0.2489 -0.2533 0.0, 0.2559 -0.284 0.0039, 0.2559 -0.284 0.0, 0.2647 -0.3023 0.0039, 0.2647 -0.3023 0.0, 0.273 -0.3131 0.0039, 0.273 -0.3131 0.0, 0.2837 -0.3218 0.0039, 0.2837 -0.3218 0.0, 0.2967 -0.3279 0.0039, 0.2967 -0.3279 0.0, 0.3109 -0.3305 0.0039, 0.3109 -0.3305 0.0, 0.3271 -0.3297 0.0039, 0.3271 -0.3297 0.0, 0.3425 -0.3245 0.0039, 0.3425 -0.3245 0.0, 0.3539 -0.3174 0.0039, 0.3539 -0.3174 0.0, 0.3636 -0.3073 0.0039, 0.3636 -0.3073 0.0, 0.3757 -0.2872 0.0039, 0.3757 -0.2872 0.0, 0.3913 -0.2413 0.0039, 0.3913 -0.2413 0.0, 0.3984 -0.1957 0.0039, 0.3984 -0.1957 0.0, 0.4009 -0.1155 0.0039, 0.4009 -0.1155 0.0, 0.398 -0.087 0.0039, 0.398 -0.087 0.0, 0.3844 -0.0254 0.0039, 0.3844 -0.0254 0.0, 0.3703 0.0045 0.0039, 0.3703 0.0045 0.0, 0.3583 0.0188 0.0039, 0.3583 0.0188 0.0, 0.3437 0.0297 0.0039, 0.3437 0.0297 0.0, 0.335 0.034 0.0039, 0.335 0.034 0.0, 0.3268 0.0358 0.0039, 0.3268 0.0358 0.0, 0.3188 0.0358 0.0039, 0.3188 0.0358 0.0, 0.3023 0.0315 0.0039, 0.3023 0.0315 0.0, 0.2896 0.0247 0.0039, 0.2896 0.0247 0.0, 0.2774 0.0136 0.0039, 0.2774 0.0136 0.0, 0.2712 0.0053 0.0039, 0.2712 0.0053 0.0, 0.2662 -0.0038 0.0039, 0.2662 -0.0038 0.0, 0.5673 0.0506 0.0, 0.5673 0.0506 0.0039, 0.5591 0.0404 0.0, 0.5424 0.0195 0.0039, 0.5424 0.0195 0.0, 0.5484 0.0068 0.0039, 0.5484 0.0068 0.0, 0.5507 -0.0093 0.0039, 0.5507 -0.0093 0.0, 0.5509 -0.0163 0.0039, 0.5509 -0.0163 0.0, 0.5509 -0.305 0.0039, 0.5509 -0.305 0.0, 0.5073 -0.3014 0.0039, 0.5073 -0.3014 0.0, 0.4865 -0.2982 0.0039, 0.4865 -0.2982 0.0, 0.4791 -0.2964 0.0039, 0.4791 -0.2964 0.0, 0.4748 -0.2941 0.0039, 0.4748 -0.2941 0.0, 0.469 -0.2892 0.0039, 0.469 -0.2892 0.0, 0.4666 -0.2881 0.0039, 0.4666 -0.2881 0.0, 0.4534 -0.2997 0.0039, 0.4534 -0.2997 0.0, 0.4472 -0.3055 0.0039, 0.4472 -0.3055 0.0, 0.4452 -0.3074 0.0039, 0.4452 -0.3074 0.0, 0.4444 -0.3089 0.0039, 0.4444 -0.3089 0.0, 0.4436 -0.3114 0.0039, 0.4436 -0.3114 0.0, 0.4433 -0.3135 0.0039, 0.4433 -0.3135 0.0, 0.444 -0.3148 0.0039, 0.444 -0.3148 0.0, 0.4445 -0.3153 0.0039, 0.4445 -0.3153 0.0, 0.4453 -0.3159 0.0039, 0.4453 -0.3159 0.0, 0.4468 -0.3164 0.0039, 0.4468 -0.3164 0.0, 0.448 -0.3166 0.0039, 0.448 -0.3166 0.0, 0.4564 -0.3167 0.0039, 0.4564 -0.3167 0.0, 0.4798 -0.3199 0.0039, 0.4798 -0.3199 0.0, 0.4897 -0.321 0.0039, 0.4897 -0.321 0.0, 0.5226 -0.3237 0.0039, 0.5226 -0.3237 0.0, 0.5464 -0.326 0.0039, 0.5464 -0.326 0.0, 0.5594 -0.3271 0.0039, 0.5594 -0.3271 0.0, 0.5634 -0.328 0.0039, 0.5634 -0.328 0.0, 0.5648 -0.3279 0.0039, 0.5648 -0.3279 0.0, 0.5656 -0.3277 0.0039, 0.5656 -0.3277 0.0, 0.5663 -0.3274 0.0039, 0.5663 -0.3274 0.0, 0.5669 -0.3269 0.0039, 0.5669 -0.3269 0.0, 0.5676 -0.326 0.0039, 0.5676 -0.326 0.0, 0.5684 -0.3244 0.0039, 0.5684 -0.3244 0.0, 0.5687 -0.3231 0.0039, 0.5687 -0.3231 0.0, 0.5685 -0.3198 0.0039, 0.5685 -0.3198 0.0, 0.5668 -0.3037 0.0039, 0.5668 -0.3037 0.0, 0.5667 -0.3028 0.0039, 0.5667 -0.3028 0.0, 0.5656 -0.2694 0.0039, 0.5656 -0.2694 0.0, 0.5656 -0.0145 0.0039, 0.5656 -0.0145 0.0, 0.5661 0.0131 0.0039, 0.5661 0.0131 0.0, 0.5702 0.0404 0.0039, 0.5702 0.0404 0.0, 0.5713 0.0461 0.0039, 0.5713 0.0461 0.0
            ]
        }
        coordIndex [
            0,1,2,-1,2,1,3,-1,4,5,0,-1,0,5,1,-1,6,7,4,-1,4,7,5,-1,7,6,8,-1,7,8,9,-1,9,8,10,-1,9,10,11,-1,11,10,12,-1,11,12,13,-1,13,12,14,-1,13,14,15,-1,15,14,16,-1,15,16,17,-1,17,16,18,-1,17,18,19,-1,19,18,20,-1,19,20,21,-1,21,20,22,-1,21,22,23,-1,23,22,24,-1,23,24,25,-1,25,24,26,-1,25,26,27,-1,27,26,28,-1,27,28,29,-1,29,28,30,-1,29,30,31,-1,31,30,32,-1,31,32,33,-1,33,32,34,-1,33,34,35,-1,35,34,36,-1,35,36,37,-1,38,39,36,-1,36,39,37,-1,39,38,40,-1,39,40,41,-1,41,40,42,-1,41,42,43,-1,43,42,44,-1,43,44,45,-1,45,44,46,-1,45,46,47,-1,48,49,46,-1,46,49,47,-1,49,48,50,-1,49,50,51,-1,51,50,52,-1,51,52,53,-1,53,52,54,-1,54,52,55,-1,54,55,56,-1,57,58,55,-1,55,58,56,-1,59,60,57,-1,57,60,61,-1,57,61,58,-1,62,63,59,-1,59,63,60,-1,63,62,64,-1,63,64,65,-1,65,64,66,-1,65,66,67,-1,68,69,66,-1,66,69,67,-1,69,68,70,-1,69,70,71,-1,71,70,72,-1,71,72,73,-1,73,72,74,-1,73,74,75,-1,75,74,76,-1,75,76,77,-1,77,76,78,-1,77,78,79,-1,79,78,80,-1,79,80,81,-1,81,80,82,-1,81,82,83,-1,83,82,84,-1,83,84,85,-1,85,84,86,-1,85,86,87,-1,88,89,86,-1,86,89,87,-1,90,91,88,-1,88,91,89,-1,91,90,92,-1,91,92,93,-1,93,92,94,-1,93,94,95,-1,95,94,96,-1,95,96,97,-1,97,96,98,-1,97,98,99,-1,99,98,100,-1,99,100,101,-1,101,100,102,-1,101,102,103,-1,103,102,104,-1,103,104,105,-1,105,104,106,-1,105,106,107,-1,107,106,108,-1,107,108,109,-1,109,108,110,-1,109,110,111,-1,111,110,112,-1,111,112,113,-1,113,112,114,-1,113,114,115,-1,115,114,116,-1,115,116,117,-1,117,116,118,-1,117,118,119,-1,119,118,120,-1,119,120,121,-1,121,120,122,-1,121,122,123,-1,124,125,122,-1,122,125,123,-1,126,127,124,-1,124,127,125,-1,126,2,127,-1,127,2,3,-1,128,55,129,-1,129,55,52,-1,126,130,131,-1,72,70,124,-1,124,70,68,-1,131,132,126,-1,126,132,133,-1,126,133,2,-1,2,133,134,-1,50,0,52,-1,52,0,2,-1,52,2,129,-1,129,2,134,-1,68,66,124,-1,124,66,64,-1,124,64,126,-1,126,64,62,-1,126,62,130,-1,130,62,59,-1,130,59,128,-1,128,59,57,-1,128,57,55,-1,0,38,4,-1,4,38,36,-1,4,36,6,-1,6,36,34,-1,6,34,8,-1,94,122,96,-1,96,122,120,-1,96,120,98,-1,86,84,124,-1,124,84,82,-1,124,82,72,-1,72,82,80,-1,50,48,0,-1,0,48,46,-1,0,46,44,-1,8,34,10,-1,10,34,32,-1,10,32,12,-1,78,76,80,-1,80,76,74,-1,80,74,72,-1,44,42,0,-1,0,42,40,-1,0,40,38,-1,16,14,28,-1,94,92,122,-1,122,92,90,-1,122,90,124,-1,124,90,88,-1,124,88,86,-1,12,32,14,-1,14,32,30,-1,14,30,28,-1,116,114,100,-1,98,120,100,-1,100,120,118,-1,100,118,116,-1,104,110,106,-1,106,110,108,-1,114,112,100,-1,100,112,110,-1,100,110,102,-1,102,110,104,-1,16,28,18,-1,18,28,26,-1,18,26,20,-1,20,26,24,-1,20,24,22,-1,129,135,128,-1,128,135,136,-1,135,129,134,-1,135,134,137,-1,137,134,133,-1,137,133,138,-1,138,133,132,-1,138,132,139,-1,131,140,132,-1,132,140,139,-1,130,141,131,-1,131,141,140,-1,136,141,128,-1,128,141,130,-1,142,143,144,-1,144,143,145,-1,143,142,146,-1,143,146,147,-1,147,146,148,-1,147,148,149,-1,149,148,150,-1,149,150,151,-1,151,150,152,-1,151,152,153,-1,153,152,154,-1,153,154,155,-1,155,154,156,-1,155,156,157,-1,157,156,158,-1,157,158,159,-1,159,158,160,-1,159,160,161,-1,161,160,162,-1,161,162,163,-1,164,165,162,-1,162,165,163,-1,166,167,164,-1,164,167,165,-1,167,166,168,-1,167,168,169,-1,169,168,170,-1,169,170,171,-1,172,173,170,-1,170,173,171,-1,174,175,172,-1,172,175,173,-1,175,174,176,-1,175,176,177,-1,177,176,178,-1,177,178,179,-1,179,178,180,-1,179,180,181,-1,181,180,182,-1,181,182,183,-1,183,182,184,-1,183,184,185,-1,185,184,186,-1,185,186,187,-1,187,186,188,-1,187,188,189,-1,189,188,190,-1,189,190,191,-1,191,190,192,-1,191,192,193,-1,193,192,194,-1,193,194,195,-1,195,194,196,-1,195,196,197,-1,197,196,198,-1,197,198,199,-1,199,198,200,-1,199,200,201,-1,201,200,202,-1,201,202,203,-1,203,202,204,-1,203,204,205,-1,205,204,206,-1,205,206,207,-1,207,206,208,-1,207,208,209,-1,209,208,210,-1,209,210,211,-1,212,213,210,-1,210,213,211,-1,213,212,214,-1,213,214,215,-1,215,214,216,-1,215,216,217,-1,217,216,218,-1,217,218,219,-1,219,218,220,-1,219,220,221,-1,221,220,222,-1,221,222,223,-1,223,222,224,-1,223,224,225,-1,225,224,226,-1,225,226,227,-1,227,226,228,-1,227,228,229,-1,229,228,230,-1,229,230,231,-1,232,233,230,-1,230,233,231,-1,233,232,234,-1,233,234,235,-1,235,234,236,-1,235,236,237,-1,237,236,238,-1,237,238,239,-1,239,238,240,-1,239,240,241,-1,241,240,242,-1,241,242,243,-1,243,242,244,-1,243,244,245,-1,245,244,246,-1,245,246,247,-1,247,246,248,-1,247,248,249,-1,249,248,250,-1,249,250,251,-1,251,250,252,-1,251,252,253,-1,253,252,254,-1,253,254,255,-1,255,254,256,-1,255,256,257,-1,257,256,258,-1,257,258,259,-1,259,258,260,-1,259,260,261,-1,261,260,262,-1,261,262,263,-1,264,265,262,-1,262,265,263,-1,266,267,264,-1,264,267,265,-1,268,269,266,-1,266,269,267,-1,269,268,270,-1,269,270,271,-1,271,270,144,-1,271,144,145,-1,166,164,272,-1,146,142,164,-1,264,262,232,-1,238,236,262,-1,262,236,234,-1,262,234,232,-1,214,266,216,-1,216,266,264,-1,208,206,273,-1,273,206,204,-1,273,204,274,-1,274,204,202,-1,274,202,275,-1,275,202,200,-1,275,200,276,-1,276,200,277,-1,214,212,266,-1,266,212,278,-1,266,278,268,-1,268,278,272,-1,268,272,270,-1,270,272,164,-1,270,164,144,-1,144,164,142,-1,279,280,174,-1,174,280,176,-1,176,280,281,-1,176,281,178,-1,222,220,218,-1,174,172,279,-1,279,172,170,-1,279,170,272,-1,272,170,168,-1,272,168,166,-1,178,281,180,-1,180,281,282,-1,180,282,182,-1,273,283,208,-1,208,283,284,-1,208,284,210,-1,210,284,285,-1,210,285,212,-1,212,285,286,-1,212,286,278,-1,200,198,277,-1,277,198,196,-1,277,196,287,-1,287,196,194,-1,287,194,288,-1,288,194,192,-1,288,192,289,-1,289,192,190,-1,232,230,264,-1,264,230,228,-1,264,228,216,-1,216,228,226,-1,216,226,218,-1,218,226,224,-1,218,224,222,-1,244,242,262,-1,262,242,240,-1,262,240,238,-1,164,162,146,-1,146,162,160,-1,146,160,148,-1,148,160,158,-1,182,282,184,-1,184,282,290,-1,184,290,186,-1,186,290,291,-1,186,291,188,-1,188,291,292,-1,188,292,190,-1,190,292,293,-1,190,293,289,-1,260,258,248,-1,248,258,256,-1,248,256,250,-1,250,256,254,-1,250,254,252,-1,158,156,148,-1,148,156,154,-1,148,154,150,-1,150,154,152,-1,260,248,262,-1,262,248,246,-1,262,246,244,-1,284,294,285,-1,285,294,295,-1,294,284,283,-1,294,283,296,-1,296,283,273,-1,296,273,297,-1,297,273,274,-1,297,274,298,-1,298,274,275,-1,298,275,299,-1,299,275,276,-1,299,276,300,-1,300,276,277,-1,300,277,301,-1,301,277,287,-1,301,287,302,-1,302,287,288,-1,302,288,303,-1,303,288,289,-1,303,289,304,-1,304,289,293,-1,304,293,305,-1,305,293,292,-1,305,292,306,-1,306,292,291,-1,306,291,307,-1,307,291,290,-1,307,290,308,-1,308,290,282,-1,308,282,309,-1,309,282,281,-1,309,281,310,-1,310,281,280,-1,310,280,311,-1,311,280,279,-1,311,279,312,-1,272,313,279,-1,279,313,312,-1,278,314,272,-1,272,314,313,-1,314,278,286,-1,314,286,315,-1,315,286,285,-1,315,285,295,-1,316,317,318,-1,318,317,319,-1,317,316,320,-1,317,320,321,-1,321,320,322,-1,321,322,323,-1,323,322,324,-1,323,324,325,-1,326,327,324,-1,324,327,325,-1,328,329,326,-1,326,329,327,-1,329,328,330,-1,329,330,331,-1,331,330,332,-1,331,332,333,-1,333,332,334,-1,333,334,335,-1,335,334,336,-1,335,336,337,-1,337,336,338,-1,337,338,339,-1,339,338,340,-1,339,340,341,-1,341,340,342,-1,341,342,343,-1,343,342,344,-1,343,344,345,-1,345,344,346,-1,345,346,347,-1,347,346,348,-1,347,348,349,-1,349,348,350,-1,349,350,351,-1,352,353,350,-1,350,353,351,-1,354,355,352,-1,352,355,353,-1,356,357,354,-1,354,357,355,-1,357,356,358,-1,357,358,359,-1,359,358,360,-1,359,360,361,-1,362,363,360,-1,360,363,361,-1,364,365,362,-1,362,365,363,-1,365,364,366,-1,365,366,367,-1,367,366,368,-1,367,368,369,-1,369,368,370,-1,369,370,371,-1,371,370,372,-1,371,372,373,-1,373,372,374,-1,373,374,375,-1,375,374,376,-1,375,376,377,-1,377,376,378,-1,377,378,379,-1,379,378,380,-1,379,380,381,-1,381,380,382,-1,381,382,383,-1,383,382,384,-1,383,384,385,-1,385,384,386,-1,385,386,387,-1,388,389,386,-1,386,389,387,-1,389,388,390,-1,389,390,391,-1,391,390,392,-1,391,392,393,-1,394,395,392,-1,392,395,393,-1,395,394,396,-1,395,396,397,-1,397,396,398,-1,397,398,399,-1,399,398,400,-1,399,400,401,-1,401,400,402,-1,401,402,403,-1,403,402,404,-1,403,404,405,-1,405,404,406,-1,405,406,407,-1,407,406,408,-1,407,408,409,-1,409,408,410,-1,409,410,411,-1,411,410,412,-1,411,412,413,-1,413,412,414,-1,413,414,415,-1,415,414,416,-1,415,416,417,-1,417,416,418,-1,417,418,419,-1,419,418,420,-1,419,420,421,-1,422,423,420,-1,420,423,421,-1,423,422,424,-1,423,424,425,-1,425,424,426,-1,425,426,427,-1,428,429,426,-1,426,429,427,-1,429,428,430,-1,429,430,431,-1,431,430,432,-1,431,432,433,-1,433,432,434,-1,433,434,435,-1,435,434,436,-1,435,436,437,-1,437,436,438,-1,437,438,439,-1,439,438,440,-1,439,440,441,-1,441,440,442,-1,441,442,443,-1,443,442,444,-1,443,444,445,-1,445,444,446,-1,445,446,447,-1,447,446,448,-1,447,448,449,-1,449,448,450,-1,449,450,451,-1,451,450,452,-1,451,452,453,-1,453,452,454,-1,453,454,455,-1,455,454,456,-1,455,456,457,-1,457,456,458,-1,457,458,459,-1,460,461,458,-1,458,461,459,-1,461,460,462,-1,461,462,463,-1,463,462,464,-1,463,464,465,-1,466,467,464,-1,464,467,465,-1,467,466,468,-1,467,468,469,-1,469,468,470,-1,469,470,471,-1,472,473,470,-1,470,473,471,-1,473,472,474,-1,473,474,475,-1,475,474,476,-1,475,476,477,-1,477,476,478,-1,477,478,479,-1,480,481,478,-1,478,481,479,-1,482,483,480,-1,480,483,481,-1,483,482,484,-1,483,484,485,-1,485,484,486,-1,485,486,487,-1,487,486,488,-1,487,488,489,-1,489,488,490,-1,489,490,491,-1,491,490,492,-1,491,492,493,-1,493,492,494,-1,493,494,495,-1,495,494,496,-1,495,496,497,-1,497,496,498,-1,497,498,499,-1,499,498,500,-1,499,500,501,-1,501,500,502,-1,501,502,503,-1,503,502,504,-1,503,504,505,-1,506,507,504,-1,504,507,505,-1,507,506,508,-1,507,508,509,-1,509,508,510,-1,509,510,511,-1,512,513,510,-1,510,513,511,-1,512,318,513,-1,513,318,319,-1,360,358,388,-1,388,358,356,-1,402,400,354,-1,354,400,398,-1,354,398,396,-1,414,354,416,-1,416,354,418,-1,434,432,512,-1,376,374,364,-1,396,394,354,-1,354,394,392,-1,354,392,356,-1,356,392,390,-1,356,390,388,-1,426,424,354,-1,424,422,354,-1,354,422,420,-1,354,420,418,-1,414,412,354,-1,354,412,410,-1,354,410,408,-1,318,352,316,-1,316,352,350,-1,316,350,320,-1,320,350,322,-1,486,484,504,-1,504,484,482,-1,432,430,512,-1,512,430,428,-1,512,428,318,-1,318,428,426,-1,318,426,352,-1,352,426,354,-1,322,350,324,-1,324,350,328,-1,324,328,326,-1,360,388,362,-1,362,388,386,-1,362,386,364,-1,364,386,384,-1,364,384,382,-1,374,372,370,-1,408,406,354,-1,354,406,404,-1,354,404,402,-1,450,448,512,-1,512,448,446,-1,440,438,512,-1,512,438,436,-1,512,436,434,-1,482,480,504,-1,504,480,478,-1,504,478,506,-1,506,478,476,-1,506,476,508,-1,508,476,474,-1,508,474,510,-1,510,474,472,-1,510,472,512,-1,512,472,470,-1,512,470,468,-1,468,466,512,-1,512,466,464,-1,512,464,462,-1,370,368,374,-1,374,368,366,-1,374,366,364,-1,348,332,350,-1,350,332,330,-1,350,330,328,-1,446,444,512,-1,512,444,442,-1,512,442,440,-1,498,496,488,-1,462,460,512,-1,512,460,458,-1,512,458,456,-1,382,380,364,-1,364,380,378,-1,364,378,376,-1,348,346,332,-1,332,346,344,-1,332,344,334,-1,334,344,342,-1,342,340,334,-1,334,340,338,-1,334,338,336,-1,498,488,500,-1,456,454,512,-1,512,454,452,-1,512,452,450,-1,486,504,488,-1,488,504,502,-1,488,502,500,-1,496,494,488,-1,488,494,492,-1,488,492,490,-1,514,515,516,-1,516,515,517,-1,518,519,514,-1,514,519,515,-1,520,521,518,-1,518,521,519,-1,521,520,522,-1,521,522,523,-1,523,522,524,-1,523,524,525,-1,525,524,526,-1,525,526,527,-1,527,526,528,-1,527,528,529,-1,529,528,530,-1,529,530,531,-1,531,530,532,-1,531,532,533,-1,533,532,534,-1,533,534,535,-1,535,534,536,-1,535,536,537,-1,537,536,538,-1,537,538,539,-1,539,538,540,-1,539,540,541,-1,541,540,542,-1,541,542,543,-1,543,542,544,-1,543,544,545,-1,545,544,546,-1,545,546,547,-1,547,546,548,-1,547,548,549,-1,549,548,550,-1,549,550,551,-1,551,550,552,-1,551,552,553,-1,553,552,554,-1,553,554,555,-1,555,554,556,-1,555,556,557,-1,557,556,558,-1,557,558,559,-1,559,558,560,-1,559,560,561,-1,561,560,562,-1,561,562,563,-1,563,562,564,-1,563,564,565,-1,565,564,566,-1,565,566,567,-1,567,566,568,-1,567,568,569,-1,569,568,570,-1,569,570,571,-1,571,570,572,-1,571,572,573,-1,573,572,574,-1,573,574,575,-1,575,574,576,-1,575,576,577,-1,577,576,578,-1,577,578,579,-1,580,581,578,-1,578,581,579,-1,582,583,580,-1,580,583,581,-1,583,582,584,-1,583,584,585,-1,585,584,586,-1,585,586,587,-1,587,586,588,-1,587,588,589,-1,589,588,590,-1,589,590,591,-1,591,590,592,-1,591,592,593,-1,593,592,594,-1,593,594,595,-1,595,594,596,-1,595,596,597,-1,597,596,598,-1,597,598,599,-1,599,598,600,-1,599,600,601,-1,601,600,602,-1,601,602,603,-1,603,602,604,-1,603,604,605,-1,605,604,606,-1,605,606,607,-1,607,606,608,-1,607,608,609,-1,609,608,610,-1,609,610,611,-1,611,610,612,-1,611,612,613,-1,613,612,614,-1,613,614,615,-1,615,614,616,-1,615,616,617,-1,617,616,618,-1,617,618,619,-1,619,618,620,-1,619,620,621,-1,621,620,622,-1,621,622,623,-1,623,622,624,-1,623,624,625,-1,625,624,626,-1,625,626,627,-1,627,626,628,-1,627,628,629,-1,629,628,630,-1,629,630,631,-1,631,630,632,-1,631,632,633,-1,633,632,634,-1,633,634,635,-1,635,634,636,-1,635,636,637,-1,638,639,636,-1,636,639,637,-1,638,516,639,-1,639,516,517,-1,518,514,638,-1,638,514,516,-1,584,582,580,-1,520,518,522,-1,522,518,638,-1,522,638,524,-1,524,638,526,-1,636,530,638,-1,638,530,528,-1,638,528,526,-1,636,634,530,-1,530,634,632,-1,530,632,532,-1,532,632,630,-1,532,630,534,-1,534,630,628,-1,534,628,536,-1,548,546,616,-1,616,546,544,-1,616,544,618,-1,618,544,542,-1,618,542,620,-1,620,542,540,-1,620,540,622,-1,622,540,538,-1,622,538,624,-1,624,538,536,-1,624,536,626,-1,626,536,628,-1,580,578,584,-1,584,578,576,-1,584,576,586,-1,586,576,574,-1,586,574,588,-1,588,574,572,-1,588,572,590,-1,590,572,570,-1,590,570,592,-1,592,570,568,-1,592,568,594,-1,594,568,566,-1,594,566,596,-1,596,566,564,-1,596,564,598,-1,598,564,562,-1,598,562,600,-1,600,562,560,-1,600,560,602,-1,602,560,558,-1,602,558,604,-1,604,558,556,-1,604,556,606,-1,606,556,554,-1,606,554,608,-1,608,554,552,-1,608,552,610,-1,610,552,550,-1,610,550,612,-1,612,550,548,-1,612,548,614,-1,614,548,616,-1,640,641,642,-1,642,641,643,-1,642,643,644,-1,644,643,645,-1,644,645,646,-1,646,645,647,-1,646,647,648,-1,648,647,649,-1,648,649,650,-1,651,652,649,-1,649,652,650,-1,652,651,653,-1,652,653,654,-1,654,653,655,-1,654,655,656,-1,656,655,657,-1,656,657,658,-1,658,657,659,-1,658,659,660,-1,660,659,661,-1,660,661,662,-1,662,661,663,-1,662,663,664,-1,664,663,665,-1,664,665,666,-1,666,665,667,-1,666,667,668,-1,668,667,669,-1,668,669,670,-1,670,669,671,-1,670,671,672,-1,672,671,673,-1,672,673,674,-1,674,673,675,-1,674,675,676,-1,676,675,677,-1,676,677,678,-1,678,677,679,-1,678,679,680,-1,680,679,681,-1,680,681,682,-1,682,681,683,-1,682,683,684,-1,684,683,685,-1,684,685,686,-1,686,685,687,-1,686,687,688,-1,688,687,689,-1,688,689,690,-1,690,689,691,-1,690,691,692,-1,692,691,693,-1,692,693,694,-1,695,696,693,-1,693,696,694,-1,697,698,695,-1,695,698,696,-1,698,697,699,-1,698,699,700,-1,700,699,701,-1,700,701,702,-1,702,701,703,-1,702,703,704,-1,704,703,705,-1,704,705,706,-1,706,705,707,-1,706,707,708,-1,708,707,709,-1,708,709,710,-1,710,709,711,-1,710,711,712,-1,712,711,713,-1,712,713,714,-1,714,713,715,-1,714,715,716,-1,716,715,717,-1,716,717,718,-1,718,717,719,-1,718,719,720,-1,721,722,719,-1,719,722,720,-1,723,724,721,-1,721,724,722,-1,724,723,725,-1,724,725,726,-1,726,725,727,-1,726,727,728,-1,729,730,727,-1,727,730,728,-1,729,641,730,-1,730,641,640,-1,667,665,687,-1,689,687,659,-1,651,709,707,-1,665,663,687,-1,687,663,661,-1,687,661,659,-1,659,657,689,-1,689,657,655,-1,689,655,691,-1,691,655,653,-1,723,721,651,-1,721,719,651,-1,651,719,717,-1,651,717,715,-1,651,701,699,-1,641,729,643,-1,643,729,727,-1,643,727,645,-1,645,727,725,-1,645,725,647,-1,647,725,723,-1,647,723,649,-1,649,723,651,-1,715,713,651,-1,651,713,711,-1,651,711,709,-1,673,671,687,-1,687,671,669,-1,687,669,667,-1,707,705,651,-1,651,705,703,-1,651,703,701,-1,699,697,651,-1,651,697,695,-1,651,695,653,-1,653,695,693,-1,653,693,691,-1,687,685,673,-1,673,685,683,-1,673,683,681,-1,681,679,673,-1,673,679,677,-1,673,677,675,-1,
        ]
    }
}
Shape{
    appearance Appearance {
        material  Material 	{
            diffuseColor 0.6784313725490196 0.6784313725490196 0.6784313725490196
            specularColor 0.047058823529411764 0.047058823529411764 0.047058823529411764
            ambientIntensity 0.9686
            transparency 0.0
            shininess 0.5
        }
    }
    geometry IndexedFaceSet {
        ccw TRUE
        solid FALSE
        coord DEF co Coordinate {
            point [
                -0.3086 -0.1561 0.0, -0.3239 -0.1708 0.0, -0.2876 -0.0117 0.0, -0.2508 -0.1782 0.0, -0.2731 -0.1735 0.0, -0.2892 -0.1685 0.0, -0.2944 -0.1658 0.0, -0.0709 0.0085 0.0, -0.0468 0.003 0.0, -0.1527 -0.1159 0.0, -0.036 -0.0015 0.0, -0.036 -0.3011 0.0, -0.0448 -0.3013 0.0, -0.0536 -0.3011 0.0, -0.0955 0.0104 0.0, -0.0785 -0.2982 0.0, -0.0959 -0.2959 0.0, -0.1085 -0.2927 0.0, -0.1094 0.0078 0.0, -0.1461 -0.039 0.0, -0.1411 -0.0219 0.0, -0.1177 -0.2887 0.0, -0.1245 -0.2833 0.0, -0.131 -0.275 0.0, -0.1347 -0.0097 0.0, -0.1274 -0.0011 0.0, -0.1208 0.0035 0.0, -0.1428 -0.2481 0.0, -0.152 -0.1909 0.0
            ]
        }
        coordIndex [
            0,1,2,-1,2,3,4,-1,4,5,2,-1,2,5,6,-1,2,6,0,-1,7,8,9,-1,10,11,8,-1,8,11,12,-1,8,12,13,-1,7,9,14,-1,13,15,8,-1,8,15,16,-1,8,16,17,-1,14,9,18,-1,18,9,19,-1,18,19,20,-1,17,21,8,-1,8,21,22,-1,8,22,23,-1,20,24,18,-1,18,24,25,-1,18,25,26,-1,23,27,8,-1,8,27,28,-1,8,28,9,-1,
        ]
    }
}
Shape{
    appearance Appearance {
        material  Material 	{
            diffuseColor 0.6470588235294118 0.6196078431372549 0.5882352941176471
            specularColor 0.45098039215686275 0.43529411764705883 0.4117647058823529
            ambientIntensity 0.6242
            transparency 0.0
            shininess 0.5
        }
    }
    geometry IndexedFaceSet {
        ccw TRUE
        solid FALSE
        coord DEF co Coordinate {
            point [
                1.7126 0.5236 0.6693, 1.7126 0.5236 0.5976, 1.6339 0.5236 0.6693, 1.6339 0.5236 0.5976, 1.7126 -0.691 0.6693, 1.6339 -0.691 0.6693, 1.6339 -0.7042 0.6675, 1.7126 -0.7042 0.6675, 1.6339 -0.7166 0.6624, 1.7126 -0.7166 0.6624, 1.6339 -0.7272 0.6543, 1.7126 -0.7272 0.6543, 1.6339 -0.7353 0.6437, 1.7126 -0.7353 0.6437, 1.6339 -0.7404 0.6314, 1.7126 -0.7404 0.6314, 1.6339 -0.7421 0.6181, 1.7126 -0.7421 0.6181, 1.7126 -0.7421 0.6074, 1.6339 -0.7421 0.6074, 1.6339 -0.7404 0.5941, 1.7126 -0.7404 0.5941, 1.6339 -0.7353 0.5818, 1.7126 -0.7353 0.5818, 1.6339 -0.7272 0.5712, 1.7126 -0.7272 0.5712, 1.6339 -0.7166 0.563, 1.7126 -0.7166 0.563, 1.6339 -0.7042 0.5579, 1.7126 -0.7042 0.5579, 1.6339 -0.691 0.5562, 1.7126 -0.691 0.5562, 1.7126 -0.65 0.5562, 1.6339 -0.65 0.5562, 1.7126 -0.6194 0.5764, 1.6339 -0.6194 0.5764, 1.7126 -0.5849 0.589, 1.6339 -0.5849 0.589, 1.7126 -0.5484 0.5933, 1.6339 -0.5484 0.5933, 1.7126 -0.512 0.589, 1.6339 -0.512 0.589, 1.7126 -0.4775 0.5764, 1.6339 -0.4775 0.5764, 1.7126 -0.4469 0.5562, 1.6339 -0.4469 0.5562, 1.7126 0.124 0.5562, 1.6339 0.124 0.5562, 1.7126 0.1546 0.5522, 1.6339 0.1546 0.5522, 1.7126 0.1831 0.5404, 1.6339 0.1831 0.5404, 1.7126 0.2075 0.5216, 1.6339 0.2075 0.5216, 1.7126 0.2263 0.4971, 1.6339 0.2263 0.4971, 1.7126 0.2381 0.4686, 1.6339 0.2381 0.4686, 1.7126 0.2421 0.4381, 1.6339 0.2421 0.4381, 1.7126 0.2421 0.4055, 1.6339 0.2421 0.4055, 1.7126 0.2381 0.375, 1.6339 0.2381 0.375, 1.7126 0.2263 0.3465, 1.6339 0.2263 0.3465, 1.7126 0.2075 0.322, 1.6339 0.2075 0.322, 1.7126 0.1831 0.3033, 1.6339 0.1831 0.3033, 1.7126 0.1546 0.2915, 1.6339 0.1546 0.2915, 1.7126 0.124 0.2874, 1.6339 0.124 0.2874, 1.7126 -0.4633 0.2874, 1.6339 -0.4633 0.2874, 1.7126 -0.4633 0.3465, 1.6339 -0.4633 0.3465, 1.7126 -0.8704 0.2362, 1.6339 -0.8704 0.2362, 1.7126 -0.8704 0.1819, 1.6339 -0.8704 0.1819, 1.7126 -0.6162 0.1819, 1.6339 -0.6162 0.1819, 1.7126 -0.5848 0.2133, 1.6339 -0.5848 0.2133, 1.7126 0.1036 0.1575, 1.6339 0.1036 0.1575, 1.7126 0.425 0.1575, 1.6339 0.425 0.1575, 1.7126 0.425 0.0591, 1.6339 0.425 0.0591, 1.7126 0.5432 0.0591, 1.6339 0.5432 0.0591, 1.7126 0.6022 0.0, 1.6339 0.6022 0.0, 1.7126 0.7992 0.0, 1.6339 0.7992 0.0, 1.7126 0.7992 0.0787, 1.6339 0.7992 0.0787, 1.7126 0.6417 0.1209, 1.6339 0.6417 0.1209, 1.7126 0.4724 0.263, 1.6339 0.4724 0.263, 1.7126 0.4724 0.3417, 1.6339 0.4724 0.3417, 1.7126 0.5236 0.3417, 1.6339 0.5236 0.3417, 1.7126 0.5236 0.5189, 1.6339 0.5236 0.5189, 1.7126 0.4724 0.5189, 1.6339 0.4724 0.5189, 1.7126 0.4724 0.5976, 1.6339 0.4724 0.5976, 1.5158 0.5236 0.6693, 1.5158 0.5236 0.5976, 1.437 0.5236 0.6693, 1.437 0.5236 0.5976, 1.5158 -0.691 0.6693, 1.437 -0.691 0.6693, 1.437 -0.7042 0.6675, 1.5158 -0.7042 0.6675, 1.437 -0.7166 0.6624, 1.5158 -0.7166 0.6624, 1.437 -0.7272 0.6543, 1.5158 -0.7272 0.6543, 1.437 -0.7353 0.6437, 1.5158 -0.7353 0.6437, 1.437 -0.7404 0.6314, 1.5158 -0.7404 0.6314, 1.437 -0.7421 0.6181, 1.5158 -0.7421 0.6181, 1.5158 -0.7421 0.6074, 1.437 -0.7421 0.6074, 1.437 -0.7404 0.5941, 1.5158 -0.7404 0.5941, 1.437 -0.7353 0.5818, 1.5158 -0.7353 0.5818, 1.437 -0.7272 0.5712, 1.5158 -0.7272 0.5712, 1.437 -0.7166 0.563, 1.5158 -0.7166 0.563, 1.437 -0.7042 0.5579, 1.5158 -0.7042 0.5579, 1.437 -0.691 0.5562, 1.5158 -0.691 0.5562, 1.5158 -0.65 0.5562, 1.437 -0.65 0.5562, 1.5158 -0.6194 0.5764, 1.437 -0.6194 0.5764, 1.5158 -0.5849 0.589, 1.437 -0.5849 0.589, 1.5158 -0.5484 0.5933, 1.437 -0.5484 0.5933, 1.5158 -0.512 0.589, 1.437 -0.512 0.589, 1.5158 -0.4775 0.5764, 1.437 -0.4775 0.5764, 1.5158 -0.4469 0.5562, 1.437 -0.4469 0.5562, 1.5158 0.124 0.5562, 1.437 0.124 0.5562, 1.5158 0.1546 0.5522, 1.437 0.1546 0.5522, 1.5158 0.1831 0.5404, 1.437 0.1831 0.5404, 1.5158 0.2075 0.5216, 1.437 0.2075 0.5216, 1.5158 0.2263 0.4971, 1.437 0.2263 0.4971, 1.5158 0.2381 0.4686, 1.437 0.2381 0.4686, 1.5158 0.2421 0.4381, 1.437 0.2421 0.4381, 1.5158 0.2421 0.4055, 1.437 0.2421 0.4055, 1.5158 0.2381 0.375, 1.437 0.2381 0.375, 1.5158 0.2263 0.3465, 1.437 0.2263 0.3465, 1.5158 0.2075 0.322, 1.437 0.2075 0.322, 1.5158 0.1831 0.3033, 1.437 0.1831 0.3033, 1.5158 0.1546 0.2915, 1.437 0.1546 0.2915, 1.5158 0.124 0.2874, 1.437 0.124 0.2874, 1.5158 -0.4633 0.2874, 1.437 -0.4633 0.2874, 1.5158 -0.4633 0.3465, 1.437 -0.4633 0.3465, 1.5158 -0.8704 0.2362, 1.437 -0.8704 0.2362, 1.5158 -0.8704 0.1819, 1.437 -0.8704 0.1819, 1.5158 -0.6162 0.1819, 1.437 -0.6162 0.1819, 1.5158 -0.5848 0.2133, 1.437 -0.5848 0.2133, 1.5158 0.1036 0.1575, 1.437 0.1036 0.1575, 1.5158 0.425 0.1575, 1.437 0.425 0.1575, 1.5158 0.425 0.0591, 1.437 0.425 0.0591, 1.5158 0.5432 0.0591, 1.437 0.5432 0.0591, 1.5158 0.6022 0.0, 1.437 0.6022 0.0, 1.5158 0.7992 0.0, 1.437 0.7992 0.0, 1.5158 0.7992 0.0787, 1.437 0.7992 0.0787, 1.5158 0.6417 0.1209, 1.437 0.6417 0.1209, 1.5158 0.4724 0.263, 1.437 0.4724 0.263, 1.5158 0.4724 0.3417, 1.437 0.4724 0.3417, 1.5158 0.5236 0.3417, 1.437 0.5236 0.3417, 1.5158 0.5236 0.5189, 1.437 0.5236 0.5189, 1.5158 0.4724 0.5189, 1.437 0.4724 0.5189, 1.5158 0.4724 0.5976, 1.437 0.4724 0.5976, 1.3189 0.5236 0.6693, 1.3189 0.5236 0.5976, 1.2402 0.5236 0.6693, 1.2402 0.5236 0.5976, 1.3189 -0.691 0.6693, 1.2402 -0.691 0.6693, 1.2402 -0.7042 0.6675, 1.3189 -0.7042 0.6675, 1.2402 -0.7166 0.6624, 1.3189 -0.7166 0.6624, 1.2402 -0.7272 0.6543, 1.3189 -0.7272 0.6543, 1.2402 -0.7353 0.6437, 1.3189 -0.7353 0.6437, 1.2402 -0.7404 0.6314, 1.3189 -0.7404 0.6314, 1.2402 -0.7421 0.6181, 1.3189 -0.7421 0.6181, 1.3189 -0.7421 0.6074, 1.2402 -0.7421 0.6074, 1.2402 -0.7404 0.5941, 1.3189 -0.7404 0.5941, 1.2402 -0.7353 0.5818, 1.3189 -0.7353 0.5818, 1.2402 -0.7272 0.5712, 1.3189 -0.7272 0.5712, 1.2402 -0.7166 0.563, 1.3189 -0.7166 0.563, 1.2402 -0.7042 0.5579, 1.3189 -0.7042 0.5579, 1.2402 -0.691 0.5562, 1.3189 -0.691 0.5562, 1.3189 -0.65 0.5562, 1.2402 -0.65 0.5562, 1.3189 -0.6194 0.5764, 1.2402 -0.6194 0.5764, 1.3189 -0.5849 0.589, 1.2402 -0.5849 0.589, 1.3189 -0.5484 0.5933, 1.2402 -0.5484 0.5933, 1.3189 -0.512 0.589, 1.2402 -0.512 0.589, 1.3189 -0.4775 0.5764, 1.2402 -0.4775 0.5764, 1.3189 -0.4469 0.5562, 1.2402 -0.4469 0.5562, 1.3189 0.124 0.5562, 1.2402 0.124 0.5562, 1.3189 0.1546 0.5522, 1.2402 0.1546 0.5522, 1.3189 0.1831 0.5404, 1.2402 0.1831 0.5404, 1.3189 0.2075 0.5216, 1.2402 0.2075 0.5216, 1.3189 0.2263 0.4971, 1.2402 0.2263 0.4971, 1.3189 0.2381 0.4686, 1.2402 0.2381 0.4686, 1.3189 0.2421 0.4381, 1.2402 0.2421 0.4381, 1.3189 0.2421 0.4055, 1.2402 0.2421 0.4055, 1.3189 0.2381 0.375, 1.2402 0.2381 0.375, 1.3189 0.2263 0.3465, 1.2402 0.2263 0.3465, 1.3189 0.2075 0.322, 1.2402 0.2075 0.322, 1.3189 0.1831 0.3033, 1.2402 0.1831 0.3033, 1.3189 0.1546 0.2915, 1.2402 0.1546 0.2915, 1.3189 0.124 0.2874, 1.2402 0.124 0.2874, 1.3189 -0.4633 0.2874, 1.2402 -0.4633 0.2874, 1.3189 -0.4633 0.3465, 1.2402 -0.4633 0.3465, 1.3189 -0.8704 0.2362, 1.2402 -0.8704 0.2362, 1.3189 -0.8704 0.1819, 1.2402 -0.8704 0.1819, 1.3189 -0.6162 0.1819, 1.2402 -0.6162 0.1819, 1.3189 -0.5848 0.2133, 1.2402 -0.5848 0.2133, 1.3189 0.1036 0.1575, 1.2402 0.1036 0.1575, 1.3189 0.425 0.1575, 1.2402 0.425 0.1575, 1.3189 0.425 0.0591, 1.2402 0.425 0.0591, 1.3189 0.5432 0.0591, 1.2402 0.5432 0.0591, 1.3189 0.6022 0.0, 1.2402 0.6022 0.0, 1.3189 0.7992 0.0, 1.2402 0.7992 0.0, 1.3189 0.7992 0.0787, 1.2402 0.7992 0.0787, 1.3189 0.6417 0.1209, 1.2402 0.6417 0.1209, 1.3189 0.4724 0.263, 1.2402 0.4724 0.263, 1.3189 0.4724 0.3417, 1.2402 0.4724 0.3417, 1.3189 0.5236 0.3417, 1.2402 0.5236 0.3417, 1.3189 0.5236 0.5189, 1.2402 0.5236 0.5189, 1.3189 0.4724 0.5189, 1.2402 0.4724 0.5189, 1.3189 0.4724 0.5976, 1.2402 0.4724 0.5976, 1.1221 0.5236 0.6693, 1.1221 0.5236 0.5976, 1.0433 0.5236 0.6693, 1.0433 0.5236 0.5976, 1.1221 -0.691 0.6693, 1.0433 -0.691 0.6693, 1.0433 -0.7042 0.6675, 1.1221 -0.7042 0.6675, 1.0433 -0.7166 0.6624, 1.1221 -0.7166 0.6624, 1.0433 -0.7272 0.6543, 1.1221 -0.7272 0.6543, 1.0433 -0.7353 0.6437, 1.1221 -0.7353 0.6437, 1.0433 -0.7404 0.6314, 1.1221 -0.7404 0.6314, 1.0433 -0.7421 0.6181, 1.1221 -0.7421 0.6181, 1.1221 -0.7421 0.6074, 1.0433 -0.7421 0.6074, 1.0433 -0.7404 0.5941, 1.1221 -0.7404 0.5941, 1.0433 -0.7353 0.5818, 1.1221 -0.7353 0.5818, 1.0433 -0.7272 0.5712, 1.1221 -0.7272 0.5712, 1.0433 -0.7166 0.563, 1.1221 -0.7166 0.563, 1.0433 -0.7042 0.5579, 1.1221 -0.7042 0.5579, 1.0433 -0.691 0.5562, 1.1221 -0.691 0.5562, 1.1221 -0.65 0.5562, 1.0433 -0.65 0.5562, 1.1221 -0.6194 0.5764, 1.0433 -0.6194 0.5764, 1.1221 -0.5849 0.589, 1.0433 -0.5849 0.589, 1.1221 -0.5484 0.5933, 1.0433 -0.5484 0.5933, 1.1221 -0.512 0.589, 1.0433 -0.512 0.589, 1.1221 -0.4775 0.5764, 1.0433 -0.4775 0.5764, 1.1221 -0.4469 0.5562, 1.0433 -0.4469 0.5562, 1.1221 0.124 0.5562, 1.0433 0.124 0.5562, 1.1221 0.1546 0.5522, 1.0433 0.1546 0.5522, 1.1221 0.1831 0.5404, 1.0433 0.1831 0.5404, 1.1221 0.2075 0.5216, 1.0433 0.2075 0.5216, 1.1221 0.2263 0.4971, 1.0433 0.2263 0.4971, 1.1221 0.2381 0.4686, 1.0433 0.2381 0.4686, 1.1221 0.2421 0.4381, 1.0433 0.2421 0.4381, 1.1221 0.2421 0.4055, 1.0433 0.2421 0.4055, 1.1221 0.2381 0.375, 1.0433 0.2381 0.375, 1.1221 0.2263 0.3465, 1.0433 0.2263 0.3465, 1.1221 0.2075 0.322, 1.0433 0.2075 0.322, 1.1221 0.1831 0.3033, 1.0433 0.1831 0.3033, 1.1221 0.1546 0.2915, 1.0433 0.1546 0.2915, 1.1221 0.124 0.2874, 1.0433 0.124 0.2874, 1.1221 -0.4633 0.2874, 1.0433 -0.4633 0.2874, 1.1221 -0.4633 0.3465, 1.0433 -0.4633 0.3465, 1.1221 -0.8704 0.2362, 1.0433 -0.8704 0.2362, 1.1221 -0.8704 0.1819, 1.0433 -0.8704 0.1819, 1.1221 -0.6162 0.1819, 1.0433 -0.6162 0.1819, 1.1221 -0.5848 0.2133, 1.0433 -0.5848 0.2133, 1.1221 0.1036 0.1575, 1.0433 0.1036 0.1575, 1.1221 0.425 0.1575, 1.0433 0.425 0.1575, 1.1221 0.425 0.0591, 1.0433 0.425 0.0591, 1.1221 0.5432 0.0591, 1.0433 0.5432 0.0591, 1.1221 0.6022 0.0, 1.0433 0.6022 0.0, 1.1221 0.7992 0.0, 1.0433 0.7992 0.0, 1.1221 0.7992 0.0787, 1.0433 0.7992 0.0787, 1.1221 0.6417 0.1209, 1.0433 0.6417 0.1209, 1.1221 0.4724 0.263, 1.0433 0.4724 0.263, 1.1221 0.4724 0.3417, 1.0433 0.4724 0.3417, 1.1221 0.5236 0.3417, 1.0433 0.5236 0.3417, 1.1221 0.5236 0.5189, 1.0433 0.5236 0.5189, 1.1221 0.4724 0.5189, 1.0433 0.4724 0.5189, 1.1221 0.4724 0.5976, 1.0433 0.4724 0.5976, 0.9252 0.5236 0.6693, 0.9252 0.5236 0.5976, 0.8465 0.5236 0.6693, 0.8465 0.5236 0.5976, 0.9252 -0.691 0.6693, 0.8465 -0.691 0.6693, 0.8465 -0.7042 0.6675, 0.9252 -0.7042 0.6675, 0.8465 -0.7166 0.6624, 0.9252 -0.7166 0.6624, 0.8465 -0.7272 0.6543, 0.9252 -0.7272 0.6543, 0.8465 -0.7353 0.6437, 0.9252 -0.7353 0.6437, 0.8465 -0.7404 0.6314, 0.9252 -0.7404 0.6314, 0.8465 -0.7421 0.6181, 0.9252 -0.7421 0.6181, 0.9252 -0.7421 0.6074, 0.8465 -0.7421 0.6074, 0.8465 -0.7404 0.5941, 0.9252 -0.7404 0.5941, 0.8465 -0.7353 0.5818, 0.9252 -0.7353 0.5818, 0.8465 -0.7272 0.5712, 0.9252 -0.7272 0.5712, 0.8465 -0.7166 0.563, 0.9252 -0.7166 0.563, 0.8465 -0.7042 0.5579, 0.9252 -0.7042 0.5579, 0.8465 -0.691 0.5562, 0.9252 -0.691 0.5562, 0.9252 -0.65 0.5562, 0.8465 -0.65 0.5562, 0.9252 -0.6194 0.5764, 0.8465 -0.6194 0.5764, 0.9252 -0.5849 0.589, 0.8465 -0.5849 0.589, 0.9252 -0.5484 0.5933, 0.8465 -0.5484 0.5933, 0.9252 -0.512 0.589, 0.8465 -0.512 0.589, 0.9252 -0.4775 0.5764, 0.8465 -0.4775 0.5764, 0.9252 -0.4469 0.5562, 0.8465 -0.4469 0.5562, 0.9252 0.124 0.5562, 0.8465 0.124 0.5562, 0.9252 0.1546 0.5522, 0.8465 0.1546 0.5522, 0.9252 0.1831 0.5404, 0.8465 0.1831 0.5404, 0.9252 0.2075 0.5216, 0.8465 0.2075 0.5216, 0.9252 0.2263 0.4971, 0.8465 0.2263 0.4971, 0.9252 0.2381 0.4686, 0.8465 0.2381 0.4686, 0.9252 0.2421 0.4381, 0.8465 0.2421 0.4381, 0.9252 0.2421 0.4055, 0.8465 0.2421 0.4055, 0.9252 0.2381 0.375, 0.8465 0.2381 0.375, 0.9252 0.2263 0.3465, 0.8465 0.2263 0.3465, 0.9252 0.2075 0.322, 0.8465 0.2075 0.322, 0.9252 0.1831 0.3033, 0.8465 0.1831 0.3033, 0.9252 0.1546 0.2915, 0.8465 0.1546 0.2915, 0.9252 0.124 0.2874, 0.8465 0.124 0.2874, 0.9252 -0.4633 0.2874, 0.8465 -0.4633 0.2874, 0.9252 -0.4633 0.3465, 0.8465 -0.4633 0.3465, 0.9252 -0.8704 0.2362, 0.8465 -0.8704 0.2362, 0.9252 -0.8704 0.1819, 0.8465 -0.8704 0.1819, 0.9252 -0.6162 0.1819, 0.8465 -0.6162 0.1819, 0.9252 -0.5848 0.2133, 0.8465 -0.5848 0.2133, 0.9252 0.1036 0.1575, 0.8465 0.1036 0.1575, 0.9252 0.425 0.1575, 0.8465 0.425 0.1575, 0.9252 0.425 0.0591, 0.8465 0.425 0.0591, 0.9252 0.5432 0.0591, 0.8465 0.5432 0.0591, 0.9252 0.6022 0.0, 0.8465 0.6022 0.0, 0.9252 0.7992 0.0, 0.8465 0.7992 0.0, 0.9252 0.7992 0.0787, 0.8465 0.7992 0.0787, 0.9252 0.6417 0.1209, 0.8465 0.6417 0.1209, 0.9252 0.4724 0.263, 0.8465 0.4724 0.263, 0.9252 0.4724 0.3417, 0.8465 0.4724 0.3417, 0.9252 0.5236 0.3417, 0.8465 0.5236 0.3417, 0.9252 0.5236 0.5189, 0.8465 0.5236 0.5189, 0.9252 0.4724 0.5189, 0.8465 0.4724 0.5189, 0.9252 0.4724 0.5976, 0.8465 0.4724 0.5976, 0.7284 0.5236 0.6693, 0.7284 0.5236 0.5976, 0.6496 0.5236 0.6693, 0.6496 0.5236 0.5976, 0.7284 -0.691 0.6693, 0.6496 -0.691 0.6693, 0.6496 -0.7042 0.6675, 0.7284 -0.7042 0.6675, 0.6496 -0.7166 0.6624, 0.7284 -0.7166 0.6624, 0.6496 -0.7272 0.6543, 0.7284 -0.7272 0.6543, 0.6496 -0.7353 0.6437, 0.7284 -0.7353 0.6437, 0.6496 -0.7404 0.6314, 0.7284 -0.7404 0.6314, 0.6496 -0.7421 0.6181, 0.7284 -0.7421 0.6181, 0.7284 -0.7421 0.6074, 0.6496 -0.7421 0.6074, 0.6496 -0.7404 0.5941, 0.7284 -0.7404 0.5941, 0.6496 -0.7353 0.5818, 0.7284 -0.7353 0.5818, 0.6496 -0.7272 0.5712, 0.7284 -0.7272 0.5712, 0.6496 -0.7166 0.563, 0.7284 -0.7166 0.563, 0.6496 -0.7042 0.5579, 0.7284 -0.7042 0.5579, 0.6496 -0.691 0.5562, 0.7284 -0.691 0.5562, 0.7284 -0.65 0.5562, 0.6496 -0.65 0.5562, 0.7284 -0.6194 0.5764, 0.6496 -0.6194 0.5764, 0.7284 -0.5849 0.589, 0.6496 -0.5849 0.589, 0.7284 -0.5484 0.5933, 0.6496 -0.5484 0.5933, 0.7284 -0.512 0.589, 0.6496 -0.512 0.589, 0.7284 -0.4775 0.5764, 0.6496 -0.4775 0.5764, 0.7284 -0.4469 0.5562, 0.6496 -0.4469 0.5562, 0.7284 0.124 0.5562, 0.6496 0.124 0.5562, 0.7284 0.1546 0.5522, 0.6496 0.1546 0.5522, 0.7284 0.1831 0.5404, 0.6496 0.1831 0.5404, 0.7284 0.2075 0.5216, 0.6496 0.2075 0.5216, 0.7284 0.2263 0.4971, 0.6496 0.2263 0.4971, 0.7284 0.2381 0.4686, 0.6496 0.2381 0.4686, 0.7284 0.2421 0.4381, 0.6496 0.2421 0.4381, 0.7284 0.2421 0.4055, 0.6496 0.2421 0.4055, 0.7284 0.2381 0.375, 0.6496 0.2381 0.375, 0.7284 0.2263 0.3465, 0.6496 0.2263 0.3465, 0.7284 0.2075 0.322, 0.6496 0.2075 0.322, 0.7284 0.1831 0.3033, 0.6496 0.1831 0.3033, 0.7284 0.1546 0.2915, 0.6496 0.1546 0.2915, 0.7284 0.124 0.2874, 0.6496 0.124 0.2874, 0.7284 -0.4633 0.2874, 0.6496 -0.4633 0.2874, 0.7284 -0.4633 0.3465, 0.6496 -0.4633 0.3465, 0.7284 -0.8704 0.2362, 0.6496 -0.8704 0.2362, 0.7284 -0.8704 0.1819, 0.6496 -0.8704 0.1819, 0.7284 -0.6162 0.1819, 0.6496 -0.6162 0.1819, 0.7284 -0.5848 0.2133, 0.6496 -0.5848 0.2133, 0.7284 0.1036 0.1575, 0.6496 0.1036 0.1575, 0.7284 0.425 0.1575, 0.6496 0.425 0.1575, 0.7284 0.425 0.0591, 0.6496 0.425 0.0591, 0.7284 0.5432 0.0591, 0.6496 0.5432 0.0591, 0.7284 0.6022 0.0, 0.6496 0.6022 0.0, 0.7284 0.7992 0.0, 0.6496 0.7992 0.0, 0.7284 0.7992 0.0787, 0.6496 0.7992 0.0787, 0.7284 0.6417 0.1209, 0.6496 0.6417 0.1209, 0.7284 0.4724 0.263, 0.6496 0.4724 0.263, 0.7284 0.4724 0.3417, 0.6496 0.4724 0.3417, 0.7284 0.5236 0.3417, 0.6496 0.5236 0.3417, 0.7284 0.5236 0.5189, 0.6496 0.5236 0.5189, 0.7284 0.4724 0.5189, 0.6496 0.4724 0.5189, 0.7284 0.4724 0.5976, 0.6496 0.4724 0.5976, 0.5315 0.5236 0.6693, 0.5315 0.5236 0.5976, 0.4528 0.5236 0.6693, 0.4528 0.5236 0.5976, 0.5315 -0.691 0.6693, 0.4528 -0.691 0.6693, 0.4528 -0.7042 0.6675, 0.5315 -0.7042 0.6675, 0.4528 -0.7166 0.6624, 0.5315 -0.7166 0.6624, 0.4528 -0.7272 0.6543, 0.5315 -0.7272 0.6543, 0.4528 -0.7353 0.6437, 0.5315 -0.7353 0.6437, 0.4528 -0.7404 0.6314, 0.5315 -0.7404 0.6314, 0.4528 -0.7421 0.6181, 0.5315 -0.7421 0.6181, 0.5315 -0.7421 0.6074, 0.4528 -0.7421 0.6074, 0.4528 -0.7404 0.5941, 0.5315 -0.7404 0.5941, 0.4528 -0.7353 0.5818, 0.5315 -0.7353 0.5818, 0.4528 -0.7272 0.5712, 0.5315 -0.7272 0.5712, 0.4528 -0.7166 0.563, 0.5315 -0.7166 0.563, 0.4528 -0.7042 0.5579, 0.5315 -0.7042 0.5579, 0.4528 -0.691 0.5562, 0.5315 -0.691 0.5562, 0.5315 -0.65 0.5562, 0.4528 -0.65 0.5562, 0.5315 -0.6194 0.5764, 0.4528 -0.6194 0.5764, 0.5315 -0.5849 0.589, 0.4528 -0.5849 0.589, 0.5315 -0.5484 0.5933, 0.4528 -0.5484 0.5933, 0.5315 -0.512 0.589, 0.4528 -0.512 0.589, 0.5315 -0.4775 0.5764, 0.4528 -0.4775 0.5764, 0.5315 -0.4469 0.5562, 0.4528 -0.4469 0.5562, 0.5315 0.124 0.5562, 0.4528 0.124 0.5562, 0.5315 0.1546 0.5522, 0.4528 0.1546 0.5522, 0.5315 0.1831 0.5404, 0.4528 0.1831 0.5404, 0.5315 0.2075 0.5216, 0.4528 0.2075 0.5216, 0.5315 0.2263 0.4971, 0.4528 0.2263 0.4971, 0.5315 0.2381 0.4686, 0.4528 0.2381 0.4686, 0.5315 0.2421 0.4381, 0.4528 0.2421 0.4381, 0.5315 0.2421 0.4055, 0.4528 0.2421 0.4055, 0.5315 0.2381 0.375, 0.4528 0.2381 0.375, 0.5315 0.2263 0.3465, 0.4528 0.2263 0.3465, 0.5315 0.2075 0.322, 0.4528 0.2075 0.322, 0.5315 0.1831 0.3033, 0.4528 0.1831 0.3033, 0.5315 0.1546 0.2915, 0.4528 0.1546 0.2915, 0.5315 0.124 0.2874, 0.4528 0.124 0.2874, 0.5315 -0.4633 0.2874, 0.4528 -0.4633 0.2874, 0.5315 -0.4633 0.3465, 0.4528 -0.4633 0.3465, 0.5315 -0.8704 0.2362, 0.4528 -0.8704 0.2362, 0.5315 -0.8704 0.1819, 0.4528 -0.8704 0.1819, 0.5315 -0.6162 0.1819, 0.4528 -0.6162 0.1819, 0.5315 -0.5848 0.2133, 0.4528 -0.5848 0.2133, 0.5315 0.1036 0.1575, 0.4528 0.1036 0.1575, 0.5315 0.425 0.1575, 0.4528 0.425 0.1575, 0.5315 0.425 0.0591, 0.4528 0.425 0.0591, 0.5315 0.5432 0.0591, 0.4528 0.5432 0.0591, 0.5315 0.6022 0.0, 0.4528 0.6022 0.0, 0.5315 0.7992 0.0, 0.4528 0.7992 0.0, 0.5315 0.7992 0.0787, 0.4528 0.7992 0.0787, 0.5315 0.6417 0.1209, 0.4528 0.6417 0.1209, 0.5315 0.4724 0.263, 0.4528 0.4724 0.263, 0.5315 0.4724 0.3417, 0.4528 0.4724 0.3417, 0.5315 0.5236 0.3417, 0.4528 0.5236 0.3417, 0.5315 0.5236 0.5189, 0.4528 0.5236 0.5189, 0.5315 0.4724 0.5189, 0.4528 0.4724 0.5189, 0.5315 0.4724 0.5976, 0.4528 0.4724 0.5976, 0.3347 0.5236 0.6693, 0.3347 0.5236 0.5976, 0.2559 0.5236 0.6693, 0.2559 0.5236 0.5976, 0.3347 -0.691 0.6693, 0.2559 -0.691 0.6693, 0.2559 -0.7042 0.6675, 0.3347 -0.7042 0.6675, 0.2559 -0.7166 0.6624, 0.3347 -0.7166 0.6624, 0.2559 -0.7272 0.6543, 0.3347 -0.7272 0.6543, 0.2559 -0.7353 0.6437, 0.3347 -0.7353 0.6437, 0.2559 -0.7404 0.6314, 0.3347 -0.7404 0.6314, 0.2559 -0.7421 0.6181, 0.3347 -0.7421 0.6181, 0.3347 -0.7421 0.6074, 0.2559 -0.7421 0.6074, 0.2559 -0.7404 0.5941, 0.3347 -0.7404 0.5941, 0.2559 -0.7353 0.5818, 0.3347 -0.7353 0.5818, 0.2559 -0.7272 0.5712, 0.3347 -0.7272 0.5712, 0.2559 -0.7166 0.563, 0.3347 -0.7166 0.563, 0.2559 -0.7042 0.5579, 0.3347 -0.7042 0.5579, 0.2559 -0.691 0.5562, 0.3347 -0.691 0.5562, 0.3347 -0.65 0.5562, 0.2559 -0.65 0.5562, 0.3347 -0.6194 0.5764, 0.2559 -0.6194 0.5764, 0.3347 -0.5849 0.589, 0.2559 -0.5849 0.589, 0.3347 -0.5484 0.5933, 0.2559 -0.5484 0.5933, 0.3347 -0.512 0.589, 0.2559 -0.512 0.589, 0.3347 -0.4775 0.5764, 0.2559 -0.4775 0.5764, 0.3347 -0.4469 0.5562, 0.2559 -0.4469 0.5562, 0.3347 0.124 0.5562, 0.2559 0.124 0.5562, 0.3347 0.1546 0.5522, 0.2559 0.1546 0.5522, 0.3347 0.1831 0.5404, 0.2559 0.1831 0.5404, 0.3347 0.2075 0.5216, 0.2559 0.2075 0.5216, 0.3347 0.2263 0.4971, 0.2559 0.2263 0.4971, 0.3347 0.2381 0.4686, 0.2559 0.2381 0.4686, 0.3347 0.2421 0.4381, 0.2559 0.2421 0.4381, 0.3347 0.2421 0.4055, 0.2559 0.2421 0.4055, 0.3347 0.2381 0.375, 0.2559 0.2381 0.375, 0.3347 0.2263 0.3465, 0.2559 0.2263 0.3465, 0.3347 0.2075 0.322, 0.2559 0.2075 0.322, 0.3347 0.1831 0.3033, 0.2559 0.1831 0.3033, 0.3347 0.1546 0.2915, 0.2559 0.1546 0.2915, 0.3347 0.124 0.2874, 0.2559 0.124 0.2874, 0.3347 -0.4633 0.2874, 0.2559 -0.4633 0.2874, 0.3347 -0.4633 0.3465, 0.2559 -0.4633 0.3465, 0.3347 -0.8704 0.2362, 0.2559 -0.8704 0.2362, 0.3347 -0.8704 0.1819, 0.2559 -0.8704 0.1819, 0.3347 -0.6162 0.1819, 0.2559 -0.6162 0.1819, 0.3347 -0.5848 0.2133, 0.2559 -0.5848 0.2133, 0.3347 0.1036 0.1575, 0.2559 0.1036 0.1575, 0.3347 0.425 0.1575, 0.2559 0.425 0.1575, 0.3347 0.425 0.0591, 0.2559 0.425 0.0591, 0.3347 0.5432 0.0591, 0.2559 0.5432 0.0591, 0.3347 0.6022 0.0, 0.2559 0.6022 0.0, 0.3347 0.7992 0.0, 0.2559 0.7992 0.0, 0.3347 0.7992 0.0787, 0.2559 0.7992 0.0787, 0.3347 0.6417 0.1209, 0.2559 0.6417 0.1209, 0.3347 0.4724 0.263, 0.2559 0.4724 0.263, 0.3347 0.4724 0.3417, 0.2559 0.4724 0.3417, 0.3347 0.5236 0.3417, 0.2559 0.5236 0.3417, 0.3347 0.5236 0.5189, 0.2559 0.5236 0.5189, 0.3347 0.4724 0.5189, 0.2559 0.4724 0.5189, 0.3347 0.4724 0.5976, 0.2559 0.4724 0.5976, 0.1378 0.5236 0.6693, 0.1378 0.5236 0.5976, 0.0591 0.5236 0.6693, 0.0591 0.5236 0.5976, 0.1378 -0.691 0.6693, 0.0591 -0.691 0.6693, 0.0591 -0.7042 0.6675, 0.1378 -0.7042 0.6675, 0.0591 -0.7166 0.6624, 0.1378 -0.7166 0.6624, 0.0591 -0.7272 0.6543, 0.1378 -0.7272 0.6543, 0.0591 -0.7353 0.6437, 0.1378 -0.7353 0.6437, 0.0591 -0.7404 0.6314, 0.1378 -0.7404 0.6314, 0.0591 -0.7421 0.6181, 0.1378 -0.7421 0.6181, 0.1378 -0.7421 0.6074, 0.0591 -0.7421 0.6074, 0.0591 -0.7404 0.5941, 0.1378 -0.7404 0.5941, 0.0591 -0.7353 0.5818, 0.1378 -0.7353 0.5818, 0.0591 -0.7272 0.5712, 0.1378 -0.7272 0.5712, 0.0591 -0.7166 0.563, 0.1378 -0.7166 0.563, 0.0591 -0.7042 0.5579, 0.1378 -0.7042 0.5579, 0.0591 -0.691 0.5562, 0.1378 -0.691 0.5562, 0.1378 -0.65 0.5562, 0.0591 -0.65 0.5562, 0.1378 -0.6194 0.5764, 0.0591 -0.6194 0.5764, 0.1378 -0.5849 0.589, 0.0591 -0.5849 0.589, 0.1378 -0.5484 0.5933, 0.0591 -0.5484 0.5933, 0.1378 -0.512 0.589, 0.0591 -0.512 0.589, 0.1378 -0.4775 0.5764, 0.0591 -0.4775 0.5764, 0.1378 -0.4469 0.5562, 0.0591 -0.4469 0.5562, 0.1378 0.124 0.5562, 0.0591 0.124 0.5562, 0.1378 0.1546 0.5522, 0.0591 0.1546 0.5522, 0.1378 0.1831 0.5404, 0.0591 0.1831 0.5404, 0.1378 0.2075 0.5216, 0.0591 0.2075 0.5216, 0.1378 0.2263 0.4971, 0.0591 0.2263 0.4971, 0.1378 0.2381 0.4686, 0.0591 0.2381 0.4686, 0.1378 0.2421 0.4381, 0.0591 0.2421 0.4381, 0.1378 0.2421 0.4055, 0.0591 0.2421 0.4055, 0.1378 0.2381 0.375, 0.0591 0.2381 0.375, 0.1378 0.2263 0.3465, 0.0591 0.2263 0.3465, 0.1378 0.2075 0.322, 0.0591 0.2075 0.322, 0.1378 0.1831 0.3033, 0.0591 0.1831 0.3033, 0.1378 0.1546 0.2915, 0.0591 0.1546 0.2915, 0.1378 0.124 0.2874, 0.0591 0.124 0.2874, 0.1378 -0.4633 0.2874, 0.0591 -0.4633 0.2874, 0.1378 -0.4633 0.3465, 0.0591 -0.4633 0.3465, 0.1378 -0.8704 0.2362, 0.0591 -0.8704 0.2362, 0.1378 -0.8704 0.1819, 0.0591 -0.8704 0.1819, 0.1378 -0.6162 0.1819, 0.0591 -0.6162 0.1819, 0.1378 -0.5848 0.2133, 0.0591 -0.5848 0.2133, 0.1378 0.1036 0.1575, 0.0591 0.1036 0.1575, 0.1378 0.425 0.1575, 0.0591 0.425 0.1575, 0.1378 0.425 0.0591, 0.0591 0.425 0.0591, 0.1378 0.5432 0.0591, 0.0591 0.5432 0.0591, 0.1378 0.6022 0.0, 0.0591 0.6022 0.0, 0.1378 0.7992 0.0, 0.0591 0.7992 0.0, 0.1378 0.7992 0.0787, 0.0591 0.7992 0.0787, 0.1378 0.6417 0.1209, 0.0591 0.6417 0.1209, 0.1378 0.4724 0.263, 0.0591 0.4724 0.263, 0.1378 0.4724 0.3417, 0.0591 0.4724 0.3417, 0.1378 0.5236 0.3417, 0.0591 0.5236 0.3417, 0.1378 0.5236 0.5189, 0.0591 0.5236 0.5189, 0.1378 0.4724 0.5189, 0.0591 0.4724 0.5189, 0.1378 0.4724 0.5976, 0.0591 0.4724 0.5976, -0.059 0.5236 0.6693, -0.059 0.5236 0.5976, -0.1378 0.5236 0.6693, -0.1378 0.5236 0.5976, -0.059 -0.691 0.6693, -0.1378 -0.691 0.6693, -0.1378 -0.7042 0.6675, -0.059 -0.7042 0.6675, -0.1378 -0.7166 0.6624, -0.059 -0.7166 0.6624, -0.1378 -0.7272 0.6543, -0.059 -0.7272 0.6543, -0.1378 -0.7353 0.6437, -0.059 -0.7353 0.6437, -0.1378 -0.7404 0.6314, -0.059 -0.7404 0.6314, -0.1378 -0.7421 0.6181, -0.059 -0.7421 0.6181, -0.059 -0.7421 0.6074, -0.1378 -0.7421 0.6074, -0.1378 -0.7404 0.5941, -0.059 -0.7404 0.5941, -0.1378 -0.7353 0.5818, -0.059 -0.7353 0.5818, -0.1378 -0.7272 0.5712, -0.059 -0.7272 0.5712, -0.1378 -0.7166 0.563, -0.059 -0.7166 0.563, -0.1378 -0.7042 0.5579, -0.059 -0.7042 0.5579, -0.1378 -0.691 0.5562, -0.059 -0.691 0.5562, -0.059 -0.65 0.5562, -0.1378 -0.65 0.5562, -0.059 -0.6194 0.5764, -0.1378 -0.6194 0.5764, -0.059 -0.5849 0.589, -0.1378 -0.5849 0.589, -0.059 -0.5484 0.5933, -0.1378 -0.5484 0.5933, -0.059 -0.512 0.589, -0.1378 -0.512 0.589, -0.059 -0.4775 0.5764, -0.1378 -0.4775 0.5764, -0.059 -0.4469 0.5562, -0.1378 -0.4469 0.5562, -0.059 0.124 0.5562, -0.1378 0.124 0.5562, -0.059 0.1546 0.5522, -0.1378 0.1546 0.5522, -0.059 0.1831 0.5404, -0.1378 0.1831 0.5404, -0.059 0.2075 0.5216, -0.1378 0.2075 0.5216, -0.059 0.2263 0.4971, -0.1378 0.2263 0.4971, -0.059 0.2381 0.4686, -0.1378 0.2381 0.4686, -0.059 0.2421 0.4381, -0.1378 0.2421 0.4381, -0.059 0.2421 0.4055, -0.1378 0.2421 0.4055, -0.059 0.2381 0.375, -0.1378 0.2381 0.375, -0.059 0.2263 0.3465, -0.1378 0.2263 0.3465, -0.059 0.2075 0.322, -0.1378 0.2075 0.322, -0.059 0.1831 0.3033, -0.1378 0.1831 0.3033, -0.059 0.1546 0.2915, -0.1378 0.1546 0.2915, -0.059 0.124 0.2874, -0.1378 0.124 0.2874, -0.059 -0.4633 0.2874, -0.1378 -0.4633 0.2874, -0.059 -0.4633 0.3465, -0.1378 -0.4633 0.3465, -0.059 -0.8704 0.2362, -0.1378 -0.8704 0.2362, -0.059 -0.8704 0.1819, -0.1378 -0.8704 0.1819, -0.059 -0.6162 0.1819, -0.1378 -0.6162 0.1819, -0.059 -0.5848 0.2133, -0.1378 -0.5848 0.2133, -0.059 0.1036 0.1575, -0.1378 0.1036 0.1575, -0.059 0.425 0.1575, -0.1378 0.425 0.1575, -0.059 0.425 0.0591, -0.1378 0.425 0.0591, -0.059 0.5432 0.0591, -0.1378 0.5432 0.0591, -0.059 0.6022 0.0, -0.1378 0.6022 0.0, -0.059 0.7992 0.0, -0.1378 0.7992 0.0, -0.059 0.7992 0.0787, -0.1378 0.7992 0.0787, -0.059 0.6417 0.1209, -0.1378 0.6417 0.1209, -0.059 0.4724 0.263, -0.1378 0.4724 0.263, -0.059 0.4724 0.3417, -0.1378 0.4724 0.3417, -0.059 0.5236 0.3417, -0.1378 0.5236 0.3417, -0.059 0.5236 0.5189, -0.1378 0.5236 0.5189, -0.059 0.4724 0.5189, -0.1378 0.4724 0.5189, -0.059 0.4724 0.5976, -0.1378 0.4724 0.5976, -0.2559 0.5236 0.6693, -0.2559 0.5236 0.5976, -0.3346 0.5236 0.6693, -0.3346 0.5236 0.5976, -0.2559 -0.691 0.6693, -0.3346 -0.691 0.6693, -0.3346 -0.7042 0.6675, -0.2559 -0.7042 0.6675, -0.3346 -0.7166 0.6624, -0.2559 -0.7166 0.6624, -0.3346 -0.7272 0.6543, -0.2559 -0.7272 0.6543, -0.3346 -0.7353 0.6437, -0.2559 -0.7353 0.6437, -0.3346 -0.7404 0.6314, -0.2559 -0.7404 0.6314, -0.3346 -0.7421 0.6181, -0.2559 -0.7421 0.6181, -0.2559 -0.7421 0.6074, -0.3346 -0.7421 0.6074, -0.3346 -0.7404 0.5941, -0.2559 -0.7404 0.5941, -0.3346 -0.7353 0.5818, -0.2559 -0.7353 0.5818, -0.3346 -0.7272 0.5712, -0.2559 -0.7272 0.5712, -0.3346 -0.7166 0.563, -0.2559 -0.7166 0.563, -0.3346 -0.7042 0.5579, -0.2559 -0.7042 0.5579, -0.3346 -0.691 0.5562, -0.2559 -0.691 0.5562, -0.2559 -0.65 0.5562, -0.3346 -0.65 0.5562, -0.2559 -0.6194 0.5764, -0.3346 -0.6194 0.5764, -0.2559 -0.5849 0.589, -0.3346 -0.5849 0.589, -0.2559 -0.5484 0.5933, -0.3346 -0.5484 0.5933, -0.2559 -0.512 0.589, -0.3346 -0.512 0.589, -0.2559 -0.4775 0.5764, -0.3346 -0.4775 0.5764, -0.2559 -0.4469 0.5562, -0.3346 -0.4469 0.5562, -0.2559 0.124 0.5562, -0.3346 0.124 0.5562, -0.2559 0.1546 0.5522, -0.3346 0.1546 0.5522, -0.2559 0.1831 0.5404, -0.3346 0.1831 0.5404, -0.2559 0.2075 0.5216, -0.3346 0.2075 0.5216, -0.2559 0.2263 0.4971, -0.3346 0.2263 0.4971, -0.2559 0.2381 0.4686, -0.3346 0.2381 0.4686, -0.2559 0.2421 0.4381, -0.3346 0.2421 0.4381, -0.2559 0.2421 0.4055, -0.3346 0.2421 0.4055, -0.2559 0.2381 0.375, -0.3346 0.2381 0.375, -0.2559 0.2263 0.3465, -0.3346 0.2263 0.3465, -0.2559 0.2075 0.322, -0.3346 0.2075 0.322, -0.2559 0.1831 0.3033, -0.3346 0.1831 0.3033, -0.2559 0.1546 0.2915, -0.3346 0.1546 0.2915, -0.2559 0.124 0.2874, -0.3346 0.124 0.2874, -0.2559 -0.4633 0.2874, -0.3346 -0.4633 0.2874, -0.2559 -0.4633 0.3465, -0.3346 -0.4633 0.3465, -0.2559 -0.8704 0.2362, -0.3346 -0.8704 0.2362, -0.2559 -0.8704 0.1819, -0.3346 -0.8704 0.1819, -0.2559 -0.6162 0.1819, -0.3346 -0.6162 0.1819, -0.2559 -0.5848 0.2133, -0.3346 -0.5848 0.2133, -0.2559 0.1036 0.1575, -0.3346 0.1036 0.1575, -0.2559 0.425 0.1575, -0.3346 0.425 0.1575, -0.2559 0.425 0.0591, -0.3346 0.425 0.0591, -0.2559 0.5432 0.0591, -0.3346 0.5432 0.0591, -0.2559 0.6022 0.0, -0.3346 0.6022 0.0, -0.2559 0.7992 0.0, -0.3346 0.7992 0.0, -0.2559 0.7992 0.0787, -0.3346 0.7992 0.0787, -0.2559 0.6417 0.1209, -0.3346 0.6417 0.1209, -0.2559 0.4724 0.263, -0.3346 0.4724 0.263, -0.2559 0.4724 0.3417, -0.3346 0.4724 0.3417, -0.2559 0.5236 0.3417, -0.3346 0.5236 0.3417, -0.2559 0.5236 0.5189, -0.3346 0.5236 0.5189, -0.2559 0.4724 0.5189, -0.3346 0.4724 0.5189, -0.2559 0.4724 0.5976, -0.3346 0.4724 0.5976, -0.4527 0.5236 0.6693, -0.4527 0.5236 0.5976, -0.5315 0.5236 0.6693, -0.5315 0.5236 0.5976, -0.4527 -0.691 0.6693, -0.5315 -0.691 0.6693, -0.5315 -0.7042 0.6675, -0.4527 -0.7042 0.6675, -0.5315 -0.7166 0.6624, -0.4527 -0.7166 0.6624, -0.5315 -0.7272 0.6543, -0.4527 -0.7272 0.6543, -0.5315 -0.7353 0.6437, -0.4527 -0.7353 0.6437, -0.5315 -0.7404 0.6314, -0.4527 -0.7404 0.6314, -0.5315 -0.7421 0.6181, -0.4527 -0.7421 0.6181, -0.4527 -0.7421 0.6074, -0.5315 -0.7421 0.6074, -0.5315 -0.7404 0.5941, -0.4527 -0.7404 0.5941, -0.5315 -0.7353 0.5818, -0.4527 -0.7353 0.5818, -0.5315 -0.7272 0.5712, -0.4527 -0.7272 0.5712, -0.5315 -0.7166 0.563, -0.4527 -0.7166 0.563, -0.5315 -0.7042 0.5579, -0.4527 -0.7042 0.5579, -0.5315 -0.691 0.5562, -0.4527 -0.691 0.5562, -0.4527 -0.65 0.5562, -0.5315 -0.65 0.5562, -0.4527 -0.6194 0.5764, -0.5315 -0.6194 0.5764, -0.4527 -0.5849 0.589, -0.5315 -0.5849 0.589, -0.4527 -0.5484 0.5933, -0.5315 -0.5484 0.5933, -0.4527 -0.512 0.589, -0.5315 -0.512 0.589, -0.4527 -0.4775 0.5764, -0.5315 -0.4775 0.5764, -0.4527 -0.4469 0.5562, -0.5315 -0.4469 0.5562, -0.4527 0.124 0.5562, -0.5315 0.124 0.5562, -0.4527 0.1546 0.5522, -0.5315 0.1546 0.5522, -0.4527 0.1831 0.5404, -0.5315 0.1831 0.5404, -0.4527 0.2075 0.5216, -0.5315 0.2075 0.5216, -0.4527 0.2263 0.4971, -0.5315 0.2263 0.4971, -0.4527 0.2381 0.4686, -0.5315 0.2381 0.4686, -0.4527 0.2421 0.4381, -0.5315 0.2421 0.4381, -0.4527 0.2421 0.4055, -0.5315 0.2421 0.4055, -0.4527 0.2381 0.375, -0.5315 0.2381 0.375, -0.4527 0.2263 0.3465, -0.5315 0.2263 0.3465, -0.4527 0.2075 0.322, -0.5315 0.2075 0.322, -0.4527 0.1831 0.3033, -0.5315 0.1831 0.3033, -0.4527 0.1546 0.2915, -0.5315 0.1546 0.2915, -0.4527 0.124 0.2874, -0.5315 0.124 0.2874, -0.4527 -0.4633 0.2874, -0.5315 -0.4633 0.2874, -0.4527 -0.4633 0.3465, -0.5315 -0.4633 0.3465, -0.4527 -0.8704 0.2362, -0.5315 -0.8704 0.2362, -0.4527 -0.8704 0.1819, -0.5315 -0.8704 0.1819, -0.4527 -0.6162 0.1819, -0.5315 -0.6162 0.1819, -0.4527 -0.5848 0.2133, -0.5315 -0.5848 0.2133, -0.4527 0.1036 0.1575, -0.5315 0.1036 0.1575, -0.4527 0.425 0.1575, -0.5315 0.425 0.1575, -0.4527 0.425 0.0591, -0.5315 0.425 0.0591, -0.4527 0.5432 0.0591, -0.5315 0.5432 0.0591, -0.4527 0.6022 0.0, -0.5315 0.6022 0.0, -0.4527 0.7992 0.0, -0.5315 0.7992 0.0, -0.4527 0.7992 0.0787, -0.5315 0.7992 0.0787, -0.4527 0.6417 0.1209, -0.5315 0.6417 0.1209, -0.4527 0.4724 0.263, -0.5315 0.4724 0.263, -0.4527 0.4724 0.3417, -0.5315 0.4724 0.3417, -0.4527 0.5236 0.3417, -0.5315 0.5236 0.3417, -0.4527 0.5236 0.5189, -0.5315 0.5236 0.5189, -0.4527 0.4724 0.5189, -0.5315 0.4724 0.5189, -0.4527 0.4724 0.5976, -0.5315 0.4724 0.5976, -0.6496 0.5236 0.6693, -0.6496 0.5236 0.5976, -0.7283 0.5236 0.6693, -0.7283 0.5236 0.5976, -0.6496 -0.691 0.6693, -0.7283 -0.691 0.6693, -0.7283 -0.7042 0.6675, -0.6496 -0.7042 0.6675, -0.7283 -0.7166 0.6624, -0.6496 -0.7166 0.6624, -0.7283 -0.7272 0.6543, -0.6496 -0.7272 0.6543, -0.7283 -0.7353 0.6437, -0.6496 -0.7353 0.6437, -0.7283 -0.7404 0.6314, -0.6496 -0.7404 0.6314, -0.7283 -0.7421 0.6181, -0.6496 -0.7421 0.6181, -0.6496 -0.7421 0.6074, -0.7283 -0.7421 0.6074, -0.7283 -0.7404 0.5941, -0.6496 -0.7404 0.5941, -0.7283 -0.7353 0.5818, -0.6496 -0.7353 0.5818, -0.7283 -0.7272 0.5712, -0.6496 -0.7272 0.5712, -0.7283 -0.7166 0.563, -0.6496 -0.7166 0.563, -0.7283 -0.7042 0.5579, -0.6496 -0.7042 0.5579, -0.7283 -0.691 0.5562, -0.6496 -0.691 0.5562, -0.6496 -0.65 0.5562, -0.7283 -0.65 0.5562, -0.6496 -0.6194 0.5764, -0.7283 -0.6194 0.5764, -0.6496 -0.5849 0.589, -0.7283 -0.5849 0.589, -0.6496 -0.5484 0.5933, -0.7283 -0.5484 0.5933, -0.6496 -0.512 0.589, -0.7283 -0.512 0.589, -0.6496 -0.4775 0.5764, -0.7283 -0.4775 0.5764, -0.6496 -0.4469 0.5562, -0.7283 -0.4469 0.5562, -0.6496 0.124 0.5562, -0.7283 0.124 0.5562, -0.6496 0.1546 0.5522, -0.7283 0.1546 0.5522, -0.6496 0.1831 0.5404, -0.7283 0.1831 0.5404, -0.6496 0.2075 0.5216, -0.7283 0.2075 0.5216, -0.6496 0.2263 0.4971, -0.7283 0.2263 0.4971, -0.6496 0.2381 0.4686, -0.7283 0.2381 0.4686, -0.6496 0.2421 0.4381, -0.7283 0.2421 0.4381, -0.6496 0.2421 0.4055, -0.7283 0.2421 0.4055, -0.6496 0.2381 0.375, -0.7283 0.2381 0.375, -0.6496 0.2263 0.3465, -0.7283 0.2263 0.3465, -0.6496 0.2075 0.322, -0.7283 0.2075 0.322, -0.6496 0.1831 0.3033, -0.7283 0.1831 0.3033, -0.6496 0.1546 0.2915, -0.7283 0.1546 0.2915, -0.6496 0.124 0.2874, -0.7283 0.124 0.2874, -0.6496 -0.4633 0.2874, -0.7283 -0.4633 0.2874, -0.6496 -0.4633 0.3465, -0.7283 -0.4633 0.3465, -0.6496 -0.8704 0.2362, -0.7283 -0.8704 0.2362, -0.6496 -0.8704 0.1819, -0.7283 -0.8704 0.1819, -0.6496 -0.6162 0.1819, -0.7283 -0.6162 0.1819, -0.6496 -0.5848 0.2133, -0.7283 -0.5848 0.2133, -0.6496 0.1036 0.1575, -0.7283 0.1036 0.1575, -0.6496 0.425 0.1575, -0.7283 0.425 0.1575, -0.6496 0.425 0.0591, -0.7283 0.425 0.0591, -0.6496 0.5432 0.0591, -0.7283 0.5432 0.0591, -0.6496 0.6022 0.0, -0.7283 0.6022 0.0, -0.6496 0.7992 0.0, -0.7283 0.7992 0.0, -0.6496 0.7992 0.0787, -0.7283 0.7992 0.0787, -0.6496 0.6417 0.1209, -0.7283 0.6417 0.1209, -0.6496 0.4724 0.263, -0.7283 0.4724 0.263, -0.6496 0.4724 0.3417, -0.7283 0.4724 0.3417, -0.6496 0.5236 0.3417, -0.7283 0.5236 0.3417, -0.6496 0.5236 0.5189, -0.7283 0.5236 0.5189, -0.6496 0.4724 0.5189, -0.7283 0.4724 0.5189, -0.6496 0.4724 0.5976, -0.7283 0.4724 0.5976, -0.8464 0.5236 0.6693, -0.8464 0.5236 0.5976, -0.9252 0.5236 0.6693, -0.9252 0.5236 0.5976, -0.8464 -0.691 0.6693, -0.9252 -0.691 0.6693, -0.9252 -0.7042 0.6675, -0.8464 -0.7042 0.6675, -0.9252 -0.7166 0.6624, -0.8464 -0.7166 0.6624, -0.9252 -0.7272 0.6543, -0.8464 -0.7272 0.6543, -0.9252 -0.7353 0.6437, -0.8464 -0.7353 0.6437, -0.9252 -0.7404 0.6314, -0.8464 -0.7404 0.6314, -0.9252 -0.7421 0.6181, -0.8464 -0.7421 0.6181, -0.8464 -0.7421 0.6074, -0.9252 -0.7421 0.6074, -0.9252 -0.7404 0.5941, -0.8464 -0.7404 0.5941, -0.9252 -0.7353 0.5818, -0.8464 -0.7353 0.5818, -0.9252 -0.7272 0.5712, -0.8464 -0.7272 0.5712, -0.9252 -0.7166 0.563, -0.8464 -0.7166 0.563, -0.9252 -0.7042 0.5579, -0.8464 -0.7042 0.5579, -0.9252 -0.691 0.5562, -0.8464 -0.691 0.5562, -0.8464 -0.65 0.5562, -0.9252 -0.65 0.5562, -0.8464 -0.6194 0.5764, -0.9252 -0.6194 0.5764, -0.8464 -0.5849 0.589, -0.9252 -0.5849 0.589, -0.8464 -0.5484 0.5933, -0.9252 -0.5484 0.5933, -0.8464 -0.512 0.589, -0.9252 -0.512 0.589, -0.8464 -0.4775 0.5764, -0.9252 -0.4775 0.5764, -0.8464 -0.4469 0.5562, -0.9252 -0.4469 0.5562, -0.8464 0.124 0.5562, -0.9252 0.124 0.5562, -0.8464 0.1546 0.5522, -0.9252 0.1546 0.5522, -0.8464 0.1831 0.5404, -0.9252 0.1831 0.5404, -0.8464 0.2075 0.5216, -0.9252 0.2075 0.5216, -0.8464 0.2263 0.4971, -0.9252 0.2263 0.4971, -0.8464 0.2381 0.4686, -0.9252 0.2381 0.4686, -0.8464 0.2421 0.4381, -0.9252 0.2421 0.4381, -0.8464 0.2421 0.4055, -0.9252 0.2421 0.4055, -0.8464 0.2381 0.375, -0.9252 0.2381 0.375, -0.8464 0.2263 0.3465, -0.9252 0.2263 0.3465, -0.8464 0.2075 0.322, -0.9252 0.2075 0.322, -0.8464 0.1831 0.3033, -0.9252 0.1831 0.3033, -0.8464 0.1546 0.2915, -0.9252 0.1546 0.2915, -0.8464 0.124 0.2874, -0.9252 0.124 0.2874, -0.8464 -0.4633 0.2874, -0.9252 -0.4633 0.2874, -0.8464 -0.4633 0.3465, -0.9252 -0.4633 0.3465, -0.8464 -0.8704 0.2362, -0.9252 -0.8704 0.2362, -0.8464 -0.8704 0.1819, -0.9252 -0.8704 0.1819, -0.8464 -0.6162 0.1819, -0.9252 -0.6162 0.1819, -0.8464 -0.5848 0.2133, -0.9252 -0.5848 0.2133, -0.8464 0.1036 0.1575, -0.9252 0.1036 0.1575, -0.8464 0.425 0.1575, -0.9252 0.425 0.1575, -0.8464 0.425 0.0591, -0.9252 0.425 0.0591, -0.8464 0.5432 0.0591, -0.9252 0.5432 0.0591, -0.8464 0.6022 0.0, -0.9252 0.6022 0.0, -0.8464 0.7992 0.0, -0.9252 0.7992 0.0, -0.8464 0.7992 0.0787, -0.9252 0.7992 0.0787, -0.8464 0.6417 0.1209, -0.9252 0.6417 0.1209, -0.8464 0.4724 0.263, -0.9252 0.4724 0.263, -0.8464 0.4724 0.3417, -0.9252 0.4724 0.3417, -0.8464 0.5236 0.3417, -0.9252 0.5236 0.3417, -0.8464 0.5236 0.5189, -0.9252 0.5236 0.5189, -0.8464 0.4724 0.5189, -0.9252 0.4724 0.5189, -0.8464 0.4724 0.5976, -0.9252 0.4724 0.5976, -1.0433 0.5236 0.6693, -1.0433 0.5236 0.5976, -1.122 0.5236 0.6693, -1.122 0.5236 0.5976, -1.0433 -0.691 0.6693, -1.122 -0.691 0.6693, -1.122 -0.7042 0.6675, -1.0433 -0.7042 0.6675, -1.122 -0.7166 0.6624, -1.0433 -0.7166 0.6624, -1.122 -0.7272 0.6543, -1.0433 -0.7272 0.6543, -1.122 -0.7353 0.6437, -1.0433 -0.7353 0.6437, -1.122 -0.7404 0.6314, -1.0433 -0.7404 0.6314, -1.122 -0.7421 0.6181, -1.0433 -0.7421 0.6181, -1.0433 -0.7421 0.6074, -1.122 -0.7421 0.6074, -1.122 -0.7404 0.5941, -1.0433 -0.7404 0.5941, -1.122 -0.7353 0.5818, -1.0433 -0.7353 0.5818, -1.122 -0.7272 0.5712, -1.0433 -0.7272 0.5712, -1.122 -0.7166 0.563, -1.0433 -0.7166 0.563, -1.122 -0.7042 0.5579, -1.0433 -0.7042 0.5579, -1.122 -0.691 0.5562, -1.0433 -0.691 0.5562, -1.0433 -0.65 0.5562, -1.122 -0.65 0.5562, -1.0433 -0.6194 0.5764, -1.122 -0.6194 0.5764, -1.0433 -0.5849 0.589, -1.122 -0.5849 0.589, -1.0433 -0.5484 0.5933, -1.122 -0.5484 0.5933, -1.0433 -0.512 0.589, -1.122 -0.512 0.589, -1.0433 -0.4775 0.5764, -1.122 -0.4775 0.5764, -1.0433 -0.4469 0.5562, -1.122 -0.4469 0.5562, -1.0433 0.124 0.5562, -1.122 0.124 0.5562, -1.0433 0.1546 0.5522, -1.122 0.1546 0.5522, -1.0433 0.1831 0.5404, -1.122 0.1831 0.5404, -1.0433 0.2075 0.5216, -1.122 0.2075 0.5216, -1.0433 0.2263 0.4971, -1.122 0.2263 0.4971, -1.0433 0.2381 0.4686, -1.122 0.2381 0.4686, -1.0433 0.2421 0.4381, -1.122 0.2421 0.4381, -1.0433 0.2421 0.4055, -1.122 0.2421 0.4055, -1.0433 0.2381 0.375, -1.122 0.2381 0.375, -1.0433 0.2263 0.3465, -1.122 0.2263 0.3465, -1.0433 0.2075 0.322, -1.122 0.2075 0.322, -1.0433 0.1831 0.3033, -1.122 0.1831 0.3033, -1.0433 0.1546 0.2915, -1.122 0.1546 0.2915, -1.0433 0.124 0.2874, -1.122 0.124 0.2874, -1.0433 -0.4633 0.2874, -1.122 -0.4633 0.2874, -1.0433 -0.4633 0.3465, -1.122 -0.4633 0.3465, -1.0433 -0.8704 0.2362, -1.122 -0.8704 0.2362, -1.0433 -0.8704 0.1819, -1.122 -0.8704 0.1819, -1.0433 -0.6162 0.1819, -1.122 -0.6162 0.1819, -1.0433 -0.5848 0.2133, -1.122 -0.5848 0.2133, -1.0433 0.1036 0.1575, -1.122 0.1036 0.1575, -1.0433 0.425 0.1575, -1.122 0.425 0.1575, -1.0433 0.425 0.0591, -1.122 0.425 0.0591, -1.0433 0.5432 0.0591, -1.122 0.5432 0.0591, -1.0433 0.6022 0.0, -1.122 0.6022 0.0, -1.0433 0.7992 0.0, -1.122 0.7992 0.0, -1.0433 0.7992 0.0787, -1.122 0.7992 0.0787, -1.0433 0.6417 0.1209, -1.122 0.6417 0.1209, -1.0433 0.4724 0.263, -1.122 0.4724 0.263, -1.0433 0.4724 0.3417, -1.122 0.4724 0.3417, -1.0433 0.5236 0.3417, -1.122 0.5236 0.3417, -1.0433 0.5236 0.5189, -1.122 0.5236 0.5189, -1.0433 0.4724 0.5189, -1.122 0.4724 0.5189, -1.0433 0.4724 0.5976, -1.122 0.4724 0.5976, -1.2401 0.5236 0.6693, -1.2401 0.5236 0.5976, -1.3189 0.5236 0.6693, -1.3189 0.5236 0.5976, -1.2401 -0.691 0.6693, -1.3189 -0.691 0.6693, -1.3189 -0.7042 0.6675, -1.2401 -0.7042 0.6675, -1.3189 -0.7166 0.6624, -1.2401 -0.7166 0.6624, -1.3189 -0.7272 0.6543, -1.2401 -0.7272 0.6543, -1.3189 -0.7353 0.6437, -1.2401 -0.7353 0.6437, -1.3189 -0.7404 0.6314, -1.2401 -0.7404 0.6314, -1.3189 -0.7421 0.6181, -1.2401 -0.7421 0.6181, -1.2401 -0.7421 0.6074, -1.3189 -0.7421 0.6074, -1.3189 -0.7404 0.5941, -1.2401 -0.7404 0.5941, -1.3189 -0.7353 0.5818, -1.2401 -0.7353 0.5818, -1.3189 -0.7272 0.5712, -1.2401 -0.7272 0.5712, -1.3189 -0.7166 0.563, -1.2401 -0.7166 0.563, -1.3189 -0.7042 0.5579, -1.2401 -0.7042 0.5579, -1.3189 -0.691 0.5562, -1.2401 -0.691 0.5562, -1.2401 -0.65 0.5562, -1.3189 -0.65 0.5562, -1.2401 -0.6194 0.5764, -1.3189 -0.6194 0.5764, -1.2401 -0.5849 0.589, -1.3189 -0.5849 0.589, -1.2401 -0.5484 0.5933, -1.3189 -0.5484 0.5933, -1.2401 -0.512 0.589, -1.3189 -0.512 0.589, -1.2401 -0.4775 0.5764, -1.3189 -0.4775 0.5764, -1.2401 -0.4469 0.5562, -1.3189 -0.4469 0.5562, -1.2401 0.124 0.5562, -1.3189 0.124 0.5562, -1.2401 0.1546 0.5522, -1.3189 0.1546 0.5522, -1.2401 0.1831 0.5404, -1.3189 0.1831 0.5404, -1.2401 0.2075 0.5216, -1.3189 0.2075 0.5216, -1.2401 0.2263 0.4971, -1.3189 0.2263 0.4971, -1.2401 0.2381 0.4686, -1.3189 0.2381 0.4686, -1.2401 0.2421 0.4381, -1.3189 0.2421 0.4381, -1.2401 0.2421 0.4055, -1.3189 0.2421 0.4055, -1.2401 0.2381 0.375, -1.3189 0.2381 0.375, -1.2401 0.2263 0.3465, -1.3189 0.2263 0.3465, -1.2401 0.2075 0.322, -1.3189 0.2075 0.322, -1.2401 0.1831 0.3033, -1.3189 0.1831 0.3033, -1.2401 0.1546 0.2915, -1.3189 0.1546 0.2915, -1.2401 0.124 0.2874, -1.3189 0.124 0.2874, -1.2401 -0.4633 0.2874, -1.3189 -0.4633 0.2874, -1.2401 -0.4633 0.3465, -1.3189 -0.4633 0.3465, -1.2401 -0.8704 0.2362, -1.3189 -0.8704 0.2362, -1.2401 -0.8704 0.1819, -1.3189 -0.8704 0.1819, -1.2401 -0.6162 0.1819, -1.3189 -0.6162 0.1819, -1.2401 -0.5848 0.2133, -1.3189 -0.5848 0.2133, -1.2401 0.1036 0.1575, -1.3189 0.1036 0.1575, -1.2401 0.425 0.1575, -1.3189 0.425 0.1575, -1.2401 0.425 0.0591, -1.3189 0.425 0.0591, -1.2401 0.5432 0.0591, -1.3189 0.5432 0.0591, -1.2401 0.6022 0.0, -1.3189 0.6022 0.0, -1.2401 0.7992 0.0, -1.3189 0.7992 0.0, -1.2401 0.7992 0.0787, -1.3189 0.7992 0.0787, -1.2401 0.6417 0.1209, -1.3189 0.6417 0.1209, -1.2401 0.4724 0.263, -1.3189 0.4724 0.263, -1.2401 0.4724 0.3417, -1.3189 0.4724 0.3417, -1.2401 0.5236 0.3417, -1.3189 0.5236 0.3417, -1.2401 0.5236 0.5189, -1.3189 0.5236 0.5189, -1.2401 0.4724 0.5189, -1.3189 0.4724 0.5189, -1.2401 0.4724 0.5976, -1.3189 0.4724 0.5976, -1.437 0.5236 0.6693, -1.437 0.5236 0.5976, -1.5157 0.5236 0.6693, -1.5157 0.5236 0.5976, -1.437 -0.691 0.6693, -1.5157 -0.691 0.6693, -1.5157 -0.7042 0.6675, -1.437 -0.7042 0.6675, -1.5157 -0.7166 0.6624, -1.437 -0.7166 0.6624, -1.5157 -0.7272 0.6543, -1.437 -0.7272 0.6543, -1.5157 -0.7353 0.6437, -1.437 -0.7353 0.6437, -1.5157 -0.7404 0.6314, -1.437 -0.7404 0.6314, -1.5157 -0.7421 0.6181, -1.437 -0.7421 0.6181, -1.437 -0.7421 0.6074, -1.5157 -0.7421 0.6074, -1.5157 -0.7404 0.5941, -1.437 -0.7404 0.5941, -1.5157 -0.7353 0.5818, -1.437 -0.7353 0.5818, -1.5157 -0.7272 0.5712, -1.437 -0.7272 0.5712, -1.5157 -0.7166 0.563, -1.437 -0.7166 0.563, -1.5157 -0.7042 0.5579, -1.437 -0.7042 0.5579, -1.5157 -0.691 0.5562, -1.437 -0.691 0.5562, -1.437 -0.65 0.5562, -1.5157 -0.65 0.5562, -1.437 -0.6194 0.5764, -1.5157 -0.6194 0.5764, -1.437 -0.5849 0.589, -1.5157 -0.5849 0.589, -1.437 -0.5484 0.5933, -1.5157 -0.5484 0.5933, -1.437 -0.512 0.589, -1.5157 -0.512 0.589, -1.437 -0.4775 0.5764, -1.5157 -0.4775 0.5764, -1.437 -0.4469 0.5562, -1.5157 -0.4469 0.5562, -1.437 0.124 0.5562, -1.5157 0.124 0.5562, -1.437 0.1546 0.5522, -1.5157 0.1546 0.5522, -1.437 0.1831 0.5404, -1.5157 0.1831 0.5404, -1.437 0.2075 0.5216, -1.5157 0.2075 0.5216, -1.437 0.2263 0.4971, -1.5157 0.2263 0.4971, -1.437 0.2381 0.4686, -1.5157 0.2381 0.4686, -1.437 0.2421 0.4381, -1.5157 0.2421 0.4381, -1.437 0.2421 0.4055, -1.5157 0.2421 0.4055, -1.437 0.2381 0.375, -1.5157 0.2381 0.375, -1.437 0.2263 0.3465, -1.5157 0.2263 0.3465, -1.437 0.2075 0.322, -1.5157 0.2075 0.322, -1.437 0.1831 0.3033, -1.5157 0.1831 0.3033, -1.437 0.1546 0.2915, -1.5157 0.1546 0.2915, -1.437 0.124 0.2874, -1.5157 0.124 0.2874, -1.437 -0.4633 0.2874, -1.5157 -0.4633 0.2874, -1.437 -0.4633 0.3465, -1.5157 -0.4633 0.3465, -1.437 -0.8704 0.2362, -1.5157 -0.8704 0.2362, -1.437 -0.8704 0.1819, -1.5157 -0.8704 0.1819, -1.437 -0.6162 0.1819, -1.5157 -0.6162 0.1819, -1.437 -0.5848 0.2133, -1.5157 -0.5848 0.2133, -1.437 0.1036 0.1575, -1.5157 0.1036 0.1575, -1.437 0.425 0.1575, -1.5157 0.425 0.1575, -1.437 0.425 0.0591, -1.5157 0.425 0.0591, -1.437 0.5432 0.0591, -1.5157 0.5432 0.0591, -1.437 0.6022 0.0, -1.5157 0.6022 0.0, -1.437 0.7992 0.0, -1.5157 0.7992 0.0, -1.437 0.7992 0.0787, -1.5157 0.7992 0.0787, -1.437 0.6417 0.1209, -1.5157 0.6417 0.1209, -1.437 0.4724 0.263, -1.5157 0.4724 0.263, -1.437 0.4724 0.3417, -1.5157 0.4724 0.3417, -1.437 0.5236 0.3417, -1.5157 0.5236 0.3417, -1.437 0.5236 0.5189, -1.5157 0.5236 0.5189, -1.437 0.4724 0.5189, -1.5157 0.4724 0.5189, -1.437 0.4724 0.5976, -1.5157 0.4724 0.5976, -1.6338 0.5236 0.6693, -1.6338 0.5236 0.5976, -1.7126 0.5236 0.6693, -1.7126 0.5236 0.5976, -1.6338 -0.691 0.6693, -1.7126 -0.691 0.6693, -1.7126 -0.7042 0.6675, -1.6338 -0.7042 0.6675, -1.7126 -0.7166 0.6624, -1.6338 -0.7166 0.6624, -1.7126 -0.7272 0.6543, -1.6338 -0.7272 0.6543, -1.7126 -0.7353 0.6437, -1.6338 -0.7353 0.6437, -1.7126 -0.7404 0.6314, -1.6338 -0.7404 0.6314, -1.7126 -0.7421 0.6181, -1.6338 -0.7421 0.6181, -1.6338 -0.7421 0.6074, -1.7126 -0.7421 0.6074, -1.7126 -0.7404 0.5941, -1.6338 -0.7404 0.5941, -1.7126 -0.7353 0.5818, -1.6338 -0.7353 0.5818, -1.7126 -0.7272 0.5712, -1.6338 -0.7272 0.5712, -1.7126 -0.7166 0.563, -1.6338 -0.7166 0.563, -1.7126 -0.7042 0.5579, -1.6338 -0.7042 0.5579, -1.7126 -0.691 0.5562, -1.6338 -0.691 0.5562, -1.6338 -0.65 0.5562, -1.7126 -0.65 0.5562, -1.6338 -0.6194 0.5764, -1.7126 -0.6194 0.5764, -1.6338 -0.5849 0.589, -1.7126 -0.5849 0.589, -1.6338 -0.5484 0.5933, -1.7126 -0.5484 0.5933, -1.6338 -0.512 0.589, -1.7126 -0.512 0.589, -1.6338 -0.4775 0.5764, -1.7126 -0.4775 0.5764, -1.6338 -0.4469 0.5562, -1.7126 -0.4469 0.5562, -1.6338 0.124 0.5562, -1.7126 0.124 0.5562, -1.6338 0.1546 0.5522, -1.7126 0.1546 0.5522, -1.6338 0.1831 0.5404, -1.7126 0.1831 0.5404, -1.6338 0.2075 0.5216, -1.7126 0.2075 0.5216, -1.6338 0.2263 0.4971, -1.7126 0.2263 0.4971, -1.6338 0.2381 0.4686, -1.7126 0.2381 0.4686, -1.6338 0.2421 0.4381, -1.7126 0.2421 0.4381, -1.6338 0.2421 0.4055, -1.7126 0.2421 0.4055, -1.6338 0.2381 0.375, -1.7126 0.2381 0.375, -1.6338 0.2263 0.3465, -1.7126 0.2263 0.3465, -1.6338 0.2075 0.322, -1.7126 0.2075 0.322, -1.6338 0.1831 0.3033, -1.7126 0.1831 0.3033, -1.6338 0.1546 0.2915, -1.7126 0.1546 0.2915, -1.6338 0.124 0.2874, -1.7126 0.124 0.2874, -1.6338 -0.4633 0.2874, -1.7126 -0.4633 0.2874, -1.6338 -0.4633 0.3465, -1.7126 -0.4633 0.3465, -1.6338 -0.8704 0.2362, -1.7126 -0.8704 0.2362, -1.6338 -0.8704 0.1819, -1.7126 -0.8704 0.1819, -1.6338 -0.6162 0.1819, -1.7126 -0.6162 0.1819, -1.6338 -0.5848 0.2133, -1.7126 -0.5848 0.2133, -1.6338 0.1036 0.1575, -1.7126 0.1036 0.1575, -1.6338 0.425 0.1575, -1.7126 0.425 0.1575, -1.6338 0.425 0.0591, -1.7126 0.425 0.0591, -1.6338 0.5432 0.0591, -1.7126 0.5432 0.0591, -1.6338 0.6022 0.0, -1.7126 0.6022 0.0, -1.6338 0.7992 0.0, -1.7126 0.7992 0.0, -1.6338 0.7992 0.0787, -1.7126 0.7992 0.0787, -1.6338 0.6417 0.1209, -1.7126 0.6417 0.1209, -1.6338 0.4724 0.263, -1.7126 0.4724 0.263, -1.6338 0.4724 0.3417, -1.7126 0.4724 0.3417, -1.6338 0.5236 0.3417, -1.7126 0.5236 0.3417, -1.6338 0.5236 0.5189, -1.7126 0.5236 0.5189, -1.6338 0.4724 0.5189, -1.7126 0.4724 0.5189, -1.6338 0.4724 0.5976, -1.7126 0.4724 0.5976, -1.8307 0.5236 0.6693, -1.8307 0.5236 0.5976, -1.9094 0.5236 0.6693, -1.9094 0.5236 0.5976, -1.8307 -0.691 0.6693, -1.9094 -0.691 0.6693, -1.9094 -0.7042 0.6675, -1.8307 -0.7042 0.6675, -1.9094 -0.7166 0.6624, -1.8307 -0.7166 0.6624, -1.9094 -0.7272 0.6543, -1.8307 -0.7272 0.6543, -1.9094 -0.7353 0.6437, -1.8307 -0.7353 0.6437, -1.9094 -0.7404 0.6314, -1.8307 -0.7404 0.6314, -1.9094 -0.7421 0.6181, -1.8307 -0.7421 0.6181, -1.8307 -0.7421 0.6074, -1.9094 -0.7421 0.6074, -1.9094 -0.7404 0.5941, -1.8307 -0.7404 0.5941, -1.9094 -0.7353 0.5818, -1.8307 -0.7353 0.5818, -1.9094 -0.7272 0.5712, -1.8307 -0.7272 0.5712, -1.9094 -0.7166 0.563, -1.8307 -0.7166 0.563, -1.9094 -0.7042 0.5579, -1.8307 -0.7042 0.5579, -1.9094 -0.691 0.5562, -1.8307 -0.691 0.5562, -1.8307 -0.65 0.5562, -1.9094 -0.65 0.5562, -1.8307 -0.6194 0.5764, -1.9094 -0.6194 0.5764, -1.8307 -0.5849 0.589, -1.9094 -0.5849 0.589, -1.8307 -0.5484 0.5933, -1.9094 -0.5484 0.5933, -1.8307 -0.512 0.589, -1.9094 -0.512 0.589, -1.8307 -0.4775 0.5764, -1.9094 -0.4775 0.5764, -1.8307 -0.4469 0.5562, -1.9094 -0.4469 0.5562, -1.8307 0.124 0.5562, -1.9094 0.124 0.5562, -1.8307 0.1546 0.5522, -1.9094 0.1546 0.5522, -1.8307 0.1831 0.5404, -1.9094 0.1831 0.5404, -1.8307 0.2075 0.5216, -1.9094 0.2075 0.5216, -1.8307 0.2263 0.4971, -1.9094 0.2263 0.4971, -1.8307 0.2381 0.4686, -1.9094 0.2381 0.4686, -1.8307 0.2421 0.4381, -1.9094 0.2421 0.4381, -1.8307 0.2421 0.4055, -1.9094 0.2421 0.4055, -1.8307 0.2381 0.375, -1.9094 0.2381 0.375, -1.8307 0.2263 0.3465, -1.9094 0.2263 0.3465, -1.8307 0.2075 0.322, -1.9094 0.2075 0.322, -1.8307 0.1831 0.3033, -1.9094 0.1831 0.3033, -1.8307 0.1546 0.2915, -1.9094 0.1546 0.2915, -1.8307 0.124 0.2874, -1.9094 0.124 0.2874, -1.8307 -0.4633 0.2874, -1.9094 -0.4633 0.2874, -1.8307 -0.4633 0.3465, -1.9094 -0.4633 0.3465, -1.8307 -0.8704 0.2362, -1.9094 -0.8704 0.2362, -1.8307 -0.8704 0.1819, -1.9094 -0.8704 0.1819, -1.8307 -0.6162 0.1819, -1.9094 -0.6162 0.1819, -1.8307 -0.5848 0.2133, -1.9094 -0.5848 0.2133, -1.8307 0.1036 0.1575, -1.9094 0.1036 0.1575, -1.8307 0.425 0.1575, -1.9094 0.425 0.1575, -1.8307 0.425 0.0591, -1.9094 0.425 0.0591, -1.8307 0.5432 0.0591, -1.9094 0.5432 0.0591, -1.8307 0.6022 0.0, -1.9094 0.6022 0.0, -1.8307 0.7992 0.0, -1.9094 0.7992 0.0, -1.8307 0.7992 0.0787, -1.9094 0.7992 0.0787, -1.8307 0.6417 0.1209, -1.9094 0.6417 0.1209, -1.8307 0.4724 0.263, -1.9094 0.4724 0.263, -1.8307 0.4724 0.3417, -1.9094 0.4724 0.3417, -1.8307 0.5236 0.3417, -1.9094 0.5236 0.3417, -1.8307 0.5236 0.5189, -1.9094 0.5236 0.5189, -1.8307 0.4724 0.5189, -1.9094 0.4724 0.5189, -1.8307 0.4724 0.5976, -1.9094 0.4724 0.5976
            ]
        }
        coordIndex [
            0,1,2,-1,2,1,3,-1,4,0,5,-1,5,0,2,-1,4,5,6,-1,4,6,7,-1,7,6,8,-1,7,8,9,-1,9,8,10,-1,9,10,11,-1,11,10,12,-1,11,12,13,-1,13,12,14,-1,13,14,15,-1,15,14,16,-1,15,16,17,-1,18,17,19,-1,19,17,16,-1,18,19,20,-1,18,20,21,-1,21,20,22,-1,21,22,23,-1,23,22,24,-1,23,24,25,-1,25,24,26,-1,25,26,27,-1,27,26,28,-1,27,28,29,-1,29,28,30,-1,29,30,31,-1,32,31,33,-1,33,31,30,-1,32,33,34,-1,34,33,35,-1,34,35,36,-1,36,35,37,-1,36,37,38,-1,38,37,39,-1,38,39,40,-1,40,39,41,-1,40,41,42,-1,42,41,43,-1,42,43,44,-1,44,43,45,-1,46,44,47,-1,47,44,45,-1,46,47,48,-1,48,47,49,-1,48,49,50,-1,50,49,51,-1,50,51,52,-1,52,51,53,-1,52,53,54,-1,54,53,55,-1,54,55,56,-1,56,55,57,-1,56,57,58,-1,58,57,59,-1,60,58,61,-1,61,58,59,-1,60,61,62,-1,62,61,63,-1,62,63,64,-1,64,63,65,-1,64,65,66,-1,66,65,67,-1,66,67,68,-1,68,67,69,-1,68,69,70,-1,70,69,71,-1,70,71,72,-1,72,71,73,-1,74,72,75,-1,75,72,73,-1,76,74,77,-1,77,74,75,-1,78,76,79,-1,79,76,77,-1,80,78,81,-1,81,78,79,-1,82,80,83,-1,83,80,81,-1,84,82,85,-1,85,82,83,-1,86,84,87,-1,87,84,85,-1,88,86,89,-1,89,86,87,-1,90,88,91,-1,91,88,89,-1,92,90,93,-1,93,90,91,-1,94,92,95,-1,95,92,93,-1,96,94,97,-1,97,94,95,-1,98,96,99,-1,99,96,97,-1,100,98,101,-1,101,98,99,-1,102,100,103,-1,103,100,101,-1,104,102,105,-1,105,102,103,-1,106,104,107,-1,107,104,105,-1,108,106,109,-1,109,106,107,-1,110,108,111,-1,111,108,109,-1,112,110,113,-1,113,110,111,-1,1,112,3,-1,3,112,113,-1,80,82,78,-1,78,82,84,-1,78,84,76,-1,106,108,104,-1,104,108,110,-1,1,0,112,-1,112,0,4,-1,96,98,94,-1,94,98,100,-1,94,100,92,-1,92,100,88,-1,92,88,90,-1,66,68,86,-1,46,48,112,-1,112,48,50,-1,68,70,86,-1,86,70,72,-1,86,72,84,-1,84,72,74,-1,84,74,76,-1,58,60,110,-1,110,60,62,-1,110,62,64,-1,100,102,88,-1,88,102,104,-1,88,104,86,-1,86,104,110,-1,86,110,66,-1,66,110,64,-1,50,52,112,-1,112,52,54,-1,112,54,110,-1,110,54,56,-1,110,56,58,-1,15,17,34,-1,34,17,18,-1,36,38,4,-1,4,38,40,-1,4,40,112,-1,112,40,42,-1,112,42,46,-1,46,42,44,-1,36,4,34,-1,34,4,7,-1,34,7,9,-1,9,11,34,-1,34,11,13,-1,34,13,15,-1,21,23,18,-1,18,23,25,-1,18,25,27,-1,32,34,31,-1,31,34,18,-1,31,18,29,-1,29,18,27,-1,79,77,81,-1,81,77,75,-1,5,2,113,-1,113,2,3,-1,6,5,16,-1,109,107,111,-1,111,107,105,-1,97,95,99,-1,99,95,101,-1,83,81,85,-1,85,81,75,-1,85,75,87,-1,87,75,73,-1,73,71,87,-1,87,71,69,-1,87,69,67,-1,47,45,43,-1,95,93,101,-1,101,93,91,-1,101,91,89,-1,67,111,87,-1,87,111,105,-1,87,105,89,-1,89,105,103,-1,89,103,101,-1,67,65,111,-1,111,65,63,-1,111,63,61,-1,53,51,113,-1,113,51,49,-1,113,49,47,-1,61,59,111,-1,111,59,57,-1,111,57,113,-1,113,57,55,-1,113,55,53,-1,47,43,113,-1,113,43,41,-1,113,41,5,-1,5,41,39,-1,5,39,37,-1,37,35,5,-1,5,35,33,-1,5,33,30,-1,5,24,22,-1,12,10,8,-1,30,28,5,-1,5,28,26,-1,5,26,24,-1,22,20,5,-1,5,20,19,-1,5,19,16,-1,6,16,8,-1,8,16,14,-1,8,14,12,-1,114,115,116,-1,116,115,117,-1,118,114,119,-1,119,114,116,-1,118,119,120,-1,118,120,121,-1,121,120,122,-1,121,122,123,-1,123,122,124,-1,123,124,125,-1,125,124,126,-1,125,126,127,-1,127,126,128,-1,127,128,129,-1,129,128,130,-1,129,130,131,-1,132,131,133,-1,133,131,130,-1,132,133,134,-1,132,134,135,-1,135,134,136,-1,135,136,137,-1,137,136,138,-1,137,138,139,-1,139,138,140,-1,139,140,141,-1,141,140,142,-1,141,142,143,-1,143,142,144,-1,143,144,145,-1,146,145,147,-1,147,145,144,-1,146,147,148,-1,148,147,149,-1,148,149,150,-1,150,149,151,-1,150,151,152,-1,152,151,153,-1,152,153,154,-1,154,153,155,-1,154,155,156,-1,156,155,157,-1,156,157,158,-1,158,157,159,-1,160,158,161,-1,161,158,159,-1,160,161,162,-1,162,161,163,-1,162,163,164,-1,164,163,165,-1,164,165,166,-1,166,165,167,-1,166,167,168,-1,168,167,169,-1,168,169,170,-1,170,169,171,-1,170,171,172,-1,172,171,173,-1,174,172,175,-1,175,172,173,-1,174,175,176,-1,176,175,177,-1,176,177,178,-1,178,177,179,-1,178,179,180,-1,180,179,181,-1,180,181,182,-1,182,181,183,-1,182,183,184,-1,184,183,185,-1,184,185,186,-1,186,185,187,-1,188,186,189,-1,189,186,187,-1,190,188,191,-1,191,188,189,-1,192,190,193,-1,193,190,191,-1,194,192,195,-1,195,192,193,-1,196,194,197,-1,197,194,195,-1,198,196,199,-1,199,196,197,-1,200,198,201,-1,201,198,199,-1,202,200,203,-1,203,200,201,-1,204,202,205,-1,205,202,203,-1,206,204,207,-1,207,204,205,-1,208,206,209,-1,209,206,207,-1,210,208,211,-1,211,208,209,-1,212,210,213,-1,213,210,211,-1,214,212,215,-1,215,212,213,-1,216,214,217,-1,217,214,215,-1,218,216,219,-1,219,216,217,-1,220,218,221,-1,221,218,219,-1,222,220,223,-1,223,220,221,-1,224,222,225,-1,225,222,223,-1,226,224,227,-1,227,224,225,-1,115,226,117,-1,117,226,227,-1,194,196,192,-1,192,196,198,-1,192,198,190,-1,220,222,218,-1,218,222,224,-1,115,114,226,-1,226,114,118,-1,210,212,208,-1,208,212,214,-1,208,214,206,-1,206,214,202,-1,206,202,204,-1,180,182,200,-1,160,162,226,-1,226,162,164,-1,182,184,200,-1,200,184,186,-1,200,186,198,-1,198,186,188,-1,198,188,190,-1,172,174,224,-1,224,174,176,-1,224,176,178,-1,214,216,202,-1,202,216,218,-1,202,218,200,-1,200,218,224,-1,200,224,180,-1,180,224,178,-1,164,166,226,-1,226,166,168,-1,226,168,224,-1,224,168,170,-1,224,170,172,-1,129,131,148,-1,148,131,132,-1,150,152,118,-1,118,152,154,-1,118,154,226,-1,226,154,156,-1,226,156,160,-1,160,156,158,-1,150,118,148,-1,148,118,121,-1,148,121,123,-1,123,125,148,-1,148,125,127,-1,148,127,129,-1,135,137,132,-1,132,137,139,-1,132,139,141,-1,146,148,145,-1,145,148,132,-1,145,132,143,-1,143,132,141,-1,193,191,195,-1,195,191,189,-1,119,116,227,-1,227,116,117,-1,120,119,130,-1,223,221,225,-1,225,221,219,-1,211,209,213,-1,213,209,215,-1,197,195,199,-1,199,195,189,-1,199,189,201,-1,201,189,187,-1,187,185,201,-1,201,185,183,-1,201,183,181,-1,161,159,157,-1,209,207,215,-1,215,207,205,-1,215,205,203,-1,181,225,201,-1,201,225,219,-1,201,219,203,-1,203,219,217,-1,203,217,215,-1,181,179,225,-1,225,179,177,-1,225,177,175,-1,167,165,227,-1,227,165,163,-1,227,163,161,-1,175,173,225,-1,225,173,171,-1,225,171,227,-1,227,171,169,-1,227,169,167,-1,161,157,227,-1,227,157,155,-1,227,155,119,-1,119,155,153,-1,119,153,151,-1,151,149,119,-1,119,149,147,-1,119,147,144,-1,119,138,136,-1,126,124,122,-1,144,142,119,-1,119,142,140,-1,119,140,138,-1,136,134,119,-1,119,134,133,-1,119,133,130,-1,120,130,122,-1,122,130,128,-1,122,128,126,-1,228,229,230,-1,230,229,231,-1,232,228,233,-1,233,228,230,-1,232,233,234,-1,232,234,235,-1,235,234,236,-1,235,236,237,-1,237,236,238,-1,237,238,239,-1,239,238,240,-1,239,240,241,-1,241,240,242,-1,241,242,243,-1,243,242,244,-1,243,244,245,-1,246,245,247,-1,247,245,244,-1,246,247,248,-1,246,248,249,-1,249,248,250,-1,249,250,251,-1,251,250,252,-1,251,252,253,-1,253,252,254,-1,253,254,255,-1,255,254,256,-1,255,256,257,-1,257,256,258,-1,257,258,259,-1,260,259,261,-1,261,259,258,-1,260,261,262,-1,262,261,263,-1,262,263,264,-1,264,263,265,-1,264,265,266,-1,266,265,267,-1,266,267,268,-1,268,267,269,-1,268,269,270,-1,270,269,271,-1,270,271,272,-1,272,271,273,-1,274,272,275,-1,275,272,273,-1,274,275,276,-1,276,275,277,-1,276,277,278,-1,278,277,279,-1,278,279,280,-1,280,279,281,-1,280,281,282,-1,282,281,283,-1,282,283,284,-1,284,283,285,-1,284,285,286,-1,286,285,287,-1,288,286,289,-1,289,286,287,-1,288,289,290,-1,290,289,291,-1,290,291,292,-1,292,291,293,-1,292,293,294,-1,294,293,295,-1,294,295,296,-1,296,295,297,-1,296,297,298,-1,298,297,299,-1,298,299,300,-1,300,299,301,-1,302,300,303,-1,303,300,301,-1,304,302,305,-1,305,302,303,-1,306,304,307,-1,307,304,305,-1,308,306,309,-1,309,306,307,-1,310,308,311,-1,311,308,309,-1,312,310,313,-1,313,310,311,-1,314,312,315,-1,315,312,313,-1,316,314,317,-1,317,314,315,-1,318,316,319,-1,319,316,317,-1,320,318,321,-1,321,318,319,-1,322,320,323,-1,323,320,321,-1,324,322,325,-1,325,322,323,-1,326,324,327,-1,327,324,325,-1,328,326,329,-1,329,326,327,-1,330,328,331,-1,331,328,329,-1,332,330,333,-1,333,330,331,-1,334,332,335,-1,335,332,333,-1,336,334,337,-1,337,334,335,-1,338,336,339,-1,339,336,337,-1,340,338,341,-1,341,338,339,-1,229,340,231,-1,231,340,341,-1,308,310,306,-1,306,310,312,-1,306,312,304,-1,334,336,332,-1,332,336,338,-1,229,228,340,-1,340,228,232,-1,324,326,322,-1,322,326,328,-1,322,328,320,-1,320,328,316,-1,320,316,318,-1,294,296,314,-1,274,276,340,-1,340,276,278,-1,296,298,314,-1,314,298,300,-1,314,300,312,-1,312,300,302,-1,312,302,304,-1,286,288,338,-1,338,288,290,-1,338,290,292,-1,328,330,316,-1,316,330,332,-1,316,332,314,-1,314,332,338,-1,314,338,294,-1,294,338,292,-1,278,280,340,-1,340,280,282,-1,340,282,338,-1,338,282,284,-1,338,284,286,-1,243,245,262,-1,262,245,246,-1,264,266,232,-1,232,266,268,-1,232,268,340,-1,340,268,270,-1,340,270,274,-1,274,270,272,-1,264,232,262,-1,262,232,235,-1,262,235,237,-1,237,239,262,-1,262,239,241,-1,262,241,243,-1,249,251,246,-1,246,251,253,-1,246,253,255,-1,260,262,259,-1,259,262,246,-1,259,246,257,-1,257,246,255,-1,307,305,309,-1,309,305,303,-1,233,230,341,-1,341,230,231,-1,234,233,244,-1,337,335,339,-1,339,335,333,-1,325,323,327,-1,327,323,329,-1,311,309,313,-1,313,309,303,-1,313,303,315,-1,315,303,301,-1,301,299,315,-1,315,299,297,-1,315,297,295,-1,275,273,271,-1,323,321,329,-1,329,321,319,-1,329,319,317,-1,295,339,315,-1,315,339,333,-1,315,333,317,-1,317,333,331,-1,317,331,329,-1,295,293,339,-1,339,293,291,-1,339,291,289,-1,281,279,341,-1,341,279,277,-1,341,277,275,-1,289,287,339,-1,339,287,285,-1,339,285,341,-1,341,285,283,-1,341,283,281,-1,275,271,341,-1,341,271,269,-1,341,269,233,-1,233,269,267,-1,233,267,265,-1,265,263,233,-1,233,263,261,-1,233,261,258,-1,233,252,250,-1,240,238,236,-1,258,256,233,-1,233,256,254,-1,233,254,252,-1,250,248,233,-1,233,248,247,-1,233,247,244,-1,234,244,236,-1,236,244,242,-1,236,242,240,-1,342,343,344,-1,344,343,345,-1,346,342,347,-1,347,342,344,-1,346,347,348,-1,346,348,349,-1,349,348,350,-1,349,350,351,-1,351,350,352,-1,351,352,353,-1,353,352,354,-1,353,354,355,-1,355,354,356,-1,355,356,357,-1,357,356,358,-1,357,358,359,-1,360,359,361,-1,361,359,358,-1,360,361,362,-1,360,362,363,-1,363,362,364,-1,363,364,365,-1,365,364,366,-1,365,366,367,-1,367,366,368,-1,367,368,369,-1,369,368,370,-1,369,370,371,-1,371,370,372,-1,371,372,373,-1,374,373,375,-1,375,373,372,-1,374,375,376,-1,376,375,377,-1,376,377,378,-1,378,377,379,-1,378,379,380,-1,380,379,381,-1,380,381,382,-1,382,381,383,-1,382,383,384,-1,384,383,385,-1,384,385,386,-1,386,385,387,-1,388,386,389,-1,389,386,387,-1,388,389,390,-1,390,389,391,-1,390,391,392,-1,392,391,393,-1,392,393,394,-1,394,393,395,-1,394,395,396,-1,396,395,397,-1,396,397,398,-1,398,397,399,-1,398,399,400,-1,400,399,401,-1,402,400,403,-1,403,400,401,-1,402,403,404,-1,404,403,405,-1,404,405,406,-1,406,405,407,-1,406,407,408,-1,408,407,409,-1,408,409,410,-1,410,409,411,-1,410,411,412,-1,412,411,413,-1,412,413,414,-1,414,413,415,-1,416,414,417,-1,417,414,415,-1,418,416,419,-1,419,416,417,-1,420,418,421,-1,421,418,419,-1,422,420,423,-1,423,420,421,-1,424,422,425,-1,425,422,423,-1,426,424,427,-1,427,424,425,-1,428,426,429,-1,429,426,427,-1,430,428,431,-1,431,428,429,-1,432,430,433,-1,433,430,431,-1,434,432,435,-1,435,432,433,-1,436,434,437,-1,437,434,435,-1,438,436,439,-1,439,436,437,-1,440,438,441,-1,441,438,439,-1,442,440,443,-1,443,440,441,-1,444,442,445,-1,445,442,443,-1,446,444,447,-1,447,444,445,-1,448,446,449,-1,449,446,447,-1,450,448,451,-1,451,448,449,-1,452,450,453,-1,453,450,451,-1,454,452,455,-1,455,452,453,-1,343,454,345,-1,345,454,455,-1,422,424,420,-1,420,424,426,-1,420,426,418,-1,448,450,446,-1,446,450,452,-1,343,342,454,-1,454,342,346,-1,438,440,436,-1,436,440,442,-1,436,442,434,-1,434,442,430,-1,434,430,432,-1,408,410,428,-1,388,390,454,-1,454,390,392,-1,410,412,428,-1,428,412,414,-1,428,414,426,-1,426,414,416,-1,426,416,418,-1,400,402,452,-1,452,402,404,-1,452,404,406,-1,442,444,430,-1,430,444,446,-1,430,446,428,-1,428,446,452,-1,428,452,408,-1,408,452,406,-1,392,394,454,-1,454,394,396,-1,454,396,452,-1,452,396,398,-1,452,398,400,-1,357,359,376,-1,376,359,360,-1,378,380,346,-1,346,380,382,-1,346,382,454,-1,454,382,384,-1,454,384,388,-1,388,384,386,-1,378,346,376,-1,376,346,349,-1,376,349,351,-1,351,353,376,-1,376,353,355,-1,376,355,357,-1,363,365,360,-1,360,365,367,-1,360,367,369,-1,374,376,373,-1,373,376,360,-1,373,360,371,-1,371,360,369,-1,421,419,423,-1,423,419,417,-1,347,344,455,-1,455,344,345,-1,348,347,358,-1,451,449,453,-1,453,449,447,-1,439,437,441,-1,441,437,443,-1,425,423,427,-1,427,423,417,-1,427,417,429,-1,429,417,415,-1,415,413,429,-1,429,413,411,-1,429,411,409,-1,389,387,385,-1,437,435,443,-1,443,435,433,-1,443,433,431,-1,409,453,429,-1,429,453,447,-1,429,447,431,-1,431,447,445,-1,431,445,443,-1,409,407,453,-1,453,407,405,-1,453,405,403,-1,395,393,455,-1,455,393,391,-1,455,391,389,-1,403,401,453,-1,453,401,399,-1,453,399,455,-1,455,399,397,-1,455,397,395,-1,389,385,455,-1,455,385,383,-1,455,383,347,-1,347,383,381,-1,347,381,379,-1,379,377,347,-1,347,377,375,-1,347,375,372,-1,347,366,364,-1,354,352,350,-1,372,370,347,-1,347,370,368,-1,347,368,366,-1,364,362,347,-1,347,362,361,-1,347,361,358,-1,348,358,350,-1,350,358,356,-1,350,356,354,-1,456,457,458,-1,458,457,459,-1,460,456,461,-1,461,456,458,-1,460,461,462,-1,460,462,463,-1,463,462,464,-1,463,464,465,-1,465,464,466,-1,465,466,467,-1,467,466,468,-1,467,468,469,-1,469,468,470,-1,469,470,471,-1,471,470,472,-1,471,472,473,-1,474,473,475,-1,475,473,472,-1,474,475,476,-1,474,476,477,-1,477,476,478,-1,477,478,479,-1,479,478,480,-1,479,480,481,-1,481,480,482,-1,481,482,483,-1,483,482,484,-1,483,484,485,-1,485,484,486,-1,485,486,487,-1,488,487,489,-1,489,487,486,-1,488,489,490,-1,490,489,491,-1,490,491,492,-1,492,491,493,-1,492,493,494,-1,494,493,495,-1,494,495,496,-1,496,495,497,-1,496,497,498,-1,498,497,499,-1,498,499,500,-1,500,499,501,-1,502,500,503,-1,503,500,501,-1,502,503,504,-1,504,503,505,-1,504,505,506,-1,506,505,507,-1,506,507,508,-1,508,507,509,-1,508,509,510,-1,510,509,511,-1,510,511,512,-1,512,511,513,-1,512,513,514,-1,514,513,515,-1,516,514,517,-1,517,514,515,-1,516,517,518,-1,518,517,519,-1,518,519,520,-1,520,519,521,-1,520,521,522,-1,522,521,523,-1,522,523,524,-1,524,523,525,-1,524,525,526,-1,526,525,527,-1,526,527,528,-1,528,527,529,-1,530,528,531,-1,531,528,529,-1,532,530,533,-1,533,530,531,-1,534,532,535,-1,535,532,533,-1,536,534,537,-1,537,534,535,-1,538,536,539,-1,539,536,537,-1,540,538,541,-1,541,538,539,-1,542,540,543,-1,543,540,541,-1,544,542,545,-1,545,542,543,-1,546,544,547,-1,547,544,545,-1,548,546,549,-1,549,546,547,-1,550,548,551,-1,551,548,549,-1,552,550,553,-1,553,550,551,-1,554,552,555,-1,555,552,553,-1,556,554,557,-1,557,554,555,-1,558,556,559,-1,559,556,557,-1,560,558,561,-1,561,558,559,-1,562,560,563,-1,563,560,561,-1,564,562,565,-1,565,562,563,-1,566,564,567,-1,567,564,565,-1,568,566,569,-1,569,566,567,-1,457,568,459,-1,459,568,569,-1,536,538,534,-1,534,538,540,-1,534,540,532,-1,562,564,560,-1,560,564,566,-1,457,456,568,-1,568,456,460,-1,552,554,550,-1,550,554,556,-1,550,556,548,-1,548,556,544,-1,548,544,546,-1,522,524,542,-1,502,504,568,-1,568,504,506,-1,524,526,542,-1,542,526,528,-1,542,528,540,-1,540,528,530,-1,540,530,532,-1,514,516,566,-1,566,516,518,-1,566,518,520,-1,556,558,544,-1,544,558,560,-1,544,560,542,-1,542,560,566,-1,542,566,522,-1,522,566,520,-1,506,508,568,-1,568,508,510,-1,568,510,566,-1,566,510,512,-1,566,512,514,-1,471,473,490,-1,490,473,474,-1,492,494,460,-1,460,494,496,-1,460,496,568,-1,568,496,498,-1,568,498,502,-1,502,498,500,-1,492,460,490,-1,490,460,463,-1,490,463,465,-1,465,467,490,-1,490,467,469,-1,490,469,471,-1,477,479,474,-1,474,479,481,-1,474,481,483,-1,488,490,487,-1,487,490,474,-1,487,474,485,-1,485,474,483,-1,535,533,537,-1,537,533,531,-1,461,458,569,-1,569,458,459,-1,462,461,472,-1,565,563,567,-1,567,563,561,-1,553,551,555,-1,555,551,557,-1,539,537,541,-1,541,537,531,-1,541,531,543,-1,543,531,529,-1,529,527,543,-1,543,527,525,-1,543,525,523,-1,503,501,499,-1,551,549,557,-1,557,549,547,-1,557,547,545,-1,523,567,543,-1,543,567,561,-1,543,561,545,-1,545,561,559,-1,545,559,557,-1,523,521,567,-1,567,521,519,-1,567,519,517,-1,509,507,569,-1,569,507,505,-1,569,505,503,-1,517,515,567,-1,567,515,513,-1,567,513,569,-1,569,513,511,-1,569,511,509,-1,503,499,569,-1,569,499,497,-1,569,497,461,-1,461,497,495,-1,461,495,493,-1,493,491,461,-1,461,491,489,-1,461,489,486,-1,461,480,478,-1,468,466,464,-1,486,484,461,-1,461,484,482,-1,461,482,480,-1,478,476,461,-1,461,476,475,-1,461,475,472,-1,462,472,464,-1,464,472,470,-1,464,470,468,-1,570,571,572,-1,572,571,573,-1,574,570,575,-1,575,570,572,-1,574,575,576,-1,574,576,577,-1,577,576,578,-1,577,578,579,-1,579,578,580,-1,579,580,581,-1,581,580,582,-1,581,582,583,-1,583,582,584,-1,583,584,585,-1,585,584,586,-1,585,586,587,-1,588,587,589,-1,589,587,586,-1,588,589,590,-1,588,590,591,-1,591,590,592,-1,591,592,593,-1,593,592,594,-1,593,594,595,-1,595,594,596,-1,595,596,597,-1,597,596,598,-1,597,598,599,-1,599,598,600,-1,599,600,601,-1,602,601,603,-1,603,601,600,-1,602,603,604,-1,604,603,605,-1,604,605,606,-1,606,605,607,-1,606,607,608,-1,608,607,609,-1,608,609,610,-1,610,609,611,-1,610,611,612,-1,612,611,613,-1,612,613,614,-1,614,613,615,-1,616,614,617,-1,617,614,615,-1,616,617,618,-1,618,617,619,-1,618,619,620,-1,620,619,621,-1,620,621,622,-1,622,621,623,-1,622,623,624,-1,624,623,625,-1,624,625,626,-1,626,625,627,-1,626,627,628,-1,628,627,629,-1,630,628,631,-1,631,628,629,-1,630,631,632,-1,632,631,633,-1,632,633,634,-1,634,633,635,-1,634,635,636,-1,636,635,637,-1,636,637,638,-1,638,637,639,-1,638,639,640,-1,640,639,641,-1,640,641,642,-1,642,641,643,-1,644,642,645,-1,645,642,643,-1,646,644,647,-1,647,644,645,-1,648,646,649,-1,649,646,647,-1,650,648,651,-1,651,648,649,-1,652,650,653,-1,653,650,651,-1,654,652,655,-1,655,652,653,-1,656,654,657,-1,657,654,655,-1,658,656,659,-1,659,656,657,-1,660,658,661,-1,661,658,659,-1,662,660,663,-1,663,660,661,-1,664,662,665,-1,665,662,663,-1,666,664,667,-1,667,664,665,-1,668,666,669,-1,669,666,667,-1,670,668,671,-1,671,668,669,-1,672,670,673,-1,673,670,671,-1,674,672,675,-1,675,672,673,-1,676,674,677,-1,677,674,675,-1,678,676,679,-1,679,676,677,-1,680,678,681,-1,681,678,679,-1,682,680,683,-1,683,680,681,-1,571,682,573,-1,573,682,683,-1,650,652,648,-1,648,652,654,-1,648,654,646,-1,676,678,674,-1,674,678,680,-1,571,570,682,-1,682,570,574,-1,666,668,664,-1,664,668,670,-1,664,670,662,-1,662,670,658,-1,662,658,660,-1,636,638,656,-1,616,618,682,-1,682,618,620,-1,638,640,656,-1,656,640,642,-1,656,642,654,-1,654,642,644,-1,654,644,646,-1,628,630,680,-1,680,630,632,-1,680,632,634,-1,670,672,658,-1,658,672,674,-1,658,674,656,-1,656,674,680,-1,656,680,636,-1,636,680,634,-1,620,622,682,-1,682,622,624,-1,682,624,680,-1,680,624,626,-1,680,626,628,-1,585,587,604,-1,604,587,588,-1,606,608,574,-1,574,608,610,-1,574,610,682,-1,682,610,612,-1,682,612,616,-1,616,612,614,-1,606,574,604,-1,604,574,577,-1,604,577,579,-1,579,581,604,-1,604,581,583,-1,604,583,585,-1,591,593,588,-1,588,593,595,-1,588,595,597,-1,602,604,601,-1,601,604,588,-1,601,588,599,-1,599,588,597,-1,649,647,651,-1,651,647,645,-1,575,572,683,-1,683,572,573,-1,576,575,586,-1,679,677,681,-1,681,677,675,-1,667,665,669,-1,669,665,671,-1,653,651,655,-1,655,651,645,-1,655,645,657,-1,657,645,643,-1,643,641,657,-1,657,641,639,-1,657,639,637,-1,617,615,613,-1,665,663,671,-1,671,663,661,-1,671,661,659,-1,637,681,657,-1,657,681,675,-1,657,675,659,-1,659,675,673,-1,659,673,671,-1,637,635,681,-1,681,635,633,-1,681,633,631,-1,623,621,683,-1,683,621,619,-1,683,619,617,-1,631,629,681,-1,681,629,627,-1,681,627,683,-1,683,627,625,-1,683,625,623,-1,617,613,683,-1,683,613,611,-1,683,611,575,-1,575,611,609,-1,575,609,607,-1,607,605,575,-1,575,605,603,-1,575,603,600,-1,575,594,592,-1,582,580,578,-1,600,598,575,-1,575,598,596,-1,575,596,594,-1,592,590,575,-1,575,590,589,-1,575,589,586,-1,576,586,578,-1,578,586,584,-1,578,584,582,-1,684,685,686,-1,686,685,687,-1,688,684,689,-1,689,684,686,-1,688,689,690,-1,688,690,691,-1,691,690,692,-1,691,692,693,-1,693,692,694,-1,693,694,695,-1,695,694,696,-1,695,696,697,-1,697,696,698,-1,697,698,699,-1,699,698,700,-1,699,700,701,-1,702,701,703,-1,703,701,700,-1,702,703,704,-1,702,704,705,-1,705,704,706,-1,705,706,707,-1,707,706,708,-1,707,708,709,-1,709,708,710,-1,709,710,711,-1,711,710,712,-1,711,712,713,-1,713,712,714,-1,713,714,715,-1,716,715,717,-1,717,715,714,-1,716,717,718,-1,718,717,719,-1,718,719,720,-1,720,719,721,-1,720,721,722,-1,722,721,723,-1,722,723,724,-1,724,723,725,-1,724,725,726,-1,726,725,727,-1,726,727,728,-1,728,727,729,-1,730,728,731,-1,731,728,729,-1,730,731,732,-1,732,731,733,-1,732,733,734,-1,734,733,735,-1,734,735,736,-1,736,735,737,-1,736,737,738,-1,738,737,739,-1,738,739,740,-1,740,739,741,-1,740,741,742,-1,742,741,743,-1,744,742,745,-1,745,742,743,-1,744,745,746,-1,746,745,747,-1,746,747,748,-1,748,747,749,-1,748,749,750,-1,750,749,751,-1,750,751,752,-1,752,751,753,-1,752,753,754,-1,754,753,755,-1,754,755,756,-1,756,755,757,-1,758,756,759,-1,759,756,757,-1,760,758,761,-1,761,758,759,-1,762,760,763,-1,763,760,761,-1,764,762,765,-1,765,762,763,-1,766,764,767,-1,767,764,765,-1,768,766,769,-1,769,766,767,-1,770,768,771,-1,771,768,769,-1,772,770,773,-1,773,770,771,-1,774,772,775,-1,775,772,773,-1,776,774,777,-1,777,774,775,-1,778,776,779,-1,779,776,777,-1,780,778,781,-1,781,778,779,-1,782,780,783,-1,783,780,781,-1,784,782,785,-1,785,782,783,-1,786,784,787,-1,787,784,785,-1,788,786,789,-1,789,786,787,-1,790,788,791,-1,791,788,789,-1,792,790,793,-1,793,790,791,-1,794,792,795,-1,795,792,793,-1,796,794,797,-1,797,794,795,-1,685,796,687,-1,687,796,797,-1,764,766,762,-1,762,766,768,-1,762,768,760,-1,790,792,788,-1,788,792,794,-1,685,684,796,-1,796,684,688,-1,780,782,778,-1,778,782,784,-1,778,784,776,-1,776,784,772,-1,776,772,774,-1,750,752,770,-1,730,732,796,-1,796,732,734,-1,752,754,770,-1,770,754,756,-1,770,756,768,-1,768,756,758,-1,768,758,760,-1,742,744,794,-1,794,744,746,-1,794,746,748,-1,784,786,772,-1,772,786,788,-1,772,788,770,-1,770,788,794,-1,770,794,750,-1,750,794,748,-1,734,736,796,-1,796,736,738,-1,796,738,794,-1,794,738,740,-1,794,740,742,-1,699,701,718,-1,718,701,702,-1,720,722,688,-1,688,722,724,-1,688,724,796,-1,796,724,726,-1,796,726,730,-1,730,726,728,-1,720,688,718,-1,718,688,691,-1,718,691,693,-1,693,695,718,-1,718,695,697,-1,718,697,699,-1,705,707,702,-1,702,707,709,-1,702,709,711,-1,716,718,715,-1,715,718,702,-1,715,702,713,-1,713,702,711,-1,763,761,765,-1,765,761,759,-1,689,686,797,-1,797,686,687,-1,690,689,700,-1,793,791,795,-1,795,791,789,-1,781,779,783,-1,783,779,785,-1,767,765,769,-1,769,765,759,-1,769,759,771,-1,771,759,757,-1,757,755,771,-1,771,755,753,-1,771,753,751,-1,731,729,727,-1,779,777,785,-1,785,777,775,-1,785,775,773,-1,751,795,771,-1,771,795,789,-1,771,789,773,-1,773,789,787,-1,773,787,785,-1,751,749,795,-1,795,749,747,-1,795,747,745,-1,737,735,797,-1,797,735,733,-1,797,733,731,-1,745,743,795,-1,795,743,741,-1,795,741,797,-1,797,741,739,-1,797,739,737,-1,731,727,797,-1,797,727,725,-1,797,725,689,-1,689,725,723,-1,689,723,721,-1,721,719,689,-1,689,719,717,-1,689,717,714,-1,689,708,706,-1,696,694,692,-1,714,712,689,-1,689,712,710,-1,689,710,708,-1,706,704,689,-1,689,704,703,-1,689,703,700,-1,690,700,692,-1,692,700,698,-1,692,698,696,-1,798,799,800,-1,800,799,801,-1,802,798,803,-1,803,798,800,-1,802,803,804,-1,802,804,805,-1,805,804,806,-1,805,806,807,-1,807,806,808,-1,807,808,809,-1,809,808,810,-1,809,810,811,-1,811,810,812,-1,811,812,813,-1,813,812,814,-1,813,814,815,-1,816,815,817,-1,817,815,814,-1,816,817,818,-1,816,818,819,-1,819,818,820,-1,819,820,821,-1,821,820,822,-1,821,822,823,-1,823,822,824,-1,823,824,825,-1,825,824,826,-1,825,826,827,-1,827,826,828,-1,827,828,829,-1,830,829,831,-1,831,829,828,-1,830,831,832,-1,832,831,833,-1,832,833,834,-1,834,833,835,-1,834,835,836,-1,836,835,837,-1,836,837,838,-1,838,837,839,-1,838,839,840,-1,840,839,841,-1,840,841,842,-1,842,841,843,-1,844,842,845,-1,845,842,843,-1,844,845,846,-1,846,845,847,-1,846,847,848,-1,848,847,849,-1,848,849,850,-1,850,849,851,-1,850,851,852,-1,852,851,853,-1,852,853,854,-1,854,853,855,-1,854,855,856,-1,856,855,857,-1,858,856,859,-1,859,856,857,-1,858,859,860,-1,860,859,861,-1,860,861,862,-1,862,861,863,-1,862,863,864,-1,864,863,865,-1,864,865,866,-1,866,865,867,-1,866,867,868,-1,868,867,869,-1,868,869,870,-1,870,869,871,-1,872,870,873,-1,873,870,871,-1,874,872,875,-1,875,872,873,-1,876,874,877,-1,877,874,875,-1,878,876,879,-1,879,876,877,-1,880,878,881,-1,881,878,879,-1,882,880,883,-1,883,880,881,-1,884,882,885,-1,885,882,883,-1,886,884,887,-1,887,884,885,-1,888,886,889,-1,889,886,887,-1,890,888,891,-1,891,888,889,-1,892,890,893,-1,893,890,891,-1,894,892,895,-1,895,892,893,-1,896,894,897,-1,897,894,895,-1,898,896,899,-1,899,896,897,-1,900,898,901,-1,901,898,899,-1,902,900,903,-1,903,900,901,-1,904,902,905,-1,905,902,903,-1,906,904,907,-1,907,904,905,-1,908,906,909,-1,909,906,907,-1,910,908,911,-1,911,908,909,-1,799,910,801,-1,801,910,911,-1,878,880,876,-1,876,880,882,-1,876,882,874,-1,904,906,902,-1,902,906,908,-1,799,798,910,-1,910,798,802,-1,894,896,892,-1,892,896,898,-1,892,898,890,-1,890,898,886,-1,890,886,888,-1,864,866,884,-1,844,846,910,-1,910,846,848,-1,866,868,884,-1,884,868,870,-1,884,870,882,-1,882,870,872,-1,882,872,874,-1,856,858,908,-1,908,858,860,-1,908,860,862,-1,898,900,886,-1,886,900,902,-1,886,902,884,-1,884,902,908,-1,884,908,864,-1,864,908,862,-1,848,850,910,-1,910,850,852,-1,910,852,908,-1,908,852,854,-1,908,854,856,-1,813,815,832,-1,832,815,816,-1,834,836,802,-1,802,836,838,-1,802,838,910,-1,910,838,840,-1,910,840,844,-1,844,840,842,-1,834,802,832,-1,832,802,805,-1,832,805,807,-1,807,809,832,-1,832,809,811,-1,832,811,813,-1,819,821,816,-1,816,821,823,-1,816,823,825,-1,830,832,829,-1,829,832,816,-1,829,816,827,-1,827,816,825,-1,877,875,879,-1,879,875,873,-1,803,800,911,-1,911,800,801,-1,804,803,814,-1,907,905,909,-1,909,905,903,-1,895,893,897,-1,897,893,899,-1,881,879,883,-1,883,879,873,-1,883,873,885,-1,885,873,871,-1,871,869,885,-1,885,869,867,-1,885,867,865,-1,845,843,841,-1,893,891,899,-1,899,891,889,-1,899,889,887,-1,865,909,885,-1,885,909,903,-1,885,903,887,-1,887,903,901,-1,887,901,899,-1,865,863,909,-1,909,863,861,-1,909,861,859,-1,851,849,911,-1,911,849,847,-1,911,847,845,-1,859,857,909,-1,909,857,855,-1,909,855,911,-1,911,855,853,-1,911,853,851,-1,845,841,911,-1,911,841,839,-1,911,839,803,-1,803,839,837,-1,803,837,835,-1,835,833,803,-1,803,833,831,-1,803,831,828,-1,803,822,820,-1,810,808,806,-1,828,826,803,-1,803,826,824,-1,803,824,822,-1,820,818,803,-1,803,818,817,-1,803,817,814,-1,804,814,806,-1,806,814,812,-1,806,812,810,-1,912,913,914,-1,914,913,915,-1,916,912,917,-1,917,912,914,-1,916,917,918,-1,916,918,919,-1,919,918,920,-1,919,920,921,-1,921,920,922,-1,921,922,923,-1,923,922,924,-1,923,924,925,-1,925,924,926,-1,925,926,927,-1,927,926,928,-1,927,928,929,-1,930,929,931,-1,931,929,928,-1,930,931,932,-1,930,932,933,-1,933,932,934,-1,933,934,935,-1,935,934,936,-1,935,936,937,-1,937,936,938,-1,937,938,939,-1,939,938,940,-1,939,940,941,-1,941,940,942,-1,941,942,943,-1,944,943,945,-1,945,943,942,-1,944,945,946,-1,946,945,947,-1,946,947,948,-1,948,947,949,-1,948,949,950,-1,950,949,951,-1,950,951,952,-1,952,951,953,-1,952,953,954,-1,954,953,955,-1,954,955,956,-1,956,955,957,-1,958,956,959,-1,959,956,957,-1,958,959,960,-1,960,959,961,-1,960,961,962,-1,962,961,963,-1,962,963,964,-1,964,963,965,-1,964,965,966,-1,966,965,967,-1,966,967,968,-1,968,967,969,-1,968,969,970,-1,970,969,971,-1,972,970,973,-1,973,970,971,-1,972,973,974,-1,974,973,975,-1,974,975,976,-1,976,975,977,-1,976,977,978,-1,978,977,979,-1,978,979,980,-1,980,979,981,-1,980,981,982,-1,982,981,983,-1,982,983,984,-1,984,983,985,-1,986,984,987,-1,987,984,985,-1,988,986,989,-1,989,986,987,-1,990,988,991,-1,991,988,989,-1,992,990,993,-1,993,990,991,-1,994,992,995,-1,995,992,993,-1,996,994,997,-1,997,994,995,-1,998,996,999,-1,999,996,997,-1,1000,998,1001,-1,1001,998,999,-1,1002,1000,1003,-1,1003,1000,1001,-1,1004,1002,1005,-1,1005,1002,1003,-1,1006,1004,1007,-1,1007,1004,1005,-1,1008,1006,1009,-1,1009,1006,1007,-1,1010,1008,1011,-1,1011,1008,1009,-1,1012,1010,1013,-1,1013,1010,1011,-1,1014,1012,1015,-1,1015,1012,1013,-1,1016,1014,1017,-1,1017,1014,1015,-1,1018,1016,1019,-1,1019,1016,1017,-1,1020,1018,1021,-1,1021,1018,1019,-1,1022,1020,1023,-1,1023,1020,1021,-1,1024,1022,1025,-1,1025,1022,1023,-1,913,1024,915,-1,915,1024,1025,-1,992,994,990,-1,990,994,996,-1,990,996,988,-1,1018,1020,1016,-1,1016,1020,1022,-1,913,912,1024,-1,1024,912,916,-1,1008,1010,1006,-1,1006,1010,1012,-1,1006,1012,1004,-1,1004,1012,1000,-1,1004,1000,1002,-1,978,980,998,-1,958,960,1024,-1,1024,960,962,-1,980,982,998,-1,998,982,984,-1,998,984,996,-1,996,984,986,-1,996,986,988,-1,970,972,1022,-1,1022,972,974,-1,1022,974,976,-1,1012,1014,1000,-1,1000,1014,1016,-1,1000,1016,998,-1,998,1016,1022,-1,998,1022,978,-1,978,1022,976,-1,962,964,1024,-1,1024,964,966,-1,1024,966,1022,-1,1022,966,968,-1,1022,968,970,-1,927,929,946,-1,946,929,930,-1,948,950,916,-1,916,950,952,-1,916,952,1024,-1,1024,952,954,-1,1024,954,958,-1,958,954,956,-1,948,916,946,-1,946,916,919,-1,946,919,921,-1,921,923,946,-1,946,923,925,-1,946,925,927,-1,933,935,930,-1,930,935,937,-1,930,937,939,-1,944,946,943,-1,943,946,930,-1,943,930,941,-1,941,930,939,-1,991,989,993,-1,993,989,987,-1,917,914,1025,-1,1025,914,915,-1,918,917,928,-1,1021,1019,1023,-1,1023,1019,1017,-1,1009,1007,1011,-1,1011,1007,1013,-1,995,993,997,-1,997,993,987,-1,997,987,999,-1,999,987,985,-1,985,983,999,-1,999,983,981,-1,999,981,979,-1,959,957,955,-1,1007,1005,1013,-1,1013,1005,1003,-1,1013,1003,1001,-1,979,1023,999,-1,999,1023,1017,-1,999,1017,1001,-1,1001,1017,1015,-1,1001,1015,1013,-1,979,977,1023,-1,1023,977,975,-1,1023,975,973,-1,965,963,1025,-1,1025,963,961,-1,1025,961,959,-1,973,971,1023,-1,1023,971,969,-1,1023,969,1025,-1,1025,969,967,-1,1025,967,965,-1,959,955,1025,-1,1025,955,953,-1,1025,953,917,-1,917,953,951,-1,917,951,949,-1,949,947,917,-1,917,947,945,-1,917,945,942,-1,917,936,934,-1,924,922,920,-1,942,940,917,-1,917,940,938,-1,917,938,936,-1,934,932,917,-1,917,932,931,-1,917,931,928,-1,918,928,920,-1,920,928,926,-1,920,926,924,-1,1026,1027,1028,-1,1028,1027,1029,-1,1030,1026,1031,-1,1031,1026,1028,-1,1030,1031,1032,-1,1030,1032,1033,-1,1033,1032,1034,-1,1033,1034,1035,-1,1035,1034,1036,-1,1035,1036,1037,-1,1037,1036,1038,-1,1037,1038,1039,-1,1039,1038,1040,-1,1039,1040,1041,-1,1041,1040,1042,-1,1041,1042,1043,-1,1044,1043,1045,-1,1045,1043,1042,-1,1044,1045,1046,-1,1044,1046,1047,-1,1047,1046,1048,-1,1047,1048,1049,-1,1049,1048,1050,-1,1049,1050,1051,-1,1051,1050,1052,-1,1051,1052,1053,-1,1053,1052,1054,-1,1053,1054,1055,-1,1055,1054,1056,-1,1055,1056,1057,-1,1058,1057,1059,-1,1059,1057,1056,-1,1058,1059,1060,-1,1060,1059,1061,-1,1060,1061,1062,-1,1062,1061,1063,-1,1062,1063,1064,-1,1064,1063,1065,-1,1064,1065,1066,-1,1066,1065,1067,-1,1066,1067,1068,-1,1068,1067,1069,-1,1068,1069,1070,-1,1070,1069,1071,-1,1072,1070,1073,-1,1073,1070,1071,-1,1072,1073,1074,-1,1074,1073,1075,-1,1074,1075,1076,-1,1076,1075,1077,-1,1076,1077,1078,-1,1078,1077,1079,-1,1078,1079,1080,-1,1080,1079,1081,-1,1080,1081,1082,-1,1082,1081,1083,-1,1082,1083,1084,-1,1084,1083,1085,-1,1086,1084,1087,-1,1087,1084,1085,-1,1086,1087,1088,-1,1088,1087,1089,-1,1088,1089,1090,-1,1090,1089,1091,-1,1090,1091,1092,-1,1092,1091,1093,-1,1092,1093,1094,-1,1094,1093,1095,-1,1094,1095,1096,-1,1096,1095,1097,-1,1096,1097,1098,-1,1098,1097,1099,-1,1100,1098,1101,-1,1101,1098,1099,-1,1102,1100,1103,-1,1103,1100,1101,-1,1104,1102,1105,-1,1105,1102,1103,-1,1106,1104,1107,-1,1107,1104,1105,-1,1108,1106,1109,-1,1109,1106,1107,-1,1110,1108,1111,-1,1111,1108,1109,-1,1112,1110,1113,-1,1113,1110,1111,-1,1114,1112,1115,-1,1115,1112,1113,-1,1116,1114,1117,-1,1117,1114,1115,-1,1118,1116,1119,-1,1119,1116,1117,-1,1120,1118,1121,-1,1121,1118,1119,-1,1122,1120,1123,-1,1123,1120,1121,-1,1124,1122,1125,-1,1125,1122,1123,-1,1126,1124,1127,-1,1127,1124,1125,-1,1128,1126,1129,-1,1129,1126,1127,-1,1130,1128,1131,-1,1131,1128,1129,-1,1132,1130,1133,-1,1133,1130,1131,-1,1134,1132,1135,-1,1135,1132,1133,-1,1136,1134,1137,-1,1137,1134,1135,-1,1138,1136,1139,-1,1139,1136,1137,-1,1027,1138,1029,-1,1029,1138,1139,-1,1106,1108,1104,-1,1104,1108,1110,-1,1104,1110,1102,-1,1132,1134,1130,-1,1130,1134,1136,-1,1027,1026,1138,-1,1138,1026,1030,-1,1122,1124,1120,-1,1120,1124,1126,-1,1120,1126,1118,-1,1118,1126,1114,-1,1118,1114,1116,-1,1092,1094,1112,-1,1072,1074,1138,-1,1138,1074,1076,-1,1094,1096,1112,-1,1112,1096,1098,-1,1112,1098,1110,-1,1110,1098,1100,-1,1110,1100,1102,-1,1084,1086,1136,-1,1136,1086,1088,-1,1136,1088,1090,-1,1126,1128,1114,-1,1114,1128,1130,-1,1114,1130,1112,-1,1112,1130,1136,-1,1112,1136,1092,-1,1092,1136,1090,-1,1076,1078,1138,-1,1138,1078,1080,-1,1138,1080,1136,-1,1136,1080,1082,-1,1136,1082,1084,-1,1041,1043,1060,-1,1060,1043,1044,-1,1062,1064,1030,-1,1030,1064,1066,-1,1030,1066,1138,-1,1138,1066,1068,-1,1138,1068,1072,-1,1072,1068,1070,-1,1062,1030,1060,-1,1060,1030,1033,-1,1060,1033,1035,-1,1035,1037,1060,-1,1060,1037,1039,-1,1060,1039,1041,-1,1047,1049,1044,-1,1044,1049,1051,-1,1044,1051,1053,-1,1058,1060,1057,-1,1057,1060,1044,-1,1057,1044,1055,-1,1055,1044,1053,-1,1105,1103,1107,-1,1107,1103,1101,-1,1031,1028,1139,-1,1139,1028,1029,-1,1032,1031,1042,-1,1135,1133,1137,-1,1137,1133,1131,-1,1123,1121,1125,-1,1125,1121,1127,-1,1109,1107,1111,-1,1111,1107,1101,-1,1111,1101,1113,-1,1113,1101,1099,-1,1099,1097,1113,-1,1113,1097,1095,-1,1113,1095,1093,-1,1073,1071,1069,-1,1121,1119,1127,-1,1127,1119,1117,-1,1127,1117,1115,-1,1093,1137,1113,-1,1113,1137,1131,-1,1113,1131,1115,-1,1115,1131,1129,-1,1115,1129,1127,-1,1093,1091,1137,-1,1137,1091,1089,-1,1137,1089,1087,-1,1079,1077,1139,-1,1139,1077,1075,-1,1139,1075,1073,-1,1087,1085,1137,-1,1137,1085,1083,-1,1137,1083,1139,-1,1139,1083,1081,-1,1139,1081,1079,-1,1073,1069,1139,-1,1139,1069,1067,-1,1139,1067,1031,-1,1031,1067,1065,-1,1031,1065,1063,-1,1063,1061,1031,-1,1031,1061,1059,-1,1031,1059,1056,-1,1031,1050,1048,-1,1038,1036,1034,-1,1056,1054,1031,-1,1031,1054,1052,-1,1031,1052,1050,-1,1048,1046,1031,-1,1031,1046,1045,-1,1031,1045,1042,-1,1032,1042,1034,-1,1034,1042,1040,-1,1034,1040,1038,-1,1140,1141,1142,-1,1142,1141,1143,-1,1144,1140,1145,-1,1145,1140,1142,-1,1144,1145,1146,-1,1144,1146,1147,-1,1147,1146,1148,-1,1147,1148,1149,-1,1149,1148,1150,-1,1149,1150,1151,-1,1151,1150,1152,-1,1151,1152,1153,-1,1153,1152,1154,-1,1153,1154,1155,-1,1155,1154,1156,-1,1155,1156,1157,-1,1158,1157,1159,-1,1159,1157,1156,-1,1158,1159,1160,-1,1158,1160,1161,-1,1161,1160,1162,-1,1161,1162,1163,-1,1163,1162,1164,-1,1163,1164,1165,-1,1165,1164,1166,-1,1165,1166,1167,-1,1167,1166,1168,-1,1167,1168,1169,-1,1169,1168,1170,-1,1169,1170,1171,-1,1172,1171,1173,-1,1173,1171,1170,-1,1172,1173,1174,-1,1174,1173,1175,-1,1174,1175,1176,-1,1176,1175,1177,-1,1176,1177,1178,-1,1178,1177,1179,-1,1178,1179,1180,-1,1180,1179,1181,-1,1180,1181,1182,-1,1182,1181,1183,-1,1182,1183,1184,-1,1184,1183,1185,-1,1186,1184,1187,-1,1187,1184,1185,-1,1186,1187,1188,-1,1188,1187,1189,-1,1188,1189,1190,-1,1190,1189,1191,-1,1190,1191,1192,-1,1192,1191,1193,-1,1192,1193,1194,-1,1194,1193,1195,-1,1194,1195,1196,-1,1196,1195,1197,-1,1196,1197,1198,-1,1198,1197,1199,-1,1200,1198,1201,-1,1201,1198,1199,-1,1200,1201,1202,-1,1202,1201,1203,-1,1202,1203,1204,-1,1204,1203,1205,-1,1204,1205,1206,-1,1206,1205,1207,-1,1206,1207,1208,-1,1208,1207,1209,-1,1208,1209,1210,-1,1210,1209,1211,-1,1210,1211,1212,-1,1212,1211,1213,-1,1214,1212,1215,-1,1215,1212,1213,-1,1216,1214,1217,-1,1217,1214,1215,-1,1218,1216,1219,-1,1219,1216,1217,-1,1220,1218,1221,-1,1221,1218,1219,-1,1222,1220,1223,-1,1223,1220,1221,-1,1224,1222,1225,-1,1225,1222,1223,-1,1226,1224,1227,-1,1227,1224,1225,-1,1228,1226,1229,-1,1229,1226,1227,-1,1230,1228,1231,-1,1231,1228,1229,-1,1232,1230,1233,-1,1233,1230,1231,-1,1234,1232,1235,-1,1235,1232,1233,-1,1236,1234,1237,-1,1237,1234,1235,-1,1238,1236,1239,-1,1239,1236,1237,-1,1240,1238,1241,-1,1241,1238,1239,-1,1242,1240,1243,-1,1243,1240,1241,-1,1244,1242,1245,-1,1245,1242,1243,-1,1246,1244,1247,-1,1247,1244,1245,-1,1248,1246,1249,-1,1249,1246,1247,-1,1250,1248,1251,-1,1251,1248,1249,-1,1252,1250,1253,-1,1253,1250,1251,-1,1141,1252,1143,-1,1143,1252,1253,-1,1220,1222,1218,-1,1218,1222,1224,-1,1218,1224,1216,-1,1246,1248,1244,-1,1244,1248,1250,-1,1141,1140,1252,-1,1252,1140,1144,-1,1236,1238,1234,-1,1234,1238,1240,-1,1234,1240,1232,-1,1232,1240,1228,-1,1232,1228,1230,-1,1206,1208,1226,-1,1186,1188,1252,-1,1252,1188,1190,-1,1208,1210,1226,-1,1226,1210,1212,-1,1226,1212,1224,-1,1224,1212,1214,-1,1224,1214,1216,-1,1198,1200,1250,-1,1250,1200,1202,-1,1250,1202,1204,-1,1240,1242,1228,-1,1228,1242,1244,-1,1228,1244,1226,-1,1226,1244,1250,-1,1226,1250,1206,-1,1206,1250,1204,-1,1190,1192,1252,-1,1252,1192,1194,-1,1252,1194,1250,-1,1250,1194,1196,-1,1250,1196,1198,-1,1155,1157,1174,-1,1174,1157,1158,-1,1176,1178,1144,-1,1144,1178,1180,-1,1144,1180,1252,-1,1252,1180,1182,-1,1252,1182,1186,-1,1186,1182,1184,-1,1176,1144,1174,-1,1174,1144,1147,-1,1174,1147,1149,-1,1149,1151,1174,-1,1174,1151,1153,-1,1174,1153,1155,-1,1161,1163,1158,-1,1158,1163,1165,-1,1158,1165,1167,-1,1172,1174,1171,-1,1171,1174,1158,-1,1171,1158,1169,-1,1169,1158,1167,-1,1219,1217,1221,-1,1221,1217,1215,-1,1145,1142,1253,-1,1253,1142,1143,-1,1146,1145,1156,-1,1249,1247,1251,-1,1251,1247,1245,-1,1237,1235,1239,-1,1239,1235,1241,-1,1223,1221,1225,-1,1225,1221,1215,-1,1225,1215,1227,-1,1227,1215,1213,-1,1213,1211,1227,-1,1227,1211,1209,-1,1227,1209,1207,-1,1187,1185,1183,-1,1235,1233,1241,-1,1241,1233,1231,-1,1241,1231,1229,-1,1207,1251,1227,-1,1227,1251,1245,-1,1227,1245,1229,-1,1229,1245,1243,-1,1229,1243,1241,-1,1207,1205,1251,-1,1251,1205,1203,-1,1251,1203,1201,-1,1193,1191,1253,-1,1253,1191,1189,-1,1253,1189,1187,-1,1201,1199,1251,-1,1251,1199,1197,-1,1251,1197,1253,-1,1253,1197,1195,-1,1253,1195,1193,-1,1187,1183,1253,-1,1253,1183,1181,-1,1253,1181,1145,-1,1145,1181,1179,-1,1145,1179,1177,-1,1177,1175,1145,-1,1145,1175,1173,-1,1145,1173,1170,-1,1145,1164,1162,-1,1152,1150,1148,-1,1170,1168,1145,-1,1145,1168,1166,-1,1145,1166,1164,-1,1162,1160,1145,-1,1145,1160,1159,-1,1145,1159,1156,-1,1146,1156,1148,-1,1148,1156,1154,-1,1148,1154,1152,-1,1254,1255,1256,-1,1256,1255,1257,-1,1258,1254,1259,-1,1259,1254,1256,-1,1258,1259,1260,-1,1258,1260,1261,-1,1261,1260,1262,-1,1261,1262,1263,-1,1263,1262,1264,-1,1263,1264,1265,-1,1265,1264,1266,-1,1265,1266,1267,-1,1267,1266,1268,-1,1267,1268,1269,-1,1269,1268,1270,-1,1269,1270,1271,-1,1272,1271,1273,-1,1273,1271,1270,-1,1272,1273,1274,-1,1272,1274,1275,-1,1275,1274,1276,-1,1275,1276,1277,-1,1277,1276,1278,-1,1277,1278,1279,-1,1279,1278,1280,-1,1279,1280,1281,-1,1281,1280,1282,-1,1281,1282,1283,-1,1283,1282,1284,-1,1283,1284,1285,-1,1286,1285,1287,-1,1287,1285,1284,-1,1286,1287,1288,-1,1288,1287,1289,-1,1288,1289,1290,-1,1290,1289,1291,-1,1290,1291,1292,-1,1292,1291,1293,-1,1292,1293,1294,-1,1294,1293,1295,-1,1294,1295,1296,-1,1296,1295,1297,-1,1296,1297,1298,-1,1298,1297,1299,-1,1300,1298,1301,-1,1301,1298,1299,-1,1300,1301,1302,-1,1302,1301,1303,-1,1302,1303,1304,-1,1304,1303,1305,-1,1304,1305,1306,-1,1306,1305,1307,-1,1306,1307,1308,-1,1308,1307,1309,-1,1308,1309,1310,-1,1310,1309,1311,-1,1310,1311,1312,-1,1312,1311,1313,-1,1314,1312,1315,-1,1315,1312,1313,-1,1314,1315,1316,-1,1316,1315,1317,-1,1316,1317,1318,-1,1318,1317,1319,-1,1318,1319,1320,-1,1320,1319,1321,-1,1320,1321,1322,-1,1322,1321,1323,-1,1322,1323,1324,-1,1324,1323,1325,-1,1324,1325,1326,-1,1326,1325,1327,-1,1328,1326,1329,-1,1329,1326,1327,-1,1330,1328,1331,-1,1331,1328,1329,-1,1332,1330,1333,-1,1333,1330,1331,-1,1334,1332,1335,-1,1335,1332,1333,-1,1336,1334,1337,-1,1337,1334,1335,-1,1338,1336,1339,-1,1339,1336,1337,-1,1340,1338,1341,-1,1341,1338,1339,-1,1342,1340,1343,-1,1343,1340,1341,-1,1344,1342,1345,-1,1345,1342,1343,-1,1346,1344,1347,-1,1347,1344,1345,-1,1348,1346,1349,-1,1349,1346,1347,-1,1350,1348,1351,-1,1351,1348,1349,-1,1352,1350,1353,-1,1353,1350,1351,-1,1354,1352,1355,-1,1355,1352,1353,-1,1356,1354,1357,-1,1357,1354,1355,-1,1358,1356,1359,-1,1359,1356,1357,-1,1360,1358,1361,-1,1361,1358,1359,-1,1362,1360,1363,-1,1363,1360,1361,-1,1364,1362,1365,-1,1365,1362,1363,-1,1366,1364,1367,-1,1367,1364,1365,-1,1255,1366,1257,-1,1257,1366,1367,-1,1334,1336,1332,-1,1332,1336,1338,-1,1332,1338,1330,-1,1360,1362,1358,-1,1358,1362,1364,-1,1255,1254,1366,-1,1366,1254,1258,-1,1350,1352,1348,-1,1348,1352,1354,-1,1348,1354,1346,-1,1346,1354,1342,-1,1346,1342,1344,-1,1320,1322,1340,-1,1300,1302,1366,-1,1366,1302,1304,-1,1322,1324,1340,-1,1340,1324,1326,-1,1340,1326,1338,-1,1338,1326,1328,-1,1338,1328,1330,-1,1312,1314,1364,-1,1364,1314,1316,-1,1364,1316,1318,-1,1354,1356,1342,-1,1342,1356,1358,-1,1342,1358,1340,-1,1340,1358,1364,-1,1340,1364,1320,-1,1320,1364,1318,-1,1304,1306,1366,-1,1366,1306,1308,-1,1366,1308,1364,-1,1364,1308,1310,-1,1364,1310,1312,-1,1269,1271,1288,-1,1288,1271,1272,-1,1290,1292,1258,-1,1258,1292,1294,-1,1258,1294,1366,-1,1366,1294,1296,-1,1366,1296,1300,-1,1300,1296,1298,-1,1290,1258,1288,-1,1288,1258,1261,-1,1288,1261,1263,-1,1263,1265,1288,-1,1288,1265,1267,-1,1288,1267,1269,-1,1275,1277,1272,-1,1272,1277,1279,-1,1272,1279,1281,-1,1286,1288,1285,-1,1285,1288,1272,-1,1285,1272,1283,-1,1283,1272,1281,-1,1333,1331,1335,-1,1335,1331,1329,-1,1259,1256,1367,-1,1367,1256,1257,-1,1260,1259,1270,-1,1363,1361,1365,-1,1365,1361,1359,-1,1351,1349,1353,-1,1353,1349,1355,-1,1337,1335,1339,-1,1339,1335,1329,-1,1339,1329,1341,-1,1341,1329,1327,-1,1327,1325,1341,-1,1341,1325,1323,-1,1341,1323,1321,-1,1301,1299,1297,-1,1349,1347,1355,-1,1355,1347,1345,-1,1355,1345,1343,-1,1321,1365,1341,-1,1341,1365,1359,-1,1341,1359,1343,-1,1343,1359,1357,-1,1343,1357,1355,-1,1321,1319,1365,-1,1365,1319,1317,-1,1365,1317,1315,-1,1307,1305,1367,-1,1367,1305,1303,-1,1367,1303,1301,-1,1315,1313,1365,-1,1365,1313,1311,-1,1365,1311,1367,-1,1367,1311,1309,-1,1367,1309,1307,-1,1301,1297,1367,-1,1367,1297,1295,-1,1367,1295,1259,-1,1259,1295,1293,-1,1259,1293,1291,-1,1291,1289,1259,-1,1259,1289,1287,-1,1259,1287,1284,-1,1259,1278,1276,-1,1266,1264,1262,-1,1284,1282,1259,-1,1259,1282,1280,-1,1259,1280,1278,-1,1276,1274,1259,-1,1259,1274,1273,-1,1259,1273,1270,-1,1260,1270,1262,-1,1262,1270,1268,-1,1262,1268,1266,-1,1368,1369,1370,-1,1370,1369,1371,-1,1372,1368,1373,-1,1373,1368,1370,-1,1372,1373,1374,-1,1372,1374,1375,-1,1375,1374,1376,-1,1375,1376,1377,-1,1377,1376,1378,-1,1377,1378,1379,-1,1379,1378,1380,-1,1379,1380,1381,-1,1381,1380,1382,-1,1381,1382,1383,-1,1383,1382,1384,-1,1383,1384,1385,-1,1386,1385,1387,-1,1387,1385,1384,-1,1386,1387,1388,-1,1386,1388,1389,-1,1389,1388,1390,-1,1389,1390,1391,-1,1391,1390,1392,-1,1391,1392,1393,-1,1393,1392,1394,-1,1393,1394,1395,-1,1395,1394,1396,-1,1395,1396,1397,-1,1397,1396,1398,-1,1397,1398,1399,-1,1400,1399,1401,-1,1401,1399,1398,-1,1400,1401,1402,-1,1402,1401,1403,-1,1402,1403,1404,-1,1404,1403,1405,-1,1404,1405,1406,-1,1406,1405,1407,-1,1406,1407,1408,-1,1408,1407,1409,-1,1408,1409,1410,-1,1410,1409,1411,-1,1410,1411,1412,-1,1412,1411,1413,-1,1414,1412,1415,-1,1415,1412,1413,-1,1414,1415,1416,-1,1416,1415,1417,-1,1416,1417,1418,-1,1418,1417,1419,-1,1418,1419,1420,-1,1420,1419,1421,-1,1420,1421,1422,-1,1422,1421,1423,-1,1422,1423,1424,-1,1424,1423,1425,-1,1424,1425,1426,-1,1426,1425,1427,-1,1428,1426,1429,-1,1429,1426,1427,-1,1428,1429,1430,-1,1430,1429,1431,-1,1430,1431,1432,-1,1432,1431,1433,-1,1432,1433,1434,-1,1434,1433,1435,-1,1434,1435,1436,-1,1436,1435,1437,-1,1436,1437,1438,-1,1438,1437,1439,-1,1438,1439,1440,-1,1440,1439,1441,-1,1442,1440,1443,-1,1443,1440,1441,-1,1444,1442,1445,-1,1445,1442,1443,-1,1446,1444,1447,-1,1447,1444,1445,-1,1448,1446,1449,-1,1449,1446,1447,-1,1450,1448,1451,-1,1451,1448,1449,-1,1452,1450,1453,-1,1453,1450,1451,-1,1454,1452,1455,-1,1455,1452,1453,-1,1456,1454,1457,-1,1457,1454,1455,-1,1458,1456,1459,-1,1459,1456,1457,-1,1460,1458,1461,-1,1461,1458,1459,-1,1462,1460,1463,-1,1463,1460,1461,-1,1464,1462,1465,-1,1465,1462,1463,-1,1466,1464,1467,-1,1467,1464,1465,-1,1468,1466,1469,-1,1469,1466,1467,-1,1470,1468,1471,-1,1471,1468,1469,-1,1472,1470,1473,-1,1473,1470,1471,-1,1474,1472,1475,-1,1475,1472,1473,-1,1476,1474,1477,-1,1477,1474,1475,-1,1478,1476,1479,-1,1479,1476,1477,-1,1480,1478,1481,-1,1481,1478,1479,-1,1369,1480,1371,-1,1371,1480,1481,-1,1448,1450,1446,-1,1446,1450,1452,-1,1446,1452,1444,-1,1474,1476,1472,-1,1472,1476,1478,-1,1369,1368,1480,-1,1480,1368,1372,-1,1464,1466,1462,-1,1462,1466,1468,-1,1462,1468,1460,-1,1460,1468,1456,-1,1460,1456,1458,-1,1434,1436,1454,-1,1414,1416,1480,-1,1480,1416,1418,-1,1436,1438,1454,-1,1454,1438,1440,-1,1454,1440,1452,-1,1452,1440,1442,-1,1452,1442,1444,-1,1426,1428,1478,-1,1478,1428,1430,-1,1478,1430,1432,-1,1468,1470,1456,-1,1456,1470,1472,-1,1456,1472,1454,-1,1454,1472,1478,-1,1454,1478,1434,-1,1434,1478,1432,-1,1418,1420,1480,-1,1480,1420,1422,-1,1480,1422,1478,-1,1478,1422,1424,-1,1478,1424,1426,-1,1383,1385,1402,-1,1402,1385,1386,-1,1404,1406,1372,-1,1372,1406,1408,-1,1372,1408,1480,-1,1480,1408,1410,-1,1480,1410,1414,-1,1414,1410,1412,-1,1404,1372,1402,-1,1402,1372,1375,-1,1402,1375,1377,-1,1377,1379,1402,-1,1402,1379,1381,-1,1402,1381,1383,-1,1389,1391,1386,-1,1386,1391,1393,-1,1386,1393,1395,-1,1400,1402,1399,-1,1399,1402,1386,-1,1399,1386,1397,-1,1397,1386,1395,-1,1447,1445,1449,-1,1449,1445,1443,-1,1373,1370,1481,-1,1481,1370,1371,-1,1374,1373,1384,-1,1477,1475,1479,-1,1479,1475,1473,-1,1465,1463,1467,-1,1467,1463,1469,-1,1451,1449,1453,-1,1453,1449,1443,-1,1453,1443,1455,-1,1455,1443,1441,-1,1441,1439,1455,-1,1455,1439,1437,-1,1455,1437,1435,-1,1415,1413,1411,-1,1463,1461,1469,-1,1469,1461,1459,-1,1469,1459,1457,-1,1435,1479,1455,-1,1455,1479,1473,-1,1455,1473,1457,-1,1457,1473,1471,-1,1457,1471,1469,-1,1435,1433,1479,-1,1479,1433,1431,-1,1479,1431,1429,-1,1421,1419,1481,-1,1481,1419,1417,-1,1481,1417,1415,-1,1429,1427,1479,-1,1479,1427,1425,-1,1479,1425,1481,-1,1481,1425,1423,-1,1481,1423,1421,-1,1415,1411,1481,-1,1481,1411,1409,-1,1481,1409,1373,-1,1373,1409,1407,-1,1373,1407,1405,-1,1405,1403,1373,-1,1373,1403,1401,-1,1373,1401,1398,-1,1373,1392,1390,-1,1380,1378,1376,-1,1398,1396,1373,-1,1373,1396,1394,-1,1373,1394,1392,-1,1390,1388,1373,-1,1373,1388,1387,-1,1373,1387,1384,-1,1374,1384,1376,-1,1376,1384,1382,-1,1376,1382,1380,-1,1482,1483,1484,-1,1484,1483,1485,-1,1486,1482,1487,-1,1487,1482,1484,-1,1486,1487,1488,-1,1486,1488,1489,-1,1489,1488,1490,-1,1489,1490,1491,-1,1491,1490,1492,-1,1491,1492,1493,-1,1493,1492,1494,-1,1493,1494,1495,-1,1495,1494,1496,-1,1495,1496,1497,-1,1497,1496,1498,-1,1497,1498,1499,-1,1500,1499,1501,-1,1501,1499,1498,-1,1500,1501,1502,-1,1500,1502,1503,-1,1503,1502,1504,-1,1503,1504,1505,-1,1505,1504,1506,-1,1505,1506,1507,-1,1507,1506,1508,-1,1507,1508,1509,-1,1509,1508,1510,-1,1509,1510,1511,-1,1511,1510,1512,-1,1511,1512,1513,-1,1514,1513,1515,-1,1515,1513,1512,-1,1514,1515,1516,-1,1516,1515,1517,-1,1516,1517,1518,-1,1518,1517,1519,-1,1518,1519,1520,-1,1520,1519,1521,-1,1520,1521,1522,-1,1522,1521,1523,-1,1522,1523,1524,-1,1524,1523,1525,-1,1524,1525,1526,-1,1526,1525,1527,-1,1528,1526,1529,-1,1529,1526,1527,-1,1528,1529,1530,-1,1530,1529,1531,-1,1530,1531,1532,-1,1532,1531,1533,-1,1532,1533,1534,-1,1534,1533,1535,-1,1534,1535,1536,-1,1536,1535,1537,-1,1536,1537,1538,-1,1538,1537,1539,-1,1538,1539,1540,-1,1540,1539,1541,-1,1542,1540,1543,-1,1543,1540,1541,-1,1542,1543,1544,-1,1544,1543,1545,-1,1544,1545,1546,-1,1546,1545,1547,-1,1546,1547,1548,-1,1548,1547,1549,-1,1548,1549,1550,-1,1550,1549,1551,-1,1550,1551,1552,-1,1552,1551,1553,-1,1552,1553,1554,-1,1554,1553,1555,-1,1556,1554,1557,-1,1557,1554,1555,-1,1558,1556,1559,-1,1559,1556,1557,-1,1560,1558,1561,-1,1561,1558,1559,-1,1562,1560,1563,-1,1563,1560,1561,-1,1564,1562,1565,-1,1565,1562,1563,-1,1566,1564,1567,-1,1567,1564,1565,-1,1568,1566,1569,-1,1569,1566,1567,-1,1570,1568,1571,-1,1571,1568,1569,-1,1572,1570,1573,-1,1573,1570,1571,-1,1574,1572,1575,-1,1575,1572,1573,-1,1576,1574,1577,-1,1577,1574,1575,-1,1578,1576,1579,-1,1579,1576,1577,-1,1580,1578,1581,-1,1581,1578,1579,-1,1582,1580,1583,-1,1583,1580,1581,-1,1584,1582,1585,-1,1585,1582,1583,-1,1586,1584,1587,-1,1587,1584,1585,-1,1588,1586,1589,-1,1589,1586,1587,-1,1590,1588,1591,-1,1591,1588,1589,-1,1592,1590,1593,-1,1593,1590,1591,-1,1594,1592,1595,-1,1595,1592,1593,-1,1483,1594,1485,-1,1485,1594,1595,-1,1562,1564,1560,-1,1560,1564,1566,-1,1560,1566,1558,-1,1588,1590,1586,-1,1586,1590,1592,-1,1483,1482,1594,-1,1594,1482,1486,-1,1578,1580,1576,-1,1576,1580,1582,-1,1576,1582,1574,-1,1574,1582,1570,-1,1574,1570,1572,-1,1548,1550,1568,-1,1528,1530,1594,-1,1594,1530,1532,-1,1550,1552,1568,-1,1568,1552,1554,-1,1568,1554,1566,-1,1566,1554,1556,-1,1566,1556,1558,-1,1540,1542,1592,-1,1592,1542,1544,-1,1592,1544,1546,-1,1582,1584,1570,-1,1570,1584,1586,-1,1570,1586,1568,-1,1568,1586,1592,-1,1568,1592,1548,-1,1548,1592,1546,-1,1532,1534,1594,-1,1594,1534,1536,-1,1594,1536,1592,-1,1592,1536,1538,-1,1592,1538,1540,-1,1497,1499,1516,-1,1516,1499,1500,-1,1518,1520,1486,-1,1486,1520,1522,-1,1486,1522,1594,-1,1594,1522,1524,-1,1594,1524,1528,-1,1528,1524,1526,-1,1518,1486,1516,-1,1516,1486,1489,-1,1516,1489,1491,-1,1491,1493,1516,-1,1516,1493,1495,-1,1516,1495,1497,-1,1503,1505,1500,-1,1500,1505,1507,-1,1500,1507,1509,-1,1514,1516,1513,-1,1513,1516,1500,-1,1513,1500,1511,-1,1511,1500,1509,-1,1561,1559,1563,-1,1563,1559,1557,-1,1487,1484,1595,-1,1595,1484,1485,-1,1488,1487,1498,-1,1591,1589,1593,-1,1593,1589,1587,-1,1579,1577,1581,-1,1581,1577,1583,-1,1565,1563,1567,-1,1567,1563,1557,-1,1567,1557,1569,-1,1569,1557,1555,-1,1555,1553,1569,-1,1569,1553,1551,-1,1569,1551,1549,-1,1529,1527,1525,-1,1577,1575,1583,-1,1583,1575,1573,-1,1583,1573,1571,-1,1549,1593,1569,-1,1569,1593,1587,-1,1569,1587,1571,-1,1571,1587,1585,-1,1571,1585,1583,-1,1549,1547,1593,-1,1593,1547,1545,-1,1593,1545,1543,-1,1535,1533,1595,-1,1595,1533,1531,-1,1595,1531,1529,-1,1543,1541,1593,-1,1593,1541,1539,-1,1593,1539,1595,-1,1595,1539,1537,-1,1595,1537,1535,-1,1529,1525,1595,-1,1595,1525,1523,-1,1595,1523,1487,-1,1487,1523,1521,-1,1487,1521,1519,-1,1519,1517,1487,-1,1487,1517,1515,-1,1487,1515,1512,-1,1487,1506,1504,-1,1494,1492,1490,-1,1512,1510,1487,-1,1487,1510,1508,-1,1487,1508,1506,-1,1504,1502,1487,-1,1487,1502,1501,-1,1487,1501,1498,-1,1488,1498,1490,-1,1490,1498,1496,-1,1490,1496,1494,-1,1596,1597,1598,-1,1598,1597,1599,-1,1600,1596,1601,-1,1601,1596,1598,-1,1600,1601,1602,-1,1600,1602,1603,-1,1603,1602,1604,-1,1603,1604,1605,-1,1605,1604,1606,-1,1605,1606,1607,-1,1607,1606,1608,-1,1607,1608,1609,-1,1609,1608,1610,-1,1609,1610,1611,-1,1611,1610,1612,-1,1611,1612,1613,-1,1614,1613,1615,-1,1615,1613,1612,-1,1614,1615,1616,-1,1614,1616,1617,-1,1617,1616,1618,-1,1617,1618,1619,-1,1619,1618,1620,-1,1619,1620,1621,-1,1621,1620,1622,-1,1621,1622,1623,-1,1623,1622,1624,-1,1623,1624,1625,-1,1625,1624,1626,-1,1625,1626,1627,-1,1628,1627,1629,-1,1629,1627,1626,-1,1628,1629,1630,-1,1630,1629,1631,-1,1630,1631,1632,-1,1632,1631,1633,-1,1632,1633,1634,-1,1634,1633,1635,-1,1634,1635,1636,-1,1636,1635,1637,-1,1636,1637,1638,-1,1638,1637,1639,-1,1638,1639,1640,-1,1640,1639,1641,-1,1642,1640,1643,-1,1643,1640,1641,-1,1642,1643,1644,-1,1644,1643,1645,-1,1644,1645,1646,-1,1646,1645,1647,-1,1646,1647,1648,-1,1648,1647,1649,-1,1648,1649,1650,-1,1650,1649,1651,-1,1650,1651,1652,-1,1652,1651,1653,-1,1652,1653,1654,-1,1654,1653,1655,-1,1656,1654,1657,-1,1657,1654,1655,-1,1656,1657,1658,-1,1658,1657,1659,-1,1658,1659,1660,-1,1660,1659,1661,-1,1660,1661,1662,-1,1662,1661,1663,-1,1662,1663,1664,-1,1664,1663,1665,-1,1664,1665,1666,-1,1666,1665,1667,-1,1666,1667,1668,-1,1668,1667,1669,-1,1670,1668,1671,-1,1671,1668,1669,-1,1672,1670,1673,-1,1673,1670,1671,-1,1674,1672,1675,-1,1675,1672,1673,-1,1676,1674,1677,-1,1677,1674,1675,-1,1678,1676,1679,-1,1679,1676,1677,-1,1680,1678,1681,-1,1681,1678,1679,-1,1682,1680,1683,-1,1683,1680,1681,-1,1684,1682,1685,-1,1685,1682,1683,-1,1686,1684,1687,-1,1687,1684,1685,-1,1688,1686,1689,-1,1689,1686,1687,-1,1690,1688,1691,-1,1691,1688,1689,-1,1692,1690,1693,-1,1693,1690,1691,-1,1694,1692,1695,-1,1695,1692,1693,-1,1696,1694,1697,-1,1697,1694,1695,-1,1698,1696,1699,-1,1699,1696,1697,-1,1700,1698,1701,-1,1701,1698,1699,-1,1702,1700,1703,-1,1703,1700,1701,-1,1704,1702,1705,-1,1705,1702,1703,-1,1706,1704,1707,-1,1707,1704,1705,-1,1708,1706,1709,-1,1709,1706,1707,-1,1597,1708,1599,-1,1599,1708,1709,-1,1676,1678,1674,-1,1674,1678,1680,-1,1674,1680,1672,-1,1702,1704,1700,-1,1700,1704,1706,-1,1597,1596,1708,-1,1708,1596,1600,-1,1692,1694,1690,-1,1690,1694,1696,-1,1690,1696,1688,-1,1688,1696,1684,-1,1688,1684,1686,-1,1662,1664,1682,-1,1642,1644,1708,-1,1708,1644,1646,-1,1664,1666,1682,-1,1682,1666,1668,-1,1682,1668,1680,-1,1680,1668,1670,-1,1680,1670,1672,-1,1654,1656,1706,-1,1706,1656,1658,-1,1706,1658,1660,-1,1696,1698,1684,-1,1684,1698,1700,-1,1684,1700,1682,-1,1682,1700,1706,-1,1682,1706,1662,-1,1662,1706,1660,-1,1646,1648,1708,-1,1708,1648,1650,-1,1708,1650,1706,-1,1706,1650,1652,-1,1706,1652,1654,-1,1611,1613,1630,-1,1630,1613,1614,-1,1632,1634,1600,-1,1600,1634,1636,-1,1600,1636,1708,-1,1708,1636,1638,-1,1708,1638,1642,-1,1642,1638,1640,-1,1632,1600,1630,-1,1630,1600,1603,-1,1630,1603,1605,-1,1605,1607,1630,-1,1630,1607,1609,-1,1630,1609,1611,-1,1617,1619,1614,-1,1614,1619,1621,-1,1614,1621,1623,-1,1628,1630,1627,-1,1627,1630,1614,-1,1627,1614,1625,-1,1625,1614,1623,-1,1675,1673,1677,-1,1677,1673,1671,-1,1601,1598,1709,-1,1709,1598,1599,-1,1602,1601,1612,-1,1705,1703,1707,-1,1707,1703,1701,-1,1693,1691,1695,-1,1695,1691,1697,-1,1679,1677,1681,-1,1681,1677,1671,-1,1681,1671,1683,-1,1683,1671,1669,-1,1669,1667,1683,-1,1683,1667,1665,-1,1683,1665,1663,-1,1643,1641,1639,-1,1691,1689,1697,-1,1697,1689,1687,-1,1697,1687,1685,-1,1663,1707,1683,-1,1683,1707,1701,-1,1683,1701,1685,-1,1685,1701,1699,-1,1685,1699,1697,-1,1663,1661,1707,-1,1707,1661,1659,-1,1707,1659,1657,-1,1649,1647,1709,-1,1709,1647,1645,-1,1709,1645,1643,-1,1657,1655,1707,-1,1707,1655,1653,-1,1707,1653,1709,-1,1709,1653,1651,-1,1709,1651,1649,-1,1643,1639,1709,-1,1709,1639,1637,-1,1709,1637,1601,-1,1601,1637,1635,-1,1601,1635,1633,-1,1633,1631,1601,-1,1601,1631,1629,-1,1601,1629,1626,-1,1601,1620,1618,-1,1608,1606,1604,-1,1626,1624,1601,-1,1601,1624,1622,-1,1601,1622,1620,-1,1618,1616,1601,-1,1601,1616,1615,-1,1601,1615,1612,-1,1602,1612,1604,-1,1604,1612,1610,-1,1604,1610,1608,-1,1710,1711,1712,-1,1712,1711,1713,-1,1714,1710,1715,-1,1715,1710,1712,-1,1714,1715,1716,-1,1714,1716,1717,-1,1717,1716,1718,-1,1717,1718,1719,-1,1719,1718,1720,-1,1719,1720,1721,-1,1721,1720,1722,-1,1721,1722,1723,-1,1723,1722,1724,-1,1723,1724,1725,-1,1725,1724,1726,-1,1725,1726,1727,-1,1728,1727,1729,-1,1729,1727,1726,-1,1728,1729,1730,-1,1728,1730,1731,-1,1731,1730,1732,-1,1731,1732,1733,-1,1733,1732,1734,-1,1733,1734,1735,-1,1735,1734,1736,-1,1735,1736,1737,-1,1737,1736,1738,-1,1737,1738,1739,-1,1739,1738,1740,-1,1739,1740,1741,-1,1742,1741,1743,-1,1743,1741,1740,-1,1742,1743,1744,-1,1744,1743,1745,-1,1744,1745,1746,-1,1746,1745,1747,-1,1746,1747,1748,-1,1748,1747,1749,-1,1748,1749,1750,-1,1750,1749,1751,-1,1750,1751,1752,-1,1752,1751,1753,-1,1752,1753,1754,-1,1754,1753,1755,-1,1756,1754,1757,-1,1757,1754,1755,-1,1756,1757,1758,-1,1758,1757,1759,-1,1758,1759,1760,-1,1760,1759,1761,-1,1760,1761,1762,-1,1762,1761,1763,-1,1762,1763,1764,-1,1764,1763,1765,-1,1764,1765,1766,-1,1766,1765,1767,-1,1766,1767,1768,-1,1768,1767,1769,-1,1770,1768,1771,-1,1771,1768,1769,-1,1770,1771,1772,-1,1772,1771,1773,-1,1772,1773,1774,-1,1774,1773,1775,-1,1774,1775,1776,-1,1776,1775,1777,-1,1776,1777,1778,-1,1778,1777,1779,-1,1778,1779,1780,-1,1780,1779,1781,-1,1780,1781,1782,-1,1782,1781,1783,-1,1784,1782,1785,-1,1785,1782,1783,-1,1786,1784,1787,-1,1787,1784,1785,-1,1788,1786,1789,-1,1789,1786,1787,-1,1790,1788,1791,-1,1791,1788,1789,-1,1792,1790,1793,-1,1793,1790,1791,-1,1794,1792,1795,-1,1795,1792,1793,-1,1796,1794,1797,-1,1797,1794,1795,-1,1798,1796,1799,-1,1799,1796,1797,-1,1800,1798,1801,-1,1801,1798,1799,-1,1802,1800,1803,-1,1803,1800,1801,-1,1804,1802,1805,-1,1805,1802,1803,-1,1806,1804,1807,-1,1807,1804,1805,-1,1808,1806,1809,-1,1809,1806,1807,-1,1810,1808,1811,-1,1811,1808,1809,-1,1812,1810,1813,-1,1813,1810,1811,-1,1814,1812,1815,-1,1815,1812,1813,-1,1816,1814,1817,-1,1817,1814,1815,-1,1818,1816,1819,-1,1819,1816,1817,-1,1820,1818,1821,-1,1821,1818,1819,-1,1822,1820,1823,-1,1823,1820,1821,-1,1711,1822,1713,-1,1713,1822,1823,-1,1790,1792,1788,-1,1788,1792,1794,-1,1788,1794,1786,-1,1816,1818,1814,-1,1814,1818,1820,-1,1711,1710,1822,-1,1822,1710,1714,-1,1806,1808,1804,-1,1804,1808,1810,-1,1804,1810,1802,-1,1802,1810,1798,-1,1802,1798,1800,-1,1776,1778,1796,-1,1756,1758,1822,-1,1822,1758,1760,-1,1778,1780,1796,-1,1796,1780,1782,-1,1796,1782,1794,-1,1794,1782,1784,-1,1794,1784,1786,-1,1768,1770,1820,-1,1820,1770,1772,-1,1820,1772,1774,-1,1810,1812,1798,-1,1798,1812,1814,-1,1798,1814,1796,-1,1796,1814,1820,-1,1796,1820,1776,-1,1776,1820,1774,-1,1760,1762,1822,-1,1822,1762,1764,-1,1822,1764,1820,-1,1820,1764,1766,-1,1820,1766,1768,-1,1725,1727,1744,-1,1744,1727,1728,-1,1746,1748,1714,-1,1714,1748,1750,-1,1714,1750,1822,-1,1822,1750,1752,-1,1822,1752,1756,-1,1756,1752,1754,-1,1746,1714,1744,-1,1744,1714,1717,-1,1744,1717,1719,-1,1719,1721,1744,-1,1744,1721,1723,-1,1744,1723,1725,-1,1731,1733,1728,-1,1728,1733,1735,-1,1728,1735,1737,-1,1742,1744,1741,-1,1741,1744,1728,-1,1741,1728,1739,-1,1739,1728,1737,-1,1789,1787,1791,-1,1791,1787,1785,-1,1715,1712,1823,-1,1823,1712,1713,-1,1716,1715,1726,-1,1819,1817,1821,-1,1821,1817,1815,-1,1807,1805,1809,-1,1809,1805,1811,-1,1793,1791,1795,-1,1795,1791,1785,-1,1795,1785,1797,-1,1797,1785,1783,-1,1783,1781,1797,-1,1797,1781,1779,-1,1797,1779,1777,-1,1757,1755,1753,-1,1805,1803,1811,-1,1811,1803,1801,-1,1811,1801,1799,-1,1777,1821,1797,-1,1797,1821,1815,-1,1797,1815,1799,-1,1799,1815,1813,-1,1799,1813,1811,-1,1777,1775,1821,-1,1821,1775,1773,-1,1821,1773,1771,-1,1763,1761,1823,-1,1823,1761,1759,-1,1823,1759,1757,-1,1771,1769,1821,-1,1821,1769,1767,-1,1821,1767,1823,-1,1823,1767,1765,-1,1823,1765,1763,-1,1757,1753,1823,-1,1823,1753,1751,-1,1823,1751,1715,-1,1715,1751,1749,-1,1715,1749,1747,-1,1747,1745,1715,-1,1715,1745,1743,-1,1715,1743,1740,-1,1715,1734,1732,-1,1722,1720,1718,-1,1740,1738,1715,-1,1715,1738,1736,-1,1715,1736,1734,-1,1732,1730,1715,-1,1715,1730,1729,-1,1715,1729,1726,-1,1716,1726,1718,-1,1718,1726,1724,-1,1718,1724,1722,-1,1824,1825,1826,-1,1826,1825,1827,-1,1828,1824,1829,-1,1829,1824,1826,-1,1828,1829,1830,-1,1828,1830,1831,-1,1831,1830,1832,-1,1831,1832,1833,-1,1833,1832,1834,-1,1833,1834,1835,-1,1835,1834,1836,-1,1835,1836,1837,-1,1837,1836,1838,-1,1837,1838,1839,-1,1839,1838,1840,-1,1839,1840,1841,-1,1842,1841,1843,-1,1843,1841,1840,-1,1842,1843,1844,-1,1842,1844,1845,-1,1845,1844,1846,-1,1845,1846,1847,-1,1847,1846,1848,-1,1847,1848,1849,-1,1849,1848,1850,-1,1849,1850,1851,-1,1851,1850,1852,-1,1851,1852,1853,-1,1853,1852,1854,-1,1853,1854,1855,-1,1856,1855,1857,-1,1857,1855,1854,-1,1856,1857,1858,-1,1858,1857,1859,-1,1858,1859,1860,-1,1860,1859,1861,-1,1860,1861,1862,-1,1862,1861,1863,-1,1862,1863,1864,-1,1864,1863,1865,-1,1864,1865,1866,-1,1866,1865,1867,-1,1866,1867,1868,-1,1868,1867,1869,-1,1870,1868,1871,-1,1871,1868,1869,-1,1870,1871,1872,-1,1872,1871,1873,-1,1872,1873,1874,-1,1874,1873,1875,-1,1874,1875,1876,-1,1876,1875,1877,-1,1876,1877,1878,-1,1878,1877,1879,-1,1878,1879,1880,-1,1880,1879,1881,-1,1880,1881,1882,-1,1882,1881,1883,-1,1884,1882,1885,-1,1885,1882,1883,-1,1884,1885,1886,-1,1886,1885,1887,-1,1886,1887,1888,-1,1888,1887,1889,-1,1888,1889,1890,-1,1890,1889,1891,-1,1890,1891,1892,-1,1892,1891,1893,-1,1892,1893,1894,-1,1894,1893,1895,-1,1894,1895,1896,-1,1896,1895,1897,-1,1898,1896,1899,-1,1899,1896,1897,-1,1900,1898,1901,-1,1901,1898,1899,-1,1902,1900,1903,-1,1903,1900,1901,-1,1904,1902,1905,-1,1905,1902,1903,-1,1906,1904,1907,-1,1907,1904,1905,-1,1908,1906,1909,-1,1909,1906,1907,-1,1910,1908,1911,-1,1911,1908,1909,-1,1912,1910,1913,-1,1913,1910,1911,-1,1914,1912,1915,-1,1915,1912,1913,-1,1916,1914,1917,-1,1917,1914,1915,-1,1918,1916,1919,-1,1919,1916,1917,-1,1920,1918,1921,-1,1921,1918,1919,-1,1922,1920,1923,-1,1923,1920,1921,-1,1924,1922,1925,-1,1925,1922,1923,-1,1926,1924,1927,-1,1927,1924,1925,-1,1928,1926,1929,-1,1929,1926,1927,-1,1930,1928,1931,-1,1931,1928,1929,-1,1932,1930,1933,-1,1933,1930,1931,-1,1934,1932,1935,-1,1935,1932,1933,-1,1936,1934,1937,-1,1937,1934,1935,-1,1825,1936,1827,-1,1827,1936,1937,-1,1904,1906,1902,-1,1902,1906,1908,-1,1902,1908,1900,-1,1930,1932,1928,-1,1928,1932,1934,-1,1825,1824,1936,-1,1936,1824,1828,-1,1920,1922,1918,-1,1918,1922,1924,-1,1918,1924,1916,-1,1916,1924,1912,-1,1916,1912,1914,-1,1890,1892,1910,-1,1870,1872,1936,-1,1936,1872,1874,-1,1892,1894,1910,-1,1910,1894,1896,-1,1910,1896,1908,-1,1908,1896,1898,-1,1908,1898,1900,-1,1882,1884,1934,-1,1934,1884,1886,-1,1934,1886,1888,-1,1924,1926,1912,-1,1912,1926,1928,-1,1912,1928,1910,-1,1910,1928,1934,-1,1910,1934,1890,-1,1890,1934,1888,-1,1874,1876,1936,-1,1936,1876,1878,-1,1936,1878,1934,-1,1934,1878,1880,-1,1934,1880,1882,-1,1839,1841,1858,-1,1858,1841,1842,-1,1860,1862,1828,-1,1828,1862,1864,-1,1828,1864,1936,-1,1936,1864,1866,-1,1936,1866,1870,-1,1870,1866,1868,-1,1860,1828,1858,-1,1858,1828,1831,-1,1858,1831,1833,-1,1833,1835,1858,-1,1858,1835,1837,-1,1858,1837,1839,-1,1845,1847,1842,-1,1842,1847,1849,-1,1842,1849,1851,-1,1856,1858,1855,-1,1855,1858,1842,-1,1855,1842,1853,-1,1853,1842,1851,-1,1903,1901,1905,-1,1905,1901,1899,-1,1829,1826,1937,-1,1937,1826,1827,-1,1830,1829,1840,-1,1933,1931,1935,-1,1935,1931,1929,-1,1921,1919,1923,-1,1923,1919,1925,-1,1907,1905,1909,-1,1909,1905,1899,-1,1909,1899,1911,-1,1911,1899,1897,-1,1897,1895,1911,-1,1911,1895,1893,-1,1911,1893,1891,-1,1871,1869,1867,-1,1919,1917,1925,-1,1925,1917,1915,-1,1925,1915,1913,-1,1891,1935,1911,-1,1911,1935,1929,-1,1911,1929,1913,-1,1913,1929,1927,-1,1913,1927,1925,-1,1891,1889,1935,-1,1935,1889,1887,-1,1935,1887,1885,-1,1877,1875,1937,-1,1937,1875,1873,-1,1937,1873,1871,-1,1885,1883,1935,-1,1935,1883,1881,-1,1935,1881,1937,-1,1937,1881,1879,-1,1937,1879,1877,-1,1871,1867,1937,-1,1937,1867,1865,-1,1937,1865,1829,-1,1829,1865,1863,-1,1829,1863,1861,-1,1861,1859,1829,-1,1829,1859,1857,-1,1829,1857,1854,-1,1829,1848,1846,-1,1836,1834,1832,-1,1854,1852,1829,-1,1829,1852,1850,-1,1829,1850,1848,-1,1846,1844,1829,-1,1829,1844,1843,-1,1829,1843,1840,-1,1830,1840,1832,-1,1832,1840,1838,-1,1832,1838,1836,-1,1938,1939,1940,-1,1940,1939,1941,-1,1942,1938,1943,-1,1943,1938,1940,-1,1942,1943,1944,-1,1942,1944,1945,-1,1945,1944,1946,-1,1945,1946,1947,-1,1947,1946,1948,-1,1947,1948,1949,-1,1949,1948,1950,-1,1949,1950,1951,-1,1951,1950,1952,-1,1951,1952,1953,-1,1953,1952,1954,-1,1953,1954,1955,-1,1956,1955,1957,-1,1957,1955,1954,-1,1956,1957,1958,-1,1956,1958,1959,-1,1959,1958,1960,-1,1959,1960,1961,-1,1961,1960,1962,-1,1961,1962,1963,-1,1963,1962,1964,-1,1963,1964,1965,-1,1965,1964,1966,-1,1965,1966,1967,-1,1967,1966,1968,-1,1967,1968,1969,-1,1970,1969,1971,-1,1971,1969,1968,-1,1970,1971,1972,-1,1972,1971,1973,-1,1972,1973,1974,-1,1974,1973,1975,-1,1974,1975,1976,-1,1976,1975,1977,-1,1976,1977,1978,-1,1978,1977,1979,-1,1978,1979,1980,-1,1980,1979,1981,-1,1980,1981,1982,-1,1982,1981,1983,-1,1984,1982,1985,-1,1985,1982,1983,-1,1984,1985,1986,-1,1986,1985,1987,-1,1986,1987,1988,-1,1988,1987,1989,-1,1988,1989,1990,-1,1990,1989,1991,-1,1990,1991,1992,-1,1992,1991,1993,-1,1992,1993,1994,-1,1994,1993,1995,-1,1994,1995,1996,-1,1996,1995,1997,-1,1998,1996,1999,-1,1999,1996,1997,-1,1998,1999,2000,-1,2000,1999,2001,-1,2000,2001,2002,-1,2002,2001,2003,-1,2002,2003,2004,-1,2004,2003,2005,-1,2004,2005,2006,-1,2006,2005,2007,-1,2006,2007,2008,-1,2008,2007,2009,-1,2008,2009,2010,-1,2010,2009,2011,-1,2012,2010,2013,-1,2013,2010,2011,-1,2014,2012,2015,-1,2015,2012,2013,-1,2016,2014,2017,-1,2017,2014,2015,-1,2018,2016,2019,-1,2019,2016,2017,-1,2020,2018,2021,-1,2021,2018,2019,-1,2022,2020,2023,-1,2023,2020,2021,-1,2024,2022,2025,-1,2025,2022,2023,-1,2026,2024,2027,-1,2027,2024,2025,-1,2028,2026,2029,-1,2029,2026,2027,-1,2030,2028,2031,-1,2031,2028,2029,-1,2032,2030,2033,-1,2033,2030,2031,-1,2034,2032,2035,-1,2035,2032,2033,-1,2036,2034,2037,-1,2037,2034,2035,-1,2038,2036,2039,-1,2039,2036,2037,-1,2040,2038,2041,-1,2041,2038,2039,-1,2042,2040,2043,-1,2043,2040,2041,-1,2044,2042,2045,-1,2045,2042,2043,-1,2046,2044,2047,-1,2047,2044,2045,-1,2048,2046,2049,-1,2049,2046,2047,-1,2050,2048,2051,-1,2051,2048,2049,-1,1939,2050,1941,-1,1941,2050,2051,-1,2018,2020,2016,-1,2016,2020,2022,-1,2016,2022,2014,-1,2044,2046,2042,-1,2042,2046,2048,-1,1939,1938,2050,-1,2050,1938,1942,-1,2034,2036,2032,-1,2032,2036,2038,-1,2032,2038,2030,-1,2030,2038,2026,-1,2030,2026,2028,-1,2004,2006,2024,-1,1984,1986,2050,-1,2050,1986,1988,-1,2006,2008,2024,-1,2024,2008,2010,-1,2024,2010,2022,-1,2022,2010,2012,-1,2022,2012,2014,-1,1996,1998,2048,-1,2048,1998,2000,-1,2048,2000,2002,-1,2038,2040,2026,-1,2026,2040,2042,-1,2026,2042,2024,-1,2024,2042,2048,-1,2024,2048,2004,-1,2004,2048,2002,-1,1988,1990,2050,-1,2050,1990,1992,-1,2050,1992,2048,-1,2048,1992,1994,-1,2048,1994,1996,-1,1953,1955,1972,-1,1972,1955,1956,-1,1974,1976,1942,-1,1942,1976,1978,-1,1942,1978,2050,-1,2050,1978,1980,-1,2050,1980,1984,-1,1984,1980,1982,-1,1974,1942,1972,-1,1972,1942,1945,-1,1972,1945,1947,-1,1947,1949,1972,-1,1972,1949,1951,-1,1972,1951,1953,-1,1959,1961,1956,-1,1956,1961,1963,-1,1956,1963,1965,-1,1970,1972,1969,-1,1969,1972,1956,-1,1969,1956,1967,-1,1967,1956,1965,-1,2017,2015,2019,-1,2019,2015,2013,-1,1943,1940,2051,-1,2051,1940,1941,-1,1944,1943,1954,-1,2047,2045,2049,-1,2049,2045,2043,-1,2035,2033,2037,-1,2037,2033,2039,-1,2021,2019,2023,-1,2023,2019,2013,-1,2023,2013,2025,-1,2025,2013,2011,-1,2011,2009,2025,-1,2025,2009,2007,-1,2025,2007,2005,-1,1985,1983,1981,-1,2033,2031,2039,-1,2039,2031,2029,-1,2039,2029,2027,-1,2005,2049,2025,-1,2025,2049,2043,-1,2025,2043,2027,-1,2027,2043,2041,-1,2027,2041,2039,-1,2005,2003,2049,-1,2049,2003,2001,-1,2049,2001,1999,-1,1991,1989,2051,-1,2051,1989,1987,-1,2051,1987,1985,-1,1999,1997,2049,-1,2049,1997,1995,-1,2049,1995,2051,-1,2051,1995,1993,-1,2051,1993,1991,-1,1985,1981,2051,-1,2051,1981,1979,-1,2051,1979,1943,-1,1943,1979,1977,-1,1943,1977,1975,-1,1975,1973,1943,-1,1943,1973,1971,-1,1943,1971,1968,-1,1943,1962,1960,-1,1950,1948,1946,-1,1968,1966,1943,-1,1943,1966,1964,-1,1943,1964,1962,-1,1960,1958,1943,-1,1943,1958,1957,-1,1943,1957,1954,-1,1944,1954,1946,-1,1946,1954,1952,-1,1946,1952,1950,-1,2052,2053,2054,-1,2054,2053,2055,-1,2056,2052,2057,-1,2057,2052,2054,-1,2056,2057,2058,-1,2056,2058,2059,-1,2059,2058,2060,-1,2059,2060,2061,-1,2061,2060,2062,-1,2061,2062,2063,-1,2063,2062,2064,-1,2063,2064,2065,-1,2065,2064,2066,-1,2065,2066,2067,-1,2067,2066,2068,-1,2067,2068,2069,-1,2070,2069,2071,-1,2071,2069,2068,-1,2070,2071,2072,-1,2070,2072,2073,-1,2073,2072,2074,-1,2073,2074,2075,-1,2075,2074,2076,-1,2075,2076,2077,-1,2077,2076,2078,-1,2077,2078,2079,-1,2079,2078,2080,-1,2079,2080,2081,-1,2081,2080,2082,-1,2081,2082,2083,-1,2084,2083,2085,-1,2085,2083,2082,-1,2084,2085,2086,-1,2086,2085,2087,-1,2086,2087,2088,-1,2088,2087,2089,-1,2088,2089,2090,-1,2090,2089,2091,-1,2090,2091,2092,-1,2092,2091,2093,-1,2092,2093,2094,-1,2094,2093,2095,-1,2094,2095,2096,-1,2096,2095,2097,-1,2098,2096,2099,-1,2099,2096,2097,-1,2098,2099,2100,-1,2100,2099,2101,-1,2100,2101,2102,-1,2102,2101,2103,-1,2102,2103,2104,-1,2104,2103,2105,-1,2104,2105,2106,-1,2106,2105,2107,-1,2106,2107,2108,-1,2108,2107,2109,-1,2108,2109,2110,-1,2110,2109,2111,-1,2112,2110,2113,-1,2113,2110,2111,-1,2112,2113,2114,-1,2114,2113,2115,-1,2114,2115,2116,-1,2116,2115,2117,-1,2116,2117,2118,-1,2118,2117,2119,-1,2118,2119,2120,-1,2120,2119,2121,-1,2120,2121,2122,-1,2122,2121,2123,-1,2122,2123,2124,-1,2124,2123,2125,-1,2126,2124,2127,-1,2127,2124,2125,-1,2128,2126,2129,-1,2129,2126,2127,-1,2130,2128,2131,-1,2131,2128,2129,-1,2132,2130,2133,-1,2133,2130,2131,-1,2134,2132,2135,-1,2135,2132,2133,-1,2136,2134,2137,-1,2137,2134,2135,-1,2138,2136,2139,-1,2139,2136,2137,-1,2140,2138,2141,-1,2141,2138,2139,-1,2142,2140,2143,-1,2143,2140,2141,-1,2144,2142,2145,-1,2145,2142,2143,-1,2146,2144,2147,-1,2147,2144,2145,-1,2148,2146,2149,-1,2149,2146,2147,-1,2150,2148,2151,-1,2151,2148,2149,-1,2152,2150,2153,-1,2153,2150,2151,-1,2154,2152,2155,-1,2155,2152,2153,-1,2156,2154,2157,-1,2157,2154,2155,-1,2158,2156,2159,-1,2159,2156,2157,-1,2160,2158,2161,-1,2161,2158,2159,-1,2162,2160,2163,-1,2163,2160,2161,-1,2164,2162,2165,-1,2165,2162,2163,-1,2053,2164,2055,-1,2055,2164,2165,-1,2132,2134,2130,-1,2130,2134,2136,-1,2130,2136,2128,-1,2158,2160,2156,-1,2156,2160,2162,-1,2053,2052,2164,-1,2164,2052,2056,-1,2148,2150,2146,-1,2146,2150,2152,-1,2146,2152,2144,-1,2144,2152,2140,-1,2144,2140,2142,-1,2118,2120,2138,-1,2098,2100,2164,-1,2164,2100,2102,-1,2120,2122,2138,-1,2138,2122,2124,-1,2138,2124,2136,-1,2136,2124,2126,-1,2136,2126,2128,-1,2110,2112,2162,-1,2162,2112,2114,-1,2162,2114,2116,-1,2152,2154,2140,-1,2140,2154,2156,-1,2140,2156,2138,-1,2138,2156,2162,-1,2138,2162,2118,-1,2118,2162,2116,-1,2102,2104,2164,-1,2164,2104,2106,-1,2164,2106,2162,-1,2162,2106,2108,-1,2162,2108,2110,-1,2067,2069,2086,-1,2086,2069,2070,-1,2088,2090,2056,-1,2056,2090,2092,-1,2056,2092,2164,-1,2164,2092,2094,-1,2164,2094,2098,-1,2098,2094,2096,-1,2088,2056,2086,-1,2086,2056,2059,-1,2086,2059,2061,-1,2061,2063,2086,-1,2086,2063,2065,-1,2086,2065,2067,-1,2073,2075,2070,-1,2070,2075,2077,-1,2070,2077,2079,-1,2084,2086,2083,-1,2083,2086,2070,-1,2083,2070,2081,-1,2081,2070,2079,-1,2131,2129,2133,-1,2133,2129,2127,-1,2057,2054,2165,-1,2165,2054,2055,-1,2058,2057,2068,-1,2161,2159,2163,-1,2163,2159,2157,-1,2149,2147,2151,-1,2151,2147,2153,-1,2135,2133,2137,-1,2137,2133,2127,-1,2137,2127,2139,-1,2139,2127,2125,-1,2125,2123,2139,-1,2139,2123,2121,-1,2139,2121,2119,-1,2099,2097,2095,-1,2147,2145,2153,-1,2153,2145,2143,-1,2153,2143,2141,-1,2119,2163,2139,-1,2139,2163,2157,-1,2139,2157,2141,-1,2141,2157,2155,-1,2141,2155,2153,-1,2119,2117,2163,-1,2163,2117,2115,-1,2163,2115,2113,-1,2105,2103,2165,-1,2165,2103,2101,-1,2165,2101,2099,-1,2113,2111,2163,-1,2163,2111,2109,-1,2163,2109,2165,-1,2165,2109,2107,-1,2165,2107,2105,-1,2099,2095,2165,-1,2165,2095,2093,-1,2165,2093,2057,-1,2057,2093,2091,-1,2057,2091,2089,-1,2089,2087,2057,-1,2057,2087,2085,-1,2057,2085,2082,-1,2057,2076,2074,-1,2064,2062,2060,-1,2082,2080,2057,-1,2057,2080,2078,-1,2057,2078,2076,-1,2074,2072,2057,-1,2057,2072,2071,-1,2057,2071,2068,-1,2058,2068,2060,-1,2060,2068,2066,-1,2060,2066,2064,-1,
        ]
    }
}
Shape{
    appearance Appearance {
        material  Material 	{
            diffuseColor 0.10980392156862745 0.10980392156862745 0.10980392156862745
            specularColor 0.00784313725490196 0.00784313725490196 0.00784313725490196
            ambientIntensity 0.1569
            transparency 0.0
            shininess 0.5
        }
    }
    geometry IndexedFaceSet {
        ccw TRUE
        solid FALSE
        coord DEF co Coordinate {
            point [
                2.2047 -1.5237 0.3528, 2.6772 -1.5237 0.3528, 2.2047 -1.5237 0.6284, 2.6772 -1.5237 0.7874, -2.2047 -1.5237 0.6284, -2.6772 -1.5237 0.7874, -2.2047 -1.5237 0.3528, -2.6772 -1.5237 0.3528, 2.4606 -1.252 0.7874, 2.6772 -1.252 0.7874, -2.6772 -1.252 0.7874, -2.4606 -1.252 0.7874, -2.4606 -0.9331 0.7874, 2.4606 -0.9331 0.7874, -2.4606 -0.6953 0.5496, 2.4606 -0.6953 0.5496, -2.4606 -0.5596 0.5496, 2.4606 -0.5596 0.5496, -2.4606 -0.5596 0.3528, 2.4606 -0.5596 0.3528, -2.126 -1.13 0.3528, -2.126 -1.4449 0.3528, 2.4606 -1.252 0.3528, 2.6772 -1.252 0.3528, 2.126 -1.4449 0.3528, 2.126 -1.13 0.3528, -2.6772 -1.252 0.3528, -2.4606 -1.252 0.3528, 2.126 -1.4449 0.5496, 2.126 -1.13 0.5496, -2.126 -1.4449 0.5496, -2.126 -1.13 0.5496
            ]
        }
        coordIndex [
            0,1,2,-1,2,1,3,-1,2,3,4,-1,4,3,5,-1,4,5,6,-1,6,5,7,-1,5,3,8,-1,8,3,9,-1,10,5,11,-1,11,5,8,-1,11,8,12,-1,12,8,13,-1,14,12,15,-1,15,12,13,-1,16,14,17,-1,17,14,15,-1,18,16,19,-1,19,16,17,-1,20,21,6,-1,22,23,1,-1,1,0,22,-1,22,0,24,-1,22,24,25,-1,7,26,6,-1,6,26,27,-1,6,27,20,-1,20,27,18,-1,20,18,25,-1,25,18,19,-1,25,19,22,-1,11,27,10,-1,10,27,26,-1,10,26,5,-1,5,26,7,-1,16,18,14,-1,14,18,27,-1,14,27,12,-1,12,27,11,-1,9,3,23,-1,23,3,1,-1,8,9,22,-1,22,9,23,-1,13,8,15,-1,15,8,22,-1,15,22,17,-1,17,22,19,-1,28,29,24,-1,24,29,25,-1,21,20,30,-1,30,20,31,-1,30,31,28,-1,28,31,29,-1,31,20,29,-1,29,20,25,-1,30,4,21,-1,21,4,6,-1,28,2,30,-1,30,2,4,-1,2,28,0,-1,0,28,24,-1,
        ]
    }
}