ISO-10303-21;
HEADER;
FILE_DESCRIPTION (( 'STEP AP214' ),
    '1' );
FILE_NAME ('об©г.STEP',
    '2026-08-13T05:32:21',
    ( '' ),
    ( '' ),
    'SwSTEP 2.0',
    'SolidWorks 2025',
    '' );
FILE_SCHEMA (( 'AUTOMOTIVE_DESIGN' ));
ENDSEC;

DATA;
#1 = ORIENTED_EDGE ( 'NONE', *, *, #2726, .F. ) ;
#2 = AXIS2_PLACEMENT_3D ( 'NONE', #3255, #2135, #3233 ) ;
#3 = VERTEX_POINT ( 'NONE', #2617 ) ;
#4 = CARTESIAN_POINT ( 'NONE',  ( 103.4000000000000057, -33.50000000000000000, -8.490000000000000213 ) ) ;
#5 = CARTESIAN_POINT ( 'NONE',  ( 98.40000000000001990, -134.5700000000000500, 28.11000000000000298 ) ) ;
#6 = DIRECTION ( 'NONE',  ( -1.000000000000000000, 0.000000000000000000, 0.000000000000000000 ) ) ;
#7 = CARTESIAN_POINT ( 'NONE',  ( 103.4000000000000057, -36.00000000000000711, 28.11000000000000298 ) ) ;
#8 = DIRECTION ( 'NONE',  ( -0.000000000000000000, -0.000000000000000000, -1.000000000000000000 ) ) ;
#9 = ADVANCED_FACE ( 'NONE', ( #1200 ), #3498, .T. ) ;
#10 = EDGE_LOOP ( 'NONE', ( #3435, #184, #3411, #1968 ) ) ;
#11 = ORIENTED_EDGE ( 'NONE', *, *, #1093, .T. ) ;
#12 = CARTESIAN_POINT ( 'NONE',  ( 191.4699999999999989, -130.6000000000000227, 26.51000000000000156 ) ) ;
#13 = DIRECTION ( 'NONE',  ( -1.000000000000000000, -0.000000000000000000, -0.000000000000000000 ) ) ;
#14 = CARTESIAN_POINT ( 'NONE',  ( 188.0000000000000000, -35.50000000000000711, 26.51000000000000156 ) ) ;
#15 = AXIS2_PLACEMENT_3D ( 'NONE', #1276, #3706, #230 ) ;
#16 = ORIENTED_EDGE ( 'NONE', *, *, #4422, .T. ) ;
#17 = AXIS2_PLACEMENT_3D ( 'NONE', #4160, #4097, #1106 ) ;
#18 = ORIENTED_EDGE ( 'NONE', *, *, #2081, .F. ) ;
#19 = CARTESIAN_POINT ( 'NONE',  ( 184.6000000000000512, -138.5000000000000000, -8.490000000000000213 ) ) ;
#20 = ORIENTED_EDGE ( 'NONE', *, *, #2336, .F. ) ;
#21 = VERTEX_POINT ( 'NONE', #2948 ) ;
#22 = ADVANCED_FACE ( 'NONE', ( #3264 ), #1153, .T. ) ;
#23 = DIRECTION ( 'NONE',  ( 1.000000000000000000, 0.000000000000000000, 0.000000000000000000 ) ) ;
#24 = CIRCLE ( 'NONE', #3673, 1.299999999999995604 ) ;
#25 = EDGE_CURVE ( 'NONE', #1428, #1100, #3050, .T. ) ;
#26 = AXIS2_PLACEMENT_3D ( 'NONE', #171, #1579, #236 ) ;
#27 = FACE_OUTER_BOUND ( 'NONE', #4394, .T. ) ;
#28 = DIRECTION ( 'NONE',  ( -0.000000000000000000, 0.000000000000000000, -1.000000000000000000 ) ) ;
#29 = CARTESIAN_POINT ( 'NONE',  ( 182.1000000000000512, -136.0000000000000000, 28.11000000000000298 ) ) ;
#30 = DIRECTION ( 'NONE',  ( -0.9396926207859082059, 0.3420201433256694901, 0.000000000000000000 ) ) ;
#31 = ORIENTED_EDGE ( 'NONE', *, *, #3849, .T. ) ;
#32 = ORIENTED_EDGE ( 'NONE', *, *, #3114, .F. ) ;
#33 = DIRECTION ( 'NONE',  ( -0.000000000000000000, -0.000000000000000000, -1.000000000000000000 ) ) ;
#34 = DIRECTION ( 'NONE',  ( -1.000000000000000000, 0.000000000000000000, 0.000000000000000000 ) ) ;
#35 = LINE ( 'NONE', #984, #1566 ) ;
#36 = ADVANCED_FACE ( 'NONE', ( #2218 ), #356, .T. ) ;
#37 = ADVANCED_FACE ( 'NONE', ( #1577 ), #2573, .F. ) ;
#38 = EDGE_LOOP ( 'NONE', ( #3794, #2343, #3753, #4106, #1207, #3816, #2000, #1235, #2232, #2030, #1750, #3495, #526, #3837, #3287, #2145, #3295, #2760, #1387, #2462, #1973, #3685, #1236, #4005 ) ) ;
#39 = VECTOR ( 'NONE', #452, 1000.000000000000000 ) ;
#40 = ORIENTED_EDGE ( 'NONE', *, *, #3652, .T. ) ;
#41 = EDGE_CURVE ( 'NONE', #221, #158, #3650, .T. ) ;
#42 = CARTESIAN_POINT ( 'NONE',  ( 102.5000000000000284, -143.0000000000000284, 23.51000000000000156 ) ) ;
#43 = EDGE_CURVE ( 'NONE', #2045, #2670, #2419, .T. ) ;
#44 = EDGE_LOOP ( 'NONE', ( #1341, #887, #834, #2476 ) ) ;
#45 = ORIENTED_EDGE ( 'NONE', *, *, #1481, .T. ) ;
#46 = CARTESIAN_POINT ( 'NONE',  ( 190.4000000000000057, -60.99999999999999289, 7.760000000000000675 ) ) ;
#47 = DIRECTION ( 'NONE',  ( 0.000000000000000000, 0.000000000000000000, -1.000000000000000000 ) ) ;
#48 = AXIS2_PLACEMENT_3D ( 'NONE', #4294, #3581, #4226 ) ;
#49 = DIRECTION ( 'NONE',  ( -0.000000000000000000, 0.000000000000000000, -1.000000000000000000 ) ) ;
#50 = DIRECTION ( 'NONE',  ( -1.000000000000000000, 0.000000000000000000, 0.000000000000000000 ) ) ;
#51 = CARTESIAN_POINT ( 'NONE',  ( 0.000000000000000000, -141.2000000000000171, 22.85485357832084219 ) ) ;
#52 = FACE_OUTER_BOUND ( 'NONE', #3116, .T. ) ;
#53 = AXIS2_PLACEMENT_3D ( 'NONE', #14, #336, #738 ) ;
#54 = ORIENTED_EDGE ( 'NONE', *, *, #601, .T. ) ;
#55 = ORIENTED_EDGE ( 'NONE', *, *, #4261, .F. ) ;
#56 = DIRECTION ( 'NONE',  ( 0.000000000000000000, 0.000000000000000000, -1.000000000000000000 ) ) ;
#57 = DIRECTION ( 'NONE',  ( -0.000000000000000000, -0.000000000000000000, 1.000000000000000000 ) ) ;
#58 = VECTOR ( 'NONE', #2580, 1000.000000000000000 ) ;
#59 = AXIS2_PLACEMENT_3D ( 'NONE', #4188, #2485, #1870 ) ;
#60 = DIRECTION ( 'NONE',  ( 0.000000000000000000, 0.000000000000000000, 1.000000000000000000 ) ) ;
#61 = CARTESIAN_POINT ( 'NONE',  ( 187.1000000000000227, -135.6000000000000227, -8.490000000000000213 ) ) ;
#62 = VECTOR ( 'NONE', #2826, 1000.000000000000000 ) ;
#63 = ORIENTED_EDGE ( 'NONE', *, *, #2541, .T. ) ;
#64 = AXIS2_PLACEMENT_3D ( 'NONE', #2290, #937, #4053 ) ;
#65 = VERTEX_POINT ( 'NONE', #3310 ) ;
#66 = LINE ( 'NONE', #723, #1607 ) ;
#67 = AXIS2_PLACEMENT_3D ( 'NONE', #29, #3442, #3569 ) ;
#68 = ORIENTED_EDGE ( 'NONE', *, *, #1179, .T. ) ;
#69 = EDGE_LOOP ( 'NONE', ( #3889, #2571 ) ) ;
#70 = LINE ( 'NONE', #3487, #1802 ) ;
#71 = DIRECTION ( 'NONE',  ( -1.000000000000000000, 0.000000000000000000, 0.000000000000000000 ) ) ;
#72 = EDGE_CURVE ( 'NONE', #1168, #3903, #889, .T. ) ;
#73 = CARTESIAN_POINT ( 'NONE',  ( 97.50000000000001421, -143.0000000000000284, 26.51000000000000156 ) ) ;
#74 = CARTESIAN_POINT ( 'NONE',  ( 192.3000000000000114, -110.9999999999999858, 7.759999999999991793 ) ) ;
#75 = VECTOR ( 'NONE', #2667, 1000.000000000000114 ) ;
#76 = LINE ( 'NONE', #1844, #1285 ) ;
#77 = DIRECTION ( 'NONE',  ( -0.000000000000000000, -0.000000000000000000, -1.000000000000000000 ) ) ;
#78 = EDGE_LOOP ( 'NONE', ( #2338, #1713, #971, #2520 ) ) ;
#79 = ORIENTED_EDGE ( 'NONE', *, *, #4060, .T. ) ;
#80 = DIRECTION ( 'NONE',  ( 1.000000000000000000, 0.000000000000000000, 0.000000000000000000 ) ) ;
#81 = FACE_BOUND ( 'NONE', #586, .T. ) ;
#82 = CARTESIAN_POINT ( 'NONE',  ( 192.7000000000000171, -86.00000000000000000, 7.759999999999996234 ) ) ;
#83 = DIRECTION ( 'NONE',  ( -1.000000000000000000, 0.000000000000000000, 0.000000000000000000 ) ) ;
#84 = ORIENTED_EDGE ( 'NONE', *, *, #2407, .T. ) ;
#85 = EDGE_LOOP ( 'NONE', ( #2740, #3039 ) ) ;
#86 = CARTESIAN_POINT ( 'NONE',  ( 94.03000000000000114, -41.40000000000000568, 26.51000000000000156 ) ) ;
#87 = CARTESIAN_POINT ( 'NONE',  ( 188.0000000000000000, -136.5000000000000000, 26.51000000000000156 ) ) ;
#88 = VECTOR ( 'NONE', #3218, 1000.000000000000000 ) ;
#89 = AXIS2_PLACEMENT_3D ( 'NONE', #4082, #2373, #1690 ) ;
#90 = VECTOR ( 'NONE', #1513, 1000.000000000000000 ) ;
#91 = EDGE_LOOP ( 'NONE', ( #3966, #1667 ) ) ;
#92 = ORIENTED_EDGE ( 'NONE', *, *, #2396, .T. ) ;
#93 = CARTESIAN_POINT ( 'NONE',  ( 187.1000000000000227, -135.6000000000000227, 26.51000000000000156 ) ) ;
#94 = DIRECTION ( 'NONE',  ( 0.000000000000000000, -0.000000000000000000, -1.000000000000000000 ) ) ;
#95 = EDGE_CURVE ( 'NONE', #755, #4137, #259, .T. ) ;
#96 = LINE ( 'NONE', #5, #1095 ) ;
#97 = ADVANCED_FACE ( 'NONE', ( #2969 ), #4341, .T. ) ;
#98 = DIRECTION ( 'NONE',  ( -1.000000000000000000, -0.000000000000000000, -0.000000000000000000 ) ) ;
#99 = DIRECTION ( 'NONE',  ( 0.000000000000000000, 0.000000000000000000, -1.000000000000000000 ) ) ;
#100 = DIRECTION ( 'NONE',  ( -0.000000000000000000, -0.000000000000000000, -1.000000000000000000 ) ) ;
#101 = AXIS2_PLACEMENT_3D ( 'NONE', #325, #262, #4033 ) ;
#102 = EDGE_CURVE ( 'NONE', #2113, #4136, #3999, .T. ) ;
#103 = ORIENTED_EDGE ( 'NONE', *, *, #1437, .T. ) ;
#104 = ORIENTED_EDGE ( 'NONE', *, *, #2882, .F. ) ;
#105 = CARTESIAN_POINT ( 'NONE',  ( 100.9000000000000057, -36.39999999999999858, -8.490000000000000213 ) ) ;
#106 = FACE_OUTER_BOUND ( 'NONE', #2319, .T. ) ;
#107 = CARTESIAN_POINT ( 'NONE',  ( 166.2500000000000000, -102.0000000000000142, 0.5099999999999983435 ) ) ;
#108 = VECTOR ( 'NONE', #3940, 1000.000000000000000 ) ;
#109 = DIRECTION ( 'NONE',  ( -0.000000000000000000, 1.000000000000000000, -0.000000000000000000 ) ) ;
#110 = EDGE_CURVE ( 'NONE', #280, #1902, #3208, .T. ) ;
#111 = ORIENTED_EDGE ( 'NONE', *, *, #3402, .F. ) ;
#112 = ORIENTED_EDGE ( 'NONE', *, *, #2579, .T. ) ;
#113 = DIRECTION ( 'NONE',  ( 0.000000000000000000, 0.000000000000000000, 1.000000000000000000 ) ) ;
#114 = CARTESIAN_POINT ( 'NONE',  ( 91.00000000000000000, -29.00000000000000000, 26.51000000000000156 ) ) ;
#115 = DIRECTION ( 'NONE',  ( -0.3420201433256694901, 0.9396926207859082059, 0.000000000000000000 ) ) ;
#116 = EDGE_CURVE ( 'NONE', #299, #2314, #1290, .T. ) ;
#117 = EDGE_LOOP ( 'NONE', ( #3166, #2785, #875, #3221 ) ) ;
#118 = EDGE_LOOP ( 'NONE', ( #4402, #1761, #3088, #618 ) ) ;
#119 = AXIS2_PLACEMENT_3D ( 'NONE', #4119, #2390, #2752 ) ;
#120 = FACE_BOUND ( 'NONE', #1739, .T. ) ;
#121 = LINE ( 'NONE', #3463, #1385 ) ;
#122 = CYLINDRICAL_SURFACE ( 'NONE', #745, 6.000000000000006217 ) ;
#123 = CARTESIAN_POINT ( 'NONE',  ( 120.4928561984724240, -120.7654782202625512, 2.744521779737439271 ) ) ;
#124 = CARTESIAN_POINT ( 'NONE',  ( 190.0000000000000000, -130.6000000000000227, 28.11000000000000298 ) ) ;
#125 = CARTESIAN_POINT ( 'NONE',  ( 190.4000000000000057, -60.99999999999999289, 13.76000000000000156 ) ) ;
#126 = ORIENTED_EDGE ( 'NONE', *, *, #1306, .F. ) ;
#127 = PRODUCT_DEFINITION_CONTEXT ( 'detailed design', #2717, 'design' ) ;
#128 = EDGE_LOOP ( 'NONE', ( #3728, #1214, #481, #565 ) ) ;
#129 = CARTESIAN_POINT ( 'NONE',  ( 194.0999999999999943, -136.5000000000000000, -10.99000000000000199 ) ) ;
#130 = CARTESIAN_POINT ( 'NONE',  ( 91.00000000000001421, -131.5000000000000000, -8.490000000000000213 ) ) ;
#131 = CARTESIAN_POINT ( 'NONE',  ( 190.4000000000000057, -110.9999999999999858, 13.75999999999999979 ) ) ;
#132 = DIRECTION ( 'NONE',  ( 1.000000000000000000, 0.000000000000000000, 0.000000000000000000 ) ) ;
#133 = AXIS2_PLACEMENT_3D ( 'NONE', #2312, #2230, #1876 ) ;
#134 = EDGE_LOOP ( 'NONE', ( #3785, #1757, #604, #3309 ) ) ;
#135 = CIRCLE ( 'NONE', #4344, 6.500000000000005329 ) ;
#136 = EDGE_LOOP ( 'NONE', ( #3520, #882, #210, #3563 ) ) ;
#137 = AXIS2_PLACEMENT_3D ( 'NONE', #3401, #2730, #3760 ) ;
#138 = CARTESIAN_POINT ( 'NONE',  ( 190.5500000000000114, -33.99999999999997868, 18.51000000000000156 ) ) ;
#139 = DIRECTION ( 'NONE',  ( 1.000000000000000000, -0.000000000000000000, -0.000000000000000000 ) ) ;
#140 = CARTESIAN_POINT ( 'NONE',  ( 92.79999999999999716, -41.15514642167917003, -0.000000000000000000 ) ) ;
#141 = CIRCLE ( 'NONE', #2980, 6.500000000000005329 ) ;
#142 = VERTEX_POINT ( 'NONE', #4109 ) ;
#143 = EDGE_LOOP ( 'NONE', ( #2956, #877, #1749, #3749 ) ) ;
#144 = FACE_OUTER_BOUND ( 'NONE', #1075, .T. ) ;
#145 = VECTOR ( 'NONE', #3882, 1000.000000000000000 ) ;
#146 = VECTOR ( 'NONE', #1534, 1000.000000000000000 ) ;
#147 = DIRECTION ( 'NONE',  ( -0.000000000000000000, -0.000000000000000000, -1.000000000000000000 ) ) ;
#148 = DIRECTION ( 'NONE',  ( -0.000000000000000000, -1.000000000000000000, -0.000000000000000000 ) ) ;
#149 = LINE ( 'NONE', #2198, #3920 ) ;
#150 = VERTEX_POINT ( 'NONE', #2359 ) ;
#151 = VERTEX_POINT ( 'NONE', #656 ) ;
#152 = CARTESIAN_POINT ( 'NONE',  ( 190.4000000000000057, -110.9999999999999858, 14.15999999999999837 ) ) ;
#153 = DIRECTION ( 'NONE',  ( 1.000000000000000000, 0.000000000000000000, 0.000000000000000000 ) ) ;
#154 = CYLINDRICAL_SURFACE ( 'NONE', #2, 6.000000000000007105 ) ;
#155 = FACE_OUTER_BOUND ( 'NONE', #212, .T. ) ;
#156 = EDGE_CURVE ( 'NONE', #1910, #1962, #1862, .T. ) ;
#157 = EDGE_CURVE ( 'NONE', #385, #2500, #3642, .T. ) ;
#158 = VERTEX_POINT ( 'NONE', #360 ) ;
#159 = ORIENTED_EDGE ( 'NONE', *, *, #2263, .T. ) ;
#160 = CARTESIAN_POINT ( 'NONE',  ( 108.8999999999999915, -102.0000000000000142, -8.490000000000000213 ) ) ;
#161 = CARTESIAN_POINT ( 'NONE',  ( 192.3000000000000114, -86.00000000000000000, 7.759999999999996234 ) ) ;
#162 = LINE ( 'NONE', #429, #3020 ) ;
#163 = VERTEX_POINT ( 'NONE', #4364 ) ;
#164 = VERTEX_POINT ( 'NONE', #3693 ) ;
#165 = DIRECTION ( 'NONE',  ( 1.000000000000000000, 0.000000000000000000, 0.000000000000000000 ) ) ;
#166 = ADVANCED_FACE ( 'NONE', ( #1305 ), #2302, .F. ) ;
#167 = ADVANCED_FACE ( 'NONE', ( #3670 ), #1676, .F. ) ;
#168 = AXIS2_PLACEMENT_3D ( 'NONE', #1024, #1777, #3064 ) ;
#169 = AXIS2_PLACEMENT_3D ( 'NONE', #3034, #3714, #4387 ) ;
#170 = CARTESIAN_POINT ( 'NONE',  ( 189.7000000000000171, -86.00000000000000000, 7.759999999999996234 ) ) ;
#171 = CARTESIAN_POINT ( 'NONE',  ( 97.50000000000001421, -136.5000000000000000, -8.490000000000000213 ) ) ;
#172 = CARTESIAN_POINT ( 'NONE',  ( 103.4000000000000057, -36.00000000000000711, -8.490000000000000213 ) ) ;
#173 = CARTESIAN_POINT ( 'NONE',  ( 105.3999999999999915, -39.00000000000000000, 0.5099999999999983435 ) ) ;
#174 = EDGE_CURVE ( 'NONE', #4255, #3092, #1384, .T. ) ;
#175 = ORIENTED_EDGE ( 'NONE', *, *, #707, .T. ) ;
#176 = UNCERTAINTY_MEASURE_WITH_UNIT (LENGTH_MEASURE( 1.000000000000000082E-05 ), #3588, 'distance_accuracy_value', 'NONE');
#177 = ORIENTED_EDGE ( 'NONE', *, *, #342, .T. ) ;
#178 = CARTESIAN_POINT ( 'NONE',  ( 186.0700000000000500, -136.0000000000000000, 28.11000000000000298 ) ) ;
#179 = CARTESIAN_POINT ( 'NONE',  ( 100.9000000000000057, -33.50000000000000000, -8.490000000000000213 ) ) ;
#180 = MECHANICAL_DESIGN_GEOMETRIC_PRESENTATION_REPRESENTATION (  '', ( #2596 ), #3605 ) ;
#181 = CARTESIAN_POINT ( 'NONE',  ( 190.0000000000000000, -110.9999999999999858, 7.759999999999991793 ) ) ;
#182 = LINE ( 'NONE', #268, #1129 ) ;
#183 = TOROIDAL_SURFACE ( 'NONE', #2953, 6.400000000000000355, 0.4000000000000000222 ) ;
#184 = ORIENTED_EDGE ( 'NONE', *, *, #3319, .F. ) ;
#185 = ORIENTED_EDGE ( 'NONE', *, *, #1570, .T. ) ;
#186 = CIRCLE ( 'NONE', #4173, 3.970000000000001528 ) ;
#187 = DIRECTION ( 'NONE',  ( 1.000000000000000000, 0.000000000000000000, -0.000000000000000000 ) ) ;
#188 = DIRECTION ( 'NONE',  ( -1.000000000000000000, -0.000000000000000000, 0.000000000000000000 ) ) ;
#189 = CARTESIAN_POINT ( 'NONE',  ( 105.3999999999999915, -39.00000000000000000, 0.5099999999999983435 ) ) ;
#190 = ADVANCED_FACE ( 'NONE', ( #339 ), #2009, .F. ) ;
#191 = ORIENTED_EDGE ( 'NONE', *, *, #216, .T. ) ;
#192 = VERTEX_POINT ( 'NONE', #972 ) ;
#193 = DIRECTION ( 'NONE',  ( -0.000000000000000000, -0.000000000000000000, 1.000000000000000000 ) ) ;
#194 = ADVANCED_FACE ( 'NONE', ( #3029, #3730 ), #696, .T. ) ;
#195 = CARTESIAN_POINT ( 'NONE',  ( 192.3000000000000114, -86.00000000000000000, 7.759999999999996234 ) ) ;
#196 = DIRECTION ( 'NONE',  ( 1.000000000000000000, 0.000000000000000000, 0.000000000000000000 ) ) ;
#197 = FACE_OUTER_BOUND ( 'NONE', #1363, .T. ) ;
#198 = CARTESIAN_POINT ( 'NONE',  ( 103.4000000000000199, -136.0000000000000000, 28.11000000000000298 ) ) ;
#199 = EDGE_CURVE ( 'NONE', #833, #815, #24, .T. ) ;
#200 = ORIENTED_EDGE ( 'NONE', *, *, #1816, .T. ) ;
#201 = CARTESIAN_POINT ( 'NONE',  ( 102.5000000000000284, -143.0000000000000284, -7.990000000000000213 ) ) ;
#202 = CARTESIAN_POINT ( 'NONE',  ( 188.0000000000000000, -35.50000000000000711, -8.490000000000000213 ) ) ;
#203 = PLANE ( 'NONE',  #2791 ) ;
#204 = ORIENTED_EDGE ( 'NONE', *, *, #950, .F. ) ;
#205 = AXIS2_PLACEMENT_3D ( 'NONE', #3259, #2234, #1169 ) ;
#206 = ORIENTED_EDGE ( 'NONE', *, *, #1001, .F. ) ;
#207 = LINE ( 'NONE', #1571, #2387 ) ;
#208 = CARTESIAN_POINT ( 'NONE',  ( 103.4000000000000199, -139.9699999999999989, 28.11000000000000298 ) ) ;
#209 = LINE ( 'NONE', #967, #1038 ) ;
#210 = ORIENTED_EDGE ( 'NONE', *, *, #3684, .T. ) ;
#211 = CIRCLE ( 'NONE', #777, 0.3999999999999993006 ) ;
#212 = EDGE_LOOP ( 'NONE', ( #2096, #2979, #1079, #1357 ) ) ;
#213 = DIRECTION ( 'NONE',  ( 0.000000000000000000, 0.000000000000000000, -1.000000000000000000 ) ) ;
#214 = VECTOR ( 'NONE', #4118, 1000.000000000000000 ) ;
#215 = AXIS2_PLACEMENT_3D ( 'NONE', #2104, #4410, #2753 ) ;
#216 = EDGE_CURVE ( 'NONE', #902, #2352, #1990, .T. ) ;
#217 = FACE_OUTER_BOUND ( 'NONE', #2868, .T. ) ;
#218 = EDGE_CURVE ( 'NONE', #3115, #151, #2734, .T. ) ;
#219 = EDGE_LOOP ( 'NONE', ( #778, #443, #518, #2853 ) ) ;
#220 = CYLINDRICAL_SURFACE ( 'NONE', #2636, 1.030000000000003135 ) ;
#221 = VERTEX_POINT ( 'NONE', #3392 ) ;
#222 = DIRECTION ( 'NONE',  ( 1.000000000000000000, -0.000000000000000000, 0.000000000000000000 ) ) ;
#223 = DIRECTION ( 'NONE',  ( 0.000000000000000000, 0.000000000000000000, 1.000000000000000000 ) ) ;
#224 = CARTESIAN_POINT ( 'NONE',  ( 98.40000000000000568, -37.43000000000000682, 26.51000000000000156 ) ) ;
#225 = VECTOR ( 'NONE', #2248, 1000.000000000000114 ) ;
#226 = ORIENTED_EDGE ( 'NONE', *, *, #2851, .T. ) ;
#227 = EDGE_CURVE ( 'NONE', #2615, #275, #1696, .T. ) ;
#228 = ORIENTED_EDGE ( 'NONE', *, *, #1426, .T. ) ;
#229 = CARTESIAN_POINT ( 'NONE',  ( 187.5000000000000000, -38.89999999999999147, -8.490000000000000213 ) ) ;
#230 = DIRECTION ( 'NONE',  ( -1.000000000000000000, 0.000000000000000000, -0.000000000000000000 ) ) ;
#231 = CARTESIAN_POINT ( 'NONE',  ( 194.5000000000000000, -29.00000000000000000, -10.59000000000000163 ) ) ;
#232 = VERTEX_POINT ( 'NONE', #4090 ) ;
#233 = ORIENTED_EDGE ( 'NONE', *, *, #4270, .F. ) ;
#234 = DIRECTION ( 'NONE',  ( 0.000000000000000000, -1.000000000000000000, 0.000000000000000000 ) ) ;
#235 = DIRECTION ( 'NONE',  ( -0.000000000000000000, -0.000000000000000000, -1.000000000000000000 ) ) ;
#236 = DIRECTION ( 'NONE',  ( 1.000000000000000000, 0.000000000000000000, 0.000000000000000000 ) ) ;
#237 = EDGE_CURVE ( 'NONE', #1187, #3127, #3083, .T. ) ;
#238 = VECTOR ( 'NONE', #34, 1000.000000000000000 ) ;
#239 = EDGE_CURVE ( 'NONE', #1242, #2602, #1184, .T. ) ;
#240 = CIRCLE ( 'NONE', #3439, 3.500000000000031086 ) ;
#241 = VECTOR ( 'NONE', #1126, 1000.000000000000000 ) ;
#242 = ORIENTED_EDGE ( 'NONE', *, *, #4010, .F. ) ;
#243 = EDGE_CURVE ( 'NONE', #2314, #3183, #2495, .T. ) ;
#244 = CARTESIAN_POINT ( 'NONE',  ( 191.4699999999999989, -130.6000000000000227, 28.11000000000000298 ) ) ;
#245 = FACE_OUTER_BOUND ( 'NONE', #779, .T. ) ;
#246 = CARTESIAN_POINT ( 'NONE',  ( 194.5000000000000000, -40.50000000000000000, 23.51000000000000156 ) ) ;
#247 = DIRECTION ( 'NONE',  ( 1.000000000000000000, 0.000000000000000000, 0.000000000000000000 ) ) ;
#248 = EDGE_CURVE ( 'NONE', #2257, #2393, #2375, .T. ) ;
#249 = ORIENTED_EDGE ( 'NONE', *, *, #3451, .F. ) ;
#250 = ORIENTED_EDGE ( 'NONE', *, *, #1234, .F. ) ;
#251 = EDGE_CURVE ( 'NONE', #2508, #4312, #1402, .T. ) ;
#252 = DIRECTION ( 'NONE',  ( 0.000000000000000000, 0.000000000000000000, -1.000000000000000000 ) ) ;
#253 = CARTESIAN_POINT ( 'NONE',  ( 91.00000000000000000, -29.00000000000000000, -7.989999999999998437 ) ) ;
#254 = AXIS2_PLACEMENT_3D ( 'NONE', #351, #1709, #3041 ) ;
#255 = AXIS2_PLACEMENT_3D ( 'NONE', #3711, #674, #1639 ) ;
#256 = EDGE_LOOP ( 'NONE', ( #1645, #2023, #4398, #2138 ) ) ;
#257 = AXIS2_PLACEMENT_3D ( 'NONE', #3614, #558, #1912 ) ;
#258 = ORIENTED_EDGE ( 'NONE', *, *, #1953, .T. ) ;
#259 = LINE ( 'NONE', #2885, #4356 ) ;
#260 = ADVANCED_FACE ( 'NONE', ( #3480 ), #1033, .T. ) ;
#261 = DIRECTION ( 'NONE',  ( 1.000000000000000000, -0.000000000000000000, -0.000000000000000000 ) ) ;
#262 = DIRECTION ( 'NONE',  ( 0.000000000000000000, 0.000000000000000000, 1.000000000000000000 ) ) ;
#263 = VECTOR ( 'NONE', #3260, 1000.000000000000000 ) ;
#264 = ORIENTED_EDGE ( 'NONE', *, *, #3743, .F. ) ;
#265 = DIRECTION ( 'NONE',  ( -0.000000000000000000, 0.000000000000000000, -1.000000000000000000 ) ) ;
#266 = CARTESIAN_POINT ( 'NONE',  ( 189.2500000000000000, -137.9999999999999716, 26.51000000000000156 ) ) ;
#267 = LINE ( 'NONE', #2976, #363 ) ;
#268 = CARTESIAN_POINT ( 'NONE',  ( 194.5000000000000000, -40.50000000000000000, 23.51000000000000156 ) ) ;
#269 = ORIENTED_EDGE ( 'NONE', *, *, #3189, .F. ) ;
#270 = EDGE_LOOP ( 'NONE', ( #3895, #316, #3710, #2475, #4338, #1089, #3109, #4291, #233, #687, #3669, #1186, #3984, #3078, #2990, #1047, #2007, #2295, #2372, #3061, #1561, #2185, #2947, #3432 ) ) ;
#271 = CARTESIAN_POINT ( 'NONE',  ( 190.4000000000000057, -86.00000000000000000, 1.359999999999989662 ) ) ;
#272 = CARTESIAN_POINT ( 'NONE',  ( 183.0523635208767530, -28.85613240878793917, -8.042363520876769201 ) ) ;
#273 = CARTESIAN_POINT ( 'NONE',  ( 190.0000000000000000, -41.39999999999999147, -8.490000000000000213 ) ) ;
#274 = EDGE_CURVE ( 'NONE', #1167, #1831, #66, .T. ) ;
#275 = VERTEX_POINT ( 'NONE', #1076 ) ;
#276 = ORIENTED_EDGE ( 'NONE', *, *, #1306, .T. ) ;
#277 = VECTOR ( 'NONE', #1545, 1000.000000000000000 ) ;
#278 = DIRECTION ( 'NONE',  ( 0.000000000000000000, 0.000000000000000000, -1.000000000000000000 ) ) ;
#279 = AXIS2_PLACEMENT_3D ( 'NONE', #2635, #1633, #907 ) ;
#280 = VERTEX_POINT ( 'NONE', #3818 ) ;
#281 = DIRECTION ( 'NONE',  ( -0.000000000000000000, -0.000000000000000000, 1.000000000000000000 ) ) ;
#282 = AXIS2_PLACEMENT_3D ( 'NONE', #522, #3638, #2625 ) ;
#283 = CIRCLE ( 'NONE', #2765, 0.3999999999999999667 ) ;
#284 = DIRECTION ( 'NONE',  ( -0.000000000000000000, 0.000000000000000000, 1.000000000000000000 ) ) ;
#285 = AXIS2_PLACEMENT_3D ( 'NONE', #3209, #3499, #445 ) ;
#286 = ORIENTED_EDGE ( 'NONE', *, *, #3729, .T. ) ;
#287 = CARTESIAN_POINT ( 'NONE',  ( 190.4000000000000057, -60.99999999999999289, 1.760000000000000231 ) ) ;
#288 = CARTESIAN_POINT ( 'NONE',  ( 182.1000000000000512, -139.9699999999999989, 26.51000000000000156 ) ) ;
#289 = CIRCLE ( 'NONE', #869, 1.299999999999995604 ) ;
#290 = DIRECTION ( 'NONE',  ( -0.000000000000000000, -0.000000000000000000, 1.000000000000000000 ) ) ;
#291 = ORIENTED_EDGE ( 'NONE', *, *, #2149, .F. ) ;
#292 = ORIENTED_EDGE ( 'NONE', *, *, #1414, .T. ) ;
#293 = DIRECTION ( 'NONE',  ( 0.000000000000000000, 0.000000000000000000, -1.000000000000000000 ) ) ;
#294 = CARTESIAN_POINT ( 'NONE',  ( 98.00000000000001421, -130.6000000000000512, 28.11000000000000298 ) ) ;
#295 = DIRECTION ( 'NONE',  ( 0.000000000000000000, 0.000000000000000000, 1.000000000000000000 ) ) ;
#296 = EDGE_CURVE ( 'NONE', #2638, #3092, #4177, .T. ) ;
#297 = EDGE_CURVE ( 'NONE', #1223, #3668, #810, .T. ) ;
#298 = ORIENTED_EDGE ( 'NONE', *, *, #2522, .F. ) ;
#299 = VERTEX_POINT ( 'NONE', #3771 ) ;
#300 = CIRCLE ( 'NONE', #3782, 0.3999999999999993006 ) ;
#301 = DIRECTION ( 'NONE',  ( 1.000000000000000000, 0.000000000000000000, -0.000000000000000000 ) ) ;
#302 = CARTESIAN_POINT ( 'NONE',  ( 187.5000000000000000, -41.39999999999999147, 28.11000000000000298 ) ) ;
#303 = DIRECTION ( 'NONE',  ( -1.000000000000000000, 0.000000000000000000, 0.000000000000000000 ) ) ;
#304 = ADVANCED_FACE ( 'NONE', ( #2114, #1430 ), #2402, .T. ) ;
#305 = LINE ( 'NONE', #1350, #4023 ) ;
#306 = EDGE_CURVE ( 'NONE', #1909, #3977, #2905, .T. ) ;
#307 = PLANE ( 'NONE',  #4059 ) ;
#308 = CARTESIAN_POINT ( 'NONE',  ( 127.7500000000000000, -137.2000000000000171, -2.252740443884071464 ) ) ;
#309 = DIRECTION ( 'NONE',  ( -1.000000000000000000, 0.000000000000000000, 0.000000000000000000 ) ) ;
#310 = EDGE_CURVE ( 'NONE', #3177, #449, #3434, .T. ) ;
#311 = VERTEX_POINT ( 'NONE', #86 ) ;
#312 = ORIENTED_EDGE ( 'NONE', *, *, #2233, .T. ) ;
#313 = FACE_OUTER_BOUND ( 'NONE', #1979, .T. ) ;
#314 = LINE ( 'NONE', #3285, #1798 ) ;
#315 = CARTESIAN_POINT ( 'NONE',  ( 164.8999999999999773, -39.00000000000000000, -8.490000000000000213 ) ) ;
#316 = ORIENTED_EDGE ( 'NONE', *, *, #912, .F. ) ;
#317 = ORIENTED_EDGE ( 'NONE', *, *, #2345, .F. ) ;
#318 = DIRECTION ( 'NONE',  ( -5.139921410301661840E-15, 1.000000000000000000, 0.000000000000000000 ) ) ;
#319 = EDGE_CURVE ( 'NONE', #2754, #2570, #1559, .T. ) ;
#320 = CIRCLE ( 'NONE', #2805, 1.350000000000004086 ) ;
#321 = VECTOR ( 'NONE', #303, 1000.000000000000000 ) ;
#322 = CARTESIAN_POINT ( 'NONE',  ( 163.5499999999999829, -39.00000000000000000, 0.5099999999999983435 ) ) ;
#323 = EDGE_CURVE ( 'NONE', #1612, #151, #2139, .T. ) ;
#324 = VECTOR ( 'NONE', #1984, 1000.000000000000000 ) ;
#325 = CARTESIAN_POINT ( 'NONE',  ( 96.25000000000000000, -137.9999999999999716, 18.51000000000000156 ) ) ;
#326 = LINE ( 'NONE', #1311, #2659 ) ;
#327 = DIRECTION ( 'NONE',  ( 1.217349807703022362E-16, -1.000000000000000000, 0.000000000000000000 ) ) ;
#328 = LINE ( 'NONE', #3804, #334 ) ;
#329 = DIRECTION ( 'NONE',  ( 0.000000000000000000, 0.000000000000000000, -1.000000000000000000 ) ) ;
#330 = EDGE_CURVE ( 'NONE', #3328, #4070, #451, .T. ) ;
#331 = ORIENTED_EDGE ( 'NONE', *, *, #1060, .F. ) ;
#332 = VERTEX_POINT ( 'NONE', #1833 ) ;
#333 = DIRECTION ( 'NONE',  ( -0.9396926207859082059, -0.3420201433256694901, 0.000000000000000000 ) ) ;
#334 = VECTOR ( 'NONE', #3098, 1000.000000000000000 ) ;
#335 = CARTESIAN_POINT ( 'NONE',  ( 92.80000000000001137, -130.8448535783208513, -7.334853578320847944 ) ) ;
#336 = DIRECTION ( 'NONE',  ( -0.000000000000000000, 0.000000000000000000, 1.000000000000000000 ) ) ;
#337 = ORIENTED_EDGE ( 'NONE', *, *, #2681, .F. ) ;
#338 = ORIENTED_EDGE ( 'NONE', *, *, #2882, .T. ) ;
#339 = FACE_OUTER_BOUND ( 'NONE', #136, .T. ) ;
#340 = FACE_OUTER_BOUND ( 'NONE', #587, .T. ) ;
#341 = AXIS2_PLACEMENT_3D ( 'NONE', #3256, #247, #3321 ) ;
#342 = EDGE_CURVE ( 'NONE', #2500, #385, #1405, .T. ) ;
#343 = VECTOR ( 'NONE', #439, 1000.000000000000000 ) ;
#344 = CARTESIAN_POINT ( 'NONE',  ( 182.3448535783208229, -30.80000000000000071, 22.85485357832083508 ) ) ;
#345 = CARTESIAN_POINT ( 'NONE',  ( 173.3651121586746626, -55.47163678301915724, 13.87511215867467662 ) ) ;
#346 = CARTESIAN_POINT ( 'NONE',  ( 164.8999999999999773, -102.0000000000000142, 0.5099999999999983435 ) ) ;
#347 = PLANE ( 'NONE',  #3483 ) ;
#348 = VECTOR ( 'NONE', #2297, 1000.000000000000000 ) ;
#349 = ORIENTED_EDGE ( 'NONE', *, *, #3743, .T. ) ;
#350 = ORIENTED_EDGE ( 'NONE', *, *, #4008, .T. ) ;
#351 = CARTESIAN_POINT ( 'NONE',  ( 105.3999999999999915, -102.0000000000000142, -8.490000000000000213 ) ) ;
#352 = VECTOR ( 'NONE', #2601, 1000.000000000000000 ) ;
#353 = CARTESIAN_POINT ( 'NONE',  ( 106.7500000000000000, -102.0000000000000142, 0.5099999999999983435 ) ) ;
#354 = CARTESIAN_POINT ( 'NONE',  ( 190.0000000000000000, -38.89999999999999147, -8.490000000000000213 ) ) ;
#355 = ADVANCED_FACE ( 'NONE', ( #3089 ), #383, .T. ) ;
#356 = TOROIDAL_SURFACE ( 'NONE', #935, 6.400000000000000355, 0.4000000000000000222 ) ;
#357 = EDGE_CURVE ( 'NONE', #2440, #1808, #1759, .T. ) ;
#358 = ORIENTED_EDGE ( 'NONE', *, *, #2584, .F. ) ;
#359 = ORIENTED_EDGE ( 'NONE', *, *, #3841, .T. ) ;
#360 = CARTESIAN_POINT ( 'NONE',  ( 100.9000000000000057, -36.39999999999999858, 28.11000000000000298 ) ) ;
#361 = EDGE_CURVE ( 'NONE', #3902, #425, #629, .T. ) ;
#362 = ORIENTED_EDGE ( 'NONE', *, *, #1369, .T. ) ;
#363 = VECTOR ( 'NONE', #1565, 1000.000000000000000 ) ;
#364 = VERTEX_POINT ( 'NONE', #2567 ) ;
#365 = CARTESIAN_POINT ( 'NONE',  ( 187.5000000000000000, -38.89999999999999147, 28.11000000000000298 ) ) ;
#366 = CARTESIAN_POINT ( 'NONE',  ( 182.3448535783208229, -141.2000000000000171, 22.85485357832084219 ) ) ;
#367 = CARTESIAN_POINT ( 'NONE',  ( 105.3999999999999915, -102.0000000000000142, 0.5099999999999983435 ) ) ;
#368 = FACE_OUTER_BOUND ( 'NONE', #2239, .T. ) ;
#369 = EDGE_CURVE ( 'NONE', #1280, #3229, #4049, .T. ) ;
#370 = DIRECTION ( 'NONE',  ( 0.000000000000000000, -1.000000000000000000, 0.000000000000000000 ) ) ;
#371 = EDGE_CURVE ( 'NONE', #923, #3, #4313, .T. ) ;
#372 = ADVANCED_FACE ( 'NONE', ( #3216 ), #3891, .F. ) ;
#373 = ORIENTED_EDGE ( 'NONE', *, *, #3292, .F. ) ;
#374 = VERTEX_POINT ( 'NONE', #2899 ) ;
#375 = CARTESIAN_POINT ( 'NONE',  ( 187.9500000000000171, -137.9999999999999716, 26.51000000000000156 ) ) ;
#376 = DIRECTION ( 'NONE',  ( -0.000000000000000000, 1.000000000000000000, 1.525031627232357891E-16 ) ) ;
#377 = DIRECTION ( 'NONE',  ( 0.000000000000000000, 0.000000000000000000, 1.000000000000000000 ) ) ;
#378 = EDGE_CURVE ( 'NONE', #1168, #3845, #1218, .T. ) ;
#379 = AXIS2_PLACEMENT_3D ( 'NONE', #294, #1337, #1590 ) ;
#380 = VERTEX_POINT ( 'NONE', #2943 ) ;
#381 = VECTOR ( 'NONE', #4116, 1000.000000000000000 ) ;
#382 = ORIENTED_EDGE ( 'NONE', *, *, #2862, .F. ) ;
#383 = CYLINDRICAL_SURFACE ( 'NONE', #3266, 3.500000000000031086 ) ;
#384 = ORIENTED_EDGE ( 'NONE', *, *, #157, .F. ) ;
#385 = VERTEX_POINT ( 'NONE', #3938 ) ;
#386 = DIRECTION ( 'NONE',  ( -0.000000000000000000, 1.000000000000000000, -1.224646799147353207E-16 ) ) ;
#387 = FACE_OUTER_BOUND ( 'NONE', #1609, .T. ) ;
#388 = AXIS2_PLACEMENT_3D ( 'NONE', #1388, #2478, #727 ) ;
#389 = CARTESIAN_POINT ( 'NONE',  ( 190.0000000000000000, -38.89999999999999147, -8.490000000000000213 ) ) ;
#390 = CARTESIAN_POINT ( 'NONE',  ( 182.1000000000000227, -32.03000000000000114, 26.51000000000000156 ) ) ;
#391 = CARTESIAN_POINT ( 'NONE',  ( 191.4699999999999989, -41.39999999999999147, 28.11000000000000298 ) ) ;
#392 = ORIENTED_EDGE ( 'NONE', *, *, #733, .F. ) ;
#393 = ORIENTED_EDGE ( 'NONE', *, *, #3335, .T. ) ;
#394 = DIRECTION ( 'NONE',  ( -1.000000000000000000, 0.000000000000000000, 0.000000000000000000 ) ) ;
#395 = LINE ( 'NONE', #1189, #1851 ) ;
#396 = DIRECTION ( 'NONE',  ( -1.000000000000000000, 0.000000000000000000, 0.000000000000000000 ) ) ;
#397 = DIRECTION ( 'NONE',  ( -0.000000000000000000, -0.000000000000000000, -1.000000000000000000 ) ) ;
#398 = ORIENTED_EDGE ( 'NONE', *, *, #3132, .F. ) ;
#399 = AXIS2_PLACEMENT_3D ( 'NONE', #3892, #2590, #3163 ) ;
#400 = VERTEX_POINT ( 'NONE', #160 ) ;
#401 = DIRECTION ( 'NONE',  ( -0.000000000000000000, -0.000000000000000000, 1.000000000000000000 ) ) ;
#402 = EDGE_CURVE ( 'NONE', #1291, #1100, #2921, .T. ) ;
#403 = ADVANCED_BREP_SHAPE_REPRESENTATION ( '\X2\4e0b58f3\X0\', ( #2434, #2119 ), #852 ) ;
#404 = ADVANCED_FACE ( 'NONE', ( #1923 ), #3979, .F. ) ;
#405 = ORIENTED_EDGE ( 'NONE', *, *, #1035, .F. ) ;
#406 = EDGE_LOOP ( 'NONE', ( #1274, #4152 ) ) ;
#407 = CARTESIAN_POINT ( 'NONE',  ( 190.0000000000000000, -133.1000000000000227, -8.490000000000000213 ) ) ;
#408 = DIRECTION ( 'NONE',  ( 1.000000000000000000, 0.000000000000000000, 0.000000000000000000 ) ) ;
#409 = VECTOR ( 'NONE', #885, 1000.000000000000000 ) ;
#410 = CARTESIAN_POINT ( 'NONE',  ( 105.3999999999999915, -39.00000000000000000, 0.5099999999999983435 ) ) ;
#411 = VECTOR ( 'NONE', #2605, 1000.000000000000000 ) ;
#412 = CYLINDRICAL_SURFACE ( 'NONE', #1920, 3.500000000000031086 ) ;
#413 = CARTESIAN_POINT ( 'NONE',  ( 189.2500000000000000, -137.9999999999999716, 18.51000000000000156 ) ) ;
#414 = VERTEX_POINT ( 'NONE', #2543 ) ;
#415 = CARTESIAN_POINT ( 'NONE',  ( 187.9500000000000171, -33.99999999999997868, 26.51000000000000156 ) ) ;
#416 = CIRCLE ( 'NONE', #3479, 2.500000000000002220 ) ;
#417 = EDGE_LOOP ( 'NONE', ( #3167, #31 ) ) ;
#418 = ORIENTED_EDGE ( 'NONE', *, *, #2282, .T. ) ;
#419 = CARTESIAN_POINT ( 'NONE',  ( 192.3000000000000114, -110.9999999999999858, 14.15999999999999837 ) ) ;
#420 = CARTESIAN_POINT ( 'NONE',  ( 192.7000000000000171, 0.000000000000000000, 0.000000000000000000 ) ) ;
#421 = CIRCLE ( 'NONE', #3342, 2.500000000000002220 ) ;
#422 = CIRCLE ( 'NONE', #783, 0.3999999999999993006 ) ;
#423 = CARTESIAN_POINT ( 'NONE',  ( 164.8999999999999773, -39.00000000000000000, 0.5099999999999983435 ) ) ;
#424 = FACE_OUTER_BOUND ( 'NONE', #987, .T. ) ;
#425 = VERTEX_POINT ( 'NONE', #2878 ) ;
#426 = VECTOR ( 'NONE', #2246, 1000.000000000000000 ) ;
#427 = ORIENTED_EDGE ( 'NONE', *, *, #2071, .T. ) ;
#428 = CARTESIAN_POINT ( 'NONE',  ( 96.25000000000000000, -137.9999999999999716, 18.51000000000000156 ) ) ;
#429 = CARTESIAN_POINT ( 'NONE',  ( 103.4000000000000199, -139.9699999999999989, 28.11000000000000298 ) ) ;
#430 = ADVANCED_FACE ( 'NONE', ( #644 ), #3644, .F. ) ;
#431 = ADVANCED_FACE ( 'NONE', ( #1997, #863 ), #1258, .T. ) ;
#432 = ORIENTED_EDGE ( 'NONE', *, *, #844, .T. ) ;
#433 = ORIENTED_EDGE ( 'NONE', *, *, #961, .F. ) ;
#434 = CARTESIAN_POINT ( 'NONE',  ( 0.000000000000000000, -141.2000000000000171, 0.000000000000000000 ) ) ;
#435 = DIRECTION ( 'NONE',  ( -1.000000000000000000, -0.000000000000000000, 0.000000000000000000 ) ) ;
#436 = EDGE_CURVE ( 'NONE', #1505, #3070, #913, .T. ) ;
#437 = EDGE_CURVE ( 'NONE', #554, #232, #1238, .T. ) ;
#438 = FACE_OUTER_BOUND ( 'NONE', #3046, .T. ) ;
#439 = DIRECTION ( 'NONE',  ( -0.000000000000000000, -0.000000000000000000, -1.000000000000000000 ) ) ;
#440 = CARTESIAN_POINT ( 'NONE',  ( 106.7500000000000000, -39.00000000000000000, 0.5099999999999983435 ) ) ;
#441 = FACE_OUTER_BOUND ( 'NONE', #1655, .T. ) ;
#442 = VERTEX_POINT ( 'NONE', #229 ) ;
#443 = ORIENTED_EDGE ( 'NONE', *, *, #4080, .T. ) ;
#444 = LINE ( 'NONE', #1795, #145 ) ;
#445 = DIRECTION ( 'NONE',  ( 0.000000000000000000, 0.9396926207859082059, -0.3420201433256694901 ) ) ;
#446 = DIRECTION ( 'NONE',  ( 0.000000000000000000, 0.000000000000000000, 1.000000000000000000 ) ) ;
#447 = EDGE_CURVE ( 'NONE', #332, #698, #528, .T. ) ;
#448 = FACE_OUTER_BOUND ( 'NONE', #2405, .T. ) ;
#449 = VERTEX_POINT ( 'NONE', #4249 ) ;
#450 = ORIENTED_EDGE ( 'NONE', *, *, #1404, .F. ) ;
#451 = LINE ( 'NONE', #138, #2548 ) ;
#452 = DIRECTION ( 'NONE',  ( 0.000000000000000000, -0.000000000000000000, 1.000000000000000000 ) ) ;
#453 = PLANE ( 'NONE',  #2029 ) ;
#454 = VECTOR ( 'NONE', #376, 1000.000000000000000 ) ;
#455 = AXIS2_PLACEMENT_3D ( 'NONE', #2152, #463, #1820 ) ;
#456 = EDGE_LOOP ( 'NONE', ( #3910, #2118, #1732, #802 ) ) ;
#457 = EDGE_LOOP ( 'NONE', ( #2072, #2131, #2341, #2902 ) ) ;
#458 = EDGE_CURVE ( 'NONE', #1167, #688, #3556, .T. ) ;
#459 = CARTESIAN_POINT ( 'NONE',  ( 184.6000000000000227, -36.39999999999999147, -8.490000000000000213 ) ) ;
#460 = CARTESIAN_POINT ( 'NONE',  ( 95.50000000000000000, -38.90000000000000568, -8.490000000000000213 ) ) ;
#461 = DIRECTION ( 'NONE',  ( 1.000000000000000000, 0.000000000000000000, -0.000000000000000000 ) ) ;
#462 = CARTESIAN_POINT ( 'NONE',  ( 192.3000000000000114, -86.00000000000000000, 13.76000000000000334 ) ) ;
#463 = DIRECTION ( 'NONE',  ( 0.000000000000000000, 0.000000000000000000, 1.000000000000000000 ) ) ;
#464 = DIRECTION ( 'NONE',  ( 0.000000000000000000, 0.000000000000000000, 1.000000000000000000 ) ) ;
#465 = COLOUR_RGB ( '',1.000000000000000000, 1.000000000000000000, 1.000000000000000000 ) ;
#466 = AXIS2_PLACEMENT_3D ( 'NONE', #477, #1097, #3839 ) ;
#467 = VECTOR ( 'NONE', #1151, 1000.000000000000000 ) ;
#468 = EDGE_LOOP ( 'NONE', ( #2069, #55, #4168, #964 ) ) ;
#469 = ORIENTED_EDGE ( 'NONE', *, *, #116, .F. ) ;
#470 = DIRECTION ( 'NONE',  ( 1.000000000000000000, -0.000000000000000000, -0.000000000000000000 ) ) ;
#471 = CARTESIAN_POINT ( 'NONE',  ( 103.4000000000000057, -33.50000000000000000, -8.490000000000000213 ) ) ;
#472 = DIRECTION ( 'NONE',  ( 0.000000000000000000, 0.000000000000000000, 1.000000000000000000 ) ) ;
#473 = VECTOR ( 'NONE', #3914, 1000.000000000000000 ) ;
#474 = LINE ( 'NONE', #3553, #1562 ) ;
#475 = VERTEX_POINT ( 'NONE', #924 ) ;
#476 = EDGE_LOOP ( 'NONE', ( #1453, #3998, #3234, #2532 ) ) ;
#477 = CARTESIAN_POINT ( 'NONE',  ( 103.4000000000000199, -136.0000000000000000, 26.51000000000000156 ) ) ;
#478 = DIRECTION ( 'NONE',  ( 0.000000000000000000, 0.000000000000000000, -1.000000000000000000 ) ) ;
#479 = CARTESIAN_POINT ( 'NONE',  ( 99.43000000000002103, -135.6000000000000512, 26.51000000000000156 ) ) ;
#480 = AXIS2_PLACEMENT_3D ( 'NONE', #1806, #188, #478 ) ;
#481 = ORIENTED_EDGE ( 'NONE', *, *, #970, .F. ) ;
#482 = ORIENTED_EDGE ( 'NONE', *, *, #1278, .F. ) ;
#483 = CARTESIAN_POINT ( 'NONE',  ( 97.54999999999999716, -33.99999999999997868, 18.51000000000000156 ) ) ;
#484 = CARTESIAN_POINT ( 'NONE',  ( 97.50000000000001421, -136.5000000000000000, -10.99000000000000199 ) ) ;
#485 = PLANE ( 'NONE',  #665 ) ;
#486 = DIRECTION ( 'NONE',  ( -0.000000000000000000, 1.000000000000000000, -0.000000000000000000 ) ) ;
#487 = DIRECTION ( 'NONE',  ( 1.000000000000000000, 0.000000000000000000, -0.000000000000000000 ) ) ;
#488 = ADVANCED_FACE ( 'NONE', ( #1881 ), #2273, .F. ) ;
#489 = DIRECTION ( 'NONE',  ( -1.000000000000000000, 0.000000000000000000, -0.000000000000000000 ) ) ;
#490 = EDGE_CURVE ( 'NONE', #4132, #414, #207, .T. ) ;
#491 = VERTEX_POINT ( 'NONE', #390 ) ;
#492 = CIRCLE ( 'NONE', #2329, 3.970000000000001528 ) ;
#493 = VERTEX_POINT ( 'NONE', #1331 ) ;
#494 = CARTESIAN_POINT ( 'NONE',  ( 95.50000000000000000, -41.40000000000000568, 26.51000000000000156 ) ) ;
#495 = DIRECTION ( 'NONE',  ( 0.000000000000000000, 0.000000000000000000, 1.000000000000000000 ) ) ;
#496 = CARTESIAN_POINT ( 'NONE',  ( 189.7000000000000171, -60.99999999999999289, 13.76000000000000156 ) ) ;
#497 = CARTESIAN_POINT ( 'NONE',  ( 184.6000000000000227, -33.50000000000000000, -8.490000000000000213 ) ) ;
#498 = AXIS2_PLACEMENT_3D ( 'NONE', #253, #2966, #1611 ) ;
#499 = ORIENTED_EDGE ( 'NONE', *, *, #2294, .F. ) ;
#500 = TOROIDAL_SURFACE ( 'NONE', #1634, 6.400000000000007461, 0.4000000000000000222 ) ;
#501 = ORIENTED_EDGE ( 'NONE', *, *, #3731, .F. ) ;
#502 = CIRCLE ( 'NONE', #2555, 11.40000000000000568 ) ;
#503 = DIRECTION ( 'NONE',  ( 0.000000000000000000, -0.000000000000000000, 1.000000000000000000 ) ) ;
#504 = LINE ( 'NONE', #3185, #39 ) ;
#505 = DIRECTION ( 'NONE',  ( -0.000000000000000000, -0.000000000000000000, -1.000000000000000000 ) ) ;
#506 = EDGE_CURVE ( 'NONE', #1037, #2884, #328, .T. ) ;
#507 = AXIS2_PLACEMENT_3D ( 'NONE', #266, #3596, #3254 ) ;
#508 = ORIENTED_EDGE ( 'NONE', *, *, #850, .F. ) ;
#509 = ORIENTED_EDGE ( 'NONE', *, *, #1773, .F. ) ;
#510 = VECTOR ( 'NONE', #1182, 1000.000000000000000 ) ;
#511 = DIRECTION ( 'NONE',  ( 0.000000000000000000, 0.000000000000000000, -1.000000000000000000 ) ) ;
#512 = AXIS2_PLACEMENT_3D ( 'NONE', #1209, #3929, #878 ) ;
#513 = ADVANCED_FACE ( 'NONE', ( #4055 ), #3175, .T. ) ;
#514 = DIRECTION ( 'NONE',  ( -0.000000000000000000, -0.000000000000000000, -1.000000000000000000 ) ) ;
#515 = CARTESIAN_POINT ( 'NONE',  ( 192.7000000000000171, -130.8448535783208513, 0.000000000000000000 ) ) ;
#516 = DIRECTION ( 'NONE',  ( 0.000000000000000000, 0.000000000000000000, 1.000000000000000000 ) ) ;
#517 = CARTESIAN_POINT ( 'NONE',  ( -0.000000000000000000, -30.80000000000000071, -7.334853578320835510 ) ) ;
#518 = ORIENTED_EDGE ( 'NONE', *, *, #2542, .T. ) ;
#519 = AXIS2_PLACEMENT_3D ( 'NONE', #959, #1605, #2648 ) ;
#520 = ORIENTED_EDGE ( 'NONE', *, *, #2961, .T. ) ;
#521 = FACE_OUTER_BOUND ( 'NONE', #1908, .T. ) ;
#522 = CARTESIAN_POINT ( 'NONE',  ( 164.8999999999999773, -39.00000000000000000, 0.5099999999999983435 ) ) ;
#523 = EDGE_CURVE ( 'NONE', #3071, #2487, #999, .T. ) ;
#524 = DIRECTION ( 'NONE',  ( -1.000000000000000000, 0.000000000000000000, -0.000000000000000000 ) ) ;
#525 = FACE_OUTER_BOUND ( 'NONE', #2835, .T. ) ;
#526 = ORIENTED_EDGE ( 'NONE', *, *, #2867, .T. ) ;
#527 = ORIENTED_EDGE ( 'NONE', *, *, #2197, .F. ) ;
#528 = LINE ( 'NONE', #3959, #1265 ) ;
#529 = DIRECTION ( 'NONE',  ( 0.000000000000000000, 0.000000000000000000, -1.000000000000000000 ) ) ;
#530 = CARTESIAN_POINT ( 'NONE',  ( 186.0700000000000500, -136.0000000000000000, 28.11000000000000298 ) ) ;
#531 = EDGE_LOOP ( 'NONE', ( #2202, #1794, #3555, #803 ) ) ;
#532 = ORIENTED_EDGE ( 'NONE', *, *, #2199, .T. ) ;
#533 = DIRECTION ( 'NONE',  ( 0.000000000000000000, 0.000000000000000000, -1.000000000000000000 ) ) ;
#534 = CIRCLE ( 'NONE', #814, 0.4000000000000001887 ) ;
#535 = DIRECTION ( 'NONE',  ( 0.000000000000000000, 0.000000000000000000, 1.000000000000000000 ) ) ;
#536 = CARTESIAN_POINT ( 'NONE',  ( 87.69104540212261156, -39.29563901983433283, 24.71436098016566518 ) ) ;
#537 = DIRECTION ( 'NONE',  ( -1.000000000000000000, 0.000000000000000000, 0.000000000000000000 ) ) ;
#538 = DIRECTION ( 'NONE',  ( 0.000000000000000000, 0.000000000000000000, 1.000000000000000000 ) ) ;
#539 = EDGE_CURVE ( 'NONE', #2360, #2210, #2417, .T. ) ;
#540 = ORIENTED_EDGE ( 'NONE', *, *, #1030, .F. ) ;
#541 = CARTESIAN_POINT ( 'NONE',  ( 98.40000000000000568, -36.39999999999999858, 28.11000000000000298 ) ) ;
#542 = DIRECTION ( 'NONE',  ( 0.000000000000000000, 0.000000000000000000, -1.000000000000000000 ) ) ;
#543 = CIRCLE ( 'NONE', #2015, 6.000000000000000000 ) ;
#544 = DIRECTION ( 'NONE',  ( 1.000000000000000000, 0.000000000000000000, -0.000000000000000000 ) ) ;
#545 = DIRECTION ( 'NONE',  ( 1.000000000000000000, 0.000000000000000000, 0.000000000000000000 ) ) ;
#546 = VECTOR ( 'NONE', #3314, 1000.000000000000000 ) ;
#547 = ORIENTED_EDGE ( 'NONE', *, *, #1888, .F. ) ;
#548 = ORIENTED_EDGE ( 'NONE', *, *, #817, .F. ) ;
#549 = VECTOR ( 'NONE', #3893, 1000.000000000000000 ) ;
#550 = DIRECTION ( 'NONE',  ( -1.000000000000000000, 0.000000000000000000, 0.000000000000000000 ) ) ;
#551 = LINE ( 'NONE', #1572, #2722 ) ;
#552 = LINE ( 'NONE', #231, #324 ) ;
#553 = ORIENTED_EDGE ( 'NONE', *, *, #2328, .F. ) ;
#554 = VERTEX_POINT ( 'NONE', #3716 ) ;
#555 = EDGE_LOOP ( 'NONE', ( #1456, #3303, #3628, #3023 ) ) ;
#556 = EDGE_CURVE ( 'NONE', #3770, #1368, #1705, .T. ) ;
#557 = FACE_OUTER_BOUND ( 'NONE', #1268, .T. ) ;
#558 = DIRECTION ( 'NONE',  ( -0.000000000000000000, 1.000000000000000000, -1.224646799147353207E-16 ) ) ;
#559 = ADVANCED_FACE ( 'NONE', ( #3381 ), #4144, .F. ) ;
#560 = VERTEX_POINT ( 'NONE', #1417 ) ;
#561 = LINE ( 'NONE', #1495, #3279 ) ;
#562 = LINE ( 'NONE', #600, #4199 ) ;
#563 = DIRECTION ( 'NONE',  ( 0.000000000000000000, -0.000000000000000000, 1.000000000000000000 ) ) ;
#564 = ORIENTED_EDGE ( 'NONE', *, *, #1618, .T. ) ;
#565 = ORIENTED_EDGE ( 'NONE', *, *, #437, .F. ) ;
#566 = DIRECTION ( 'NONE',  ( 0.000000000000000000, 1.000000000000000000, 0.000000000000000000 ) ) ;
#567 = DIRECTION ( 'NONE',  ( 0.000000000000000000, -1.000000000000000000, 0.000000000000000000 ) ) ;
#568 = CIRCLE ( 'NONE', #1057, 2.500000000000002220 ) ;
#569 = LINE ( 'NONE', #2945, #2094 ) ;
#570 = EDGE_LOOP ( 'NONE', ( #610, #1382 ) ) ;
#571 = ORIENTED_EDGE ( 'NONE', *, *, #1237, .T. ) ;
#572 = EDGE_CURVE ( 'NONE', #2453, #3686, #4329, .T. ) ;
#573 = CIRCLE ( 'NONE', #4128, 1.030000000000003135 ) ;
#574 = ADVANCED_FACE ( 'NONE', ( #4077 ), #2437, .F. ) ;
#575 = CIRCLE ( 'NONE', #1504, 0.3999999999999993006 ) ;
#576 = CARTESIAN_POINT ( 'NONE',  ( 92.79999999999999716, 1.107788325009750426E-14, 0.000000000000000000 ) ) ;
#577 = FACE_OUTER_BOUND ( 'NONE', #1809, .T. ) ;
#578 = ADVANCED_FACE ( 'NONE', ( #4409 ), #752, .F. ) ;
#579 = AXIS2_PLACEMENT_3D ( 'NONE', #19, #634, #318 ) ;
#580 = ADVANCED_FACE ( 'NONE', ( #1685 ), #3077, .T. ) ;
#581 = VERTEX_POINT ( 'NONE', #2349 ) ;
#582 = CARTESIAN_POINT ( 'NONE',  ( 183.0000000000000000, -29.00000000000000000, -8.490000000000000213 ) ) ;
#583 = DIRECTION ( 'NONE',  ( -0.000000000000000000, -0.000000000000000000, 1.000000000000000000 ) ) ;
#584 = FACE_OUTER_BOUND ( 'NONE', #4318, .T. ) ;
#585 = AXIS2_PLACEMENT_3D ( 'NONE', #1937, #290, #3658 ) ;
#586 = EDGE_LOOP ( 'NONE', ( #1406, #2385 ) ) ;
#587 = EDGE_LOOP ( 'NONE', ( #1133, #3176, #2671, #3478 ) ) ;
#588 = ADVANCED_FACE ( 'NONE', ( #3759 ), #730, .F. ) ;
#589 = LINE ( 'NONE', #3365, #2011 ) ;
#590 = DIRECTION ( 'NONE',  ( 1.000000000000000000, 0.000000000000000000, -0.000000000000000000 ) ) ;
#591 = ORIENTED_EDGE ( 'NONE', *, *, #1173, .T. ) ;
#592 = VERTEX_POINT ( 'NONE', #3466 ) ;
#593 = CARTESIAN_POINT ( 'NONE',  ( 127.7500000000000000, -138.9000000000000341, 8.747259556115935197 ) ) ;
#594 = CARTESIAN_POINT ( 'NONE',  ( 101.8999999999999915, -102.0000000000000142, -8.490000000000000213 ) ) ;
#595 = DIRECTION ( 'NONE',  ( -0.8891264907159880382, 0.3236155771181852825, 0.3236155771181852825 ) ) ;
#596 = AXIS2_PLACEMENT_3D ( 'NONE', #4359, #1301, #1982 ) ;
#597 = AXIS2_PLACEMENT_3D ( 'NONE', #2974, #3698, #4349 ) ;
#598 = ORIENTED_EDGE ( 'NONE', *, *, #4256, .T. ) ;
#599 = DIRECTION ( 'NONE',  ( -0.000000000000000000, -0.000000000000000000, -1.000000000000000000 ) ) ;
#600 = CARTESIAN_POINT ( 'NONE',  ( 186.0700000000000216, -36.39999999999999147, 28.11000000000000298 ) ) ;
#601 = EDGE_CURVE ( 'NONE', #2731, #3288, #3740, .T. ) ;
#602 = CARTESIAN_POINT ( 'NONE',  ( 194.5000000000000000, -40.50000000000000000, -7.990000000000000213 ) ) ;
#603 = CARTESIAN_POINT ( 'NONE',  ( 105.3999999999999915, -39.00000000000000000, -8.490000000000000213 ) ) ;
#604 = ORIENTED_EDGE ( 'NONE', *, *, #2014, .F. ) ;
#605 = ORIENTED_EDGE ( 'NONE', *, *, #2987, .F. ) ;
#606 = CARTESIAN_POINT ( 'NONE',  ( 164.8999999999999773, -39.00000000000000000, 0.5099999999999983435 ) ) ;
#607 = CARTESIAN_POINT ( 'NONE',  ( 188.0000000000000000, -136.5000000000000000, -10.99000000000000199 ) ) ;
#608 = DIRECTION ( 'NONE',  ( -0.000000000000000000, -0.000000000000000000, -1.000000000000000000 ) ) ;
#609 = AXIS2_PLACEMENT_3D ( 'NONE', #1031, #2382, #3414 ) ;
#610 = ORIENTED_EDGE ( 'NONE', *, *, #3651, .T. ) ;
#611 = AXIS2_PLACEMENT_3D ( 'NONE', #1787, #1460, #2770 ) ;
#612 = ORIENTED_EDGE ( 'NONE', *, *, #2283, .F. ) ;
#613 = DIRECTION ( 'NONE',  ( 0.000000000000000000, 0.000000000000000000, 1.000000000000000000 ) ) ;
#614 = EDGE_LOOP ( 'NONE', ( #2231, #571, #3880, #1263 ) ) ;
#615 = DIRECTION ( 'NONE',  ( 1.000000000000000000, 0.000000000000000000, 0.000000000000000000 ) ) ;
#616 = CARTESIAN_POINT ( 'NONE',  ( 192.3000000000000114, -60.99999999999999289, 7.760000000000000675 ) ) ;
#617 = CIRCLE ( 'NONE', #1046, 6.000000000000006217 ) ;
#618 = ORIENTED_EDGE ( 'NONE', *, *, #539, .T. ) ;
#619 = FACE_OUTER_BOUND ( 'NONE', #3368, .T. ) ;
#620 = ADVANCED_FACE ( 'NONE', ( #3400 ), #2058, .T. ) ;
#621 = DIRECTION ( 'NONE',  ( -0.000000000000000000, -0.000000000000000000, 1.000000000000000000 ) ) ;
#622 = ADVANCED_FACE ( 'NONE', ( #368 ), #1721, .T. ) ;
#623 = CARTESIAN_POINT ( 'NONE',  ( 99.43000000000002103, -135.6000000000000512, 28.11000000000000298 ) ) ;
#624 = ORIENTED_EDGE ( 'NONE', *, *, #2465, .T. ) ;
#625 = EDGE_LOOP ( 'NONE', ( #2217, #2040, #3926, #4240 ) ) ;
#626 = DIRECTION ( 'NONE',  ( 0.000000000000000000, 1.000000000000000000, 0.000000000000000000 ) ) ;
#627 = DIRECTION ( 'NONE',  ( -0.000000000000000000, 0.000000000000000000, 1.000000000000000000 ) ) ;
#628 = CARTESIAN_POINT ( 'NONE',  ( 97.54999999999999716, -137.9999999999999716, 18.51000000000000156 ) ) ;
#629 = CIRCLE ( 'NONE', #3909, 3.500000000000031086 ) ;
#630 = ORIENTED_EDGE ( 'NONE', *, *, #4293, .F. ) ;
#631 = ADVANCED_FACE ( 'NONE', ( #4259 ), #775, .F. ) ;
#632 = ORIENTED_EDGE ( 'NONE', *, *, #3677, .F. ) ;
#633 = VECTOR ( 'NONE', #921, 1000.000000000000000 ) ;
#634 = DIRECTION ( 'NONE',  ( 1.000000000000000000, 5.139921410301661840E-15, -0.000000000000000000 ) ) ;
#635 = AXIS2_PLACEMENT_3D ( 'NONE', #354, #1360, #4105 ) ;
#636 = CARTESIAN_POINT ( 'NONE',  ( 95.50000000000001421, -133.1000000000000512, -8.490000000000000213 ) ) ;
#637 = VECTOR ( 'NONE', #3699, 1000.000000000000000 ) ;
#638 = AXIS2_PLACEMENT_3D ( 'NONE', #2460, #3853, #2866 ) ;
#639 = EDGE_CURVE ( 'NONE', #3770, #923, #76, .T. ) ;
#640 = CARTESIAN_POINT ( 'NONE',  ( 100.9000000000000199, -138.5000000000000000, -8.490000000000000213 ) ) ;
#641 = VECTOR ( 'NONE', #3103, 1000.000000000000000 ) ;
#642 = FACE_OUTER_BOUND ( 'NONE', #4298, .T. ) ;
#643 = DIRECTION ( 'NONE',  ( 1.000000000000000000, 0.000000000000000000, 0.000000000000000000 ) ) ;
#644 = FACE_OUTER_BOUND ( 'NONE', #947, .T. ) ;
#645 = AXIS2_PLACEMENT_3D ( 'NONE', #2196, #2796, #99 ) ;
#646 = CARTESIAN_POINT ( 'NONE',  ( 100.9000000000000199, -138.5000000000000000, -8.490000000000000213 ) ) ;
#647 = ORIENTED_EDGE ( 'NONE', *, *, #4231, .F. ) ;
#648 = EDGE_CURVE ( 'NONE', #1779, #4132, #2564, .T. ) ;
#649 = ORIENTED_EDGE ( 'NONE', *, *, #1011, .F. ) ;
#650 = CARTESIAN_POINT ( 'NONE',  ( 127.7500000000000000, -138.9000000000000341, 20.14725955611593733 ) ) ;
#651 = LINE ( 'NONE', #2333, #3302 ) ;
#652 = EDGE_LOOP ( 'NONE', ( #1863, #3242 ) ) ;
#653 = EDGE_CURVE ( 'NONE', #151, #581, #3150, .T. ) ;
#654 = VERTEX_POINT ( 'NONE', #822 ) ;
#655 = AXIS2_PLACEMENT_3D ( 'NONE', #2581, #2268, #563 ) ;
#656 = CARTESIAN_POINT ( 'NONE',  ( 186.0700000000000500, -136.0000000000000000, 26.51000000000000156 ) ) ;
#657 = DIRECTION ( 'NONE',  ( 0.000000000000000000, -0.000000000000000000, -1.000000000000000000 ) ) ;
#658 = CARTESIAN_POINT ( 'NONE',  ( 187.1000000000000227, -135.6000000000000227, 28.11000000000000298 ) ) ;
#659 = EDGE_CURVE ( 'NONE', #1335, #3062, #289, .T. ) ;
#660 = DIRECTION ( 'NONE',  ( -0.000000000000000000, -0.000000000000000000, -1.000000000000000000 ) ) ;
#661 = DIRECTION ( 'NONE',  ( -0.000000000000000000, -0.000000000000000000, -1.000000000000000000 ) ) ;
#662 = DIRECTION ( 'NONE',  ( 0.000000000000000000, 0.000000000000000000, -1.000000000000000000 ) ) ;
#663 = DIRECTION ( 'NONE',  ( 1.000000000000000000, 0.000000000000000000, 0.000000000000000000 ) ) ;
#664 = CIRCLE ( 'NONE', #1374, 6.099999999999994316 ) ;
#665 = AXIS2_PLACEMENT_3D ( 'NONE', #871, #1201, #3269 ) ;
#666 = VECTOR ( 'NONE', #3537, 1000.000000000000000 ) ;
#667 = ORIENTED_EDGE ( 'NONE', *, *, #2008, .T. ) ;
#668 = ORIENTED_EDGE ( 'NONE', *, *, #1154, .T. ) ;
#669 = LINE ( 'NONE', #3704, #348 ) ;
#670 = CARTESIAN_POINT ( 'NONE',  ( 91.00000000000000000, -29.00000000000000000, -7.990000000000000213 ) ) ;
#671 = CARTESIAN_POINT ( 'NONE',  ( 192.7000000000000171, -110.9999999999999858, 1.359999999999984555 ) ) ;
#672 = EDGE_LOOP ( 'NONE', ( #249, #3572, #726, #3433 ) ) ;
#673 = ORIENTED_EDGE ( 'NONE', *, *, #2595, .T. ) ;
#674 = DIRECTION ( 'NONE',  ( 0.000000000000000000, 0.000000000000000000, 1.000000000000000000 ) ) ;
#675 = EDGE_CURVE ( 'NONE', #4137, #3222, #1992, .T. ) ;
#676 = VECTOR ( 'NONE', #944, 1000.000000000000000 ) ;
#677 = TOROIDAL_SURFACE ( 'NONE', #1736, 6.400000000000000355, 0.4000000000000000222 ) ;
#678 = ORIENTED_EDGE ( 'NONE', *, *, #2862, .T. ) ;
#679 = CARTESIAN_POINT ( 'NONE',  ( 102.5000000000000284, -143.0000000000000284, 23.51000000000000156 ) ) ;
#680 = AXIS2_PLACEMENT_3D ( 'NONE', #1260, #1943, #1654 ) ;
#681 = DIRECTION ( 'NONE',  ( 0.000000000000000000, -0.000000000000000000, -1.000000000000000000 ) ) ;
#682 = CARTESIAN_POINT ( 'NONE',  ( 182.1000000000000227, -32.03000000000000114, 28.11000000000000298 ) ) ;
#683 = DIRECTION ( 'NONE',  ( 0.000000000000000000, 0.000000000000000000, 1.000000000000000000 ) ) ;
#684 = CARTESIAN_POINT ( 'NONE',  ( 189.7000000000000171, -86.00000000000000000, 13.76000000000000156 ) ) ;
#685 = DIRECTION ( 'NONE',  ( -0.3420201433256694901, 0.9396926207859082059, 0.000000000000000000 ) ) ;
#686 = EDGE_CURVE ( 'NONE', #1377, #1494, #1440, .T. ) ;
#687 = ORIENTED_EDGE ( 'NONE', *, *, #3207, .F. ) ;
#688 = VERTEX_POINT ( 'NONE', #2819 ) ;
#689 = CYLINDRICAL_SURFACE ( 'NONE', #4302, 1.299999999999995604 ) ;
#690 = VECTOR ( 'NONE', #2609, 1000.000000000000000 ) ;
#691 = EDGE_CURVE ( 'NONE', #654, #2920, #1869, .T. ) ;
#692 = PLANE ( 'NONE',  #1595 ) ;
#693 = FACE_OUTER_BOUND ( 'NONE', #754, .T. ) ;
#694 = VERTEX_POINT ( 'NONE', #440 ) ;
#695 = ORIENTED_EDGE ( 'NONE', *, *, #95, .F. ) ;
#696 = PLANE ( 'NONE',  #4246 ) ;
#697 = ORIENTED_EDGE ( 'NONE', *, *, #2148, .T. ) ;
#698 = VERTEX_POINT ( 'NONE', #3545 ) ;
#699 = ADVANCED_FACE ( 'NONE', ( #3172 ), #2222, .T. ) ;
#700 = EDGE_CURVE ( 'NONE', #3503, #1641, #1515, .T. ) ;
#701 = CARTESIAN_POINT ( 'NONE',  ( 127.7500000000000000, -138.9000000000000341, -2.652740443884070931 ) ) ;
#702 = EDGE_CURVE ( 'NONE', #3071, #902, #2865, .T. ) ;
#703 = AXIS2_PLACEMENT_3D ( 'NONE', #3501, #3907, #4244 ) ;
#704 = TOROIDAL_SURFACE ( 'NONE', #3634, 6.400000000000007461, 0.4000000000000000222 ) ;
#705 = CIRCLE ( 'NONE', #2201, 6.099999999999994316 ) ;
#706 = CARTESIAN_POINT ( 'NONE',  ( 164.8999999999999773, -39.00000000000000000, 0.5099999999999983435 ) ) ;
#707 = EDGE_CURVE ( 'NONE', #192, #2890, #4237, .T. ) ;
#708 = DIRECTION ( 'NONE',  ( 0.000000000000000000, 0.000000000000000000, -1.000000000000000000 ) ) ;
#709 = DIRECTION ( 'NONE',  ( 0.9396926207859082059, 0.000000000000000000, 0.3420201433256694901 ) ) ;
#710 = FACE_OUTER_BOUND ( 'NONE', #2594, .T. ) ;
#711 = DIRECTION ( 'NONE',  ( 0.000000000000000000, 0.000000000000000000, 1.000000000000000000 ) ) ;
#712 = AXIS2_PLACEMENT_3D ( 'NONE', #3387, #333, #2780 ) ;
#713 = VERTEX_POINT ( 'NONE', #2841 ) ;
#714 = ORIENTED_EDGE ( 'NONE', *, *, #733, .T. ) ;
#715 = DIRECTION ( 'NONE',  ( -1.000000000000000000, 0.000000000000000000, 0.000000000000000000 ) ) ;
#716 = AXIS2_PLACEMENT_3D ( 'NONE', #1490, #4162, #2176 ) ;
#717 = VECTOR ( 'NONE', #3252, 1000.000000000000000 ) ;
#718 = FACE_OUTER_BOUND ( 'NONE', #4045, .T. ) ;
#719 = DIRECTION ( 'NONE',  ( -1.000000000000000000, 0.000000000000000000, 0.000000000000000000 ) ) ;
#720 = AXIS2_PLACEMENT_3D ( 'NONE', #2743, #3751, #4071 ) ;
#721 = VERTEX_POINT ( 'NONE', #3899 ) ;
#722 = ORIENTED_EDGE ( 'NONE', *, *, #3901, .F. ) ;
#723 = CARTESIAN_POINT ( 'NONE',  ( 0.000000000000000000, -141.2000000000000171, -7.334853578320836398 ) ) ;
#724 = ORIENTED_EDGE ( 'NONE', *, *, #4392, .F. ) ;
#725 = CIRCLE ( 'NONE', #2288, 6.400000000000007461 ) ;
#726 = ORIENTED_EDGE ( 'NONE', *, *, #4009, .T. ) ;
#727 = DIRECTION ( 'NONE',  ( 0.000000000000000000, 0.000000000000000000, 1.000000000000000000 ) ) ;
#728 = CARTESIAN_POINT ( 'NONE',  ( 183.0000000000000000, -29.00000000000000000, -8.490000000000000213 ) ) ;
#729 = CYLINDRICAL_SURFACE ( 'NONE', #1765, 11.00000000000000711 ) ;
#730 = PLANE ( 'NONE',  #1475 ) ;
#731 = PLANE ( 'NONE',  #1347 ) ;
#732 = ORIENTED_EDGE ( 'NONE', *, *, #1173, .F. ) ;
#733 = EDGE_CURVE ( 'NONE', #3257, #1429, #2772, .T. ) ;
#734 = ORIENTED_EDGE ( 'NONE', *, *, #1030, .T. ) ;
#735 = LINE ( 'NONE', #3497, #1771 ) ;
#736 = DIRECTION ( 'NONE',  ( 0.000000000000000000, -0.000000000000000000, -1.000000000000000000 ) ) ;
#737 = CARTESIAN_POINT ( 'NONE',  ( 182.1000000000000227, -32.03000000000000114, 26.51000000000000156 ) ) ;
#738 = DIRECTION ( 'NONE',  ( 1.000000000000000000, 0.000000000000000000, 0.000000000000000000 ) ) ;
#739 = VERTEX_POINT ( 'NONE', #3226 ) ;
#740 = CIRCLE ( 'NONE', #3074, 1.350000000000004086 ) ;
#741 = EDGE_LOOP ( 'NONE', ( #3040, #3443, #4198, #2430 ) ) ;
#742 = DIRECTION ( 'NONE',  ( -1.000000000000000000, 0.000000000000000000, 0.000000000000000000 ) ) ;
#743 = VERTEX_POINT ( 'NONE', #3493 ) ;
#744 = ORIENTED_EDGE ( 'NONE', *, *, #3735, .T. ) ;
#745 = AXIS2_PLACEMENT_3D ( 'NONE', #170, #2174, #1487 ) ;
#746 = CARTESIAN_POINT ( 'NONE',  ( 184.6000000000000512, -138.5000000000000000, -8.490000000000000213 ) ) ;
#747 = DIRECTION ( 'NONE',  ( 1.000000000000000000, 0.000000000000000000, 0.000000000000000000 ) ) ;
#748 = CIRCLE ( 'NONE', #2668, 6.099999999999994316 ) ;
#749 = VECTOR ( 'NONE', #3219, 1000.000000000000000 ) ;
#750 = LINE ( 'NONE', #2101, #3876 ) ;
#751 = FACE_OUTER_BOUND ( 'NONE', #1028, .T. ) ;
#752 = CYLINDRICAL_SURFACE ( 'NONE', #1681, 1.299999999999995604 ) ;
#753 = DIRECTION ( 'NONE',  ( 0.000000000000000000, -0.000000000000000000, 1.000000000000000000 ) ) ;
#754 = EDGE_LOOP ( 'NONE', ( #2259, #787, #63, #1443 ) ) ;
#755 = VERTEX_POINT ( 'NONE', #1791 ) ;
#756 = CARTESIAN_POINT ( 'NONE',  ( 190.4000000000000057, -110.9999999999999858, 1.759999999999984688 ) ) ;
#757 = CARTESIAN_POINT ( 'NONE',  ( 95.50000000000001421, -130.6000000000000512, 28.11000000000000298 ) ) ;
#758 = DIRECTION ( 'NONE',  ( 0.000000000000000000, 0.000000000000000000, 1.000000000000000000 ) ) ;
#759 = DIRECTION ( 'NONE',  ( 1.000000000000000000, 0.000000000000000000, 0.000000000000000000 ) ) ;
#760 = EDGE_CURVE ( 'NONE', #3608, #592, #2986, .T. ) ;
#761 = ORIENTED_EDGE ( 'NONE', *, *, #3659, .T. ) ;
#762 = ORIENTED_EDGE ( 'NONE', *, *, #3836, .F. ) ;
#763 = DIRECTION ( 'NONE',  ( -0.000000000000000000, -0.000000000000000000, -1.000000000000000000 ) ) ;
#764 = ADVANCED_FACE ( 'NONE', ( #4187 ), #1131, .F. ) ;
#765 = CARTESIAN_POINT ( 'NONE',  ( 183.0000000000000000, -143.0000000000000284, 23.51000000000000156 ) ) ;
#766 = EDGE_CURVE ( 'NONE', #3062, #1335, #2016, .T. ) ;
#767 = ORIENTED_EDGE ( 'NONE', *, *, #2940, .F. ) ;
#768 = ORIENTED_EDGE ( 'NONE', *, *, #4340, .T. ) ;
#769 = PLANE ( 'NONE',  #3727 ) ;
#770 = LINE ( 'NONE', #460, #2092 ) ;
#771 = AXIS2_PLACEMENT_3D ( 'NONE', #1859, #3284, #1526 ) ;
#772 = ADVANCED_FACE ( 'NONE', ( #197 ), #1557, .F. ) ;
#773 = CARTESIAN_POINT ( 'NONE',  ( 186.0700000000000216, -36.39999999999999147, 28.11000000000000298 ) ) ;
#774 = CARTESIAN_POINT ( 'NONE',  ( 164.8999999999999773, -102.0000000000000142, 0.5099999999999983435 ) ) ;
#775 = CYLINDRICAL_SURFACE ( 'NONE', #716, 1.299999999999995604 ) ;
#776 = FACE_BOUND ( 'NONE', #3719, .T. ) ;
#777 = AXIS2_PLACEMENT_3D ( 'NONE', #3043, #4418, #2378 ) ;
#778 = ORIENTED_EDGE ( 'NONE', *, *, #1451, .F. ) ;
#779 = EDGE_LOOP ( 'NONE', ( #4278, #2168, #3351, #2331 ) ) ;
#780 = CARTESIAN_POINT ( 'NONE',  ( 97.50000000000000000, -35.50000000000000711, -10.59000000000000163 ) ) ;
#781 = CARTESIAN_POINT ( 'NONE',  ( 92.79999999999999716, -41.15514642167917003, 22.85485357832083508 ) ) ;
#782 = VECTOR ( 'NONE', #1130, 1000.000000000000114 ) ;
#783 = AXIS2_PLACEMENT_3D ( 'NONE', #1000, #663, #3079 ) ;
#784 = CARTESIAN_POINT ( 'NONE',  ( 189.2500000000000000, -137.9999999999999716, 26.51000000000000156 ) ) ;
#785 = CARTESIAN_POINT ( 'NONE',  ( 186.0700000000000216, -36.00000000000000711, 28.11000000000000298 ) ) ;
#786 = EDGE_CURVE ( 'NONE', #3507, #3502, #1893, .T. ) ;
#787 = ORIENTED_EDGE ( 'NONE', *, *, #3121, .F. ) ;
#788 = VECTOR ( 'NONE', #3594, 1000.000000000000000 ) ;
#789 = ORIENTED_EDGE ( 'NONE', *, *, #3868, .F. ) ;
#790 = DIRECTION ( 'NONE',  ( 0.000000000000000000, 0.000000000000000000, 1.000000000000000000 ) ) ;
#791 = CARTESIAN_POINT ( 'NONE',  ( 166.2500000000000000, -39.00000000000000000, 0.5099999999999983435 ) ) ;
#792 = ADVANCED_FACE ( 'NONE', ( #144 ), #2365, .T. ) ;
#793 = VERTEX_POINT ( 'NONE', #4139 ) ;
#794 = ORIENTED_EDGE ( 'NONE', *, *, #296, .T. ) ;
#795 = LINE ( 'NONE', #2501, #1748 ) ;
#796 = DIRECTION ( 'NONE',  ( 0.000000000000000000, -0.000000000000000000, 1.000000000000000000 ) ) ;
#797 =( NAMED_UNIT ( * ) PLANE_ANGLE_UNIT ( ) SI_UNIT ( $, .RADIAN. ) );
#798 = ADVANCED_FACE ( 'NONE', ( #1741 ), #3142, .T. ) ;
#799 = LINE ( 'NONE', #2818, #3272 ) ;
#800 = DIRECTION ( 'NONE',  ( -0.9396926207859082059, 0.3420201433256694901, 0.000000000000000000 ) ) ;
#801 = CARTESIAN_POINT ( 'NONE',  ( 101.8999999999999915, -39.00000000000000000, -8.490000000000000213 ) ) ;
#802 = ORIENTED_EDGE ( 'NONE', *, *, #72, .T. ) ;
#803 = ORIENTED_EDGE ( 'NONE', *, *, #3141, .T. ) ;
#804 = DIRECTION ( 'NONE',  ( 0.000000000000000000, 1.000000000000000000, -1.224646799147353207E-16 ) ) ;
#805 = DIRECTION ( 'NONE',  ( -0.000000000000000000, -0.000000000000000000, -1.000000000000000000 ) ) ;
#806 = CARTESIAN_POINT ( 'NONE',  ( 98.40000000000000568, -37.43000000000000682, 26.51000000000000156 ) ) ;
#807 = LINE ( 'NONE', #1427, #926 ) ;
#808 = EDGE_LOOP ( 'NONE', ( #3128, #3643, #469, #1587 ) ) ;
#809 = EDGE_LOOP ( 'NONE', ( #3205, #317, #678, #3456 ) ) ;
#810 = LINE ( 'NONE', #4201, #2172 ) ;
#811 = LINE ( 'NONE', #2518, #1970 ) ;
#812 = CARTESIAN_POINT ( 'NONE',  ( 97.50000000000000000, -29.40000000000000213, -10.99000000000000199 ) ) ;
#813 = VECTOR ( 'NONE', #3025, 1000.000000000000000 ) ;
#814 = AXIS2_PLACEMENT_3D ( 'NONE', #1646, #3357, #1621 ) ;
#815 = VERTEX_POINT ( 'NONE', #483 ) ;
#816 = ORIENTED_EDGE ( 'NONE', *, *, #2867, .F. ) ;
#817 = EDGE_CURVE ( 'NONE', #1832, #1962, #2942, .T. ) ;
#818 = CARTESIAN_POINT ( 'NONE',  ( 187.5000000000000000, -133.1000000000000227, -8.490000000000000213 ) ) ;
#819 = DIRECTION ( 'NONE',  ( -1.000000000000000000, -0.000000000000000000, -0.000000000000000000 ) ) ;
#820 = DIRECTION ( 'NONE',  ( 1.000000000000000000, 0.000000000000000000, 0.000000000000000000 ) ) ;
#821 = FACE_BOUND ( 'NONE', #3762, .T. ) ;
#822 = CARTESIAN_POINT ( 'NONE',  ( 187.9999999999999716, -29.00000000000000000, 26.51000000000000156 ) ) ;
#823 = DIRECTION ( 'NONE',  ( 0.000000000000000000, 0.000000000000000000, -1.000000000000000000 ) ) ;
#824 = AXIS2_PLACEMENT_3D ( 'NONE', #1715, #1325, #1657 ) ;
#825 = CIRCLE ( 'NONE', #3454, 2.500000000000002220 ) ;
#826 = ORIENTED_EDGE ( 'NONE', *, *, #3283, .F. ) ;
#827 = ORIENTED_EDGE ( 'NONE', *, *, #1035, .T. ) ;
#828 = DIRECTION ( 'NONE',  ( 0.000000000000000000, 0.000000000000000000, 1.000000000000000000 ) ) ;
#829 = EDGE_CURVE ( 'NONE', #2186, #3725, #2170, .T. ) ;
#830 = CARTESIAN_POINT ( 'NONE',  ( 187.5000000000000000, -41.39999999999999147, 28.11000000000000298 ) ) ;
#831 = PLANE ( 'NONE',  #1152 ) ;
#832 = DIRECTION ( 'NONE',  ( 0.000000000000000000, 0.000000000000000000, 1.000000000000000000 ) ) ;
#833 = VERTEX_POINT ( 'NONE', #3799 ) ;
#834 = ORIENTED_EDGE ( 'NONE', *, *, #1816, .F. ) ;
#835 = ADVANCED_FACE ( 'NONE', ( #3462 ), #2836, .F. ) ;
#836 = DIRECTION ( 'NONE',  ( 1.000000000000000000, 0.000000000000000000, 0.000000000000000000 ) ) ;
#837 = CARTESIAN_POINT ( 'NONE',  ( 98.00000000000000000, -41.40000000000000568, 28.11000000000000298 ) ) ;
#838 = LINE ( 'NONE', #765, #473 ) ;
#839 = AXIS2_PLACEMENT_3D ( 'NONE', #4227, #1170, #3582 ) ;
#840 = ORIENTED_EDGE ( 'NONE', *, *, #2212, .T. ) ;
#841 = ORIENTED_EDGE ( 'NONE', *, *, #447, .T. ) ;
#842 = CARTESIAN_POINT ( 'NONE',  ( 100.9000000000000199, -135.6000000000000512, -8.490000000000000213 ) ) ;
#843 = EDGE_CURVE ( 'NONE', #3977, #2500, #4232, .T. ) ;
#844 = EDGE_CURVE ( 'NONE', #943, #908, #3193, .T. ) ;
#845 = CARTESIAN_POINT ( 'NONE',  ( 108.8999999999999915, -39.00000000000000000, -8.490000000000000213 ) ) ;
#846 = EDGE_CURVE ( 'NONE', #3183, #2614, #70, .T. ) ;
#847 = CARTESIAN_POINT ( 'NONE',  ( 161.3999999999999488, -39.00000000000000000, 0.5099999999999983435 ) ) ;
#848 = DIRECTION ( 'NONE',  ( -0.000000000000000000, 0.000000000000000000, -1.000000000000000000 ) ) ;
#849 = CARTESIAN_POINT ( 'NONE',  ( 92.80000000000001137, -130.8448535783208513, 0.000000000000000000 ) ) ;
#850 = EDGE_CURVE ( 'NONE', #2650, #931, #2523, .T. ) ;
#851 = EDGE_LOOP ( 'NONE', ( #359, #2814, #1567, #1074 ) ) ;
#852 =( GEOMETRIC_REPRESENTATION_CONTEXT ( 3 ) GLOBAL_UNCERTAINTY_ASSIGNED_CONTEXT ( ( #3296 ) ) GLOBAL_UNIT_ASSIGNED_CONTEXT ( ( #1254, #2582, #1272 ) ) REPRESENTATION_CONTEXT ( 'NONE', 'WORKASPACE' ) );
#853 = ORIENTED_EDGE ( 'NONE', *, *, #2294, .T. ) ;
#854 = CARTESIAN_POINT ( 'NONE',  ( 98.40000000000001990, -135.6000000000000512, 28.11000000000000298 ) ) ;
#855 = FACE_BOUND ( 'NONE', #555, .T. ) ;
#856 = DIRECTION ( 'NONE',  ( 0.000000000000000000, 0.000000000000000000, 1.000000000000000000 ) ) ;
#857 = DIRECTION ( 'NONE',  ( -0.000000000000000000, -0.000000000000000000, 1.000000000000000000 ) ) ;
#858 = CIRCLE ( 'NONE', #1411, 3.500000000000031086 ) ;
#859 = ORIENTED_EDGE ( 'NONE', *, *, #1045, .T. ) ;
#860 = CIRCLE ( 'NONE', #2554, 2.500000000000002220 ) ;
#861 = ORIENTED_EDGE ( 'NONE', *, *, #1245, .T. ) ;
#862 = VECTOR ( 'NONE', #2488, 1000.000000000000000 ) ;
#863 = FACE_BOUND ( 'NONE', #69, .T. ) ;
#864 = FACE_OUTER_BOUND ( 'NONE', #4102, .T. ) ;
#865 = FACE_OUTER_BOUND ( 'NONE', #1600, .T. ) ;
#866 = AXIS2_PLACEMENT_3D ( 'NONE', #606, #1964, #1004 ) ;
#867 = ORIENTED_EDGE ( 'NONE', *, *, #3447, .F. ) ;
#868 = ORIENTED_EDGE ( 'NONE', *, *, #3038, .T. ) ;
#869 = AXIS2_PLACEMENT_3D ( 'NONE', #2552, #3878, #873 ) ;
#870 = DIRECTION ( 'NONE',  ( 0.000000000000000000, -1.000000000000000000, 0.000000000000000000 ) ) ;
#871 = CARTESIAN_POINT ( 'NONE',  ( 188.0000000000000000, -136.5000000000000000, -8.490000000000000213 ) ) ;
#872 = LINE ( 'NONE', #1226, #1319 ) ;
#873 = DIRECTION ( 'NONE',  ( 1.000000000000000000, 0.000000000000000000, 0.000000000000000000 ) ) ;
#874 = DIRECTION ( 'NONE',  ( -1.000000000000000000, 0.000000000000000000, 0.000000000000000000 ) ) ;
#875 = ORIENTED_EDGE ( 'NONE', *, *, #3841, .F. ) ;
#876 = CIRCLE ( 'NONE', #3289, 0.3999999999999993006 ) ;
#877 = ORIENTED_EDGE ( 'NONE', *, *, #951, .T. ) ;
#878 = DIRECTION ( 'NONE',  ( 0.000000000000000000, 0.000000000000000000, -1.000000000000000000 ) ) ;
#879 = DIRECTION ( 'NONE',  ( -1.000000000000000000, 0.000000000000000000, 0.000000000000000000 ) ) ;
#880 = CARTESIAN_POINT ( 'NONE',  ( 182.3448535783208513, -141.2000000000000171, 0.000000000000000000 ) ) ;
#881 = CARTESIAN_POINT ( 'NONE',  ( 194.5000000000000000, -35.50000000000000711, -10.59000000000000163 ) ) ;
#882 = ORIENTED_EDGE ( 'NONE', *, *, #3317, .F. ) ;
#883 = EDGE_CURVE ( 'NONE', #2211, #1832, #1597, .T. ) ;
#884 = EDGE_LOOP ( 'NONE', ( #4420, #3460, #1635, #3821 ) ) ;
#885 = DIRECTION ( 'NONE',  ( 0.000000000000000000, -1.000000000000000000, 0.000000000000000000 ) ) ;
#886 = LINE ( 'NONE', #927, #2908 ) ;
#887 = ORIENTED_EDGE ( 'NONE', *, *, #319, .T. ) ;
#888 = EDGE_LOOP ( 'NONE', ( #1553, #4268, #3262, #1002 ) ) ;
#889 = LINE ( 'NONE', #1614, #2640 ) ;
#890 = VECTOR ( 'NONE', #261, 1000.000000000000000 ) ;
#891 = CIRCLE ( 'NONE', #2725, 1.030000000000003135 ) ;
#892 =( NAMED_UNIT ( * ) SI_UNIT ( $, .STERADIAN. ) SOLID_ANGLE_UNIT ( ) );
#893 = CARTESIAN_POINT ( 'NONE',  ( 98.00000000000001421, -134.5700000000000500, 28.11000000000000298 ) ) ;
#894 = ORIENTED_EDGE ( 'NONE', *, *, #310, .F. ) ;
#895 = DIRECTION ( 'NONE',  ( -0.000000000000000000, 1.000000000000000000, -1.224646799147353207E-16 ) ) ;
#896 = DIRECTION ( 'NONE',  ( 0.000000000000000000, 0.000000000000000000, 1.000000000000000000 ) ) ;
#897 = FACE_OUTER_BOUND ( 'NONE', #3235, .T. ) ;
#898 = DIRECTION ( 'NONE',  ( 0.000000000000000000, 0.000000000000000000, 1.000000000000000000 ) ) ;
#899 = AXIS2_PLACEMENT_3D ( 'NONE', #2909, #4284, #2576 ) ;
#900 = EDGE_LOOP ( 'NONE', ( #3282, #3006 ) ) ;
#901 = EDGE_CURVE ( 'NONE', #1808, #2440, #3950, .T. ) ;
#902 = VERTEX_POINT ( 'NONE', #2789 ) ;
#903 = VECTOR ( 'NONE', #1550, 1000.000000000000000 ) ;
#904 = DIRECTION ( 'NONE',  ( -0.000000000000000000, 1.000000000000000000, -0.000000000000000000 ) ) ;
#905 = EDGE_CURVE ( 'NONE', #2615, #1377, #1102, .T. ) ;
#906 = DIRECTION ( 'NONE',  ( 0.000000000000000000, 0.000000000000000000, -1.000000000000000000 ) ) ;
#907 = DIRECTION ( 'NONE',  ( 1.000000000000000000, 0.000000000000000000, 0.000000000000000000 ) ) ;
#908 = VERTEX_POINT ( 'NONE', #2815 ) ;
#909 = ORIENTED_EDGE ( 'NONE', *, *, #1011, .T. ) ;
#910 = ADVANCED_FACE ( 'NONE', ( #120, #3823 ), #769, .T. ) ;
#911 = ORIENTED_EDGE ( 'NONE', *, *, #1045, .F. ) ;
#912 = EDGE_CURVE ( 'NONE', #581, #3903, #891, .T. ) ;
#913 = CIRCLE ( 'NONE', #4182, 1.350000000000017852 ) ;
#914 = CARTESIAN_POINT ( 'NONE',  ( 105.3999999999999915, -102.0000000000000142, -8.490000000000000213 ) ) ;
#915 = DIRECTION ( 'NONE',  ( -1.000000000000000000, -0.000000000000000000, -0.000000000000000000 ) ) ;
#916 = EDGE_CURVE ( 'NONE', #3793, #3887, #795, .T. ) ;
#917 = ORIENTED_EDGE ( 'NONE', *, *, #3267, .T. ) ;
#918 = CARTESIAN_POINT ( 'NONE',  ( 127.7500000000000000, -140.8000000000000114, 8.747259556115935197 ) ) ;
#919 = DIRECTION ( 'NONE',  ( 0.000000000000000000, 0.000000000000000000, -1.000000000000000000 ) ) ;
#920 = CARTESIAN_POINT ( 'NONE',  ( 189.7000000000000171, -86.00000000000000000, 7.759999999999996234 ) ) ;
#921 = DIRECTION ( 'NONE',  ( 0.000000000000000000, 0.000000000000000000, 1.000000000000000000 ) ) ;
#922 = ORIENTED_EDGE ( 'NONE', *, *, #1944, .T. ) ;
#923 = VERTEX_POINT ( 'NONE', #3871 ) ;
#924 = CARTESIAN_POINT ( 'NONE',  ( 108.8999999999999915, -39.00000000000000000, 0.5099999999999983435 ) ) ;
#925 = CARTESIAN_POINT ( 'NONE',  ( 182.1000000000000227, -32.03000000000000114, 28.11000000000000298 ) ) ;
#926 = VECTOR ( 'NONE', #2161, 1000.000000000000000 ) ;
#927 = CARTESIAN_POINT ( 'NONE',  ( 190.5500000000000114, -137.9999999999999716, 18.51000000000000156 ) ) ;
#928 = CIRCLE ( 'NONE', #1697, 2.500000000000002220 ) ;
#929 = VERTEX_POINT ( 'NONE', #459 ) ;
#930 = EDGE_LOOP ( 'NONE', ( #258, #4361, #3417, #1518 ) ) ;
#931 = VERTEX_POINT ( 'NONE', #818 ) ;
#932 = AXIS2_PLACEMENT_3D ( 'NONE', #420, #1776, #2510 ) ;
#933 = DIRECTION ( 'NONE',  ( -0.000000000000000000, -0.000000000000000000, -1.000000000000000000 ) ) ;
#934 = CARTESIAN_POINT ( 'NONE',  ( 92.79999999999999716, -41.15514642167917003, -7.334853578320835510 ) ) ;
#935 = AXIS2_PLACEMENT_3D ( 'NONE', #3223, #1283, #533 ) ;
#936 = VERTEX_POINT ( 'NONE', #1549 ) ;
#937 = DIRECTION ( 'NONE',  ( 0.000000000000000000, 0.000000000000000000, 1.000000000000000000 ) ) ;
#938 = CARTESIAN_POINT ( 'NONE',  ( 91.00000000000000000, -29.00000000000000000, 23.50999999999999801 ) ) ;
#939 = LINE ( 'NONE', #1998, #225 ) ;
#940 = LINE ( 'NONE', #2293, #633 ) ;
#941 = VECTOR ( 'NONE', #2292, 1000.000000000000000 ) ;
#942 = ORIENTED_EDGE ( 'NONE', *, *, #3945, .F. ) ;
#943 = VERTEX_POINT ( 'NONE', #3939 ) ;
#944 = DIRECTION ( 'NONE',  ( -0.000000000000000000, -0.000000000000000000, 1.000000000000000000 ) ) ;
#945 = FACE_OUTER_BOUND ( 'NONE', #468, .T. ) ;
#946 = CARTESIAN_POINT ( 'NONE',  ( 182.1000000000000227, -36.00000000000000711, 26.51000000000000156 ) ) ;
#947 = EDGE_LOOP ( 'NONE', ( #1783, #3160, #1177, #734 ) ) ;
#948 = VERTEX_POINT ( 'NONE', #2214 ) ;
#949 = DIRECTION ( 'NONE',  ( 0.000000000000000000, 0.000000000000000000, -1.000000000000000000 ) ) ;
#950 = EDGE_CURVE ( 'NONE', #3725, #3592, #3505, .T. ) ;
#951 = EDGE_CURVE ( 'NONE', #592, #221, #504, .T. ) ;
#952 = DIRECTION ( 'NONE',  ( -0.000000000000000000, -0.000000000000000000, -1.000000000000000000 ) ) ;
#953 = DIRECTION ( 'NONE',  ( 1.000000000000000000, 0.000000000000000000, 0.000000000000000000 ) ) ;
#954 = AXIS2_PLACEMENT_3D ( 'NONE', #423, #1730, #3131 ) ;
#955 = AXIS2_PLACEMENT_3D ( 'NONE', #2907, #535, #2575 ) ;
#956 = ORIENTED_EDGE ( 'NONE', *, *, #1116, .T. ) ;
#957 = DIRECTION ( 'NONE',  ( -0.000000000000000000, -0.000000000000000000, -1.000000000000000000 ) ) ;
#958 = CARTESIAN_POINT ( 'NONE',  ( 98.40000000000001990, -134.5700000000000500, 26.51000000000000156 ) ) ;
#959 = CARTESIAN_POINT ( 'NONE',  ( 192.3000000000000114, -110.9999999999999858, 1.359999999999984555 ) ) ;
#960 = CARTESIAN_POINT ( 'NONE',  ( 97.50000000000000000, -29.00000000000000000, -8.490000000000000213 ) ) ;
#961 = EDGE_CURVE ( 'NONE', #560, #3288, #617, .T. ) ;
#962 = EDGE_CURVE ( 'NONE', #4334, #1168, #3897, .T. ) ;
#963 = ORIENTED_EDGE ( 'NONE', *, *, #3792, .F. ) ;
#964 = ORIENTED_EDGE ( 'NONE', *, *, #371, .T. ) ;
#965 = LINE ( 'NONE', #3406, #3949 ) ;
#966 = DIRECTION ( 'NONE',  ( 0.000000000000000000, 0.3420201433256694901, -0.9396926207859082059 ) ) ;
#967 = CARTESIAN_POINT ( 'NONE',  ( 100.9000000000000199, -138.5000000000000000, -8.490000000000000213 ) ) ;
#968 = ORIENTED_EDGE ( 'NONE', *, *, #4060, .F. ) ;
#970 = EDGE_CURVE ( 'NONE', #232, #3668, #2538, .T. ) ;
#969 = VECTOR ( 'NONE', #2928, 1000.000000000000000 ) ;
#971 = ORIENTED_EDGE ( 'NONE', *, *, #2720, .T. ) ;
#972 = CARTESIAN_POINT ( 'NONE',  ( 190.0000000000000000, -130.6000000000000227, 28.11000000000000298 ) ) ;
#973 = DIRECTION ( 'NONE',  ( 0.000000000000000000, -1.000000000000000000, -1.143773720424268295E-16 ) ) ;
#974 = FACE_OUTER_BOUND ( 'NONE', #2755, .T. ) ;
#975 = EDGE_CURVE ( 'NONE', #65, #2754, #811, .T. ) ;
#976 = LINE ( 'NONE', #1292, #4375 ) ;
#977 = CARTESIAN_POINT ( 'NONE',  ( 104.0499999999999829, -39.00000000000000000, 0.5099999999999983435 ) ) ;
#978 = LINE ( 'NONE', #602, #1999 ) ;
#979 = EDGE_CURVE ( 'NONE', #380, #1280, #1882, .T. ) ;
#980 = VERTEX_POINT ( 'NONE', #2544 ) ;
#981 = ORIENTED_EDGE ( 'NONE', *, *, #3383, .T. ) ;
#982 = DIRECTION ( 'NONE',  ( 1.000000000000000000, 0.000000000000000000, 0.000000000000000000 ) ) ;
#983 = DIRECTION ( 'NONE',  ( 0.000000000000000000, -1.000000000000000000, 0.000000000000000000 ) ) ;
#984 = CARTESIAN_POINT ( 'NONE',  ( 189.7000000000000171, -86.00000000000000000, 1.759999999999989795 ) ) ;
#985 = VECTOR ( 'NONE', #3504, 1000.000000000000000 ) ;
#986 = ORIENTED_EDGE ( 'NONE', *, *, #3459, .T. ) ;
#987 = EDGE_LOOP ( 'NONE', ( #398, #1547, #4181, #2179 ) ) ;
#988 = ADVANCED_FACE ( 'NONE', ( #3237 ), #4107, .T. ) ;
#989 = AXIS2_PLACEMENT_3D ( 'NONE', #2977, #1606, #4310 ) ;
#990 = DIRECTION ( 'NONE',  ( 0.000000000000000000, 0.000000000000000000, 1.000000000000000000 ) ) ;
#991 = CIRCLE ( 'NONE', #2762, 0.3999999999999993006 ) ;
#992 = DIRECTION ( 'NONE',  ( 0.000000000000000000, -1.000000000000000000, 0.000000000000000000 ) ) ;
#993 = VECTOR ( 'NONE', #2893, 1000.000000000000000 ) ;
#994 = AXIS2_PLACEMENT_3D ( 'NONE', #2085, #33, #2395 ) ;
#995 = CYLINDRICAL_SURFACE ( 'NONE', #3015, 1.299999999999995604 ) ;
#996 = AXIS2_PLACEMENT_3D ( 'NONE', #1728, #4169, #2443 ) ;
#997 = FACE_BOUND ( 'NONE', #2399, .T. ) ;
#998 = CARTESIAN_POINT ( 'NONE',  ( 98.00000000000001421, -130.6000000000000512, 26.51000000000000156 ) ) ;
#999 = LINE ( 'NONE', #1065, #3393 ) ;
#1000 = CARTESIAN_POINT ( 'NONE',  ( 188.0000000000000000, -142.5999999999999943, -10.59000000000000163 ) ) ;
#1001 = EDGE_CURVE ( 'NONE', #1967, #1468, #3541, .T. ) ;
#1002 = ORIENTED_EDGE ( 'NONE', *, *, #243, .T. ) ;
#1003 = ORIENTED_EDGE ( 'NONE', *, *, #572, .T. ) ;
#1004 = DIRECTION ( 'NONE',  ( 1.000000000000000000, 0.000000000000000000, 0.000000000000000000 ) ) ;
#1005 = DIRECTION ( 'NONE',  ( 1.000000000000000000, 0.000000000000000000, -0.000000000000000000 ) ) ;
#1006 = DIRECTION ( 'NONE',  ( -0.000000000000000000, -0.000000000000000000, -1.000000000000000000 ) ) ;
#1007 = EDGE_CURVE ( 'NONE', #2731, #3548, #2184, .T. ) ;
#1008 = ORIENTED_EDGE ( 'NONE', *, *, #2054, .T. ) ;
#1009 = ORIENTED_EDGE ( 'NONE', *, *, #1615, .F. ) ;
#1010 = DIRECTION ( 'NONE',  ( 0.000000000000000000, 0.000000000000000000, -1.000000000000000000 ) ) ;
#1011 = EDGE_CURVE ( 'NONE', #2352, #2428, #1905, .T. ) ;
#1012 = CARTESIAN_POINT ( 'NONE',  ( 187.1000000000000227, -133.1000000000000227, -8.490000000000000213 ) ) ;
#1013 = PLANE ( 'NONE',  #1104 ) ;
#1014 = LINE ( 'NONE', #2347, #1286 ) ;
#1015 = DIRECTION ( 'NONE',  ( -1.000000000000000000, 0.000000000000000000, 0.000000000000000000 ) ) ;
#1016 = DIRECTION ( 'NONE',  ( -0.3420201433256694901, -1.074795724931529227E-16, 0.9396926207859082059 ) ) ;
#1017 = LINE ( 'NONE', #2370, #1846 ) ;
#1018 = CIRCLE ( 'NONE', #2658, 6.400000000000006573 ) ;
#1019 = TOROIDAL_SURFACE ( 'NONE', #4094, 6.400000000000000355, 0.4000000000000000222 ) ;
#1020 = VECTOR ( 'NONE', #1178, 1000.000000000000000 ) ;
#1021 = VERTEX_POINT ( 'NONE', #2235 ) ;
#1022 = ORIENTED_EDGE ( 'NONE', *, *, #639, .F. ) ;
#1023 = CARTESIAN_POINT ( 'NONE',  ( 184.6000000000000227, -36.00000000000000711, -8.490000000000000213 ) ) ;
#1024 = CARTESIAN_POINT ( 'NONE',  ( 187.5000000000000000, -41.39999999999999147, -8.490000000000000213 ) ) ;
#1025 = CARTESIAN_POINT ( 'NONE',  ( 99.43000000000000682, -36.39999999999999858, 28.11000000000000298 ) ) ;
#1026 = ADVANCED_FACE ( 'NONE', ( #864 ), #1860, .T. ) ;
#1027 = ADVANCED_FACE ( 'NONE', ( #3603 ), #4272, .F. ) ;
#1028 = EDGE_LOOP ( 'NONE', ( #2469, #4153, #185, #2914 ) ) ;
#1029 = ORIENTED_EDGE ( 'NONE', *, *, #962, .F. ) ;
#1030 = EDGE_CURVE ( 'NONE', #793, #2393, #2922, .T. ) ;
#1031 = CARTESIAN_POINT ( 'NONE',  ( 192.7000000000000171, -86.00000000000000000, 7.759999999999996234 ) ) ;
#1032 = CIRCLE ( 'NONE', #254, 3.500000000000003109 ) ;
#1033 = TOROIDAL_SURFACE ( 'NONE', #3528, 6.099999999999999645, 0.4000000000000000222 ) ;
#1034 = AXIS2_PLACEMENT_3D ( 'NONE', #3777, #4114, #408 ) ;
#1035 = EDGE_CURVE ( 'NONE', #2371, #1675, #3325, .T. ) ;
#1036 = ORIENTED_EDGE ( 'NONE', *, *, #1160, .F. ) ;
#1037 = VERTEX_POINT ( 'NONE', #3557 ) ;
#1038 = VECTOR ( 'NONE', #1966, 1000.000000000000000 ) ;
#1039 = FACE_BOUND ( 'NONE', #3449, .T. ) ;
#1040 = EDGE_CURVE ( 'NONE', #1468, #1056, #3864, .T. ) ;
#1041 = DIRECTION ( 'NONE',  ( -0.000000000000000000, -0.000000000000000000, -1.000000000000000000 ) ) ;
#1042 = DIRECTION ( 'NONE',  ( 0.3236155771181852825, 0.8891264907159880382, 0.3236155771181852825 ) ) ;
#1043 = DIRECTION ( 'NONE',  ( 0.000000000000000000, -1.000000000000000000, 0.000000000000000000 ) ) ;
#1044 = CARTESIAN_POINT ( 'NONE',  ( 99.43000000000000682, -36.00000000000000711, 28.11000000000000298 ) ) ;
#1045 = EDGE_CURVE ( 'NONE', #2169, #1192, #551, .T. ) ;
#1046 = AXIS2_PLACEMENT_3D ( 'NONE', #161, #3960, #529 ) ;
#1047 = ORIENTED_EDGE ( 'NONE', *, *, #648, .F. ) ;
#1048 = VERTEX_POINT ( 'NONE', #1239 ) ;
#1049 = CARTESIAN_POINT ( 'NONE',  ( 127.7500000000000000, -138.5000000000000000, 20.14725955611593733 ) ) ;
#1050 = AXIS2_PLACEMENT_3D ( 'NONE', #2037, #3783, #2705 ) ;
#1051 = DIRECTION ( 'NONE',  ( -0.000000000000000000, -0.000000000000000000, -1.000000000000000000 ) ) ;
#1052 = DIRECTION ( 'NONE',  ( -1.000000000000000000, 0.000000000000000000, 0.000000000000000000 ) ) ;
#1053 = ORIENTED_EDGE ( 'NONE', *, *, #25, .F. ) ;
#1054 = EDGE_LOOP ( 'NONE', ( #1420, #1469, #111, #2566 ) ) ;
#1055 = CARTESIAN_POINT ( 'NONE',  ( 186.0700000000000500, -136.0000000000000000, 28.11000000000000298 ) ) ;
#1056 = VERTEX_POINT ( 'NONE', #2274 ) ;
#1057 = AXIS2_PLACEMENT_3D ( 'NONE', #2183, #857, #3577 ) ;
#1058 = ORIENTED_EDGE ( 'NONE', *, *, #2260, .F. ) ;
#1059 = LINE ( 'NONE', #2837, #1255 ) ;
#1060 = EDGE_CURVE ( 'NONE', #2111, #948, #664, .T. ) ;
#1061 = AXIS2_PLACEMENT_3D ( 'NONE', #3318, #4350, #896 ) ;
#1062 = AXIS2_PLACEMENT_3D ( 'NONE', #4216, #2797, #823 ) ;
#1063 = LINE ( 'NONE', #4141, #4234 ) ;
#1064 = CARTESIAN_POINT ( 'NONE',  ( 168.4000000000000341, -102.0000000000000142, 0.5099999999999983435 ) ) ;
#1065 = CARTESIAN_POINT ( 'NONE',  ( 101.2956390198343541, -25.69104540212260090, -9.194360980165669162 ) ) ;
#1066 = DIRECTION ( 'NONE',  ( -0.000000000000000000, -0.000000000000000000, -1.000000000000000000 ) ) ;
#1067 = TOROIDAL_SURFACE ( 'NONE', #3566, 6.400000000000007461, 0.4000000000000000222 ) ;
#1068 = ORIENTED_EDGE ( 'NONE', *, *, #4422, .F. ) ;
#1069 = ORIENTED_EDGE ( 'NONE', *, *, #1040, .F. ) ;
#1070 = CARTESIAN_POINT ( 'NONE',  ( 187.5000000000000000, -130.6000000000000227, -8.490000000000000213 ) ) ;
#1071 = AXIS2_PLACEMENT_3D ( 'NONE', #1158, #516, #3590 ) ;
#1072 = DIRECTION ( 'NONE',  ( -1.000000000000000000, 0.000000000000000000, 0.000000000000000000 ) ) ;
#1073 = DIRECTION ( 'NONE',  ( 1.000000000000000000, 0.000000000000000000, 0.000000000000000000 ) ) ;
#1074 = ORIENTED_EDGE ( 'NONE', *, *, #3868, .T. ) ;
#1075 = EDGE_LOOP ( 'NONE', ( #1688, #482, #668, #1068 ) ) ;
#1076 = CARTESIAN_POINT ( 'NONE',  ( 98.40000000000001990, -133.1000000000000512, -8.490000000000000213 ) ) ;
#1077 = ORIENTED_EDGE ( 'NONE', *, *, #4115, .T. ) ;
#1078 = VECTOR ( 'NONE', #3320, 1000.000000000000000 ) ;
#1079 = ORIENTED_EDGE ( 'NONE', *, *, #4120, .T. ) ;
#1080 = DIRECTION ( 'NONE',  ( 0.000000000000000000, 0.000000000000000000, -1.000000000000000000 ) ) ;
#1081 = CARTESIAN_POINT ( 'NONE',  ( 168.3160983994049786, -121.9698392004281970, 13.97983920042820571 ) ) ;
#1082 = EDGE_CURVE ( 'NONE', #1575, #3623, #2003, .T. ) ;
#1083 = ADVANCED_FACE ( 'NONE', ( #2691 ), #1942, .F. ) ;
#1084 = DIRECTION ( 'NONE',  ( 1.000000000000000000, 0.000000000000000000, 0.000000000000000000 ) ) ;
#1085 = FACE_OUTER_BOUND ( 'NONE', #4189, .T. ) ;
#1086 = CARTESIAN_POINT ( 'NONE',  ( 103.4000000000000199, -136.0000000000000000, -8.490000000000000213 ) ) ;
#1087 = CARTESIAN_POINT ( 'NONE',  ( 95.50000000000000000, -41.40000000000000568, 28.11000000000000298 ) ) ;
#1088 = ORIENTED_EDGE ( 'NONE', *, *, #1740, .T. ) ;
#1089 = ORIENTED_EDGE ( 'NONE', *, *, #248, .F. ) ;
#1090 = CARTESIAN_POINT ( 'NONE',  ( 98.40000000000001990, -135.6000000000000512, 28.11000000000000298 ) ) ;
#1091 = CARTESIAN_POINT ( 'NONE',  ( 190.0000000000000000, -41.39999999999999147, 28.11000000000000298 ) ) ;
#1092 = LINE ( 'NONE', #2026, #454 ) ;
#1093 = EDGE_CURVE ( 'NONE', #442, #3641, #589, .T. ) ;
#1094 = ORIENTED_EDGE ( 'NONE', *, *, #2618, .T. ) ;
#1095 = VECTOR ( 'NONE', #1041, 1000.000000000000000 ) ;
#1096 = EDGE_LOOP ( 'NONE', ( #520, #2586, #2877, #4292 ) ) ;
#1097 = DIRECTION ( 'NONE',  ( 0.000000000000000000, 0.000000000000000000, 1.000000000000000000 ) ) ;
#1098 = EDGE_CURVE ( 'NONE', #2211, #1910, #3144, .T. ) ;
#1099 = VERTEX_POINT ( 'NONE', #1610 ) ;
#1100 = VERTEX_POINT ( 'NONE', #1924 ) ;
#1101 = VECTOR ( 'NONE', #933, 1000.000000000000000 ) ;
#1102 = LINE ( 'NONE', #2455, #241 ) ;
#1103 = CARTESIAN_POINT ( 'NONE',  ( 106.7500000000000000, -102.0000000000000142, -8.490000000000000213 ) ) ;
#1104 = AXIS2_PLACEMENT_3D ( 'NONE', #640, #1644, #681 ) ;
#1105 = VECTOR ( 'NONE', #3506, 1000.000000000000000 ) ;
#1106 = DIRECTION ( 'NONE',  ( -1.000000000000000000, 0.000000000000000000, 0.000000000000000000 ) ) ;
#1107 = DIRECTION ( 'NONE',  ( 0.000000000000000000, 0.000000000000000000, -1.000000000000000000 ) ) ;
#1108 = DIRECTION ( 'NONE',  ( 0.000000000000000000, 0.000000000000000000, 1.000000000000000000 ) ) ;
#1109 = CARTESIAN_POINT ( 'NONE',  ( 182.1000000000000512, -138.5000000000000000, -8.490000000000000213 ) ) ;
#1110 = EDGE_CURVE ( 'NONE', #1056, #2320, #1948, .T. ) ;
#1111 = ORIENTED_EDGE ( 'NONE', *, *, #3335, .F. ) ;
#1112 = VERTEX_POINT ( 'NONE', #925 ) ;
#1113 = FACE_OUTER_BOUND ( 'NONE', #44, .T. ) ;
#1114 = PLANE ( 'NONE',  #3117 ) ;
#1115 = CARTESIAN_POINT ( 'NONE',  ( 98.00000000000001421, -133.1000000000000512, 28.11000000000000298 ) ) ;
#1116 = EDGE_CURVE ( 'NONE', #2428, #2022, #2611, .T. ) ;
#1117 = DIRECTION ( 'NONE',  ( -0.000000000000000000, -0.000000000000000000, -1.000000000000000000 ) ) ;
#1118 = AXIS2_PLACEMENT_3D ( 'NONE', #346, #1391, #2775 ) ;
#1119 = ORIENTED_EDGE ( 'NONE', *, *, #357, .T. ) ;
#1120 = ORIENTED_EDGE ( 'NONE', *, *, #1940, .T. ) ;
#1121 = CARTESIAN_POINT ( 'NONE',  ( 187.5000000000000000, -37.42999999999999261, 28.11000000000000298 ) ) ;
#1122 = CARTESIAN_POINT ( 'NONE',  ( 99.43000000000000682, -36.00000000000000711, 28.11000000000000298 ) ) ;
#1123 = EDGE_CURVE ( 'NONE', #3322, #425, #651, .T. ) ;
#1124 = ORIENTED_EDGE ( 'NONE', *, *, #3543, .F. ) ;
#1125 = ORIENTED_EDGE ( 'NONE', *, *, #901, .F. ) ;
#1126 = DIRECTION ( 'NONE',  ( 0.000000000000000000, 0.000000000000000000, 1.000000000000000000 ) ) ;
#1127 = DIRECTION ( 'NONE',  ( 0.000000000000000000, 0.000000000000000000, -1.000000000000000000 ) ) ;
#1128 = CARTESIAN_POINT ( 'NONE',  ( 98.00000000000000000, -38.90000000000000568, 28.11000000000000298 ) ) ;
#1129 = VECTOR ( 'NONE', #1233, 1000.000000000000000 ) ;
#1130 = DIRECTION ( 'NONE',  ( -0.8891264907159879272, -0.3236155771181852270, -0.3236155771181852825 ) ) ;
#1131 = PLANE ( 'NONE',  #1642 ) ;
#1132 = DIRECTION ( 'NONE',  ( -1.000000000000000000, 0.000000000000000000, 0.000000000000000000 ) ) ;
#1133 = ORIENTED_EDGE ( 'NONE', *, *, #3627, .T. ) ;
#1134 = ORIENTED_EDGE ( 'NONE', *, *, #436, .F. ) ;
#1135 = CARTESIAN_POINT ( 'NONE',  ( 192.3000000000000114, -60.99999999999999289, 1.360000000000000098 ) ) ;
#1136 = FACE_BOUND ( 'NONE', #3655, .T. ) ;
#1137 = TOROIDAL_SURFACE ( 'NONE', #3632, 11.40000000000000568, 0.4000000000000000222 ) ;
#1138 = LINE ( 'NONE', #880, #4006 ) ;
#1139 = CARTESIAN_POINT ( 'NONE',  ( 95.50000000000001421, -130.6000000000000512, -8.490000000000000213 ) ) ;
#1140 = ADVANCED_FACE ( 'NONE', ( #3326 ), #2965, .F. ) ;
#1141 = ORIENTED_EDGE ( 'NONE', *, *, #905, .T. ) ;
#1142 = AXIS2_PLACEMENT_3D ( 'NONE', #3637, #4287, #2559 ) ;
#1143 = ORIENTED_EDGE ( 'NONE', *, *, #3539, .T. ) ;
#1144 = DIRECTION ( 'NONE',  ( -0.000000000000000000, -0.000000000000000000, -1.000000000000000000 ) ) ;
#1145 = DIRECTION ( 'NONE',  ( -0.000000000000000000, 0.000000000000000000, 1.000000000000000000 ) ) ;
#1146 = CARTESIAN_POINT ( 'NONE',  ( 95.50000000000000000, -38.90000000000000568, -8.490000000000000213 ) ) ;
#1147 = AXIS2_PLACEMENT_3D ( 'NONE', #3918, #870, #213 ) ;
#1148 = EDGE_LOOP ( 'NONE', ( #3140, #2084, #450, #3622 ) ) ;
#1149 = ORIENTED_EDGE ( 'NONE', *, *, #3937, .T. ) ;
#1150 = CARTESIAN_POINT ( 'NONE',  ( 105.3999999999999915, -39.00000000000000000, -8.490000000000000213 ) ) ;
#1151 = DIRECTION ( 'NONE',  ( 0.8891264907159880382, -0.3236155771181852825, 0.3236155771181852270 ) ) ;
#1152 = AXIS2_PLACEMENT_3D ( 'NONE', #4222, #1165, #2512 ) ;
#1153 = TOROIDAL_SURFACE ( 'NONE', #1580, 6.400000000000007461, 0.4000000000000000222 ) ;
#1154 = EDGE_CURVE ( 'NONE', #3127, #560, #2303, .T. ) ;
#1155 = EDGE_CURVE ( 'NONE', #1831, #142, #314, .T. ) ;
#1156 = SURFACE_STYLE_FILL_AREA ( #4283 ) ;
#1157 = DIRECTION ( 'NONE',  ( 0.000000000000000000, 0.000000000000000000, -1.000000000000000000 ) ) ;
#1158 = CARTESIAN_POINT ( 'NONE',  ( 103.4000000000000057, -36.00000000000000711, 26.51000000000000156 ) ) ;
#1159 = DIRECTION ( 'NONE',  ( 0.000000000000000000, 0.000000000000000000, -1.000000000000000000 ) ) ;
#1160 = EDGE_CURVE ( 'NONE', #2807, #1377, #2080, .T. ) ;
#1161 = ORIENTED_EDGE ( 'NONE', *, *, #1985, .T. ) ;
#1162 = ORIENTED_EDGE ( 'NONE', *, *, #2794, .T. ) ;
#1163 = DIRECTION ( 'NONE',  ( -1.000000000000000000, 0.000000000000000000, 0.000000000000000000 ) ) ;
#1164 = DIRECTION ( 'NONE',  ( -0.000000000000000000, -0.000000000000000000, -1.000000000000000000 ) ) ;
#1165 = DIRECTION ( 'NONE',  ( 0.000000000000000000, 0.000000000000000000, -1.000000000000000000 ) ) ;
#1166 = CYLINDRICAL_SURFACE ( 'NONE', #3403, 2.500000000000002220 ) ;
#1167 = VERTEX_POINT ( 'NONE', #1670 ) ;
#1168 = VERTEX_POINT ( 'NONE', #2317 ) ;
#1169 = DIRECTION ( 'NONE',  ( 0.000000000000000000, -0.000000000000000000, 1.000000000000000000 ) ) ;
#1170 = DIRECTION ( 'NONE',  ( -0.000000000000000000, 0.000000000000000000, -1.000000000000000000 ) ) ;
#1171 = CARTESIAN_POINT ( 'NONE',  ( 192.3000000000000114, -60.99999999999999289, 1.760000000000000231 ) ) ;
#1172 = ADVANCED_FACE ( 'NONE', ( #945 ), #2944, .T. ) ;
#1173 = EDGE_CURVE ( 'NONE', #1468, #755, #4314, .T. ) ;
#1174 = VECTOR ( 'NONE', #2749, 1000.000000000000000 ) ;
#1175 = ADVANCED_FACE ( 'NONE', ( #1965 ), #4396, .F. ) ;
#1176 = EDGE_LOOP ( 'NONE', ( #3251, #3579, #4086, #40 ) ) ;
#1177 = ORIENTED_EDGE ( 'NONE', *, *, #3806, .F. ) ;
#1178 = DIRECTION ( 'NONE',  ( -0.000000000000000000, 1.000000000000000000, -0.000000000000000000 ) ) ;
#1179 = EDGE_CURVE ( 'NONE', #3330, #1291, #2511, .T. ) ;
#1180 = DIRECTION ( 'NONE',  ( 0.000000000000000000, 0.000000000000000000, -1.000000000000000000 ) ) ;
#1181 = CYLINDRICAL_SURFACE ( 'NONE', #2736, 3.500000000000003109 ) ;
#1182 = DIRECTION ( 'NONE',  ( 0.000000000000000000, 1.000000000000000000, 0.000000000000000000 ) ) ;
#1183 = DIRECTION ( 'NONE',  ( 0.3420201433256694901, -0.9396926207859082059, 0.000000000000000000 ) ) ;
#1184 = CIRCLE ( 'NONE', #1735, 1.350000000000017852 ) ;
#1185 = VECTOR ( 'NONE', #4093, 1000.000000000000000 ) ;
#1186 = ORIENTED_EDGE ( 'NONE', *, *, #4179, .F. ) ;
#1187 = VERTEX_POINT ( 'NONE', #1653 ) ;
#1188 = LINE ( 'NONE', #494, #2055 ) ;
#1189 = CARTESIAN_POINT ( 'NONE',  ( 186.0700000000000216, -36.00000000000000711, 28.11000000000000298 ) ) ;
#1190 = CARTESIAN_POINT ( 'NONE',  ( 105.3999999999999915, -102.0000000000000142, 0.5099999999999983435 ) ) ;
#1191 = CARTESIAN_POINT ( 'NONE',  ( 191.4699999999999989, -41.39999999999999147, 26.51000000000000156 ) ) ;
#1192 = VERTEX_POINT ( 'NONE', #3004 ) ;
#1193 = ORIENTED_EDGE ( 'NONE', *, *, #975, .F. ) ;
#1194 = DIRECTION ( 'NONE',  ( 0.000000000000000000, 0.000000000000000000, 1.000000000000000000 ) ) ;
#1195 = CARTESIAN_POINT ( 'NONE',  ( 182.3448535783208229, -30.80000000000000071, 0.000000000000000000 ) ) ;
#1196 = DIRECTION ( 'NONE',  ( 1.000000000000000000, 0.000000000000000000, -0.000000000000000000 ) ) ;
#1197 = VECTOR ( 'NONE', #2900, 1000.000000000000000 ) ;
#1198 = ORIENTED_EDGE ( 'NONE', *, *, #369, .F. ) ;
#1199 = ORIENTED_EDGE ( 'NONE', *, *, #2852, .F. ) ;
#1200 = FACE_OUTER_BOUND ( 'NONE', #3263, .T. ) ;
#1201 = DIRECTION ( 'NONE',  ( 0.000000000000000000, 0.000000000000000000, -1.000000000000000000 ) ) ;
#1202 = LINE ( 'NONE', #1537, #969 ) ;
#1203 = CARTESIAN_POINT ( 'NONE',  ( 188.0000000000000000, -29.00000000000000000, -8.490000000000000213 ) ) ;
#1204 = DIRECTION ( 'NONE',  ( 0.000000000000000000, 0.000000000000000000, -1.000000000000000000 ) ) ;
#1205 = EDGE_CURVE ( 'NONE', #2890, #4190, #3072, .T. ) ;
#1206 = AXIS2_PLACEMENT_3D ( 'NONE', #428, #790, #2165 ) ;
#1207 = ORIENTED_EDGE ( 'NONE', *, *, #2940, .T. ) ;
#1208 = ORIENTED_EDGE ( 'NONE', *, *, #2444, .F. ) ;
#1209 = CARTESIAN_POINT ( 'NONE',  ( 194.0999999999999943, -35.50000000000000711, -10.59000000000000163 ) ) ;
#1210 = DIRECTION ( 'NONE',  ( -1.000000000000000000, 0.000000000000000000, 0.000000000000000000 ) ) ;
#1211 = DIRECTION ( 'NONE',  ( 0.000000000000000000, 1.000000000000000000, -1.224646799147353207E-16 ) ) ;
#1212 = LINE ( 'NONE', #3280, #411 ) ;
#1213 = CIRCLE ( 'NONE', #3561, 1.299999999999995604 ) ;
#1214 = ORIENTED_EDGE ( 'NONE', *, *, #297, .T. ) ;
#1215 = AXIS2_PLACEMENT_3D ( 'NONE', #1704, #661, #1372 ) ;
#1216 = ORIENTED_EDGE ( 'NONE', *, *, #1333, .T. ) ;
#1217 = VECTOR ( 'NONE', #874, 1000.000000000000000 ) ;
#1218 = LINE ( 'NONE', #2589, #2327 ) ;
#1219 = DIRECTION ( 'NONE',  ( 1.000000000000000000, 0.000000000000000000, 0.000000000000000000 ) ) ;
#1220 = CARTESIAN_POINT ( 'NONE',  ( 161.3999999999999488, -102.0000000000000142, -8.490000000000000213 ) ) ;
#1221 = VECTOR ( 'NONE', #3832, 1000.000000000000000 ) ;
#1222 = AXIS2_PLACEMENT_3D ( 'NONE', #1090, #3470, #80 ) ;
#1223 = VERTEX_POINT ( 'NONE', #353 ) ;
#1224 = ORIENTED_EDGE ( 'NONE', *, *, #4038, .T. ) ;
#1225 = DIRECTION ( 'NONE',  ( 1.000000000000000000, 0.000000000000000000, 0.000000000000000000 ) ) ;
#1226 = CARTESIAN_POINT ( 'NONE',  ( 103.4000000000000057, -32.03000000000000114, 28.11000000000000298 ) ) ;
#1227 = EDGE_CURVE ( 'NONE', #698, #442, #1529, .T. ) ;
#1228 = ORIENTED_EDGE ( 'NONE', *, *, #3334, .F. ) ;
#1229 = ADVANCED_FACE ( 'NONE', ( #2376 ), #1710, .F. ) ;
#1230 = DIRECTION ( 'NONE',  ( -1.000000000000000000, 0.000000000000000000, 0.000000000000000000 ) ) ;
#1231 = CARTESIAN_POINT ( 'NONE',  ( 187.5000000000000000, -133.1000000000000227, -8.490000000000000213 ) ) ;
#1232 = CARTESIAN_POINT ( 'NONE',  ( 163.5499999999999829, -102.0000000000000142, -8.490000000000000213 ) ) ;
#1233 = DIRECTION ( 'NONE',  ( -0.000000000000000000, -0.000000000000000000, 1.000000000000000000 ) ) ;
#1234 = EDGE_CURVE ( 'NONE', #163, #2296, #1092, .T. ) ;
#1235 = ORIENTED_EDGE ( 'NONE', *, *, #3066, .T. ) ;
#1236 = ORIENTED_EDGE ( 'NONE', *, *, #4293, .T. ) ;
#1237 = EDGE_CURVE ( 'NONE', #3838, #1774, #4233, .T. ) ;
#1238 = LINE ( 'NONE', #3601, #690 ) ;
#1239 = CARTESIAN_POINT ( 'NONE',  ( 94.03000000000001535, -130.6000000000000512, 28.11000000000000298 ) ) ;
#1240 = CARTESIAN_POINT ( 'NONE',  ( 102.5000000000000284, -143.0000000000000284, 23.51000000000000156 ) ) ;
#1241 = ORIENTED_EDGE ( 'NONE', *, *, #72, .F. ) ;
#1242 = VERTEX_POINT ( 'NONE', #1398 ) ;
#1243 = DIRECTION ( 'NONE',  ( 0.000000000000000000, 0.000000000000000000, 1.000000000000000000 ) ) ;
#1244 = VECTOR ( 'NONE', #983, 1000.000000000000000 ) ;
#1245 = EDGE_CURVE ( 'NONE', #694, #2732, #2446, .T. ) ;
#1246 = AXIS2_PLACEMENT_3D ( 'NONE', #2992, #4048, #3031 ) ;
#1247 = PLANE ( 'NONE',  #2792 ) ;
#1248 = EDGE_LOOP ( 'NONE', ( #697, #3978, #79, #2178 ) ) ;
#1249 = CARTESIAN_POINT ( 'NONE',  ( 187.5000000000000000, -134.5700000000000216, 26.51000000000000156 ) ) ;
#1250 = FACE_OUTER_BOUND ( 'NONE', #930, .T. ) ;
#1251 = EDGE_CURVE ( 'NONE', #2823, #2718, #2757, .T. ) ;
#1252 = CIRCLE ( 'NONE', #2241, 2.500000000000002220 ) ;
#1253 = DIRECTION ( 'NONE',  ( -1.000000000000000000, -0.000000000000000000, 0.000000000000000000 ) ) ;
#1254 =( LENGTH_UNIT ( ) NAMED_UNIT ( * ) SI_UNIT ( .MILLI., .METRE. ) );
#1255 = VECTOR ( 'NONE', #94, 1000.000000000000000 ) ;
#1256 = ORIENTED_EDGE ( 'NONE', *, *, #2987, .T. ) ;
#1257 = EDGE_LOOP ( 'NONE', ( #2939, #2454, #4167, #2972 ) ) ;
#1258 = PLANE ( 'NONE',  #771 ) ;
#1259 = DIRECTION ( 'NONE',  ( 0.000000000000000000, -1.000000000000000000, 0.000000000000000000 ) ) ;
#1260 = CARTESIAN_POINT ( 'NONE',  ( 97.50000000000001421, -142.5999999999999943, -10.59000000000000163 ) ) ;
#1261 = VERTEX_POINT ( 'NONE', #4150 ) ;
#1262 = ORIENTED_EDGE ( 'NONE', *, *, #2896, .T. ) ;
#1263 = ORIENTED_EDGE ( 'NONE', *, *, #4321, .F. ) ;
#1264 = ORIENTED_EDGE ( 'NONE', *, *, #523, .T. ) ;
#1265 = VECTOR ( 'NONE', #904, 1000.000000000000000 ) ;
#1266 = DIRECTION ( 'NONE',  ( -1.000000000000000000, 0.000000000000000000, 0.000000000000000000 ) ) ;
#1267 = DIRECTION ( 'NONE',  ( 0.000000000000000000, 0.000000000000000000, -1.000000000000000000 ) ) ;
#1268 = EDGE_LOOP ( 'NONE', ( #2715, #1433, #433, #2330 ) ) ;
#1269 = DIRECTION ( 'NONE',  ( 0.000000000000000000, 0.000000000000000000, 1.000000000000000000 ) ) ;
#1270 = PLANE ( 'NONE',  #3986 ) ;
#1271 = DIRECTION ( 'NONE',  ( -1.000000000000000000, 0.000000000000000000, 0.000000000000000000 ) ) ;
#1272 =( NAMED_UNIT ( * ) SI_UNIT ( $, .STERADIAN. ) SOLID_ANGLE_UNIT ( ) );
#1273 = AXIS2_PLACEMENT_3D ( 'NONE', #603, #3933, #2895 ) ;
#1274 = ORIENTED_EDGE ( 'NONE', *, *, #2742, .F. ) ;
#1275 = ORIENTED_EDGE ( 'NONE', *, *, #3132, .T. ) ;
#1276 = CARTESIAN_POINT ( 'NONE',  ( 188.0000000000000000, -136.5000000000000000, -8.490000000000000213 ) ) ;
#1277 = CARTESIAN_POINT ( 'NONE',  ( 164.8999999999999773, -102.0000000000000142, -8.490000000000000213 ) ) ;
#1278 = EDGE_CURVE ( 'NONE', #3127, #1187, #1018, .T. ) ;
#1279 = ADVANCED_FACE ( 'NONE', ( #4065 ), #3812, .T. ) ;
#1280 = VERTEX_POINT ( 'NONE', #1425 ) ;
#1281 = VECTOR ( 'NONE', #3518, 1000.000000000000000 ) ;
#1282 = ORIENTED_EDGE ( 'NONE', *, *, #675, .T. ) ;
#1283 = DIRECTION ( 'NONE',  ( 1.000000000000000000, 0.000000000000000000, -0.000000000000000000 ) ) ;
#1284 = AXIS2_PLACEMENT_3D ( 'NONE', #650, #3364, #3024 ) ;
#1285 = VECTOR ( 'NONE', #1538, 1000.000000000000000 ) ;
#1286 = VECTOR ( 'NONE', #660, 1000.000000000000000 ) ;
#1287 = CARTESIAN_POINT ( 'NONE',  ( 99.43000000000000682, -36.39999999999999858, 28.11000000000000298 ) ) ;
#1288 = CARTESIAN_POINT ( 'NONE',  ( 191.4699999999999989, -130.6000000000000227, 28.11000000000000298 ) ) ;
#1289 = ADVANCED_FACE ( 'NONE', ( #1359 ), #692, .T. ) ;
#1290 = CIRCLE ( 'NONE', #3776, 1.030000000000003135 ) ;
#1291 = VERTEX_POINT ( 'NONE', #1379 ) ;
#1292 = CARTESIAN_POINT ( 'NONE',  ( 189.7000000000000171, -110.9999999999999858, 1.759999999999984688 ) ) ;
#1293 = LINE ( 'NONE', #977, #1412 ) ;
#1294 = CARTESIAN_POINT ( 'NONE',  ( 186.0700000000000500, -136.0000000000000000, 28.11000000000000298 ) ) ;
#1295 = DIRECTION ( 'NONE',  ( -0.000000000000000000, -0.000000000000000000, -1.000000000000000000 ) ) ;
#1296 = EDGE_CURVE ( 'NONE', #491, #1779, #3721, .T. ) ;
#1297 = VECTOR ( 'NONE', #2229, 1000.000000000000000 ) ;
#1298 = EDGE_LOOP ( 'NONE', ( #2521, #2622 ) ) ;
#1299 = ORIENTED_EDGE ( 'NONE', *, *, #1740, .F. ) ;
#1300 = DIRECTION ( 'NONE',  ( 0.000000000000000000, 0.000000000000000000, 1.000000000000000000 ) ) ;
#1301 = DIRECTION ( 'NONE',  ( -0.000000000000000000, 1.000000000000000000, -0.000000000000000000 ) ) ;
#1302 = CARTESIAN_POINT ( 'NONE',  ( 105.3999999999999915, -39.00000000000000000, 0.5099999999999983435 ) ) ;
#1303 = EDGE_LOOP ( 'NONE', ( #3944, #3797 ) ) ;
#1304 = ORIENTED_EDGE ( 'NONE', *, *, #2660, .F. ) ;
#1305 = FACE_OUTER_BOUND ( 'NONE', #2697, .T. ) ;
#1306 = EDGE_CURVE ( 'NONE', #2022, #2487, #3084, .T. ) ;
#1307 = DIRECTION ( 'NONE',  ( 0.000000000000000000, 0.000000000000000000, 1.000000000000000000 ) ) ;
#1308 = CARTESIAN_POINT ( 'NONE',  ( 98.40000000000001990, -134.5700000000000500, 28.11000000000000298 ) ) ;
#1309 = VECTOR ( 'NONE', #1051, 1000.000000000000000 ) ;
#1310 = AXIS2_PLACEMENT_3D ( 'NONE', #3440, #3096, #49 ) ;
#1311 = CARTESIAN_POINT ( 'NONE',  ( 189.7000000000000171, -110.9999999999999858, 13.75999999999999801 ) ) ;
#1312 = CARTESIAN_POINT ( 'NONE',  ( 98.40000000000000568, -38.90000000000000568, 28.11000000000000298 ) ) ;
#1313 = DIRECTION ( 'NONE',  ( 0.000000000000000000, -0.000000000000000000, 1.000000000000000000 ) ) ;
#1314 = VERTEX_POINT ( 'NONE', #335 ) ;
#1315 = VERTEX_POINT ( 'NONE', #1691 ) ;
#1316 = DIRECTION ( 'NONE',  ( 0.000000000000000000, -0.9396926207859082059, -0.3420201433256694901 ) ) ;
#1317 = AXIS2_PLACEMENT_3D ( 'NONE', #195, #820, #2550 ) ;
#1318 = CARTESIAN_POINT ( 'NONE',  ( 187.5000000000000000, -37.42999999999999261, 28.11000000000000298 ) ) ;
#1319 = VECTOR ( 'NONE', #2551, 1000.000000000000000 ) ;
#1320 = LINE ( 'NONE', #3086, #2973 ) ;
#1321 = ADVANCED_FACE ( 'NONE', ( #3105 ), #2042, .F. ) ;
#1322 = ORIENTED_EDGE ( 'NONE', *, *, #3145, .T. ) ;
#1323 = VECTOR ( 'NONE', #2519, 1000.000000000000000 ) ;
#1324 = ORIENTED_EDGE ( 'NONE', *, *, #361, .T. ) ;
#1325 = DIRECTION ( 'NONE',  ( 0.000000000000000000, 0.000000000000000000, -1.000000000000000000 ) ) ;
#1326 = EDGE_LOOP ( 'NONE', ( #1008, #4021, #2925, #2655 ) ) ;
#1327 = PLANE ( 'NONE',  #1246 ) ;
#1328 = CARTESIAN_POINT ( 'NONE',  ( 103.1551464216791771, -141.2000000000000171, 0.000000000000000000 ) ) ;
#1329 = CARTESIAN_POINT ( 'NONE',  ( 98.00000000000000000, -38.90000000000000568, -8.490000000000000213 ) ) ;
#1330 = LINE ( 'NONE', #345, #3482 ) ;
#1331 = CARTESIAN_POINT ( 'NONE',  ( 127.7500000000000000, -141.2000000000000171, 20.14725955611593733 ) ) ;
#1332 = PLANE ( 'NONE',  #2404 ) ;
#1333 = EDGE_CURVE ( 'NONE', #1726, #4132, #2423, .T. ) ;
#1334 = ORIENTED_EDGE ( 'NONE', *, *, #556, .T. ) ;
#1335 = VERTEX_POINT ( 'NONE', #3767 ) ;
#1336 = FACE_OUTER_BOUND ( 'NONE', #3881, .T. ) ;
#1337 = DIRECTION ( 'NONE',  ( 0.000000000000000000, 0.000000000000000000, 1.000000000000000000 ) ) ;
#1338 = DIRECTION ( 'NONE',  ( -0.000000000000000000, -0.000000000000000000, 1.000000000000000000 ) ) ;
#1339 = ADVANCED_FACE ( 'NONE', ( #718 ), #2064, .T. ) ;
#1340 = VECTOR ( 'NONE', #3360, 1000.000000000000000 ) ;
#1341 = ORIENTED_EDGE ( 'NONE', *, *, #3539, .F. ) ;
#1342 = ORIENTED_EDGE ( 'NONE', *, *, #1466, .F. ) ;
#1343 = TOROIDAL_SURFACE ( 'NONE', #703, 11.40000000000000568, 0.4000000000000000222 ) ;
#1344 = DIRECTION ( 'NONE',  ( 1.000000000000000000, 0.000000000000000000, 0.000000000000000000 ) ) ;
#1345 = EDGE_LOOP ( 'NONE', ( #2860, #2106 ) ) ;
#1346 = LINE ( 'NONE', #3985, #4381 ) ;
#1347 = AXIS2_PLACEMENT_3D ( 'NONE', #2418, #30, #3099 ) ;
#1348 = DIRECTION ( 'NONE',  ( -0.3420201433256694901, 1.433060966575372467E-16, -0.9396926207859082059 ) ) ;
#1349 = AXIS2_PLACEMENT_3D ( 'NONE', #4241, #2846, #4220 ) ;
#1350 = CARTESIAN_POINT ( 'NONE',  ( 187.5000000000000000, -38.89999999999999147, 26.51000000000000156 ) ) ;
#1351 = DIRECTION ( 'NONE',  ( 0.000000000000000000, 0.000000000000000000, -1.000000000000000000 ) ) ;
#1352 = DIRECTION ( 'NONE',  ( -0.000000000000000000, -0.000000000000000000, 1.000000000000000000 ) ) ;
#1353 = CARTESIAN_POINT ( 'NONE',  ( 98.40000000000000568, -37.43000000000000682, 28.11000000000000298 ) ) ;
#1354 = ADVANCED_FACE ( 'NONE', ( #1753 ), #203, .F. ) ;
#1355 = EDGE_CURVE ( 'NONE', #1902, #280, #1446, .T. ) ;
#1356 = ORIENTED_EDGE ( 'NONE', *, *, #3651, .F. ) ;
#1357 = ORIENTED_EDGE ( 'NONE', *, *, #2407, .F. ) ;
#1358 = DIRECTION ( 'NONE',  ( -1.000000000000000000, 0.000000000000000000, 0.000000000000000000 ) ) ;
#1359 = FACE_OUTER_BOUND ( 'NONE', #2547, .T. ) ;
#1360 = DIRECTION ( 'NONE',  ( 0.000000000000000000, 1.000000000000000000, -0.000000000000000000 ) ) ;
#1361 = EDGE_CURVE ( 'NONE', #1021, #1987, #725, .T. ) ;
#1362 = CIRCLE ( 'NONE', #2426, 1.299999999999995604 ) ;
#1363 = EDGE_LOOP ( 'NONE', ( #1762, #3002, #2097, #2632 ) ) ;
#1364 = EDGE_CURVE ( 'NONE', #1832, #2154, #2561, .T. ) ;
#1365 = ORIENTED_EDGE ( 'NONE', *, *, #2881, .F. ) ;
#1366 = DIRECTION ( 'NONE',  ( 1.000000000000000000, 0.000000000000000000, 0.000000000000000000 ) ) ;
#1367 = ORIENTED_EDGE ( 'NONE', *, *, #1570, .F. ) ;
#1368 = VERTEX_POINT ( 'NONE', #806 ) ;
#1369 = EDGE_CURVE ( 'NONE', #3703, #755, #876, .T. ) ;
#1370 = FACE_OUTER_BOUND ( 'NONE', #1717, .T. ) ;
#1371 = FACE_OUTER_BOUND ( 'NONE', #1531, .T. ) ;
#1372 = DIRECTION ( 'NONE',  ( -1.000000000000000000, 0.000000000000000000, 0.000000000000000000 ) ) ;
#1373 = DIRECTION ( 'NONE',  ( 1.000000000000000000, 0.000000000000000000, 0.000000000000000000 ) ) ;
#1374 = AXIS2_PLACEMENT_3D ( 'NONE', #607, #3980, #3645 ) ;
#1375 = AXIS2_PLACEMENT_3D ( 'NONE', #2646, #4407, #3016 ) ;
#1376 = ORIENTED_EDGE ( 'NONE', *, *, #3374, .F. ) ;
#1377 = VERTEX_POINT ( 'NONE', #1115 ) ;
#1378 = DIRECTION ( 'NONE',  ( 0.000000000000000000, 0.000000000000000000, -1.000000000000000000 ) ) ;
#1379 = CARTESIAN_POINT ( 'NONE',  ( 127.7500000000000000, -138.9000000000000341, -2.252740443884071464 ) ) ;
#1380 = CARTESIAN_POINT ( 'NONE',  ( 188.0000000000000000, -35.50000000000000711, -10.59000000000000163 ) ) ;
#1381 = EDGE_LOOP ( 'NONE', ( #647, #84, #1637, #2806 ) ) ;
#1382 = ORIENTED_EDGE ( 'NONE', *, *, #1560, .T. ) ;
#1383 = CARTESIAN_POINT ( 'NONE',  ( 182.1000000000000512, -136.0000000000000000, -8.490000000000000213 ) ) ;
#1384 = CIRCLE ( 'NONE', #255, 3.970000000000001528 ) ;
#1385 = VECTOR ( 'NONE', #796, 1000.000000000000000 ) ;
#1386 = VERTEX_POINT ( 'NONE', #3211 ) ;
#1387 = ORIENTED_EDGE ( 'NONE', *, *, #2005, .T. ) ;
#1388 = CARTESIAN_POINT ( 'NONE',  ( 0.000000000000000000, -30.80000000000000071, 0.000000000000000000 ) ) ;
#1389 = CARTESIAN_POINT ( 'NONE',  ( 184.6000000000000227, -36.39999999999999147, -8.490000000000000213 ) ) ;
#1390 = LINE ( 'NONE', #2128, #343 ) ;
#1391 = DIRECTION ( 'NONE',  ( 0.000000000000000000, 0.000000000000000000, 1.000000000000000000 ) ) ;
#1392 = CYLINDRICAL_SURFACE ( 'NONE', #2339, 1.299999999999995604 ) ;
#1393 = APPLICATION_PROTOCOL_DEFINITION ( 'draft international standard', 'automotive_design', 1998, #2717 ) ;
#1394 = AXIS2_PLACEMENT_3D ( 'NONE', #837, #2568, #2496 ) ;
#1395 = ORIENTED_EDGE ( 'NONE', *, *, #248, .T. ) ;
#1396 = ORIENTED_EDGE ( 'NONE', *, *, #3332, .T. ) ;
#1397 = FACE_OUTER_BOUND ( 'NONE', #128, .T. ) ;
#1398 = CARTESIAN_POINT ( 'NONE',  ( 163.5499999999999829, -39.00000000000000000, -8.490000000000000213 ) ) ;
#1399 = DIRECTION ( 'NONE',  ( 1.000000000000000000, -0.000000000000000000, -0.000000000000000000 ) ) ;
#1400 = ORIENTED_EDGE ( 'NONE', *, *, #691, .T. ) ;
#1401 = VERTEX_POINT ( 'NONE', #1799 ) ;
#1402 = LINE ( 'NONE', #42, #2952 ) ;
#1403 = ADVANCED_FACE ( 'NONE', ( #3180 ), #154, .F. ) ;
#1404 = EDGE_CURVE ( 'NONE', #1831, #2360, #1138, .T. ) ;
#1405 = CIRCLE ( 'NONE', #3695, 1.299999999999995604 ) ;
#1406 = ORIENTED_EDGE ( 'NONE', *, *, #1278, .T. ) ;
#1407 = AXIS2_PLACEMENT_3D ( 'NONE', #1959, #3976, #4267 ) ;
#1408 = ORIENTED_EDGE ( 'NONE', *, *, #4366, .F. ) ;
#1409 = DIRECTION ( 'NONE',  ( 0.000000000000000000, -1.000000000000000000, 0.000000000000000000 ) ) ;
#1410 = FACE_OUTER_BOUND ( 'NONE', #3405, .T. ) ;
#1411 = AXIS2_PLACEMENT_3D ( 'NONE', #315, #1338, #719 ) ;
#1412 = VECTOR ( 'NONE', #1647, 1000.000000000000000 ) ;
#1413 = AXIS2_PLACEMENT_3D ( 'NONE', #1353, #370, #2706 ) ;
#1414 = EDGE_CURVE ( 'NONE', #3870, #2154, #2498, .T. ) ;
#1415 = CARTESIAN_POINT ( 'NONE',  ( 98.40000000000000568, -38.90000000000000568, 28.11000000000000298 ) ) ;
#1416 = CARTESIAN_POINT ( 'NONE',  ( 192.7000000000000171, -60.99999999999999289, 14.16000000000000014 ) ) ;
#1417 = CARTESIAN_POINT ( 'NONE',  ( 192.3000000000000114, -86.00000000000000000, 1.759999999999989795 ) ) ;
#1418 = DIRECTION ( 'NONE',  ( -1.000000000000000000, -1.473225881933593315E-16, 0.000000000000000000 ) ) ;
#1419 = VECTOR ( 'NONE', #736, 1000.000000000000000 ) ;
#1420 = ORIENTED_EDGE ( 'NONE', *, *, #3731, .T. ) ;
#1421 = ORIENTED_EDGE ( 'NONE', *, *, #1877, .F. ) ;
#1422 = DIRECTION ( 'NONE',  ( -0.000000000000000000, -0.000000000000000000, -1.000000000000000000 ) ) ;
#1423 = VECTOR ( 'NONE', #2129, 1000.000000000000000 ) ;
#1424 = CARTESIAN_POINT ( 'NONE',  ( 190.0000000000000000, -130.6000000000000227, 26.51000000000000156 ) ) ;
#1425 = CARTESIAN_POINT ( 'NONE',  ( 184.6000000000000227, -135.6000000000000227, 28.11000000000000298 ) ) ;
#1426 = EDGE_CURVE ( 'NONE', #815, #833, #3356, .T. ) ;
#1427 = CARTESIAN_POINT ( 'NONE',  ( 103.4000000000000199, -139.9699999999999989, 26.51000000000000156 ) ) ;
#1428 = VERTEX_POINT ( 'NONE', #3906 ) ;
#1429 = VERTEX_POINT ( 'NONE', #3156 ) ;
#1430 = FACE_BOUND ( 'NONE', #406, .T. ) ;
#1431 = ORIENTED_EDGE ( 'NONE', *, *, #199, .T. ) ;
#1432 = VECTOR ( 'NONE', #2873, 1000.000000000000000 ) ;
#1433 = ORIENTED_EDGE ( 'NONE', *, *, #1434, .T. ) ;
#1434 = EDGE_CURVE ( 'NONE', #1187, #3288, #300, .T. ) ;
#1435 = DIRECTION ( 'NONE',  ( -1.000000000000000000, -0.000000000000000000, 0.000000000000000000 ) ) ;
#1436 = DIRECTION ( 'NONE',  ( 0.000000000000000000, 0.000000000000000000, 1.000000000000000000 ) ) ;
#1437 = EDGE_CURVE ( 'NONE', #3125, #2169, #2159, .T. ) ;
#1438 = DIRECTION ( 'NONE',  ( -0.000000000000000000, -0.000000000000000000, -1.000000000000000000 ) ) ;
#1439 = DIRECTION ( 'NONE',  ( 1.000000000000000000, 0.000000000000000000, 0.000000000000000000 ) ) ;
#1440 = LINE ( 'NONE', #3124, #3772 ) ;
#1441 = DIRECTION ( 'NONE',  ( 0.000000000000000000, 0.000000000000000000, 1.000000000000000000 ) ) ;
#1442 = ORIENTED_EDGE ( 'NONE', *, *, #2744, .T. ) ;
#1443 = ORIENTED_EDGE ( 'NONE', *, *, #2726, .T. ) ;
#1444 = CARTESIAN_POINT ( 'NONE',  ( 91.00000000000000000, -29.00000000000000000, -10.59000000000000163 ) ) ;
#1445 = DIRECTION ( 'NONE',  ( 1.000000000000000000, 0.000000000000000000, 0.000000000000000000 ) ) ;
#1446 = CIRCLE ( 'NONE', #3948, 6.000000000000007105 ) ;
#1447 = DIRECTION ( 'NONE',  ( -0.000000000000000000, -0.000000000000000000, -1.000000000000000000 ) ) ;
#1448 = DIRECTION ( 'NONE',  ( -1.000000000000000000, 0.000000000000000000, 0.000000000000000000 ) ) ;
#1449 = AXIS2_PLACEMENT_3D ( 'NONE', #1652, #2690, #1316 ) ;
#1450 = AXIS2_PLACEMENT_3D ( 'NONE', #2861, #1409, #4158 ) ;
#1451 = EDGE_CURVE ( 'NONE', #1493, #374, #4218, .T. ) ;
#1452 = ORIENTED_EDGE ( 'NONE', *, *, #218, .T. ) ;
#1453 = ORIENTED_EDGE ( 'NONE', *, *, #2708, .F. ) ;
#1454 = CARTESIAN_POINT ( 'NONE',  ( 188.0000000000000000, -136.5000000000000000, -10.59000000000000163 ) ) ;
#1455 = DIRECTION ( 'NONE',  ( -0.000000000000000000, 0.000000000000000000, 1.000000000000000000 ) ) ;
#1456 = ORIENTED_EDGE ( 'NONE', *, *, #2641, .F. ) ;
#1457 = VERTEX_POINT ( 'NONE', #131 ) ;
#1458 = CIRCLE ( 'NONE', #3807, 2.500000000000002220 ) ;
#1459 = DIRECTION ( 'NONE',  ( 1.000000000000000000, 1.555805808050947504E-16, -0.000000000000000000 ) ) ;
#1460 = DIRECTION ( 'NONE',  ( 0.000000000000000000, 0.000000000000000000, -1.000000000000000000 ) ) ;
#1461 = CIRCLE ( 'NONE', #3964, 6.000000000000007105 ) ;
#1462 = AXIS2_PLACEMENT_3D ( 'NONE', #1573, #1906, #4025 ) ;
#1463 = FACE_OUTER_BOUND ( 'NONE', #3027, .T. ) ;
#1464 = DIRECTION ( 'NONE',  ( 0.000000000000000000, 0.000000000000000000, 1.000000000000000000 ) ) ;
#1465 = DIRECTION ( 'NONE',  ( 1.000000000000000000, 0.000000000000000000, 0.000000000000000000 ) ) ;
#1466 = EDGE_CURVE ( 'NONE', #2453, #3070, #4243, .T. ) ;
#1467 = CARTESIAN_POINT ( 'NONE',  ( 187.1000000000000227, -36.39999999999999147, 26.51000000000000156 ) ) ;
#1468 = VERTEX_POINT ( 'NONE', #2207 ) ;
#1469 = ORIENTED_EDGE ( 'NONE', *, *, #1602, .F. ) ;
#1470 = LINE ( 'NONE', #3429, #4416 ) ;
#1471 = EDGE_CURVE ( 'NONE', #2718, #3535, #3584, .T. ) ;
#1472 = CARTESIAN_POINT ( 'NONE',  ( 92.79999999999999716, 8.463805159394710825E-15, 22.85485357832084219 ) ) ;
#1473 = DIRECTION ( 'NONE',  ( 0.000000000000000000, 1.000000000000000000, 0.000000000000000000 ) ) ;
#1474 = DIRECTION ( 'NONE',  ( -0.000000000000000000, -0.000000000000000000, -1.000000000000000000 ) ) ;
#1475 = AXIS2_PLACEMENT_3D ( 'NONE', #2103, #1016, #709 ) ;
#1476 = ORIENTED_EDGE ( 'NONE', *, *, #3988, .F. ) ;
#1477 = ORIENTED_EDGE ( 'NONE', *, *, #1829, .T. ) ;
#1478 = CARTESIAN_POINT ( 'NONE',  ( 164.8999999999999773, -102.0000000000000142, 0.5099999999999983435 ) ) ;
#1479 = CARTESIAN_POINT ( 'NONE',  ( 187.1000000000000227, -135.6000000000000227, 28.11000000000000298 ) ) ;
#1480 = DIRECTION ( 'NONE',  ( -0.9396926207859082059, -0.3420201433256694901, 0.000000000000000000 ) ) ;
#1481 = EDGE_CURVE ( 'NONE', #739, #1914, #1866, .T. ) ;
#1482 = EDGE_LOOP ( 'NONE', ( #1400, #3087, #3745, #4269 ) ) ;
#1483 = ORIENTED_EDGE ( 'NONE', *, *, #1116, .F. ) ;
#1484 = DIRECTION ( 'NONE',  ( 0.000000000000000000, 1.000000000000000000, 0.000000000000000000 ) ) ;
#1485 = DIRECTION ( 'NONE',  ( 0.000000000000000000, 0.000000000000000000, 1.000000000000000000 ) ) ;
#1486 = ADVANCED_FACE ( 'NONE', ( #2849 ), #831, .F. ) ;
#1487 = DIRECTION ( 'NONE',  ( 0.000000000000000000, 0.000000000000000000, -1.000000000000000000 ) ) ;
#1488 = VECTOR ( 'NONE', #1117, 1000.000000000000000 ) ;
#1489 = DIRECTION ( 'NONE',  ( -0.000000000000000000, -0.000000000000000000, 1.000000000000000000 ) ) ;
#1490 = CARTESIAN_POINT ( 'NONE',  ( 96.25000000000000000, -137.9999999999999716, 18.51000000000000156 ) ) ;
#1491 = DIRECTION ( 'NONE',  ( -0.000000000000000000, -0.000000000000000000, -1.000000000000000000 ) ) ;
#1492 = CIRCLE ( 'NONE', #4279, 3.500000000000031086 ) ;
#1493 = VERTEX_POINT ( 'NONE', #3884 ) ;
#1494 = VERTEX_POINT ( 'NONE', #2182 ) ;
#1495 = CARTESIAN_POINT ( 'NONE',  ( 187.5000000000000000, -37.42999999999999261, 26.51000000000000156 ) ) ;
#1496 = EDGE_CURVE ( 'NONE', #3535, #980, #3552, .T. ) ;
#1497 = LINE ( 'NONE', #2108, #2838 ) ;
#1498 = EDGE_CURVE ( 'NONE', #1939, #1987, #1649, .T. ) ;
#1499 = VECTOR ( 'NONE', #805, 1000.000000000000000 ) ;
#1500 = DIRECTION ( 'NONE',  ( 1.000000000000000000, 0.000000000000000000, 0.000000000000000000 ) ) ;
#1501 = CARTESIAN_POINT ( 'NONE',  ( 105.3999999999999915, -102.0000000000000142, 0.5099999999999983435 ) ) ;
#1502 = EDGE_CURVE ( 'NONE', #449, #2296, #978, .T. ) ;
#1503 = ORIENTED_EDGE ( 'NONE', *, *, #1938, .F. ) ;
#1504 = AXIS2_PLACEMENT_3D ( 'NONE', #152, #895, #828 ) ;
#1505 = VERTEX_POINT ( 'NONE', #1232 ) ;
#1506 = DIRECTION ( 'NONE',  ( -0.000000000000000000, -0.000000000000000000, -1.000000000000000000 ) ) ;
#1507 = ADVANCED_FACE ( 'NONE', ( #2999 ), #4352, .F. ) ;
#1508 = CARTESIAN_POINT ( 'NONE',  ( 188.0000000000000000, -136.5000000000000000, -10.59000000000000163 ) ) ;
#1509 = LINE ( 'NONE', #2857, #549 ) ;
#1510 = AXIS2_PLACEMENT_3D ( 'NONE', #2639, #4007, #2699 ) ;
#1511 = ORIENTED_EDGE ( 'NONE', *, *, #1578, .F. ) ;
#1512 = ORIENTED_EDGE ( 'NONE', *, *, #2595, .F. ) ;
#1513 = DIRECTION ( 'NONE',  ( -5.139921410301661840E-15, 1.000000000000000000, 0.000000000000000000 ) ) ;
#1514 = CARTESIAN_POINT ( 'NONE',  ( 191.4699999999999989, -130.6000000000000227, 28.11000000000000298 ) ) ;
#1515 = LINE ( 'NONE', #3852, #4135 ) ;
#1516 = CARTESIAN_POINT ( 'NONE',  ( 103.4000000000000057, -32.03000000000000114, 26.51000000000000156 ) ) ;
#1517 = ORIENTED_EDGE ( 'NONE', *, *, #4392, .T. ) ;
#1518 = ORIENTED_EDGE ( 'NONE', *, *, #916, .F. ) ;
#1519 = CARTESIAN_POINT ( 'NONE',  ( 192.7000000000000171, -2.614078090702793831E-15, 22.85485357832084574 ) ) ;
#1520 = CARTESIAN_POINT ( 'NONE',  ( 187.1000000000000227, -133.1000000000000227, 28.11000000000000298 ) ) ;
#1521 = DIRECTION ( 'NONE',  ( 0.000000000000000000, 0.000000000000000000, 1.000000000000000000 ) ) ;
#1522 = LINE ( 'NONE', #3886, #1625 ) ;
#1523 = ORIENTED_EDGE ( 'NONE', *, *, #1437, .F. ) ;
#1524 = PRODUCT_DEFINITION_SHAPE ( 'NONE', 'NONE',  #1767 ) ;
#1525 = ORIENTED_EDGE ( 'NONE', *, *, #4399, .F. ) ;
#1526 = DIRECTION ( 'NONE',  ( 1.000000000000000000, 0.000000000000000000, -0.000000000000000000 ) ) ;
#1527 = DIRECTION ( 'NONE',  ( 0.000000000000000000, -1.000000000000000000, 0.000000000000000000 ) ) ;
#1528 = CYLINDRICAL_SURFACE ( 'NONE', #2811, 0.3999999999999993006 ) ;
#1529 = CIRCLE ( 'NONE', #168, 2.500000000000002220 ) ;
#1530 = CIRCLE ( 'NONE', #3010, 11.40000000000000568 ) ;
#1531 = EDGE_LOOP ( 'NONE', ( #362, #3830, #1608, #1304 ) ) ;
#1532 = EDGE_LOOP ( 'NONE', ( #4331, #1256, #1552, #1542 ) ) ;
#1533 = EDGE_CURVE ( 'NONE', #1099, #1879, #3299, .T. ) ;
#1534 = DIRECTION ( 'NONE',  ( 0.000000000000000000, -1.000000000000000000, 0.000000000000000000 ) ) ;
#1535 = CIRCLE ( 'NONE', #1810, 3.500000000000003109 ) ;
#1536 = AXIS2_PLACEMENT_3D ( 'NONE', #3419, #2456, #71 ) ;
#1537 = CARTESIAN_POINT ( 'NONE',  ( 99.43000000000002103, -136.0000000000000000, 28.11000000000000298 ) ) ;
#1538 = DIRECTION ( 'NONE',  ( -1.000000000000000000, 0.000000000000000000, 0.000000000000000000 ) ) ;
#1539 = DIRECTION ( 'NONE',  ( 1.000000000000000000, 0.000000000000000000, 0.000000000000000000 ) ) ;
#1540 = CIRCLE ( 'NONE', #899, 1.350000000000004086 ) ;
#1541 = ORIENTED_EDGE ( 'NONE', *, *, #3708, .T. ) ;
#1542 = ORIENTED_EDGE ( 'NONE', *, *, #1110, .F. ) ;
#1543 = DIRECTION ( 'NONE',  ( 1.000000000000000000, 0.000000000000000000, -0.000000000000000000 ) ) ;
#1544 = DIRECTION ( 'NONE',  ( 1.000000000000000000, 0.000000000000000000, 0.000000000000000000 ) ) ;
#1545 = DIRECTION ( 'NONE',  ( -1.000000000000000000, 0.000000000000000000, 0.000000000000000000 ) ) ;
#1546 = ORIENTED_EDGE ( 'NONE', *, *, #4366, .T. ) ;
#1547 = ORIENTED_EDGE ( 'NONE', *, *, #1588, .F. ) ;
#1548 = DIRECTION ( 'NONE',  ( -0.000000000000000000, 0.000000000000000000, -1.000000000000000000 ) ) ;
#1549 = CARTESIAN_POINT ( 'NONE',  ( 97.54999999999999716, -33.99999999999997868, 26.51000000000000156 ) ) ;
#1550 = DIRECTION ( 'NONE',  ( 1.000000000000000000, 0.000000000000000000, 0.000000000000000000 ) ) ;
#1551 = ORIENTED_EDGE ( 'NONE', *, *, #1913, .F. ) ;
#1552 = ORIENTED_EDGE ( 'NONE', *, *, #2472, .F. ) ;
#1553 = ORIENTED_EDGE ( 'NONE', *, *, #846, .T. ) ;
#1554 = EDGE_CURVE ( 'NONE', #3903, #2045, #4017, .T. ) ;
#1555 = FILL_AREA_STYLE_COLOUR ( '', #465 ) ;
#1556 = DIRECTION ( 'NONE',  ( -0.000000000000000000, -0.000000000000000000, -1.000000000000000000 ) ) ;
#1557 = CYLINDRICAL_SURFACE ( 'NONE', #3305, 1.350000000000004086 ) ;
#1558 = ADVANCED_FACE ( 'NONE', ( #4371 ), #4037, .F. ) ;
#1559 = CIRCLE ( 'NONE', #3472, 6.500000000000005329 ) ;
#1560 = EDGE_CURVE ( 'NONE', #2356, #3328, #1362, .T. ) ;
#1561 = ORIENTED_EDGE ( 'NONE', *, *, #2116, .F. ) ;
#1562 = VECTOR ( 'NONE', #1474, 1000.000000000000000 ) ;
#1563 = CARTESIAN_POINT ( 'NONE',  ( 190.0000000000000000, -86.00000000000000000, 7.759999999999996234 ) ) ;
#1564 = FACE_OUTER_BOUND ( 'NONE', #808, .T. ) ;
#1565 = DIRECTION ( 'NONE',  ( 1.555805808050947258E-16, -1.000000000000000000, 0.000000000000000000 ) ) ;
#1566 = VECTOR ( 'NONE', #1399, 1000.000000000000000 ) ;
#1567 = ORIENTED_EDGE ( 'NONE', *, *, #2931, .T. ) ;
#1568 = EDGE_LOOP ( 'NONE', ( #4124, #1941, #3750, #3774 ) ) ;
#1569 = CIRCLE ( 'NONE', #4280, 2.500000000000002220 ) ;
#1570 = EDGE_CURVE ( 'NONE', #4136, #1902, #4143, .T. ) ;
#1571 = CARTESIAN_POINT ( 'NONE',  ( 99.43000000000000682, -36.00000000000000711, 26.51000000000000156 ) ) ;
#1572 = CARTESIAN_POINT ( 'NONE',  ( 91.00000000000000000, -29.00000000000000355, 23.50999999999999801 ) ) ;
#1573 = CARTESIAN_POINT ( 'NONE',  ( 164.8999999999999773, -102.0000000000000142, 0.5099999999999983435 ) ) ;
#1574 = CIRCLE ( 'NONE', #2918, 6.400000000000006573 ) ;
#1575 = VERTEX_POINT ( 'NONE', #623 ) ;
#1576 = EDGE_LOOP ( 'NONE', ( #2250, #2492, #1546, #3448, #432, #1224, #2384, #4062 ) ) ;
#1577 = FACE_OUTER_BOUND ( 'NONE', #3822, .T. ) ;
#1578 = EDGE_CURVE ( 'NONE', #2216, #2279, #3855, .T. ) ;
#1579 = DIRECTION ( 'NONE',  ( 0.000000000000000000, 0.000000000000000000, 1.000000000000000000 ) ) ;
#1580 = AXIS2_PLACEMENT_3D ( 'NONE', #1929, #1225, #511 ) ;
#1581 = ADVANCED_FACE ( 'NONE', ( #897 ), #4309, .F. ) ;
#1582 = ORIENTED_EDGE ( 'NONE', *, *, #3464, .T. ) ;
#1583 = DIRECTION ( 'NONE',  ( -0.000000000000000000, -0.000000000000000000, -1.000000000000000000 ) ) ;
#1584 = CARTESIAN_POINT ( 'NONE',  ( 98.00000000000000000, -41.40000000000000568, -8.490000000000000213 ) ) ;
#1585 = CARTESIAN_POINT ( 'NONE',  ( 94.95000000000000284, -33.99999999999997868, 26.51000000000000156 ) ) ;
#1586 = ORIENTED_EDGE ( 'NONE', *, *, #2738, .T. ) ;
#1587 = ORIENTED_EDGE ( 'NONE', *, *, #1938, .T. ) ;
#1588 = EDGE_CURVE ( 'NONE', #2807, #4277, #4330, .T. ) ;
#1589 = DIRECTION ( 'NONE',  ( 1.000000000000000000, 0.000000000000000000, 0.000000000000000000 ) ) ;
#1590 = DIRECTION ( 'NONE',  ( 1.000000000000000000, 0.000000000000000000, 0.000000000000000000 ) ) ;
#1591 = CARTESIAN_POINT ( 'NONE',  ( 164.8999999999999773, -39.00000000000000000, 0.5099999999999983435 ) ) ;
#1592 = ORIENTED_EDGE ( 'NONE', *, *, #2881, .T. ) ;
#1593 = ORIENTED_EDGE ( 'NONE', *, *, #1361, .F. ) ;
#1594 = ORIENTED_EDGE ( 'NONE', *, *, #4138, .T. ) ;
#1595 = AXIS2_PLACEMENT_3D ( 'NONE', #3473, #60, #1005 ) ;
#1596 = VECTOR ( 'NONE', #952, 1000.000000000000000 ) ;
#1597 = CIRCLE ( 'NONE', #4088, 6.000000000000000000 ) ;
#1598 = CARTESIAN_POINT ( 'NONE',  ( 166.2500000000000000, -39.00000000000000000, -8.490000000000000213 ) ) ;
#1599 = PLANE ( 'NONE',  #1891 ) ;
#1600 = EDGE_LOOP ( 'NONE', ( #3152, #1262, #2630, #508 ) ) ;
#1601 = DIRECTION ( 'NONE',  ( 0.000000000000000000, 0.000000000000000000, -1.000000000000000000 ) ) ;
#1602 = EDGE_CURVE ( 'NONE', #3177, #163, #939, .T. ) ;
#1603 = FACE_OUTER_BOUND ( 'NONE', #809, .T. ) ;
#1604 = AXIS2_PLACEMENT_3D ( 'NONE', #271, #2041, #293 ) ;
#1605 = DIRECTION ( 'NONE',  ( 0.000000000000000000, -1.000000000000000000, 0.000000000000000000 ) ) ;
#1606 = DIRECTION ( 'NONE',  ( 0.000000000000000000, 0.000000000000000000, 1.000000000000000000 ) ) ;
#1607 = VECTOR ( 'NONE', #4134, 1000.000000000000000 ) ;
#1608 = ORIENTED_EDGE ( 'NONE', *, *, #1953, .F. ) ;
#1609 = EDGE_LOOP ( 'NONE', ( #2301, #722, #2155, #1880 ) ) ;
#1610 = CARTESIAN_POINT ( 'NONE',  ( 192.7000000000000171, -41.15514642167917003, 22.85485357832083864 ) ) ;
#1611 = DIRECTION ( 'NONE',  ( -0.9396926207859082059, 0.000000000000000000, -0.3420201433256694901 ) ) ;
#1612 = VERTEX_POINT ( 'NONE', #1294 ) ;
#1613 = ORIENTED_EDGE ( 'NONE', *, *, #3383, .F. ) ;
#1614 = CARTESIAN_POINT ( 'NONE',  ( 187.1000000000000227, -134.5700000000000216, 28.11000000000000298 ) ) ;
#1615 = EDGE_CURVE ( 'NONE', #980, #1261, #1623, .T. ) ;
#1616 = VECTOR ( 'NONE', #1527, 1000.000000000000000 ) ;
#1617 = DIRECTION ( 'NONE',  ( -1.000000000000000000, 0.000000000000000000, 0.000000000000000000 ) ) ;
#1618 = EDGE_CURVE ( 'NONE', #3548, #2731, #1933, .T. ) ;
#1619 = CARTESIAN_POINT ( 'NONE',  ( 182.1000000000000227, -32.03000000000000114, 28.11000000000000298 ) ) ;
#1620 = ORIENTED_EDGE ( 'NONE', *, *, #1602, .T. ) ;
#1621 = DIRECTION ( 'NONE',  ( 0.000000000000000000, 0.000000000000000000, 1.000000000000000000 ) ) ;
#1622 = CARTESIAN_POINT ( 'NONE',  ( 91.00000000000001421, -143.0000000000000284, -8.490000000000000213 ) ) ;
#1623 = LINE ( 'NONE', #3361, #2704 ) ;
#1624 = CARTESIAN_POINT ( 'NONE',  ( 91.00000000000001421, -143.0000000000000284, 26.51000000000000156 ) ) ;
#1625 = VECTOR ( 'NONE', #4223, 1000.000000000000000 ) ;
#1626 = ORIENTED_EDGE ( 'NONE', *, *, #3427, .T. ) ;
#1627 = EDGE_CURVE ( 'NONE', #1401, #2823, #3620, .T. ) ;
#1628 = ADVANCED_FACE ( 'NONE', ( #584 ), #1976, .F. ) ;
#1629 = ORIENTED_EDGE ( 'NONE', *, *, #3491, .F. ) ;
#1630 = PLANE ( 'NONE',  #3962 ) ;
#1631 = EDGE_CURVE ( 'NONE', #1675, #2807, #267, .T. ) ;
#1632 = DIRECTION ( 'NONE',  ( 0.3236155771181852825, -0.8891264907159880382, -0.3236155771181852825 ) ) ;
#1633 = DIRECTION ( 'NONE',  ( 0.000000000000000000, 0.000000000000000000, 1.000000000000000000 ) ) ;
#1634 = AXIS2_PLACEMENT_3D ( 'NONE', #2247, #2205, #542 ) ;
#1635 = ORIENTED_EDGE ( 'NONE', *, *, #3141, .F. ) ;
#1636 = AXIS2_PLACEMENT_3D ( 'NONE', #3467, #1491, #1770 ) ;
#1637 = ORIENTED_EDGE ( 'NONE', *, *, #1627, .T. ) ;
#1638 = EDGE_CURVE ( 'NONE', #654, #1967, #1665, .T. ) ;
#1639 = DIRECTION ( 'NONE',  ( 1.000000000000000000, 0.000000000000000000, 0.000000000000000000 ) ) ;
#1640 = CIRCLE ( 'NONE', #1061, 0.3999999999999993006 ) ;
#1641 = VERTEX_POINT ( 'NONE', #391 ) ;
#1642 = AXIS2_PLACEMENT_3D ( 'NONE', #2484, #4215, #800 ) ;
#1643 = LINE ( 'NONE', #1287, #2587 ) ;
#1644 = DIRECTION ( 'NONE',  ( 0.000000000000000000, -1.000000000000000000, 0.000000000000000000 ) ) ;
#1645 = ORIENTED_EDGE ( 'NONE', *, *, #653, .T. ) ;
#1646 = CARTESIAN_POINT ( 'NONE',  ( 127.7500000000000000, -140.8000000000000114, -2.652740443884070931 ) ) ;
#1647 = DIRECTION ( 'NONE',  ( -0.000000000000000000, -0.000000000000000000, -1.000000000000000000 ) ) ;
#1648 = CARTESIAN_POINT ( 'NONE',  ( 182.1000000000000227, -33.50000000000000000, 26.51000000000000156 ) ) ;
#1649 = CIRCLE ( 'NONE', #1712, 0.3999999999999999667 ) ;
#1650 = ORIENTED_EDGE ( 'NONE', *, *, #2610, .F. ) ;
#1651 = ORIENTED_EDGE ( 'NONE', *, *, #3635, .T. ) ;
#1652 = CARTESIAN_POINT ( 'NONE',  ( 91.00000000000000000, -29.00000000000000000, 23.50999999999999801 ) ) ;
#1653 = CARTESIAN_POINT ( 'NONE',  ( 192.7000000000000171, -86.00000000000000000, 14.16000000000000192 ) ) ;
#1654 = DIRECTION ( 'NONE',  ( 0.000000000000000000, 0.000000000000000000, -1.000000000000000000 ) ) ;
#1655 = EDGE_LOOP ( 'NONE', ( #1903, #1582, #3869, #3660 ) ) ;
#1656 = EDGE_LOOP ( 'NONE', ( #1921, #1228, #350, #1324 ) ) ;
#1657 = DIRECTION ( 'NONE',  ( -1.000000000000000000, 0.000000000000000000, 0.000000000000000000 ) ) ;
#1658 = ADVANCED_FACE ( 'NONE', ( #3805 ), #1392, .F. ) ;
#1659 = ADVANCED_FACE ( 'NONE', ( #2059 ), #347, .F. ) ;
#1660 = CARTESIAN_POINT ( 'NONE',  ( 91.00000000000000000, -40.50000000000000000, -8.490000000000000213 ) ) ;
#1661 = DIRECTION ( 'NONE',  ( 0.000000000000000000, 0.000000000000000000, -1.000000000000000000 ) ) ;
#1662 = CARTESIAN_POINT ( 'NONE',  ( 99.43000000000002103, -136.0000000000000000, 26.51000000000000156 ) ) ;
#1663 = DIRECTION ( 'NONE',  ( -1.000000000000000000, -1.217349807703022362E-16, 0.000000000000000000 ) ) ;
#1664 = CARTESIAN_POINT ( 'NONE',  ( 103.4000000000000199, -139.9699999999999989, 28.11000000000000298 ) ) ;
#1665 = LINE ( 'NONE', #3444, #3422 ) ;
#1666 = ORIENTED_EDGE ( 'NONE', *, *, #786, .T. ) ;
#1667 = ORIENTED_EDGE ( 'NONE', *, *, #4340, .F. ) ;
#1668 = CARTESIAN_POINT ( 'NONE',  ( 190.4000000000000057, -86.00000000000000000, 13.76000000000000334 ) ) ;
#1669 = VECTOR ( 'NONE', #1993, 1000.000000000000000 ) ;
#1670 = CARTESIAN_POINT ( 'NONE',  ( 103.1551464216791771, -141.2000000000000171, -7.334853578320836398 ) ) ;
#1671 = AXIS2_PLACEMENT_3D ( 'NONE', #3032, #1348, #2701 ) ;
#1672 = DIRECTION ( 'NONE',  ( -0.000000000000000000, 1.000000000000000000, 0.000000000000000000 ) ) ;
#1673 = ORIENTED_EDGE ( 'NONE', *, *, #1098, .F. ) ;
#1674 = VECTOR ( 'NONE', #2923, 1000.000000000000000 ) ;
#1675 = VERTEX_POINT ( 'NONE', #1087 ) ;
#1676 = CYLINDRICAL_SURFACE ( 'NONE', #824, 2.500000000000002220 ) ;
#1677 = ADVANCED_FACE ( 'NONE', ( #2079 ), #731, .F. ) ;
#1678 = DIRECTION ( 'NONE',  ( -0.000000000000000000, -0.000000000000000000, -1.000000000000000000 ) ) ;
#1679 = FACE_OUTER_BOUND ( 'NONE', #4079, .T. ) ;
#1680 = ADVANCED_FACE ( 'NONE', ( #3019 ), #4100, .F. ) ;
#1681 = AXIS2_PLACEMENT_3D ( 'NONE', #413, #1352, #3036 ) ;
#1682 = CARTESIAN_POINT ( 'NONE',  ( 194.5000000000000000, -29.00000000000000000, -8.490000000000000213 ) ) ;
#1683 = ADVANCED_FACE ( 'NONE', ( #52 ), #2020, .F. ) ;
#1684 = CARTESIAN_POINT ( 'NONE',  ( 98.00000000000001421, -130.6000000000000512, -8.490000000000000213 ) ) ;
#1685 = FACE_OUTER_BOUND ( 'NONE', #2486, .T. ) ;
#1686 = DIRECTION ( 'NONE',  ( -1.000000000000000000, -0.000000000000000000, -0.000000000000000000 ) ) ;
#1687 = ADVANCED_FACE ( 'NONE', ( #3037 ), #4391, .F. ) ;
#1688 = ORIENTED_EDGE ( 'NONE', *, *, #1434, .F. ) ;
#1689 = ORIENTED_EDGE ( 'NONE', *, *, #951, .F. ) ;
#1690 = DIRECTION ( 'NONE',  ( -1.000000000000000000, 0.000000000000000000, 0.000000000000000000 ) ) ;
#1691 = CARTESIAN_POINT ( 'NONE',  ( 100.9000000000000057, -36.39999999999999858, -8.490000000000000213 ) ) ;
#1692 = CARTESIAN_POINT ( 'NONE',  ( 182.1000000000000512, -136.0000000000000000, -8.490000000000000213 ) ) ;
#1693 = ORIENTED_EDGE ( 'NONE', *, *, #883, .F. ) ;
#1694 = EDGE_CURVE ( 'NONE', #3838, #2602, #1017, .T. ) ;
#1695 = ORIENTED_EDGE ( 'NONE', *, *, #979, .T. ) ;
#1696 = LINE ( 'NONE', #3048, #4317 ) ;
#1697 = AXIS2_PLACEMENT_3D ( 'NONE', #2728, #4389, #4054 ) ;
#1698 = ORIENTED_EDGE ( 'NONE', *, *, #1578, .T. ) ;
#1699 = AXIS2_PLACEMENT_3D ( 'NONE', #2998, #1996, #708 ) ;
#1700 = PLANE ( 'NONE',  #1671 ) ;
#1701 = CIRCLE ( 'NONE', #512, 0.3999999999999993006 ) ;
#1702 = DIRECTION ( 'NONE',  ( 1.000000000000000000, 0.000000000000000000, -0.000000000000000000 ) ) ;
#1703 = ADVANCED_FACE ( 'NONE', ( #3784 ), #2392, .F. ) ;
#1704 = CARTESIAN_POINT ( 'NONE',  ( 105.3999999999999915, -39.00000000000000000, 0.5099999999999983435 ) ) ;
#1705 = LINE ( 'NONE', #1746, #3752 ) ;
#1706 = CARTESIAN_POINT ( 'NONE',  ( 127.7500000000000000, -141.2000000000000171, 8.747259556115935197 ) ) ;
#1707 = ORIENTED_EDGE ( 'NONE', *, *, #2771, .F. ) ;
#1708 = ORIENTED_EDGE ( 'NONE', *, *, #3724, .T. ) ;
#1709 = DIRECTION ( 'NONE',  ( -0.000000000000000000, -0.000000000000000000, 1.000000000000000000 ) ) ;
#1710 = CYLINDRICAL_SURFACE ( 'NONE', #1723, 1.299999999999995604 ) ;
#1711 = DIRECTION ( 'NONE',  ( -1.000000000000000000, 0.000000000000000000, 0.000000000000000000 ) ) ;
#1712 = AXIS2_PLACEMENT_3D ( 'NONE', #2326, #2917, #4289 ) ;
#1713 = ORIENTED_EDGE ( 'NONE', *, *, #1618, .F. ) ;
#1714 = ORIENTED_EDGE ( 'NONE', *, *, #3060, .F. ) ;
#1715 = CARTESIAN_POINT ( 'NONE',  ( 98.00000000000000000, -41.40000000000000568, -8.490000000000000213 ) ) ;
#1716 = EDGE_LOOP ( 'NONE', ( #20, #68, #3308, #3485 ) ) ;
#1717 = EDGE_LOOP ( 'NONE', ( #3991, #1886, #4225, #4147 ) ) ;
#1718 = DIRECTION ( 'NONE',  ( -1.000000000000000000, 0.000000000000000000, 0.000000000000000000 ) ) ;
#1719 = PLANE ( 'NONE',  #2439 ) ;
#1720 = CARTESIAN_POINT ( 'NONE',  ( 192.7000000000000171, -130.8448535783208513, -7.334853578320849721 ) ) ;
#1721 = CYLINDRICAL_SURFACE ( 'NONE', #67, 3.970000000000001528 ) ;
#1722 = CARTESIAN_POINT ( 'NONE',  ( 183.0000000000000000, -143.0000000000000284, 23.51000000000000156 ) ) ;
#1723 = AXIS2_PLACEMENT_3D ( 'NONE', #4417, #3388, #2087 ) ;
#1724 = AXIS2_PLACEMENT_3D ( 'NONE', #728, #3780, #2457 ) ;
#1725 = ADVANCED_FACE ( 'NONE', ( #3741 ), #1332, .F. ) ;
#1726 = VERTEX_POINT ( 'NONE', #1044 ) ;
#1727 = ORIENTED_EDGE ( 'NONE', *, *, #1179, .F. ) ;
#1728 = CARTESIAN_POINT ( 'NONE',  ( 97.50000000000000000, -29.40000000000000213, -10.59000000000000163 ) ) ;
#1729 = EDGE_CURVE ( 'NONE', #2754, #948, #422, .T. ) ;
#1730 = DIRECTION ( 'NONE',  ( 0.000000000000000000, 0.000000000000000000, 1.000000000000000000 ) ) ;
#1731 = CARTESIAN_POINT ( 'NONE',  ( 187.1000000000000227, -36.39999999999999147, 28.11000000000000298 ) ) ;
#1732 = ORIENTED_EDGE ( 'NONE', *, *, #378, .F. ) ;
#1733 = ORIENTED_EDGE ( 'NONE', *, *, #2160, .F. ) ;
#1734 = CARTESIAN_POINT ( 'NONE',  ( 164.8999999999999773, -39.00000000000000000, -8.490000000000000213 ) ) ;
#1735 = AXIS2_PLACEMENT_3D ( 'NONE', #1734, #1781, #3863 ) ;
#1736 = AXIS2_PLACEMENT_3D ( 'NONE', #3094, #23, #47 ) ;
#1737 = ADVANCED_FACE ( 'NONE', ( #2038 ), #4345, .T. ) ;
#1738 = ORIENTED_EDGE ( 'NONE', *, *, #4193, .T. ) ;
#1739 = EDGE_LOOP ( 'NONE', ( #2824, #1088 ) ) ;
#1740 = EDGE_CURVE ( 'NONE', #493, #743, #502, .T. ) ;
#1741 = FACE_OUTER_BOUND ( 'NONE', #1248, .T. ) ;
#1742 = CARTESIAN_POINT ( 'NONE',  ( 190.4000000000000057, -110.9999999999999858, 7.759999999999991793 ) ) ;
#1743 = EDGE_CURVE ( 'NONE', #158, #2394, #1569, .T. ) ;
#1744 = DIRECTION ( 'NONE',  ( 1.000000000000000000, 0.000000000000000000, 0.000000000000000000 ) ) ;
#1745 = DIRECTION ( 'NONE',  ( -0.000000000000000000, 0.000000000000000000, -1.000000000000000000 ) ) ;
#1746 = CARTESIAN_POINT ( 'NONE',  ( 98.40000000000000568, -37.43000000000000682, 28.11000000000000298 ) ) ;
#1747 = CARTESIAN_POINT ( 'NONE',  ( 96.25000000000000000, -33.99999999999997868, 18.51000000000000156 ) ) ;
#1748 = VECTOR ( 'NONE', #2146, 1000.000000000000000 ) ;
#1749 = ORIENTED_EDGE ( 'NONE', *, *, #41, .T. ) ;
#1750 = ORIENTED_EDGE ( 'NONE', *, *, #3958, .T. ) ;
#1751 = FACE_OUTER_BOUND ( 'NONE', #2050, .T. ) ;
#1752 = DIRECTION ( 'NONE',  ( -0.000000000000000000, -0.000000000000000000, -1.000000000000000000 ) ) ;
#1753 = FACE_OUTER_BOUND ( 'NONE', #3477, .T. ) ;
#1754 = FACE_OUTER_BOUND ( 'NONE', #3068, .T. ) ;
#1755 = ADVANCED_FACE ( 'NONE', ( #710 ), #3570, .F. ) ;
#1756 = EDGE_LOOP ( 'NONE', ( #2237, #3732, #1143, #1408 ) ) ;
#1757 = ORIENTED_EDGE ( 'NONE', *, *, #3679, .F. ) ;
#1758 = DIRECTION ( 'NONE',  ( 0.000000000000000000, 0.000000000000000000, 1.000000000000000000 ) ) ;
#1759 = CIRCLE ( 'NONE', #2117, 3.500000000000003109 ) ;
#1760 = ADVANCED_FACE ( 'NONE', ( #2553, #4238, #776, #2842, #2820 ), #2529, .F. ) ;
#1761 = ORIENTED_EDGE ( 'NONE', *, *, #274, .T. ) ;
#1762 = ORIENTED_EDGE ( 'NONE', *, *, #297, .F. ) ;
#1763 = CARTESIAN_POINT ( 'NONE',  ( 94.03000000000000114, -41.40000000000000568, 28.11000000000000298 ) ) ;
#1764 = CARTESIAN_POINT ( 'NONE',  ( 105.3999999999999915, -39.00000000000000000, 0.5099999999999983435 ) ) ;
#1765 = AXIS2_PLACEMENT_3D ( 'NONE', #3171, #2175, #1107 ) ;
#1766 = LINE ( 'NONE', #2035, #1949 ) ;
#1767 = PRODUCT_DEFINITION ( 'Ф°', '', #3191, #127 ) ;
#1768 = CARTESIAN_POINT ( 'NONE',  ( 94.03000000000001535, -130.6000000000000512, 28.11000000000000298 ) ) ;
#1769 = DIRECTION ( 'NONE',  ( 0.000000000000000000, 0.000000000000000000, 1.000000000000000000 ) ) ;
#1770 = DIRECTION ( 'NONE',  ( -1.000000000000000000, 0.000000000000000000, 0.000000000000000000 ) ) ;
#1771 = VECTOR ( 'NONE', #1422, 1000.000000000000000 ) ;
#1772 = EDGE_LOOP ( 'NONE', ( #3769, #4014, #418, #3428 ) ) ;
#1773 = EDGE_CURVE ( 'NONE', #1314, #3125, #3879, .T. ) ;
#1774 = VERTEX_POINT ( 'NONE', #3151 ) ;
#1775 = DIRECTION ( 'NONE',  ( 0.000000000000000000, 0.000000000000000000, 1.000000000000000000 ) ) ;
#1776 = DIRECTION ( 'NONE',  ( 1.000000000000000000, 0.000000000000000000, 0.000000000000000000 ) ) ;
#1777 = DIRECTION ( 'NONE',  ( -0.000000000000000000, -0.000000000000000000, 1.000000000000000000 ) ) ;
#1778 = CARTESIAN_POINT ( 'NONE',  ( 194.0999999999999943, -35.50000000000000711, -10.99000000000000199 ) ) ;
#1779 = VERTEX_POINT ( 'NONE', #1516 ) ;
#1780 = ORIENTED_EDGE ( 'NONE', *, *, #686, .F. ) ;
#1781 = DIRECTION ( 'NONE',  ( 0.000000000000000000, 0.000000000000000000, 1.000000000000000000 ) ) ;
#1782 = CARTESIAN_POINT ( 'NONE',  ( 194.5000000000000000, -40.50000000000000000, 23.51000000000000156 ) ) ;
#1783 = ORIENTED_EDGE ( 'NONE', *, *, #4281, .T. ) ;
#1784 = ORIENTED_EDGE ( 'NONE', *, *, #330, .F. ) ;
#1785 = EDGE_CURVE ( 'NONE', #931, #332, #3273, .T. ) ;
#1786 = DIRECTION ( 'NONE',  ( 0.000000000000000000, -0.000000000000000000, -1.000000000000000000 ) ) ;
#1787 = CARTESIAN_POINT ( 'NONE',  ( 187.5000000000000000, -41.39999999999999147, -8.490000000000000213 ) ) ;
#1788 = ADVANCED_FACE ( 'NONE', ( #441 ), #2480, .T. ) ;
#1789 = DIRECTION ( 'NONE',  ( 0.000000000000000000, 0.000000000000000000, 1.000000000000000000 ) ) ;
#1790 = DIRECTION ( 'NONE',  ( 0.000000000000000000, 0.000000000000000000, -1.000000000000000000 ) ) ;
#1791 = CARTESIAN_POINT ( 'NONE',  ( 91.00000000000000000, -35.50000000000000711, -10.59000000000000163 ) ) ;
#1792 = LINE ( 'NONE', #2153, #1281 ) ;
#1793 = ORIENTED_EDGE ( 'NONE', *, *, #2708, .T. ) ;
#1794 = ORIENTED_EDGE ( 'NONE', *, *, #3402, .T. ) ;
#1795 = CARTESIAN_POINT ( 'NONE',  ( 188.0000000000000000, -142.5999999999999943, -10.99000000000000199 ) ) ;
#1796 = CARTESIAN_POINT ( 'NONE',  ( 192.7000000000000171, -130.8448535783208513, 22.85485357832083153 ) ) ;
#1797 = ADVANCED_FACE ( 'NONE', ( #2177 ), #3546, .F. ) ;
#1798 = VECTOR ( 'NONE', #1632, 1000.000000000000000 ) ;
#1799 = CARTESIAN_POINT ( 'NONE',  ( 184.6000000000000227, -36.39999999999999147, 28.11000000000000298 ) ) ;
#1800 = DIRECTION ( 'NONE',  ( 1.000000000000000000, 0.000000000000000000, 0.000000000000000000 ) ) ;
#1801 = CIRCLE ( 'NONE', #4165, 11.40000000000000568 ) ;
#1802 = VECTOR ( 'NONE', #1484, 1000.000000000000000 ) ;
#1803 = VERTEX_POINT ( 'NONE', #415 ) ;
#1804 = ORIENTED_EDGE ( 'NONE', *, *, #2610, .T. ) ;
#1805 = CARTESIAN_POINT ( 'NONE',  ( 96.25000000000000000, -137.9999999999999716, 26.51000000000000156 ) ) ;
#1806 = CARTESIAN_POINT ( 'NONE',  ( 190.4000000000000057, -86.00000000000000000, 7.759999999999996234 ) ) ;
#1807 = CARTESIAN_POINT ( 'NONE',  ( 98.40000000000000568, -37.43000000000000682, 28.11000000000000298 ) ) ;
#1808 = VERTEX_POINT ( 'NONE', #801 ) ;
#1809 = EDGE_LOOP ( 'NONE', ( #917, #3956, #3496, #3100 ) ) ;
#1810 = AXIS2_PLACEMENT_3D ( 'NONE', #914, #281, #2619 ) ;
#1811 = DIRECTION ( 'NONE',  ( 1.000000000000000000, 0.000000000000000000, 0.000000000000000000 ) ) ;
#1812 = CARTESIAN_POINT ( 'NONE',  ( 91.39999999999999147, -35.50000000000000711, -10.99000000000000199 ) ) ;
#1813 = VECTOR ( 'NONE', #1144, 1000.000000000000000 ) ;
#1814 = VECTOR ( 'NONE', #2680, 1000.000000000000000 ) ;
#1815 = EDGE_CURVE ( 'NONE', #2428, #3071, #3900, .T. ) ;
#1816 = EDGE_CURVE ( 'NONE', #943, #2570, #149, .T. ) ;
#1817 = AXIS2_PLACEMENT_3D ( 'NONE', #2189, #1196, #1883 ) ;
#1818 = EDGE_CURVE ( 'NONE', #3845, #3503, #3196, .T. ) ;
#1819 = CARTESIAN_POINT ( 'NONE',  ( 188.0000000000000000, -35.50000000000000711, -10.59000000000000163 ) ) ;
#1820 = DIRECTION ( 'NONE',  ( 1.000000000000000000, 0.000000000000000000, 0.000000000000000000 ) ) ;
#1821 = CARTESIAN_POINT ( 'NONE',  ( 188.0000000000000000, -136.5000000000000000, -8.490000000000000213 ) ) ;
#1822 = EDGE_CURVE ( 'NONE', #4047, #4176, #1922, .T. ) ;
#1823 = VERTEX_POINT ( 'NONE', #1109 ) ;
#1824 = ORIENTED_EDGE ( 'NONE', *, *, #3484, .T. ) ;
#1825 = CARTESIAN_POINT ( 'NONE',  ( 190.0000000000000000, -60.99999999999999289, 1.360000000000000098 ) ) ;
#1826 = CARTESIAN_POINT ( 'NONE',  ( 98.00000000000001421, -134.5700000000000500, 28.11000000000000298 ) ) ;
#1827 = CARTESIAN_POINT ( 'NONE',  ( 192.3000000000000114, -60.99999999999999289, 7.760000000000000675 ) ) ;
#1828 = DIRECTION ( 'NONE',  ( 1.000000000000000000, 0.000000000000000000, 0.000000000000000000 ) ) ;
#1829 = EDGE_CURVE ( 'NONE', #694, #2062, #1988, .T. ) ;
#1830 = AXIS2_PLACEMENT_3D ( 'NONE', #3236, #187, #1548 ) ;
#1831 = VERTEX_POINT ( 'NONE', #2130 ) ;
#1832 = VERTEX_POINT ( 'NONE', #125 ) ;
#1833 = CARTESIAN_POINT ( 'NONE',  ( 190.0000000000000000, -130.6000000000000227, -8.490000000000000213 ) ) ;
#1834 = DIRECTION ( 'NONE',  ( -0.000000000000000000, -0.000000000000000000, -1.000000000000000000 ) ) ;
#1835 = DIRECTION ( 'NONE',  ( 0.000000000000000000, 0.000000000000000000, 1.000000000000000000 ) ) ;
#1836 = ADVANCED_FACE ( 'NONE', ( #2889 ), #3126, .F. ) ;
#1837 = ORIENTED_EDGE ( 'NONE', *, *, #2669, .T. ) ;
#1838 = ORIENTED_EDGE ( 'NONE', *, *, #3451, .T. ) ;
#1839 = CARTESIAN_POINT ( 'NONE',  ( 97.54999999999999716, -137.9999999999999716, 18.51000000000000156 ) ) ;
#1840 = LINE ( 'NONE', #3872, #2313 ) ;
#1841 = CARTESIAN_POINT ( 'NONE',  ( 166.2500000000000000, -102.0000000000000142, 0.5099999999999983435 ) ) ;
#1842 = CIRCLE ( 'NONE', #3268, 2.500000000000002220 ) ;
#1843 = FACE_BOUND ( 'NONE', #1303, .T. ) ;
#1844 = CARTESIAN_POINT ( 'NONE',  ( 98.40000000000000568, -37.43000000000000682, 28.11000000000000298 ) ) ;
#1845 = CARTESIAN_POINT ( 'NONE',  ( 91.00000000000001421, -131.5000000000000000, -8.490000000000000213 ) ) ;
#1846 = VECTOR ( 'NONE', #1066, 1000.000000000000000 ) ;
#1847 = EDGE_LOOP ( 'NONE', ( #3862, #2577, #1124, #532 ) ) ;
#1848 = ORIENTED_EDGE ( 'NONE', *, *, #4306, .T. ) ;
#1849 = FACE_OUTER_BOUND ( 'NONE', #3215, .T. ) ;
#1850 = FACE_OUTER_BOUND ( 'NONE', #2904, .T. ) ;
#1851 = VECTOR ( 'NONE', #3788, 1000.000000000000000 ) ;
#1852 = CARTESIAN_POINT ( 'NONE',  ( 100.2075258375718931, -128.1487346638868416, 20.15873466388683610 ) ) ;
#1853 = CARTESIAN_POINT ( 'NONE',  ( 187.5000000000000000, -38.89999999999999147, 28.11000000000000298 ) ) ;
#1854 = EDGE_CURVE ( 'NONE', #2449, #3183, #573, .T. ) ;
#1855 = VECTOR ( 'NONE', #848, 1000.000000000000000 ) ;
#1856 = ORIENTED_EDGE ( 'NONE', *, *, #1822, .F. ) ;
#1857 = AXIS2_PLACEMENT_3D ( 'NONE', #419, #804, #3521 ) ;
#1858 = VERTEX_POINT ( 'NONE', #3828 ) ;
#1859 = CARTESIAN_POINT ( 'NONE',  ( 164.8999999999999773, -102.0000000000000142, 0.5099999999999983435 ) ) ;
#1860 = CYLINDRICAL_SURFACE ( 'NONE', #3688, 3.500000000000031086 ) ;
#1861 = CARTESIAN_POINT ( 'NONE',  ( 105.8512653361131726, -38.20752583757187892, 20.15873466388684676 ) ) ;
#1862 = CIRCLE ( 'NONE', #4419, 6.400000000000000355 ) ;
#1863 = ORIENTED_EDGE ( 'NONE', *, *, #361, .F. ) ;
#1864 = ORIENTED_EDGE ( 'NONE', *, *, #556, .F. ) ;
#1865 = ORIENTED_EDGE ( 'NONE', *, *, #2021, .F. ) ;
#1866 = CIRCLE ( 'NONE', #3941, 1.299999999999995604 ) ;
#1867 = CARTESIAN_POINT ( 'NONE',  ( 97.54999999999999716, -137.9999999999999716, 26.51000000000000156 ) ) ;
#1868 = FACE_OUTER_BOUND ( 'NONE', #2225, .T. ) ;
#1869 = LINE ( 'NONE', #1203, #1855 ) ;
#1870 = DIRECTION ( 'NONE',  ( 1.000000000000000000, 0.000000000000000000, 0.000000000000000000 ) ) ;
#1871 = ORIENTED_EDGE ( 'NONE', *, *, #2100, .F. ) ;
#1872 = VERTEX_POINT ( 'NONE', #3494 ) ;
#1873 = FACE_OUTER_BOUND ( 'NONE', #256, .T. ) ;
#1874 = CARTESIAN_POINT ( 'NONE',  ( 97.50000000000001421, -136.5000000000000000, -10.59000000000000163 ) ) ;
#1875 = DIRECTION ( 'NONE',  ( 1.000000000000000000, 0.000000000000000000, 0.000000000000000000 ) ) ;
#1876 = DIRECTION ( 'NONE',  ( 0.000000000000000000, 0.000000000000000000, -1.000000000000000000 ) ) ;
#1877 = EDGE_CURVE ( 'NONE', #2638, #299, #1792, .T. ) ;
#1878 = EDGE_CURVE ( 'NONE', #3592, #2245, #3113, .T. ) ;
#1879 = VERTEX_POINT ( 'NONE', #3250 ) ;
#1880 = ORIENTED_EDGE ( 'NONE', *, *, #2287, .F. ) ;
#1881 = FACE_OUTER_BOUND ( 'NONE', #1381, .T. ) ;
#1882 = LINE ( 'NONE', #2832, #1197 ) ;
#1883 = DIRECTION ( 'NONE',  ( 0.000000000000000000, 0.000000000000000000, -1.000000000000000000 ) ) ;
#1884 = CIRCLE ( 'NONE', #169, 11.00000000000000711 ) ;
#1885 = ORIENTED_EDGE ( 'NONE', *, *, #686, .T. ) ;
#1886 = ORIENTED_EDGE ( 'NONE', *, *, #3332, .F. ) ;
#1887 = DIRECTION ( 'NONE',  ( -0.000000000000000000, -0.000000000000000000, -1.000000000000000000 ) ) ;
#1888 = EDGE_CURVE ( 'NONE', #3887, #4180, #705, .T. ) ;
#1889 = AXIS2_PLACEMENT_3D ( 'NONE', #1950, #2012, #2642 ) ;
#1890 = SURFACE_SIDE_STYLE ('',( #1156 ) ) ;
#1891 = AXIS2_PLACEMENT_3D ( 'NONE', #1514, #2954, #2262 ) ;
#1892 = CARTESIAN_POINT ( 'NONE',  ( 164.8999999999999773, -102.0000000000000142, 0.5099999999999983435 ) ) ;
#1893 = LINE ( 'NONE', #746, #90 ) ;
#1894 = DIRECTION ( 'NONE',  ( 0.000000000000000000, 0.000000000000000000, -1.000000000000000000 ) ) ;
#1896 = ADVANCED_FACE ( 'NONE', ( #3831 ), #4191, .T. ) ;
#1895 = VECTOR ( 'NONE', #3583, 1000.000000000000000 ) ;
#1897 = ORIENTED_EDGE ( 'NONE', *, *, #95, .T. ) ;
#1898 = CARTESIAN_POINT ( 'NONE',  ( 187.1000000000000227, -133.1000000000000227, -8.490000000000000213 ) ) ;
#1899 = DIRECTION ( 'NONE',  ( -0.000000000000000000, -0.000000000000000000, -1.000000000000000000 ) ) ;
#1900 = CARTESIAN_POINT ( 'NONE',  ( 91.39999999999999147, -35.50000000000000711, -10.59000000000000163 ) ) ;
#1901 = LINE ( 'NONE', #960, #4405 ) ;
#1902 = VERTEX_POINT ( 'NONE', #2825 ) ;
#1903 = ORIENTED_EDGE ( 'NONE', *, *, #1007, .F. ) ;
#1904 = CARTESIAN_POINT ( 'NONE',  ( 98.00000000000000000, -37.43000000000000682, 28.11000000000000298 ) ) ;
#1905 = LINE ( 'NONE', #1195, #263 ) ;
#1906 = DIRECTION ( 'NONE',  ( 0.000000000000000000, 0.000000000000000000, 1.000000000000000000 ) ) ;
#1907 = EDGE_CURVE ( 'NONE', #1429, #3870, #283, .T. ) ;
#1908 = EDGE_LOOP ( 'NONE', ( #761, #312, #3413, #3915 ) ) ;
#1909 = VERTEX_POINT ( 'NONE', #3102 ) ;
#1910 = VERTEX_POINT ( 'NONE', #1825 ) ;
#1911 = EDGE_CURVE ( 'NONE', #2920, #4091, #3450, .T. ) ;
#1912 = DIRECTION ( 'NONE',  ( 0.000000000000000000, 0.000000000000000000, 1.000000000000000000 ) ) ;
#1913 = EDGE_CURVE ( 'NONE', #158, #1315, #3810, .T. ) ;
#1914 = VERTEX_POINT ( 'NONE', #375 ) ;
#1915 = CIRCLE ( 'NONE', #133, 6.000000000000006217 ) ;
#1916 = LINE ( 'NONE', #1519, #352 ) ;
#1917 = DIRECTION ( 'NONE',  ( 0.000000000000000000, 0.000000000000000000, -1.000000000000000000 ) ) ;
#1918 = DIRECTION ( 'NONE',  ( 1.000000000000000000, 0.000000000000000000, 0.000000000000000000 ) ) ;
#1919 = EDGE_LOOP ( 'NONE', ( #1141, #1885, #3754, #3469 ) ) ;
#1920 = AXIS2_PLACEMENT_3D ( 'NONE', #774, #2751, #3097 ) ;
#1921 = ORIENTED_EDGE ( 'NONE', *, *, #1123, .F. ) ;
#1922 = CIRCLE ( 'NONE', #2913, 3.500000000000031086 ) ;
#1923 = FACE_OUTER_BOUND ( 'NONE', #457, .T. ) ;
#1924 = CARTESIAN_POINT ( 'NONE',  ( 127.7500000000000000, -140.8000000000000114, -2.252740443884071464 ) ) ;
#1925 = DIRECTION ( 'NONE',  ( 0.000000000000000000, 0.000000000000000000, -1.000000000000000000 ) ) ;
#1926 = AXIS2_PLACEMENT_3D ( 'NONE', #3656, #2997, #3297 ) ;
#1927 = ORIENTED_EDGE ( 'NONE', *, *, #1815, .T. ) ;
#1928 = ORIENTED_EDGE ( 'NONE', *, *, #2142, .F. ) ;
#1929 = CARTESIAN_POINT ( 'NONE',  ( 192.3000000000000114, -110.9999999999999858, 7.759999999999991793 ) ) ;
#1930 = ADVANCED_FACE ( 'NONE', ( #1397 ), #2063, .F. ) ;
#1931 = CARTESIAN_POINT ( 'NONE',  ( 98.40000000000001990, -135.6000000000000512, -8.490000000000000213 ) ) ;
#1932 = DIRECTION ( 'NONE',  ( 0.000000000000000000, 0.000000000000000000, -1.000000000000000000 ) ) ;
#1933 = CIRCLE ( 'NONE', #2858, 6.000000000000006217 ) ;
#1934 = ORIENTED_EDGE ( 'NONE', *, *, #3319, .T. ) ;
#1935 = CARTESIAN_POINT ( 'NONE',  ( 98.00000000000001421, -134.5700000000000500, 28.11000000000000298 ) ) ;
#1936 = LINE ( 'NONE', #938, #3197 ) ;
#1937 = CARTESIAN_POINT ( 'NONE',  ( 189.2500000000000000, -33.99999999999997868, 18.51000000000000156 ) ) ;
#1938 = EDGE_CURVE ( 'NONE', #299, #2449, #1470, .T. ) ;
#1939 = VERTEX_POINT ( 'NONE', #756 ) ;
#1940 = EDGE_CURVE ( 'NONE', #2113, #280, #4209, .T. ) ;
#1941 = ORIENTED_EDGE ( 'NONE', *, *, #1251, .F. ) ;
#1942 = PLANE ( 'NONE',  #3874 ) ;
#1943 = DIRECTION ( 'NONE',  ( 1.000000000000000000, 0.000000000000000000, 0.000000000000000000 ) ) ;
#1944 = EDGE_CURVE ( 'NONE', #4091, #755, #3773, .T. ) ;
#1945 = ORIENTED_EDGE ( 'NONE', *, *, #4010, .T. ) ;
#1946 = ORIENTED_EDGE ( 'NONE', *, *, #2530, .T. ) ;
#1947 = CARTESIAN_POINT ( 'NONE',  ( 187.5000000000000000, -130.6000000000000227, 26.51000000000000156 ) ) ;
#1948 = CIRCLE ( 'NONE', #2361, 6.500000000000005329 ) ;
#1949 = VECTOR ( 'NONE', #1438, 1000.000000000000000 ) ;
#1950 = CARTESIAN_POINT ( 'NONE',  ( 98.00000000000000000, -41.40000000000000568, 28.11000000000000298 ) ) ;
#1951 = DIRECTION ( 'NONE',  ( 0.000000000000000000, 0.000000000000000000, 1.000000000000000000 ) ) ;
#1952 = ADVANCED_FACE ( 'NONE', ( #1113 ), #2463, .T. ) ;
#1953 = EDGE_CURVE ( 'NONE', #3793, #4091, #4064, .T. ) ;
#1954 = ORIENTED_EDGE ( 'NONE', *, *, #883, .T. ) ;
#1955 = ADVANCED_FACE ( 'NONE', ( #1751 ), #2800, .F. ) ;
#1956 = PLANE ( 'NONE',  #3488 ) ;
#1957 = DIRECTION ( 'NONE',  ( 0.000000000000000000, 1.000000000000000000, 0.000000000000000000 ) ) ;
#1958 = DIRECTION ( 'NONE',  ( -1.000000000000000000, 0.000000000000000000, 0.000000000000000000 ) ) ;
#1959 = CARTESIAN_POINT ( 'NONE',  ( 164.8999999999999773, -39.00000000000000000, -8.490000000000000213 ) ) ;
#1960 = AXIS2_PLACEMENT_3D ( 'NONE', #701, #3800, #1485 ) ;
#1961 = ADVANCED_FACE ( 'NONE', ( #2133 ), #2733, .F. ) ;
#1962 = VERTEX_POINT ( 'NONE', #2422 ) ;
#1963 = EDGE_LOOP ( 'NONE', ( #1299, #3153, #18, #1058 ) ) ;
#1964 = DIRECTION ( 'NONE',  ( 0.000000000000000000, 0.000000000000000000, 1.000000000000000000 ) ) ;
#1965 = FACE_OUTER_BOUND ( 'NONE', #2493, .T. ) ;
#1966 = DIRECTION ( 'NONE',  ( -0.000000000000000000, -1.000000000000000000, -0.000000000000000000 ) ) ;
#1967 = VERTEX_POINT ( 'NONE', #3787 ) ;
#1968 = ORIENTED_EDGE ( 'NONE', *, *, #4261, .T. ) ;
#1969 = DIRECTION ( 'NONE',  ( 1.000000000000000000, 0.000000000000000000, 0.000000000000000000 ) ) ;
#1970 = VECTOR ( 'NONE', #139, 1000.000000000000000 ) ;
#1971 = DIRECTION ( 'NONE',  ( -1.000000000000000000, -0.000000000000000000, 0.000000000000000000 ) ) ;
#1972 = CARTESIAN_POINT ( 'NONE',  ( 98.40000000000000568, -38.90000000000000568, -8.490000000000000213 ) ) ;
#1973 = ORIENTED_EDGE ( 'NONE', *, *, #2283, .T. ) ;
#1974 = CARTESIAN_POINT ( 'NONE',  ( 127.7500000000000000, -138.5000000000000000, 8.747259556115935197 ) ) ;
#1975 = DIRECTION ( 'NONE',  ( 0.000000000000000000, -0.000000000000000000, 1.000000000000000000 ) ) ;
#1976 = CYLINDRICAL_SURFACE ( 'NONE', #585, 1.299999999999995604 ) ;
#1977 = VECTOR ( 'NONE', #3137, 1000.000000000000000 ) ;
#1978 = CIRCLE ( 'NONE', #2046, 1.299999999999995604 ) ;
#1979 = EDGE_LOOP ( 'NONE', ( #2854, #2766, #2745, #1784 ) ) ;
#1980 = VERTEX_POINT ( 'NONE', #1049 ) ;
#1981 = DIRECTION ( 'NONE',  ( 1.000000000000000000, 0.000000000000000000, 0.000000000000000000 ) ) ;
#1982 = DIRECTION ( 'NONE',  ( 0.000000000000000000, 0.000000000000000000, -1.000000000000000000 ) ) ;
#1983 = CIRCLE ( 'NONE', #53, 6.500000000000005329 ) ;
#1984 = DIRECTION ( 'NONE',  ( -0.000000000000000000, 1.000000000000000000, -0.000000000000000000 ) ) ;
#1985 = EDGE_CURVE ( 'NONE', #3845, #2045, #735, .T. ) ;
#1986 = AXIS2_PLACEMENT_3D ( 'NONE', #389, #3781, #2483 ) ;
#1987 = VERTEX_POINT ( 'NONE', #4148 ) ;
#1988 = CIRCLE ( 'NONE', #3565, 1.350000000000004086 ) ;
#1989 = ORIENTED_EDGE ( 'NONE', *, *, #2549, .F. ) ;
#1990 = LINE ( 'NONE', #3008, #2525 ) ;
#1991 = CIRCLE ( 'NONE', #3990, 1.030000000000003135 ) ;
#1992 = CIRCLE ( 'NONE', #3202, 0.3999999999999993006 ) ;
#1993 = DIRECTION ( 'NONE',  ( -0.000000000000000000, -0.000000000000000000, 1.000000000000000000 ) ) ;
#1994 = CARTESIAN_POINT ( 'NONE',  ( 188.0000000000000000, -143.0000000000000284, -8.490000000000000213 ) ) ;
#1995 = DIRECTION ( 'NONE',  ( 1.000000000000000000, -0.000000000000000000, -0.000000000000000000 ) ) ;
#1996 = DIRECTION ( 'NONE',  ( 1.000000000000000000, 0.000000000000000000, -0.000000000000000000 ) ) ;
#1997 = FACE_OUTER_BOUND ( 'NONE', #3573, .T. ) ;
#1998 = CARTESIAN_POINT ( 'NONE',  ( 185.4363417536401926, -128.2010981847635946, -4.691098184763629497 ) ) ;
#1999 = VECTOR ( 'NONE', #3682, 1000.000000000000000 ) ;
#2000 = ORIENTED_EDGE ( 'NONE', *, *, #116, .T. ) ;
#2001 = ORIENTED_EDGE ( 'NONE', *, *, #506, .F. ) ;
#2002 = DIRECTION ( 'NONE',  ( 0.000000000000000000, 0.000000000000000000, 1.000000000000000000 ) ) ;
#2003 = LINE ( 'NONE', #3689, #1244 ) ;
#2004 = CARTESIAN_POINT ( 'NONE',  ( 98.40000000000000568, -36.39999999999999858, -8.490000000000000213 ) ) ;
#2005 = EDGE_CURVE ( 'NONE', #3508, #1575, #3049, .T. ) ;
#2006 = ORIENTED_EDGE ( 'NONE', *, *, #3652, .F. ) ;
#2007 = ORIENTED_EDGE ( 'NONE', *, *, #1296, .F. ) ;
#2008 = EDGE_CURVE ( 'NONE', #948, #2420, #444, .T. ) ;
#2009 = CYLINDRICAL_SURFACE ( 'NONE', #3888, 2.500000000000002220 ) ;
#2010 = ADVANCED_FACE ( 'NONE', ( #2578 ), #2932, .F. ) ;
#2011 = VECTOR ( 'NONE', #4336, 1000.000000000000000 ) ;
#2012 = DIRECTION ( 'NONE',  ( 0.000000000000000000, 0.000000000000000000, 1.000000000000000000 ) ) ;
#2013 = DIRECTION ( 'NONE',  ( -1.000000000000000000, 0.000000000000000000, 0.000000000000000000 ) ) ;
#2014 = EDGE_CURVE ( 'NONE', #1099, #2930, #1916, .T. ) ;
#2015 = AXIS2_PLACEMENT_3D ( 'NONE', #3712, #1971, #4031 ) ;
#2016 = CIRCLE ( 'NONE', #455, 1.299999999999995604 ) ;
#2017 = CARTESIAN_POINT ( 'NONE',  ( 103.1551464216791771, -141.2000000000000171, 22.85485357832084219 ) ) ;
#2018 = FACE_OUTER_BOUND ( 'NONE', #4000, .T. ) ;
#2019 = DIRECTION ( 'NONE',  ( -1.000000000000000000, 0.000000000000000000, 0.000000000000000000 ) ) ;
#2020 = PLANE ( 'NONE',  #1413 ) ;
#2021 = EDGE_CURVE ( 'NONE', #3461, #3508, #3904, .T. ) ;
#2022 = VERTEX_POINT ( 'NONE', #2204 ) ;
#2023 = ORIENTED_EDGE ( 'NONE', *, *, #2669, .F. ) ;
#2024 = FACE_OUTER_BOUND ( 'NONE', #1096, .T. ) ;
#2025 = CIRCLE ( 'NONE', #3014, 3.970000000000001528 ) ;
#2026 = CARTESIAN_POINT ( 'NONE',  ( 194.5000000000000000, -40.50000000000000000, -7.990000000000000213 ) ) ;
#2027 = DIRECTION ( 'NONE',  ( -0.000000000000000000, -0.000000000000000000, 1.000000000000000000 ) ) ;
#2028 = EDGE_LOOP ( 'NONE', ( #1525, #922, #732, #206 ) ) ;
#2029 = AXIS2_PLACEMENT_3D ( 'NONE', #1782, #115, #1480 ) ;
#2030 = ORIENTED_EDGE ( 'NONE', *, *, #3543, .T. ) ;
#2031 = CARTESIAN_POINT ( 'NONE',  ( 187.1000000000000227, -36.39999999999999147, 28.11000000000000298 ) ) ;
#2032 = ADVANCED_FACE ( 'NONE', ( #1849 ), #220, .F. ) ;
#2033 = DIRECTION ( 'NONE',  ( -0.000000000000000000, -0.000000000000000000, -1.000000000000000000 ) ) ;
#2034 = VECTOR ( 'NONE', #3055, 1000.000000000000000 ) ;
#2035 = CARTESIAN_POINT ( 'NONE',  ( 101.8999999999999915, -39.00000000000000000, 0.5099999999999983435 ) ) ;
#2036 = CARTESIAN_POINT ( 'NONE',  ( 189.2500000000000000, -137.9999999999999716, 18.51000000000000156 ) ) ;
#2037 = CARTESIAN_POINT ( 'NONE',  ( 187.5000000000000000, -130.6000000000000227, 28.11000000000000298 ) ) ;
#2038 = FACE_OUTER_BOUND ( 'NONE', #2645, .T. ) ;
#2039 = EDGE_LOOP ( 'NONE', ( #3486, #2289 ) ) ;
#2040 = ORIENTED_EDGE ( 'NONE', *, *, #950, .T. ) ;
#2041 = DIRECTION ( 'NONE',  ( 0.000000000000000000, -1.000000000000000000, 0.000000000000000000 ) ) ;
#2042 = PLANE ( 'NONE',  #3232 ) ;
#2043 = CARTESIAN_POINT ( 'NONE',  ( 168.4000000000000341, -39.00000000000000000, -8.490000000000000213 ) ) ;
#2044 = ORIENTED_EDGE ( 'NONE', *, *, #2415, .T. ) ;
#2045 = VERTEX_POINT ( 'NONE', #1249 ) ;
#2046 = AXIS2_PLACEMENT_3D ( 'NONE', #3996, #898, #545 ) ;
#2047 = CARTESIAN_POINT ( 'NONE',  ( 96.25000000000000000, -33.99999999999997868, 18.51000000000000156 ) ) ;
#2048 = AXIS2_PLACEMENT_3D ( 'NONE', #202, #2227, #3575 ) ;
#2049 = AXIS2_PLACEMENT_3D ( 'NONE', #198, #538, #2223 ) ;
#2050 = EDGE_LOOP ( 'NONE', ( #2105, #1094, #1804, #292 ) ) ;
#2051 = ORIENTED_EDGE ( 'NONE', *, *, #707, .F. ) ;
#2052 = CIRCLE ( 'NONE', #4205, 3.970000000000001528 ) ;
#2053 = DIRECTION ( 'NONE',  ( 0.000000000000000000, 0.000000000000000000, -1.000000000000000000 ) ) ;
#2054 = EDGE_CURVE ( 'NONE', #688, #142, #3972, .T. ) ;
#2055 = VECTOR ( 'NONE', #2533, 1000.000000000000000 ) ;
#2056 = LINE ( 'NONE', #1389, #1174 ) ;
#2057 = LINE ( 'NONE', #1312, #3919 ) ;
#2058 = CYLINDRICAL_SURFACE ( 'NONE', #2412, 3.970000000000001528 ) ;
#2059 = FACE_OUTER_BOUND ( 'NONE', #4297, .T. ) ;
#2060 = AXIS2_PLACEMENT_3D ( 'NONE', #2926, #193, #165 ) ;
#2061 = ORIENTED_EDGE ( 'NONE', *, *, #4256, .F. ) ;
#2062 = VERTEX_POINT ( 'NONE', #2509 ) ;
#2063 = CYLINDRICAL_SURFACE ( 'NONE', #2562, 1.350000000000004086 ) ;
#2064 = CYLINDRICAL_SURFACE ( 'NONE', #3367, 0.3999999999999975797 ) ;
#2065 = DIRECTION ( 'NONE',  ( 1.000000000000000000, 0.000000000000000000, 0.000000000000000000 ) ) ;
#2066 = AXIS2_PLACEMENT_3D ( 'NONE', #1190, #4172, #3524 ) ;
#2067 = EDGE_CURVE ( 'NONE', #4157, #1872, #1574, .T. ) ;
#2068 = ORIENTED_EDGE ( 'NONE', *, *, #323, .F. ) ;
#2069 = ORIENTED_EDGE ( 'NONE', *, *, #4179, .T. ) ;
#2070 = CARTESIAN_POINT ( 'NONE',  ( 105.3999999999999915, -102.0000000000000142, 0.5099999999999983435 ) ) ;
#2071 = EDGE_CURVE ( 'NONE', #1457, #1021, #575, .T. ) ;
#2072 = ORIENTED_EDGE ( 'NONE', *, *, #3735, .F. ) ;
#2073 = ORIENTED_EDGE ( 'NONE', *, *, #2931, .F. ) ;
#2074 = PLANE ( 'NONE',  #388 ) ;
#2075 = CARTESIAN_POINT ( 'NONE',  ( 97.50000000000000000, -35.50000000000000711, -10.59000000000000163 ) ) ;
#2076 = DIRECTION ( 'NONE',  ( 0.000000000000000000, 1.000000000000000000, 0.000000000000000000 ) ) ;
#2077 = DIRECTION ( 'NONE',  ( -1.000000000000000000, 0.000000000000000000, 0.000000000000000000 ) ) ;
#2078 = ORIENTED_EDGE ( 'NONE', *, *, #3849, .F. ) ;
#2079 = FACE_OUTER_BOUND ( 'NONE', #3928, .T. ) ;
#2080 = CIRCLE ( 'NONE', #379, 2.500000000000002220 ) ;
#2081 = EDGE_CURVE ( 'NONE', #1100, #1428, #2843, .T. ) ;
#2082 = VECTOR ( 'NONE', #1269, 1000.000000000000000 ) ;
#2083 = EDGE_LOOP ( 'NONE', ( #3808, #1592, #175, #3662 ) ) ;
#2084 = ORIENTED_EDGE ( 'NONE', *, *, #2408, .F. ) ;
#2085 = CARTESIAN_POINT ( 'NONE',  ( 98.00000000000001421, -130.6000000000000512, 28.11000000000000298 ) ) ;
#2086 = LINE ( 'NONE', #4149, #1499 ) ;
#2087 = DIRECTION ( 'NONE',  ( 1.000000000000000000, 0.000000000000000000, 0.000000000000000000 ) ) ;
#2088 = FACE_OUTER_BOUND ( 'NONE', #3457, .T. ) ;
#2089 = CIRCLE ( 'NONE', #1889, 3.970000000000001528 ) ;
#2090 = ORIENTED_EDGE ( 'NONE', *, *, #3189, .T. ) ;
#2091 = ORIENTED_EDGE ( 'NONE', *, *, #970, .T. ) ;
#2092 = VECTOR ( 'NONE', #4184, 1000.000000000000000 ) ;
#2093 = CARTESIAN_POINT ( 'NONE',  ( 97.50000000000001421, -136.5000000000000000, -10.59000000000000163 ) ) ;
#2094 = VECTOR ( 'NONE', #2318, 1000.000000000000000 ) ;
#2095 = ADVANCED_FACE ( 'NONE', ( #521 ), #2870, .F. ) ;
#2096 = ORIENTED_EDGE ( 'NONE', *, *, #2687, .F. ) ;
#2097 = ORIENTED_EDGE ( 'NONE', *, *, #437, .T. ) ;
#2098 = DIRECTION ( 'NONE',  ( 1.000000000000000000, 0.000000000000000000, 0.000000000000000000 ) ) ;
#2099 = CARTESIAN_POINT ( 'NONE',  ( 163.5499999999999829, -102.0000000000000142, 0.5099999999999983435 ) ) ;
#2100 = EDGE_CURVE ( 'NONE', #713, #2022, #3550, .T. ) ;
#2101 = CARTESIAN_POINT ( 'NONE',  ( 91.40000000000000568, -136.5000000000000000, -10.99000000000000199 ) ) ;
#2102 = PLANE ( 'NONE',  #1986 ) ;
#2103 = CARTESIAN_POINT ( 'NONE',  ( 194.5000000000000000, -40.50000000000000000, 23.51000000000000156 ) ) ;
#2104 = CARTESIAN_POINT ( 'NONE',  ( 182.1000000000000227, -32.03000000000000114, 28.11000000000000298 ) ) ;
#2105 = ORIENTED_EDGE ( 'NONE', *, *, #1364, .F. ) ;
#2106 = ORIENTED_EDGE ( 'NONE', *, *, #1451, .T. ) ;
#2107 = CARTESIAN_POINT ( 'NONE',  ( 105.3999999999999915, -102.0000000000000142, 0.5099999999999983435 ) ) ;
#2108 = CARTESIAN_POINT ( 'NONE',  ( 94.95000000000000284, -137.9999999999999716, 18.51000000000000156 ) ) ;
#2109 = DIRECTION ( 'NONE',  ( 0.000000000000000000, 0.000000000000000000, 1.000000000000000000 ) ) ;
#2110 = LINE ( 'NONE', #3133, #1488 ) ;
#2111 = VERTEX_POINT ( 'NONE', #129 ) ;
#2112 = PRODUCT ( '\X2\4e0b58f3\X0\', '\X2\4e0b58f3\X0\', '', ( #2707 ) ) ;
#2113 = VERTEX_POINT ( 'NONE', #2180 ) ;
#2114 = FACE_OUTER_BOUND ( 'NONE', #1345, .T. ) ;
#2115 = CARTESIAN_POINT ( 'NONE',  ( 190.0000000000000000, -133.1000000000000227, -8.490000000000000213 ) ) ;
#2116 = EDGE_CURVE ( 'NONE', #3092, #2449, #561, .T. ) ;
#2117 = AXIS2_PLACEMENT_3D ( 'NONE', #3458, #401, #3111 ) ;
#2118 = ORIENTED_EDGE ( 'NONE', *, *, #1985, .F. ) ;
#2119 = AXIS2_PLACEMENT_3D ( 'NONE', #2960, #711, #3425 ) ;
#2120 = ORIENTED_EDGE ( 'NONE', *, *, #3173, .F. ) ;
#2121 = DIRECTION ( 'NONE',  ( 0.000000000000000000, -1.000000000000000000, 0.000000000000000000 ) ) ;
#2122 = CARTESIAN_POINT ( 'NONE',  ( 194.5000000000000000, -131.5000000000000000, 23.50999999999999446 ) ) ;
#2123 = AXIS2_PLACEMENT_3D ( 'NONE', #1692, #2027, #2758 ) ;
#2124 = ADVANCED_FACE ( 'NONE', ( #3276 ), #3574, .F. ) ;
#2125 = AXIS2_PLACEMENT_3D ( 'NONE', #4408, #1351, #1015 ) ;
#2126 = AXIS2_PLACEMENT_3D ( 'NONE', #4078, #2685, #309 ) ;
#2127 = DIRECTION ( 'NONE',  ( 0.000000000000000000, -0.9396926207859082059, 0.3420201433256694901 ) ) ;
#2128 = CARTESIAN_POINT ( 'NONE',  ( 182.1000000000000512, -138.5000000000000000, -8.490000000000000213 ) ) ;
#2129 = DIRECTION ( 'NONE',  ( -6.938893903907511105E-14, 1.000000000000000000, 0.000000000000000000 ) ) ;
#2130 = CARTESIAN_POINT ( 'NONE',  ( 182.3448535783208229, -141.2000000000000171, -7.334853578320836398 ) ) ;
#2131 = ORIENTED_EDGE ( 'NONE', *, *, #1496, .T. ) ;
#2132 = EDGE_LOOP ( 'NONE', ( #3957, #2714, #4004, #1193 ) ) ;
#2133 = FACE_OUTER_BOUND ( 'NONE', #4026, .T. ) ;
#2134 = PLANE ( 'NONE',  #932 ) ;
#2135 = DIRECTION ( 'NONE',  ( 1.000000000000000000, -0.000000000000000000, -0.000000000000000000 ) ) ;
#2136 = DIRECTION ( 'NONE',  ( 1.000000000000000000, 0.000000000000000000, 0.000000000000000000 ) ) ;
#2137 = EDGE_LOOP ( 'NONE', ( #1125, #4413 ) ) ;
#2138 = ORIENTED_EDGE ( 'NONE', *, *, #323, .T. ) ;
#2139 = LINE ( 'NONE', #1055, #985 ) ;
#2140 = CARTESIAN_POINT ( 'NONE',  ( 97.50000000000000000, -35.50000000000000711, 26.51000000000000156 ) ) ;
#2141 = CARTESIAN_POINT ( 'NONE',  ( 92.79999999999999716, 1.219647161890327239E-14, -7.334853578320829293 ) ) ;
#2142 = EDGE_CURVE ( 'NONE', #2279, #1675, #1188, .T. ) ;
#2143 = ADVANCED_FACE ( 'NONE', ( #1873 ), #3230, .F. ) ;
#2144 = ORIENTED_EDGE ( 'NONE', *, *, #2212, .F. ) ;
#2145 = ORIENTED_EDGE ( 'NONE', *, *, #4324, .T. ) ;
#2146 = DIRECTION ( 'NONE',  ( 1.000000000000000000, -0.000000000000000000, 0.000000000000000000 ) ) ;
#2147 = LINE ( 'NONE', #2122, #4248 ) ;
#2148 = EDGE_CURVE ( 'NONE', #4180, #4339, #1701, .T. ) ;
#2149 = EDGE_CURVE ( 'NONE', #2650, #3229, #2226, .T. ) ;
#2150 = CARTESIAN_POINT ( 'NONE',  ( 182.1000000000000227, -36.00000000000000711, 28.11000000000000298 ) ) ;
#2151 = CARTESIAN_POINT ( 'NONE',  ( 191.4699999999999989, -130.6000000000000227, 26.51000000000000156 ) ) ;
#2152 = CARTESIAN_POINT ( 'NONE',  ( 189.2500000000000000, -137.9999999999999716, 18.51000000000000156 ) ) ;
#2153 = CARTESIAN_POINT ( 'NONE',  ( 187.5000000000000000, -37.42999999999999261, 28.11000000000000298 ) ) ;
#2154 = VERTEX_POINT ( 'NONE', #2682 ) ;
#2155 = ORIENTED_EDGE ( 'NONE', *, *, #1205, .T. ) ;
#2156 = DIRECTION ( 'NONE',  ( 0.000000000000000000, -1.000000000000000000, 0.000000000000000000 ) ) ;
#2157 = CARTESIAN_POINT ( 'NONE',  ( 187.1000000000000227, -38.89999999999999147, 28.11000000000000298 ) ) ;
#2158 = AXIS2_PLACEMENT_3D ( 'NONE', #3306, #2653, #252 ) ;
#2159 = LINE ( 'NONE', #1852, #1432 ) ;
#2160 = EDGE_CURVE ( 'NONE', #3503, #2670, #4034, .T. ) ;
#2161 = DIRECTION ( 'NONE',  ( 1.000000000000000000, 0.000000000000000000, 0.000000000000000000 ) ) ;
#2162 = AXIS2_PLACEMENT_3D ( 'NONE', #1763, #1459, #4208 ) ;
#2163 = ORIENTED_EDGE ( 'NONE', *, *, #901, .T. ) ;
#2164 = ORIENTED_EDGE ( 'NONE', *, *, #760, .T. ) ;
#2165 = DIRECTION ( 'NONE',  ( 1.000000000000000000, 0.000000000000000000, 0.000000000000000000 ) ) ;
#2166 = CARTESIAN_POINT ( 'NONE',  ( 164.8999999999999773, -39.00000000000000000, 0.5099999999999983435 ) ) ;
#2167 = CARTESIAN_POINT ( 'NONE',  ( 184.6000000000000227, -135.6000000000000227, -8.490000000000000213 ) ) ;
#2168 = ORIENTED_EDGE ( 'NONE', *, *, #3283, .T. ) ;
#2169 = VERTEX_POINT ( 'NONE', #2308 ) ;
#2170 = LINE ( 'NONE', #842, #666 ) ;
#2171 = DIRECTION ( 'NONE',  ( 0.000000000000000000, 0.000000000000000000, -1.000000000000000000 ) ) ;
#2172 = VECTOR ( 'NONE', #2855, 1000.000000000000000 ) ;
#2173 = CIRCLE ( 'NONE', #3446, 6.400000000000007461 ) ;
#2174 = DIRECTION ( 'NONE',  ( 1.000000000000000000, -0.000000000000000000, -0.000000000000000000 ) ) ;
#2175 = DIRECTION ( 'NONE',  ( 0.000000000000000000, -1.000000000000000000, 0.000000000000000000 ) ) ;
#2176 = DIRECTION ( 'NONE',  ( 1.000000000000000000, 0.000000000000000000, 0.000000000000000000 ) ) ;
#2177 = FACE_OUTER_BOUND ( 'NONE', #3363, .T. ) ;
#2178 = ORIENTED_EDGE ( 'NONE', *, *, #3484, .F. ) ;
#2179 = ORIENTED_EDGE ( 'NONE', *, *, #905, .F. ) ;
#2180 = CARTESIAN_POINT ( 'NONE',  ( 192.7000000000000171, -110.9999999999999858, 14.15999999999999837 ) ) ;
#2181 = LINE ( 'NONE', #4192, #2768 ) ;
#2182 = CARTESIAN_POINT ( 'NONE',  ( 98.40000000000001990, -133.1000000000000512, 28.11000000000000298 ) ) ;
#2183 = CARTESIAN_POINT ( 'NONE',  ( 103.4000000000000199, -136.0000000000000000, -8.490000000000000213 ) ) ;
#2184 = CIRCLE ( 'NONE', #480, 6.000000000000006217 ) ;
#2185 = ORIENTED_EDGE ( 'NONE', *, *, #174, .F. ) ;
#2186 = VERTEX_POINT ( 'NONE', #4369 ) ;
#2187 = DIRECTION ( 'NONE',  ( -0.000000000000000000, -0.000000000000000000, 1.000000000000000000 ) ) ;
#2188 = DIRECTION ( 'NONE',  ( -1.000000000000000000, 0.000000000000000000, 0.000000000000000000 ) ) ;
#2189 = CARTESIAN_POINT ( 'NONE',  ( 190.0000000000000000, -60.99999999999999289, 7.760000000000000675 ) ) ;
#2190 = EDGE_LOOP ( 'NONE', ( #1946, #3560, #789, #3253 ) ) ;
#2191 = EDGE_LOOP ( 'NONE', ( #3081, #3390, #1119, #553 ) ) ;
#2192 = CIRCLE ( 'NONE', #989, 2.500000000000002220 ) ;
#2193 = CARTESIAN_POINT ( 'NONE',  ( 187.1000000000000227, -37.42999999999999261, 26.51000000000000156 ) ) ;
#2194 = AXIS2_PLACEMENT_3D ( 'NONE', #1277, #3981, #2299 ) ;
#2195 = DIRECTION ( 'NONE',  ( 1.000000000000000000, 0.000000000000000000, 0.000000000000000000 ) ) ;
#2196 = CARTESIAN_POINT ( 'NONE',  ( 192.7000000000000171, -60.99999999999999289, 7.760000000000000675 ) ) ;
#2197 = EDGE_CURVE ( 'NONE', #1494, #275, #1014, .T. ) ;
#2198 = CARTESIAN_POINT ( 'NONE',  ( 194.5000000000000000, -136.5000000000000000, -8.490000000000000213 ) ) ;
#2199 = EDGE_CURVE ( 'NONE', #1112, #491, #3680, .T. ) ;
#2200 = CIRCLE ( 'NONE', #3701, 11.40000000000000568 ) ;
#2201 = AXIS2_PLACEMENT_3D ( 'NONE', #3591, #1894, #715 ) ;
#2202 = ORIENTED_EDGE ( 'NONE', *, *, #2014, .T. ) ;
#2203 = EDGE_LOOP ( 'NONE', ( #3344, #1551, #3595, #1629 ) ) ;
#2204 = CARTESIAN_POINT ( 'NONE',  ( 183.0000000000000000, -29.00000000000000000, -7.990000000000000213 ) ) ;
#2205 = DIRECTION ( 'NONE',  ( 1.000000000000000000, 0.000000000000000000, -0.000000000000000000 ) ) ;
#2206 = VECTOR ( 'NONE', #4221, 1000.000000000000000 ) ;
#2207 = CARTESIAN_POINT ( 'NONE',  ( 91.00000000000000000, -35.50000000000000711, 26.51000000000000156 ) ) ;
#2208 = CARTESIAN_POINT ( 'NONE',  ( 98.00000000000001421, -134.5700000000000500, 26.51000000000000156 ) ) ;
#2209 = AXIS2_PLACEMENT_3D ( 'NONE', #172, #2459, #3827 ) ;
#2210 = VERTEX_POINT ( 'NONE', #2017 ) ;
#2211 = VERTEX_POINT ( 'NONE', #287 ) ;
#2212 = EDGE_CURVE ( 'NONE', #4311, #475, #2988, .T. ) ;
#2213 = CARTESIAN_POINT ( 'NONE',  ( 105.7989018152364054, -133.9363417536401926, -4.691098184763611734 ) ) ;
#2214 = CARTESIAN_POINT ( 'NONE',  ( 188.0000000000000000, -142.5999999999999943, -10.99000000000000199 ) ) ;
#2215 = PLANE ( 'NONE',  #3742 ) ;
#2216 = VERTEX_POINT ( 'NONE', #1329 ) ;
#2217 = ORIENTED_EDGE ( 'NONE', *, *, #829, .T. ) ;
#2218 = FACE_OUTER_BOUND ( 'NONE', #4275, .T. ) ;
#2219 = ADVANCED_FACE ( 'NONE', ( #642 ), #3316, .F. ) ;
#2220 = FACE_OUTER_BOUND ( 'NONE', #1257, .T. ) ;
#2221 = LINE ( 'NONE', #536, #3531 ) ;
#2222 = PLANE ( 'NONE',  #3571 ) ;
#2223 = DIRECTION ( 'NONE',  ( 1.000000000000000000, 0.000000000000000000, 0.000000000000000000 ) ) ;
#2224 = ORIENTED_EDGE ( 'NONE', *, *, #371, .F. ) ;
#2225 = EDGE_LOOP ( 'NONE', ( #859, #867, #2073, #103 ) ) ;
#2226 = LINE ( 'NONE', #1898, #717 ) ;
#2227 = DIRECTION ( 'NONE',  ( 0.000000000000000000, -0.000000000000000000, 1.000000000000000000 ) ) ;
#2228 = ADVANCED_FACE ( 'NONE', ( #997, #619 ), #1956, .T. ) ;
#2229 = DIRECTION ( 'NONE',  ( -0.000000000000000000, -0.000000000000000000, -1.000000000000000000 ) ) ;
#2230 = DIRECTION ( 'NONE',  ( 1.000000000000000000, 0.000000000000000000, 0.000000000000000000 ) ) ;
#2231 = ORIENTED_EDGE ( 'NONE', *, *, #1694, .F. ) ;
#2232 = ORIENTED_EDGE ( 'NONE', *, *, #2681, .T. ) ;
#2233 = EDGE_CURVE ( 'NONE', #1457, #280, #326, .T. ) ;
#2234 = DIRECTION ( 'NONE',  ( 0.000000000000000000, 1.000000000000000000, 0.000000000000000000 ) ) ;
#2235 = CARTESIAN_POINT ( 'NONE',  ( 190.0000000000000000, -110.9999999999999858, 14.15999999999999837 ) ) ;
#2236 = CYLINDRICAL_SURFACE ( 'NONE', #279, 2.500000000000002220 ) ;
#2237 = ORIENTED_EDGE ( 'NONE', *, *, #2472, .T. ) ;
#2238 = ORIENTED_EDGE ( 'NONE', *, *, #3245, .F. ) ;
#2239 = EDGE_LOOP ( 'NONE', ( #1452, #2068, #630, #2981 ) ) ;
#2240 = EDGE_CURVE ( 'NONE', #1980, #3554, #1530, .T. ) ;
#2241 = AXIS2_PLACEMENT_3D ( 'NONE', #2150, #4213, #2242 ) ;
#2242 = DIRECTION ( 'NONE',  ( 1.000000000000000000, 0.000000000000000000, 0.000000000000000000 ) ) ;
#2243 = DIRECTION ( 'NONE',  ( 1.000000000000000000, 0.000000000000000000, 0.000000000000000000 ) ) ;
#2244 = CIRCLE ( 'NONE', #680, 0.3999999999999993006 ) ;
#2245 = VERTEX_POINT ( 'NONE', #3379 ) ;
#2246 = DIRECTION ( 'NONE',  ( 1.000000000000000000, 0.000000000000000000, 0.000000000000000000 ) ) ;
#2247 = CARTESIAN_POINT ( 'NONE',  ( 190.4000000000000057, -110.9999999999999858, 7.759999999999991793 ) ) ;
#2248 = DIRECTION ( 'NONE',  ( 0.8891264907159879272, -0.3236155771181852270, -0.3236155771181852825 ) ) ;
#2249 = DIRECTION ( 'NONE',  ( 1.000000000000000000, 0.000000000000000000, 0.000000000000000000 ) ) ;
#2250 = ORIENTED_EDGE ( 'NONE', *, *, #1040, .T. ) ;
#2251 = EDGE_LOOP ( 'NONE', ( #1708, #861, #724, #2767 ) ) ;
#2252 = DIRECTION ( 'NONE',  ( 0.000000000000000000, 0.000000000000000000, -1.000000000000000000 ) ) ;
#2253 = DIRECTION ( 'NONE',  ( -0.000000000000000000, -0.000000000000000000, -1.000000000000000000 ) ) ;
#2254 = FACE_OUTER_BOUND ( 'NONE', #2251, .T. ) ;
#2255 = EDGE_CURVE ( 'NONE', #1048, #3461, #3801, .T. ) ;
#2256 = VECTOR ( 'NONE', #3624, 1000.000000000000000 ) ;
#2257 = VERTEX_POINT ( 'NONE', #1662 ) ;
#2258 = ORIENTED_EDGE ( 'NONE', *, *, #2260, .T. ) ;
#2259 = ORIENTED_EDGE ( 'NONE', *, *, #4080, .F. ) ;
#2260 = EDGE_CURVE ( 'NONE', #743, #1100, #534, .T. ) ;
#2261 = CARTESIAN_POINT ( 'NONE',  ( 194.5000000000000000, -136.5000000000000000, -10.59000000000000163 ) ) ;
#2262 = DIRECTION ( 'NONE',  ( 0.000000000000000000, 0.000000000000000000, 1.000000000000000000 ) ) ;
#2263 = EDGE_CURVE ( 'NONE', #475, #4311, #2514, .T. ) ;
#2264 = VERTEX_POINT ( 'NONE', #2324 ) ;
#2265 = CIRCLE ( 'NONE', #1407, 1.350000000000017852 ) ;
#2266 = DIRECTION ( 'NONE',  ( 0.000000000000000000, 0.000000000000000000, -1.000000000000000000 ) ) ;
#2267 = DIRECTION ( 'NONE',  ( -0.000000000000000000, -0.000000000000000000, -1.000000000000000000 ) ) ;
#2268 = DIRECTION ( 'NONE',  ( 0.000000000000000000, 1.000000000000000000, 0.000000000000000000 ) ) ;
#2269 = AXIS2_PLACEMENT_3D ( 'NONE', #998, #2348, #3715 ) ;
#2270 = EDGE_LOOP ( 'NONE', ( #1707, #3028 ) ) ;
#2271 = AXIS2_PLACEMENT_3D ( 'NONE', #3298, #222, #919 ) ;
#2272 = ORIENTED_EDGE ( 'NONE', *, *, #659, .F. ) ;
#2273 = PLANE ( 'NONE',  #1830 ) ;
#2274 = CARTESIAN_POINT ( 'NONE',  ( 91.00000000000001421, -136.5000000000000000, 26.51000000000000156 ) ) ;
#2275 = DIRECTION ( 'NONE',  ( -0.000000000000000000, -0.000000000000000000, 1.000000000000000000 ) ) ;
#2276 = AXIS2_PLACEMENT_3D ( 'NONE', #4125, #1775, #2779 ) ;
#2277 = ORIENTED_EDGE ( 'NONE', *, *, #1631, .F. ) ;
#2278 = EDGE_LOOP ( 'NONE', ( #1, #2695 ) ) ;
#2279 = VERTEX_POINT ( 'NONE', #2665 ) ;
#2280 = EDGE_CURVE ( 'NONE', #1291, #3330, #1884, .T. ) ;
#2281 = AXIS2_PLACEMENT_3D ( 'NONE', #2070, #1758, #2451 ) ;
#2282 = EDGE_CURVE ( 'NONE', #1939, #1902, #976, .T. ) ;
#2283 = EDGE_CURVE ( 'NONE', #3623, #793, #2875, .T. ) ;
#2284 = ORIENTED_EDGE ( 'NONE', *, *, #1414, .F. ) ;
#2285 = LINE ( 'NONE', #3653, #890 ) ;
#2286 = CARTESIAN_POINT ( 'NONE',  ( 164.8999999999999773, -102.0000000000000142, -8.490000000000000213 ) ) ;
#2287 = EDGE_CURVE ( 'NONE', #442, #4190, #305, .T. ) ;
#2288 = AXIS2_PLACEMENT_3D ( 'NONE', #181, #544, #3859 ) ;
#2289 = ORIENTED_EDGE ( 'NONE', *, *, #306, .T. ) ;
#2290 = CARTESIAN_POINT ( 'NONE',  ( 105.3999999999999915, -39.00000000000000000, 0.5099999999999983435 ) ) ;
#2291 = CYLINDRICAL_SURFACE ( 'NONE', #2048, 6.500000000000005329 ) ;
#2292 = DIRECTION ( 'NONE',  ( 0.000000000000000000, 1.000000000000000000, 0.000000000000000000 ) ) ;
#2293 = CARTESIAN_POINT ( 'NONE',  ( 91.00000000000001421, -136.5000000000000000, -8.490000000000000213 ) ) ;
#2294 = EDGE_CURVE ( 'NONE', #2487, #4217, #4075, .T. ) ;
#2295 = ORIENTED_EDGE ( 'NONE', *, *, #3989, .F. ) ;
#2296 = VERTEX_POINT ( 'NONE', #2624 ) ;
#2297 = DIRECTION ( 'NONE',  ( 0.000000000000000000, -1.000000000000000000, 0.000000000000000000 ) ) ;
#2298 = CARTESIAN_POINT ( 'NONE',  ( 97.50000000000001421, -136.5000000000000000, 26.51000000000000156 ) ) ;
#2299 = DIRECTION ( 'NONE',  ( -1.000000000000000000, 0.000000000000000000, 0.000000000000000000 ) ) ;
#2300 = EDGE_LOOP ( 'NONE', ( #4252, #1793, #768, #2799 ) ) ;
#2301 = ORIENTED_EDGE ( 'NONE', *, *, #1227, .F. ) ;
#2302 = PLANE ( 'NONE',  #579 ) ;
#2303 = CIRCLE ( 'NONE', #3437, 0.3999999999999999667 ) ;
#2304 = CIRCLE ( 'NONE', #955, 2.500000000000002220 ) ;
#2305 = DIRECTION ( 'NONE',  ( -1.000000000000000000, -1.217349807703022362E-16, 0.000000000000000000 ) ) ;
#2306 = CARTESIAN_POINT ( 'NONE',  ( 0.000000000000000000, 0.000000000000000000, 26.51000000000000156 ) ) ;
#2307 = ORIENTED_EDGE ( 'NONE', *, *, #25, .T. ) ;
#2308 = CARTESIAN_POINT ( 'NONE',  ( 91.00000000000001421, -131.5000000000000000, 23.50999999999999091 ) ) ;
#2309 = LINE ( 'NONE', #2647, #2764 ) ;
#2310 = EDGE_CURVE ( 'NONE', #3508, #3139, #96, .T. ) ;
#2311 = DIRECTION ( 'NONE',  ( 0.000000000000000000, 0.000000000000000000, -1.000000000000000000 ) ) ;
#2312 = CARTESIAN_POINT ( 'NONE',  ( 192.3000000000000114, -86.00000000000000000, 7.759999999999996234 ) ) ;
#2313 = VECTOR ( 'NONE', #819, 1000.000000000000000 ) ;
#2314 = VERTEX_POINT ( 'NONE', #773 ) ;
#2315 = ORIENTED_EDGE ( 'NONE', *, *, #2411, .T. ) ;
#2316 = CARTESIAN_POINT ( 'NONE',  ( 184.6000000000000512, -136.0000000000000000, 26.51000000000000156 ) ) ;
#2317 = CARTESIAN_POINT ( 'NONE',  ( 187.1000000000000227, -134.5700000000000216, 28.11000000000000298 ) ) ;
#2318 = DIRECTION ( 'NONE',  ( -0.000000000000000000, -0.000000000000000000, 1.000000000000000000 ) ) ;
#2319 = EDGE_LOOP ( 'NONE', ( #276, #4044, #2829, #956 ) ) ;
#2320 = VERTEX_POINT ( 'NONE', #73 ) ;
#2321 = DIRECTION ( 'NONE',  ( 1.000000000000000000, 0.000000000000000000, -0.000000000000000000 ) ) ;
#2322 = PLANE ( 'NONE',  #3726 ) ;
#2323 = LINE ( 'NONE', #1972, #1185 ) ;
#2324 = CARTESIAN_POINT ( 'NONE',  ( 182.1000000000000512, -138.5000000000000000, 28.11000000000000298 ) ) ;
#2325 = DIRECTION ( 'NONE',  ( 1.000000000000000000, 0.000000000000000000, 0.000000000000000000 ) ) ;
#2326 = CARTESIAN_POINT ( 'NONE',  ( 190.4000000000000057, -110.9999999999999858, 1.359999999999984555 ) ) ;
#2327 = VECTOR ( 'NONE', #1589, 1000.000000000000000 ) ;
#2328 = EDGE_CURVE ( 'NONE', #4311, #1808, #1766, .T. ) ;
#2329 = AXIS2_PLACEMENT_3D ( 'NONE', #3181, #2850, #132 ) ;
#2330 = ORIENTED_EDGE ( 'NONE', *, *, #1154, .F. ) ;
#2331 = ORIENTED_EDGE ( 'NONE', *, *, #4038, .F. ) ;
#2332 = CARTESIAN_POINT ( 'NONE',  ( 106.7500000000000000, -39.00000000000000000, -8.490000000000000213 ) ) ;
#2333 = CARTESIAN_POINT ( 'NONE',  ( 168.4000000000000341, -102.0000000000000142, 0.5099999999999983435 ) ) ;
#2334 = AXIS2_PLACEMENT_3D ( 'NONE', #2674, #2398, #2065 ) ;
#2335 = FACE_OUTER_BOUND ( 'NONE', #2203, .T. ) ;
#2336 = EDGE_CURVE ( 'NONE', #3330, #1428, #2773, .T. ) ;
#2337 = AXIS2_PLACEMENT_3D ( 'NONE', #4076, #2666, #643 ) ;
#2338 = ORIENTED_EDGE ( 'NONE', *, *, #3464, .F. ) ;
#2339 = AXIS2_PLACEMENT_3D ( 'NONE', #1747, #2438, #3382 ) ;
#2340 = ADVANCED_FACE ( 'NONE', ( #2435 ), #2414, .F. ) ;
#2341 = ORIENTED_EDGE ( 'NONE', *, *, #1615, .T. ) ;
#2342 = DIRECTION ( 'NONE',  ( 0.000000000000000000, 0.000000000000000000, -1.000000000000000000 ) ) ;
#2343 = ORIENTED_EDGE ( 'NONE', *, *, #378, .T. ) ;
#2344 = CARTESIAN_POINT ( 'NONE',  ( 108.8999999999999915, -39.00000000000000000, 0.5099999999999983435 ) ) ;
#2345 = EDGE_CURVE ( 'NONE', #3385, #150, #240, .T. ) ;
#2346 = CARTESIAN_POINT ( 'NONE',  ( 127.7500000000000000, -138.5000000000000000, -2.652740443884070931 ) ) ;
#2347 = CARTESIAN_POINT ( 'NONE',  ( 98.40000000000001990, -133.1000000000000512, -8.490000000000000213 ) ) ;
#2348 = DIRECTION ( 'NONE',  ( 0.000000000000000000, 0.000000000000000000, 1.000000000000000000 ) ) ;
#2349 = CARTESIAN_POINT ( 'NONE',  ( 186.0700000000000216, -135.6000000000000227, 26.51000000000000156 ) ) ;
#2350 = ORIENTED_EDGE ( 'NONE', *, *, #539, .F. ) ;
#2351 = ADVANCED_FACE ( 'NONE', ( #1371 ), #4087, .T. ) ;
#2352 = VERTEX_POINT ( 'NONE', #344 ) ;
#2353 = CARTESIAN_POINT ( 'NONE',  ( 94.03000000000000114, -41.40000000000000568, 28.11000000000000298 ) ) ;
#2354 = CARTESIAN_POINT ( 'NONE',  ( 97.50000000000000000, -35.50000000000000711, -8.490000000000000213 ) ) ;
#2355 = CARTESIAN_POINT ( 'NONE',  ( 99.43000000000000682, -36.00000000000000711, 26.51000000000000156 ) ) ;
#2356 = VERTEX_POINT ( 'NONE', #3075 ) ;
#2357 = ADVANCED_FACE ( 'NONE', ( #1463 ), #4185, .F. ) ;
#2358 = ORIENTED_EDGE ( 'NONE', *, *, #4231, .T. ) ;
#2359 = CARTESIAN_POINT ( 'NONE',  ( 168.4000000000000341, -39.00000000000000000, 0.5099999999999983435 ) ) ;
#2360 = VERTEX_POINT ( 'NONE', #366 ) ;
#2361 = AXIS2_PLACEMENT_3D ( 'NONE', #2298, #627, #2673 ) ;
#2362 = CARTESIAN_POINT ( 'NONE',  ( 97.50000000000000000, -35.50000000000000711, -10.99000000000000199 ) ) ;
#2363 = FACE_BOUND ( 'NONE', #270, .T. ) ;
#2364 = CIRCLE ( 'NONE', #3346, 1.350000000000004086 ) ;
#2365 = TOROIDAL_SURFACE ( 'NONE', #3370, 6.400000000000006573, 0.4000000000000000222 ) ;
#2366 = ADVANCED_FACE ( 'NONE', ( #27 ), #3825, .T. ) ;
#2367 = CARTESIAN_POINT ( 'NONE',  ( 102.5000000000000284, -29.00000000000000000, -8.490000000000000213 ) ) ;
#2368 = FACE_OUTER_BOUND ( 'NONE', #672, .T. ) ;
#2369 = DIRECTION ( 'NONE',  ( 1.000000000000000000, 0.000000000000000000, -0.000000000000000000 ) ) ;
#2370 = CARTESIAN_POINT ( 'NONE',  ( 166.2500000000000000, -39.00000000000000000, 0.5099999999999983435 ) ) ;
#2371 = VERTEX_POINT ( 'NONE', #1128 ) ;
#2372 = ORIENTED_EDGE ( 'NONE', *, *, #846, .F. ) ;
#2373 = DIRECTION ( 'NONE',  ( 0.000000000000000000, 0.000000000000000000, -1.000000000000000000 ) ) ;
#2374 = AXIS2_PLACEMENT_3D ( 'NONE', #4395, #2002, #4022 ) ;
#2375 = CIRCLE ( 'NONE', #466, 3.970000000000001528 ) ;
#2376 = FACE_OUTER_BOUND ( 'NONE', #476, .T. ) ;
#2377 = VECTOR ( 'NONE', #1718, 1000.000000000000000 ) ;
#2378 = DIRECTION ( 'NONE',  ( 0.000000000000000000, 0.000000000000000000, -1.000000000000000000 ) ) ;
#2379 = ORIENTED_EDGE ( 'NONE', *, *, #2415, .F. ) ;
#2380 = VECTOR ( 'NONE', #3138, 1000.000000000000000 ) ;
#2381 = VERTEX_POINT ( 'NONE', #3490 ) ;
#2382 = DIRECTION ( 'NONE',  ( -1.000000000000000000, -0.000000000000000000, -0.000000000000000000 ) ) ;
#2383 = ADVANCED_FACE ( 'NONE', ( #438 ), #2482, .F. ) ;
#2384 = ORIENTED_EDGE ( 'NONE', *, *, #1638, .T. ) ;
#2385 = ORIENTED_EDGE ( 'NONE', *, *, #237, .T. ) ;
#2386 = FACE_BOUND ( 'NONE', #3775, .T. ) ;
#2387 = VECTOR ( 'NONE', #1043, 1000.000000000000000 ) ;
#2388 = DIRECTION ( 'NONE',  ( 0.000000000000000000, 0.000000000000000000, 1.000000000000000000 ) ) ;
#2389 = CARTESIAN_POINT ( 'NONE',  ( 91.00000000000000000, -29.00000000000000000, -8.490000000000000213 ) ) ;
#2390 = DIRECTION ( 'NONE',  ( -0.000000000000000000, -0.000000000000000000, -1.000000000000000000 ) ) ;
#2391 = ADVANCED_FACE ( 'NONE', ( #3122, #3850 ), #1719, .T. ) ;
#2392 = CYLINDRICAL_SURFACE ( 'NONE', #2126, 1.350000000000017852 ) ;
#2393 = VERTEX_POINT ( 'NONE', #3756 ) ;
#2394 = VERTEX_POINT ( 'NONE', #1415 ) ;
#2395 = DIRECTION ( 'NONE',  ( -1.000000000000000000, 0.000000000000000000, 0.000000000000000000 ) ) ;
#2396 = EDGE_CURVE ( 'NONE', #3668, #232, #740, .T. ) ;
#2397 = DIRECTION ( 'NONE',  ( 0.000000000000000000, 0.000000000000000000, 1.000000000000000000 ) ) ;
#2398 = DIRECTION ( 'NONE',  ( 0.000000000000000000, -0.000000000000000000, 1.000000000000000000 ) ) ;
#2399 = EDGE_LOOP ( 'NONE', ( #3258, #2406, #250, #501 ) ) ;
#2400 = ORIENTED_EDGE ( 'NONE', *, *, #2255, .F. ) ;
#2401 = CIRCLE ( 'NONE', #3338, 3.970000000000001528 ) ;
#2402 = PLANE ( 'NONE',  #2281 ) ;
#2403 = CIRCLE ( 'NONE', #3765, 1.299999999999995604 ) ;
#2404 = AXIS2_PLACEMENT_3D ( 'NONE', #1722, #4056, #685 ) ;
#2405 = EDGE_LOOP ( 'NONE', ( #3630, #2421, #1651, #2565 ) ) ;
#2406 = ORIENTED_EDGE ( 'NONE', *, *, #4333, .F. ) ;
#2407 = EDGE_CURVE ( 'NONE', #929, #1401, #2056, .T. ) ;
#2408 = EDGE_CURVE ( 'NONE', #2360, #2508, #1063, .T. ) ;
#2409 = AXIS2_PLACEMENT_3D ( 'NONE', #3953, #1899, #1210 ) ;
#2410 = CYLINDRICAL_SURFACE ( 'NONE', #1536, 3.970000000000001528 ) ;
#2411 = EDGE_CURVE ( 'NONE', #3222, #3703, #750, .T. ) ;
#2412 = AXIS2_PLACEMENT_3D ( 'NONE', #7, #3423, #2077 ) ;
#2413 = AXIS2_PLACEMENT_3D ( 'NONE', #918, #3952, #2266 ) ;
#2414 = PLANE ( 'NONE',  #1724 ) ;
#2415 = EDGE_CURVE ( 'NONE', #1261, #221, #2304, .T. ) ;
#2416 = CARTESIAN_POINT ( 'NONE',  ( 187.1000000000000227, -133.1000000000000227, 28.11000000000000298 ) ) ;
#2417 = LINE ( 'NONE', #51, #2613 ) ;
#2418 = CARTESIAN_POINT ( 'NONE',  ( 102.5000000000000284, -143.0000000000000284, 23.51000000000000156 ) ) ;
#2419 = CIRCLE ( 'NONE', #3418, 3.970000000000001528 ) ;
#2420 = VERTEX_POINT ( 'NONE', #2597 ) ;
#2421 = ORIENTED_EDGE ( 'NONE', *, *, #2280, .F. ) ;
#2422 = CARTESIAN_POINT ( 'NONE',  ( 190.0000000000000000, -60.99999999999999289, 14.16000000000000014 ) ) ;
#2423 = LINE ( 'NONE', #3408, #1309 ) ;
#2424 = ADVANCED_FACE ( 'NONE', ( #2220 ), #122, .F. ) ;
#2425 = DIRECTION ( 'NONE',  ( 1.000000000000000000, 0.000000000000000000, 0.000000000000000000 ) ) ;
#2426 = AXIS2_PLACEMENT_3D ( 'NONE', #3955, #223, #1918 ) ;
#2427 = ORIENTED_EDGE ( 'NONE', *, *, #4270, .T. ) ;
#2428 = VERTEX_POINT ( 'NONE', #3542 ) ;
#2429 = CARTESIAN_POINT ( 'NONE',  ( 192.7000000000000171, 1.118588368805769899E-15, -7.334853578320830181 ) ) ;
#2430 = ORIENTED_EDGE ( 'NONE', *, *, #3359, .T. ) ;
#2431 = ORIENTED_EDGE ( 'NONE', *, *, #760, .F. ) ;
#2432 = DIRECTION ( 'NONE',  ( -1.000000000000000000, 0.000000000000000000, 0.000000000000000000 ) ) ;
#2433 = CARTESIAN_POINT ( 'NONE',  ( 182.1000000000000512, -136.0000000000000000, 28.11000000000000298 ) ) ;
#2434 = MANIFOLD_SOLID_BREP ( '\X2\57fa4f5396f64ef6\X0\-L-1C11W483057A-1', #3291 ) ;
#2435 = FACE_OUTER_BOUND ( 'NONE', #3935, .T. ) ;
#2436 = CARTESIAN_POINT ( 'NONE',  ( 190.5500000000000114, -33.99999999999997868, 18.51000000000000156 ) ) ;
#2437 = CYLINDRICAL_SURFACE ( 'NONE', #119, 1.350000000000017852 ) ;
#2438 = DIRECTION ( 'NONE',  ( -0.000000000000000000, -0.000000000000000000, 1.000000000000000000 ) ) ;
#2439 = AXIS2_PLACEMENT_3D ( 'NONE', #410, #1789, #1702 ) ;
#2440 = VERTEX_POINT ( 'NONE', #845 ) ;
#2441 = ADVANCED_FACE ( 'NONE', ( #4300 ), #485, .F. ) ;
#2442 = EDGE_LOOP ( 'NONE', ( #126, #1871, #3135, #499 ) ) ;
#2443 = DIRECTION ( 'NONE',  ( 0.000000000000000000, 0.000000000000000000, -1.000000000000000000 ) ) ;
#2444 = EDGE_CURVE ( 'NONE', #2823, #980, #1252, .T. ) ;
#2445 = CARTESIAN_POINT ( 'NONE',  ( 91.00000000000001421, -131.5000000000000000, -7.990000000000014424 ) ) ;
#2446 = LINE ( 'NONE', #4104, #4020 ) ;
#2447 = DIRECTION ( 'NONE',  ( -0.000000000000000000, -0.000000000000000000, 1.000000000000000000 ) ) ;
#2448 = ORIENTED_EDGE ( 'NONE', *, *, #102, .F. ) ;
#2449 = VERTEX_POINT ( 'NONE', #2193 ) ;
#2450 = AXIS2_PLACEMENT_3D ( 'NONE', #1892, #3248, #196 ) ;
#2451 = DIRECTION ( 'NONE',  ( 1.000000000000000000, 0.000000000000000000, -0.000000000000000000 ) ) ;
#2452 = LINE ( 'NONE', #1122, #1323 ) ;
#2453 = VERTEX_POINT ( 'NONE', #1841 ) ;
#2454 = ORIENTED_EDGE ( 'NONE', *, *, #1007, .T. ) ;
#2455 = CARTESIAN_POINT ( 'NONE',  ( 98.00000000000001421, -133.1000000000000512, 26.51000000000000156 ) ) ;
#2456 = DIRECTION ( 'NONE',  ( -0.000000000000000000, -0.000000000000000000, -1.000000000000000000 ) ) ;
#2457 = DIRECTION ( 'NONE',  ( 0.3420201433256694901, 0.9396926207859082059, 0.000000000000000000 ) ) ;
#2458 = DIRECTION ( 'NONE',  ( 1.000000000000000000, 0.000000000000000000, 0.000000000000000000 ) ) ;
#2459 = DIRECTION ( 'NONE',  ( -0.000000000000000000, -0.000000000000000000, 1.000000000000000000 ) ) ;
#2460 = CARTESIAN_POINT ( 'NONE',  ( 187.5000000000000000, -130.6000000000000227, -8.490000000000000213 ) ) ;
#2461 = EDGE_LOOP ( 'NONE', ( #1282, #264, #4027, #605 ) ) ;
#2462 = ORIENTED_EDGE ( 'NONE', *, *, #1082, .T. ) ;
#2463 = CYLINDRICAL_SURFACE ( 'NONE', #2276, 6.500000000000005329 ) ;
#2464 = DIRECTION ( 'NONE',  ( 0.000000000000000000, -0.000000000000000000, 1.000000000000000000 ) ) ;
#2465 = EDGE_CURVE ( 'NONE', #3554, #1980, #1801, .T. ) ;
#2466 = DIRECTION ( 'NONE',  ( -0.000000000000000000, -0.000000000000000000, 1.000000000000000000 ) ) ;
#2467 = CARTESIAN_POINT ( 'NONE',  ( 98.00000000000000000, -41.40000000000000568, 26.51000000000000156 ) ) ;
#2468 = ADVANCED_FACE ( 'NONE', ( #2503, #2927 ), #1247, .T. ) ;
#2469 = ORIENTED_EDGE ( 'NONE', *, *, #1940, .F. ) ;
#2470 = ORIENTED_EDGE ( 'NONE', *, *, #3934, .T. ) ;
#2471 = DIRECTION ( 'NONE',  ( -0.000000000000000000, -0.000000000000000000, 1.000000000000000000 ) ) ;
#2472 = EDGE_CURVE ( 'NONE', #2320, #65, #3567, .T. ) ;
#2473 = LINE ( 'NONE', #530, #4322 ) ;
#2474 = ADVANCED_FACE ( 'NONE', ( #557 ), #3526, .T. ) ;
#2475 = ORIENTED_EDGE ( 'NONE', *, *, #218, .F. ) ;
#2476 = ORIENTED_EDGE ( 'NONE', *, *, #3779, .F. ) ;
#2477 = DIRECTION ( 'NONE',  ( -0.000000000000000000, -0.000000000000000000, -1.000000000000000000 ) ) ;
#2478 = DIRECTION ( 'NONE',  ( 0.000000000000000000, 1.000000000000000000, -0.000000000000000000 ) ) ;
#2479 = AXIS2_PLACEMENT_3D ( 'NONE', #2286, #4301, #2243 ) ;
#2480 = TOROIDAL_SURFACE ( 'NONE', #1062, 6.400000000000006573, 0.4000000000000000222 ) ;
#2481 = ADVANCED_FACE ( 'NONE', ( #217 ), #1019, .T. ) ;
#2482 = PLANE ( 'NONE',  #1310 ) ;
#2483 = DIRECTION ( 'NONE',  ( -0.000000000000000000, 0.000000000000000000, -1.000000000000000000 ) ) ;
#2484 = CARTESIAN_POINT ( 'NONE',  ( 91.00000000000000000, -40.50000000000000000, -8.490000000000000213 ) ) ;
#2485 = DIRECTION ( 'NONE',  ( 0.000000000000000000, 0.000000000000000000, 1.000000000000000000 ) ) ;
#2486 = EDGE_LOOP ( 'NONE', ( #2656, #1733, #4362, #1161 ) ) ;
#2487 = VERTEX_POINT ( 'NONE', #2863 ) ;
#2488 = DIRECTION ( 'NONE',  ( -1.000000000000000000, 0.000000000000000000, -0.000000000000000000 ) ) ;
#2489 = DIRECTION ( 'NONE',  ( -0.8891264907159880382, 0.3236155771181852825, -0.3236155771181852270 ) ) ;
#2490 = DIRECTION ( 'NONE',  ( -0.000000000000000000, 0.000000000000000000, 1.000000000000000000 ) ) ;
#2491 = CARTESIAN_POINT ( 'NONE',  ( 161.3999999999999488, -39.00000000000000000, -8.490000000000000213 ) ) ;
#2492 = ORIENTED_EDGE ( 'NONE', *, *, #1110, .T. ) ;
#2493 = EDGE_LOOP ( 'NONE', ( #3549, #1503, #1421, #794 ) ) ;
#2494 = APPLICATION_CONTEXT ( 'automotive_design' ) ;
#2495 = LINE ( 'NONE', #3795, #1813 ) ;
#2496 = DIRECTION ( 'NONE',  ( 1.000000000000000000, 0.000000000000000000, 0.000000000000000000 ) ) ;
#2497 = LINE ( 'NONE', #2167, #3246 ) ;
#2498 = CIRCLE ( 'NONE', #3220, 6.000000000000000000 ) ;
#2499 = ORIENTED_EDGE ( 'NONE', *, *, #702, .T. ) ;
#2500 = VERTEX_POINT ( 'NONE', #1867 ) ;
#2501 = CARTESIAN_POINT ( 'NONE',  ( 188.0000000000000000, -29.40000000000000924, -10.99000000000000199 ) ) ;
#2502 = LINE ( 'NONE', #2747, #2808 ) ;
#2503 = FACE_OUTER_BOUND ( 'NONE', #38, .T. ) ;
#2504 = PLANE ( 'NONE',  #3407 ) ;
#2505 = CARTESIAN_POINT ( 'NONE',  ( 189.2500000000000000, -33.99999999999997868, 18.51000000000000156 ) ) ;
#2506 = CARTESIAN_POINT ( 'NONE',  ( 189.7000000000000171, -60.99999999999999289, 7.760000000000000675 ) ) ;
#2507 = ORIENTED_EDGE ( 'NONE', *, *, #3866, .F. ) ;
#2508 = VERTEX_POINT ( 'NONE', #2886 ) ;
#2509 = CARTESIAN_POINT ( 'NONE',  ( 104.0499999999999829, -39.00000000000000000, 0.5099999999999983435 ) ) ;
#2510 = DIRECTION ( 'NONE',  ( 0.000000000000000000, 0.000000000000000000, -1.000000000000000000 ) ) ;
#2511 = CIRCLE ( 'NONE', #596, 11.00000000000000711 ) ;
#2512 = DIRECTION ( 'NONE',  ( -1.000000000000000000, 0.000000000000000000, -0.000000000000000000 ) ) ;
#2513 = DIRECTION ( 'NONE',  ( 0.000000000000000000, 0.000000000000000000, -1.000000000000000000 ) ) ;
#2514 = CIRCLE ( 'NONE', #597, 3.500000000000003109 ) ;
#2515 = ORIENTED_EDGE ( 'NONE', *, *, #251, .T. ) ;
#2516 = VERTEX_POINT ( 'NONE', #594 ) ;
#2517 = CARTESIAN_POINT ( 'NONE',  ( 164.8999999999999773, -102.0000000000000142, -8.490000000000000213 ) ) ;
#2518 = CARTESIAN_POINT ( 'NONE',  ( 91.00000000000001421, -143.0000000000000284, -10.59000000000000163 ) ) ;
#2519 = DIRECTION ( 'NONE',  ( 0.000000000000000000, -1.000000000000000000, 0.000000000000000000 ) ) ;
#2520 = ORIENTED_EDGE ( 'NONE', *, *, #2067, .F. ) ;
#2521 = ORIENTED_EDGE ( 'NONE', *, *, #1481, .F. ) ;
#2522 = EDGE_CURVE ( 'NONE', #2356, #1803, #4323, .T. ) ;
#2523 = LINE ( 'NONE', #407, #3514 ) ;
#2524 = ADVANCED_FACE ( 'NONE', ( #2951 ), #4403, .T. ) ;
#2525 = VECTOR ( 'NONE', #4380, 1000.000000000000000 ) ;
#2526 = AXIS2_PLACEMENT_3D ( 'NONE', #1742, #435, #1127 ) ;
#2527 = DIRECTION ( 'NONE',  ( 1.000000000000000000, 0.000000000000000000, -1.224646799147353207E-16 ) ) ;
#2528 = DIRECTION ( 'NONE',  ( 0.000000000000000000, 1.000000000000000000, 0.000000000000000000 ) ) ;
#2529 = PLANE ( 'NONE',  #2696 ) ;
#2530 = EDGE_CURVE ( 'NONE', #1192, #1037, #4383, .T. ) ;
#2531 = ORIENTED_EDGE ( 'NONE', *, *, #2579, .F. ) ;
#2532 = ORIENTED_EDGE ( 'NONE', *, *, #4058, .T. ) ;
#2533 = DIRECTION ( 'NONE',  ( 0.000000000000000000, 0.000000000000000000, 1.000000000000000000 ) ) ;
#2534 = ADVANCED_FACE ( 'NONE', ( #3011 ), #1327, .F. ) ;
#2535 = LINE ( 'NONE', #4328, #2912 ) ;
#2536 = DIRECTION ( 'NONE',  ( 0.000000000000000000, 0.000000000000000000, -1.000000000000000000 ) ) ;
#2537 = CYLINDRICAL_SURFACE ( 'NONE', #3475, 2.500000000000002220 ) ;
#2538 = CIRCLE ( 'NONE', #399, 1.350000000000004086 ) ;
#2539 = ORIENTED_EDGE ( 'NONE', *, *, #2641, .T. ) ;
#2540 = ORIENTED_EDGE ( 'NONE', *, *, #1205, .F. ) ;
#2541 = EDGE_CURVE ( 'NONE', #374, #2516, #2679, .T. ) ;
#2542 = EDGE_CURVE ( 'NONE', #400, #2516, #1535, .T. ) ;
#2543 = CARTESIAN_POINT ( 'NONE',  ( 99.43000000000000682, -36.39999999999999858, 26.51000000000000156 ) ) ;
#2544 = CARTESIAN_POINT ( 'NONE',  ( 182.1000000000000227, -33.50000000000000000, 28.11000000000000298 ) ) ;
#2545 = CARTESIAN_POINT ( 'NONE',  ( 188.0000000000000000, -142.5999999999999943, -10.59000000000000163 ) ) ;
#2546 = EDGE_LOOP ( 'NONE', ( #3519, #331, #968, #3894 ) ) ;
#2547 = EDGE_LOOP ( 'NONE', ( #228, #1431 ) ) ;
#2548 = VECTOR ( 'NONE', #3532, 1000.000000000000000 ) ;
#2549 = EDGE_CURVE ( 'NONE', #1774, #1242, #2970, .T. ) ;
#2550 = DIRECTION ( 'NONE',  ( 0.000000000000000000, 0.000000000000000000, -1.000000000000000000 ) ) ;
#2551 = DIRECTION ( 'NONE',  ( -0.000000000000000000, -0.000000000000000000, -1.000000000000000000 ) ) ;
#2552 = CARTESIAN_POINT ( 'NONE',  ( 189.2500000000000000, -137.9999999999999716, 18.51000000000000156 ) ) ;
#2553 = FACE_BOUND ( 'NONE', #2278, .T. ) ;
#2554 = AXIS2_PLACEMENT_3D ( 'NONE', #2975, #2560, #879 ) ;
#2555 = AXIS2_PLACEMENT_3D ( 'NONE', #1706, #3717, #329 ) ;
#2556 = ADVANCED_FACE ( 'NONE', ( #3311 ), #4343, .T. ) ;
#2557 = EDGE_LOOP ( 'NONE', ( #1396, #714 ) ) ;
#2558 = EDGE_LOOP ( 'NONE', ( #4224, #4092, #3943, #2967 ) ) ;
#2559 = DIRECTION ( 'NONE',  ( 0.000000000000000000, 0.000000000000000000, -1.000000000000000000 ) ) ;
#2560 = DIRECTION ( 'NONE',  ( 0.000000000000000000, 0.000000000000000000, -1.000000000000000000 ) ) ;
#2561 = LINE ( 'NONE', #496, #2574 ) ;
#2562 = AXIS2_PLACEMENT_3D ( 'NONE', #2107, #3082, #394 ) ;
#2563 = CARTESIAN_POINT ( 'NONE',  ( 186.0700000000000216, -135.6000000000000227, 28.11000000000000298 ) ) ;
#2564 = CIRCLE ( 'NONE', #1071, 3.970000000000001528 ) ;
#2565 = ORIENTED_EDGE ( 'NONE', *, *, #2240, .F. ) ;
#2566 = ORIENTED_EDGE ( 'NONE', *, *, #3679, .T. ) ;
#2567 = CARTESIAN_POINT ( 'NONE',  ( 188.0000000000000000, -143.0000000000000284, 26.51000000000000156 ) ) ;
#2568 = DIRECTION ( 'NONE',  ( 0.000000000000000000, 0.000000000000000000, 1.000000000000000000 ) ) ;
#2569 = CARTESIAN_POINT ( 'NONE',  ( 188.0000000000000000, -29.40000000000000924, -10.99000000000000199 ) ) ;
#2570 = VERTEX_POINT ( 'NONE', #2261 ) ;
#2571 = ORIENTED_EDGE ( 'NONE', *, *, #572, .F. ) ;
#2572 = EDGE_CURVE ( 'NONE', #1879, #21, #1346, .T. ) ;
#2573 = CYLINDRICAL_SURFACE ( 'NONE', #2060, 1.299999999999995604 ) ;
#2574 = VECTOR ( 'NONE', #3932, 1000.000000000000000 ) ;
#2575 = DIRECTION ( 'NONE',  ( 1.000000000000000000, 0.000000000000000000, 0.000000000000000000 ) ) ;
#2576 = DIRECTION ( 'NONE',  ( 1.000000000000000000, 0.000000000000000000, 0.000000000000000000 ) ) ;
#2577 = ORIENTED_EDGE ( 'NONE', *, *, #3359, .F. ) ;
#2578 = FACE_OUTER_BOUND ( 'NONE', #2924, .T. ) ;
#2579 = EDGE_CURVE ( 'NONE', #275, #2186, #1458, .T. ) ;
#2580 = DIRECTION ( 'NONE',  ( -0.000000000000000000, -0.000000000000000000, -1.000000000000000000 ) ) ;
#2581 = CARTESIAN_POINT ( 'NONE',  ( 187.1000000000000227, -134.5700000000000216, 28.11000000000000298 ) ) ;
#2582 =( NAMED_UNIT ( * ) PLANE_ANGLE_UNIT ( ) SI_UNIT ( $, .RADIAN. ) );
#2583 = ORIENTED_EDGE ( 'NONE', *, *, #675, .F. ) ;
#2584 = EDGE_CURVE ( 'NONE', #475, #2440, #3375, .T. ) ;
#2585 = AXIS2_PLACEMENT_3D ( 'NONE', #2712, #758, #3789 ) ;
#2586 = ORIENTED_EDGE ( 'NONE', *, *, #3195, .F. ) ;
#2587 = VECTOR ( 'NONE', #235, 1000.000000000000000 ) ;
#2588 = AXIS2_PLACEMENT_3D ( 'NONE', #3168, #386, #2769 ) ;
#2589 = CARTESIAN_POINT ( 'NONE',  ( 187.1000000000000227, -134.5700000000000216, 28.11000000000000298 ) ) ;
#2590 = DIRECTION ( 'NONE',  ( 0.000000000000000000, 0.000000000000000000, 1.000000000000000000 ) ) ;
#2591 = FACE_OUTER_BOUND ( 'NONE', #117, .T. ) ;
#2592 = ORIENTED_EDGE ( 'NONE', *, *, #4127, .F. ) ;
#2593 = ORIENTED_EDGE ( 'NONE', *, *, #817, .T. ) ;
#2594 = EDGE_LOOP ( 'NONE', ( #1954, #3047, #3636, #1650 ) ) ;
#2595 = EDGE_CURVE ( 'NONE', #4113, #414, #1643, .T. ) ;
#2596 = STYLED_ITEM ( 'NONE', ( #2839 ), #2434 ) ;
#2597 = CARTESIAN_POINT ( 'NONE',  ( 97.50000000000001421, -142.5999999999999943, -10.99000000000000199 ) ) ;
#2598 = DIRECTION ( 'NONE',  ( -1.000000000000000000, 0.000000000000000000, 0.000000000000000000 ) ) ;
#2599 = AXIS2_PLACEMENT_3D ( 'NONE', #87, #1455, #2810 ) ;
#2600 = EDGE_LOOP ( 'NONE', ( #840, #159 ) ) ;
#2601 = DIRECTION ( 'NONE',  ( 0.000000000000000000, -1.000000000000000000, -1.143773720424268295E-16 ) ) ;
#2602 = VERTEX_POINT ( 'NONE', #1598 ) ;
#2603 = CYLINDRICAL_SURFACE ( 'NONE', #2409, 1.030000000000003135 ) ;
#2604 = CARTESIAN_POINT ( 'NONE',  ( 187.1000000000000227, -134.5700000000000216, 26.51000000000000156 ) ) ;
#2605 = DIRECTION ( 'NONE',  ( 1.555805808050947258E-16, -1.000000000000000000, 0.000000000000000000 ) ) ;
#2606 = ORIENTED_EDGE ( 'NONE', *, *, #3615, .F. ) ;
#2607 = EDGE_CURVE ( 'NONE', #923, #2688, #2089, .T. ) ;
#2608 = ORIENTED_EDGE ( 'NONE', *, *, #3207, .T. ) ;
#2609 = DIRECTION ( 'NONE',  ( -0.000000000000000000, -0.000000000000000000, -1.000000000000000000 ) ) ;
#2610 = EDGE_CURVE ( 'NONE', #2211, #3870, #2285, .T. ) ;
#2611 = LINE ( 'NONE', #272, #3723 ) ;
#2612 = CARTESIAN_POINT ( 'NONE',  ( 94.03000000000000114, -41.40000000000000568, 26.51000000000000156 ) ) ;
#2613 = VECTOR ( 'NONE', #4099, 1000.000000000000000 ) ;
#2614 = VERTEX_POINT ( 'NONE', #3354 ) ;
#2615 = VERTEX_POINT ( 'NONE', #4011 ) ;
#2616 = EDGE_CURVE ( 'NONE', #1223, #554, #320, .T. ) ;
#2617 = CARTESIAN_POINT ( 'NONE',  ( 98.00000000000000000, -37.43000000000000682, 26.51000000000000156 ) ) ;
#2618 = EDGE_CURVE ( 'NONE', #1832, #2211, #543, .T. ) ;
#2619 = DIRECTION ( 'NONE',  ( -1.000000000000000000, 0.000000000000000000, 0.000000000000000000 ) ) ;
#2620 = DIRECTION ( 'NONE',  ( 0.000000000000000000, 0.000000000000000000, -1.000000000000000000 ) ) ;
#2621 = ADVANCED_FACE ( 'NONE', ( #2661 ), #2322, .F. ) ;
#2622 = ORIENTED_EDGE ( 'NONE', *, *, #2985, .F. ) ;
#2623 = VECTOR ( 'NONE', #759, 1000.000000000000000 ) ;
#2624 = CARTESIAN_POINT ( 'NONE',  ( 194.5000000000000000, -40.50000000000000000, -7.990000000000000213 ) ) ;
#2625 = DIRECTION ( 'NONE',  ( -1.000000000000000000, 0.000000000000000000, 0.000000000000000000 ) ) ;
#2626 = CARTESIAN_POINT ( 'NONE',  ( 95.50000000000001421, -130.6000000000000512, -8.490000000000000213 ) ) ;
#2627 = LINE ( 'NONE', #224, #277 ) ;
#2628 = AXIS2_PLACEMENT_3D ( 'NONE', #367, #683, #2325 ) ;
#2629 = AXIS2_PLACEMENT_3D ( 'NONE', #2506, #4260, #1159 ) ;
#2630 = ORIENTED_EDGE ( 'NONE', *, *, #3060, .T. ) ;
#2631 = CIRCLE ( 'NONE', #1284, 0.4000000000000010214 ) ;
#2632 = ORIENTED_EDGE ( 'NONE', *, *, #2396, .F. ) ;
#2633 = FACE_BOUND ( 'NONE', #2442, .T. ) ;
#2634 = DIRECTION ( 'NONE',  ( 0.000000000000000000, 0.9396926207859082059, 0.3420201433256694901 ) ) ;
#2635 = CARTESIAN_POINT ( 'NONE',  ( 98.40000000000001990, -135.6000000000000512, -8.490000000000000213 ) ) ;
#2636 = AXIS2_PLACEMENT_3D ( 'NONE', #541, #1583, #4305 ) ;
#2637 = ORIENTED_EDGE ( 'NONE', *, *, #342, .F. ) ;
#2638 = VERTEX_POINT ( 'NONE', #3733 ) ;
#2639 = CARTESIAN_POINT ( 'NONE',  ( 188.0000000000000000, -136.5000000000000000, -10.99000000000000199 ) ) ;
#2640 = VECTOR ( 'NONE', #1887, 1000.000000000000000 ) ;
#2641 = EDGE_CURVE ( 'NONE', #4312, #688, #4072, .T. ) ;
#2642 = DIRECTION ( 'NONE',  ( 1.000000000000000000, 0.000000000000000000, 0.000000000000000000 ) ) ;
#2643 = CARTESIAN_POINT ( 'NONE',  ( 96.25000000000000000, -137.9999999999999716, 18.51000000000000156 ) ) ;
#2644 = AXIS2_PLACEMENT_3D ( 'NONE', #4266, #446, #1875 ) ;
#2645 = EDGE_LOOP ( 'NONE', ( #3844, #2238, #2258, #1053 ) ) ;
#2646 = CARTESIAN_POINT ( 'NONE',  ( 103.4000000000000199, -136.0000000000000000, 28.11000000000000298 ) ) ;
#2647 = CARTESIAN_POINT ( 'NONE',  ( 192.7000000000000171, -41.15514642167917003, 0.000000000000000000 ) ) ;
#2648 = DIRECTION ( 'NONE',  ( 0.000000000000000000, 0.000000000000000000, -1.000000000000000000 ) ) ;
#2649 = DIRECTION ( 'NONE',  ( 0.000000000000000000, -0.000000000000000000, 1.000000000000000000 ) ) ;
#2650 = VERTEX_POINT ( 'NONE', #1012 ) ;
#2651 = EDGE_LOOP ( 'NONE', ( #2061, #2689, #3404, #3468 ) ) ;
#2652 = DIRECTION ( 'NONE',  ( 1.000000000000000000, 0.000000000000000000, 0.000000000000000000 ) ) ;
#2653 = DIRECTION ( 'NONE',  ( 0.000000000000000000, -1.000000000000000000, 0.000000000000000000 ) ) ;
#2654 = DIRECTION ( 'NONE',  ( -0.000000000000000000, -0.000000000000000000, -1.000000000000000000 ) ) ;
#2655 = ORIENTED_EDGE ( 'NONE', *, *, #458, .T. ) ;
#2656 = ORIENTED_EDGE ( 'NONE', *, *, #43, .T. ) ;
#2657 = CARTESIAN_POINT ( 'NONE',  ( 190.0000000000000000, -60.99999999999999289, 7.760000000000000675 ) ) ;
#2658 = AXIS2_PLACEMENT_3D ( 'NONE', #82, #13, #4129 ) ;
#2659 = VECTOR ( 'NONE', #3992, 1000.000000000000000 ) ;
#2660 = EDGE_CURVE ( 'NONE', #3703, #3793, #4029, .T. ) ;
#2661 = FACE_OUTER_BOUND ( 'NONE', #1919, .T. ) ;
#2662 = FACE_OUTER_BOUND ( 'NONE', #2039, .T. ) ;
#2663 = AXIS2_PLACEMENT_3D ( 'NONE', #2362, #3324, #1358 ) ;
#2664 = CIRCLE ( 'NONE', #1034, 1.299999999999995604 ) ;
#2665 = CARTESIAN_POINT ( 'NONE',  ( 95.50000000000000000, -41.40000000000000568, -8.490000000000000213 ) ) ;
#2666 = DIRECTION ( 'NONE',  ( 0.000000000000000000, 0.000000000000000000, 1.000000000000000000 ) ) ;
#2667 = DIRECTION ( 'NONE',  ( 0.8891264907159879272, 0.3236155771181852270, 0.3236155771181852825 ) ) ;
#2668 = AXIS2_PLACEMENT_3D ( 'NONE', #484, #2171, #3538 ) ;
#2669 = EDGE_CURVE ( 'NONE', #4334, #581, #965, .T. ) ;
#2670 = VERTEX_POINT ( 'NONE', #12 ) ;
#2671 = ORIENTED_EDGE ( 'NONE', *, *, #3317, .T. ) ;
#2672 = CARTESIAN_POINT ( 'NONE',  ( 105.3999999999999915, -102.0000000000000142, 0.5099999999999983435 ) ) ;
#2673 = DIRECTION ( 'NONE',  ( 1.000000000000000000, 0.000000000000000000, 0.000000000000000000 ) ) ;
#2674 = CARTESIAN_POINT ( 'NONE',  ( 98.40000000000000568, -36.39999999999999858, -8.490000000000000213 ) ) ;
#2675 = ORIENTED_EDGE ( 'NONE', *, *, #369, .T. ) ;
#2676 = ADVANCED_FACE ( 'NONE', ( #2633, #4063 ), #1630, .T. ) ;
#2677 = ORIENTED_EDGE ( 'NONE', *, *, #3796, .T. ) ;
#2678 = CARTESIAN_POINT ( 'NONE',  ( 182.1000000000000512, -136.0000000000000000, 26.51000000000000156 ) ) ;
#2679 = LINE ( 'NONE', #3694, #1101 ) ;
#2680 = DIRECTION ( 'NONE',  ( 0.000000000000000000, 0.000000000000000000, -1.000000000000000000 ) ) ;
#2681 = EDGE_CURVE ( 'NONE', #4175, #1112, #2025, .T. ) ;
#2682 = CARTESIAN_POINT ( 'NONE',  ( 192.3000000000000114, -60.99999999999999289, 13.76000000000000156 ) ) ;
#2683 = DIRECTION ( 'NONE',  ( -1.000000000000000000, 0.000000000000000000, 0.000000000000000000 ) ) ;
#2684 = DIRECTION ( 'NONE',  ( -0.3236155771181852825, 0.8891264907159880382, -0.3236155771181852825 ) ) ;
#2685 = DIRECTION ( 'NONE',  ( -0.000000000000000000, -0.000000000000000000, -1.000000000000000000 ) ) ;
#2686 = AXIS2_PLACEMENT_3D ( 'NONE', #1664, #566, #503 ) ;
#2687 = EDGE_CURVE ( 'NONE', #3641, #929, #3445, .T. ) ;
#2688 = VERTEX_POINT ( 'NONE', #2353 ) ;
#2689 = ORIENTED_EDGE ( 'NONE', *, *, #3265, .F. ) ;
#2690 = DIRECTION ( 'NONE',  ( 0.000000000000000000, -0.3420201433256694901, 0.9396926207859082059 ) ) ;
#2691 = FACE_OUTER_BOUND ( 'NONE', #1326, .T. ) ;
#2692 = VECTOR ( 'NONE', #3961, 1000.000000000000000 ) ;
#2693 = FACE_OUTER_BOUND ( 'NONE', #2558, .T. ) ;
#2694 = CIRCLE ( 'NONE', #2337, 1.299999999999995604 ) ;
#2695 = ORIENTED_EDGE ( 'NONE', *, *, #2542, .F. ) ;
#2696 = AXIS2_PLACEMENT_3D ( 'NONE', #1821, #1204, #489 ) ;
#2697 = EDGE_LOOP ( 'NONE', ( #3786, #1586, #1695, #3908 ) ) ;
#2698 = ADVANCED_FACE ( 'NONE', ( #313 ), #689, .F. ) ;
#2699 = DIRECTION ( 'NONE',  ( -1.000000000000000000, 0.000000000000000000, -0.000000000000000000 ) ) ;
#2700 = DIRECTION ( 'NONE',  ( 0.000000000000000000, 0.000000000000000000, -1.000000000000000000 ) ) ;
#2701 = DIRECTION ( 'NONE',  ( -0.9396926207859082059, 0.000000000000000000, 0.3420201433256694901 ) ) ;
#2702 = DIRECTION ( 'NONE',  ( -0.000000000000000000, 0.000000000000000000, 1.000000000000000000 ) ) ;
#2703 = LINE ( 'NONE', #4035, #637 ) ;
#2704 = VECTOR ( 'NONE', #3341, 1000.000000000000000 ) ;
#2705 = DIRECTION ( 'NONE',  ( -1.000000000000000000, 0.000000000000000000, 0.000000000000000000 ) ) ;
#2706 = DIRECTION ( 'NONE',  ( 0.000000000000000000, -0.000000000000000000, -1.000000000000000000 ) ) ;
#2707 = PRODUCT_CONTEXT ( 'NONE', #2494, 'mechanical' ) ;
#2708 = EDGE_CURVE ( 'NONE', #833, #4320, #3003, .T. ) ;
#2709 = ORIENTED_EDGE ( 'NONE', *, *, #1060, .T. ) ;
#2710 = ORIENTED_EDGE ( 'NONE', *, *, #1878, .F. ) ;
#2711 = CARTESIAN_POINT ( 'NONE',  ( 182.1000000000000227, -36.00000000000000711, 28.11000000000000298 ) ) ;
#2712 = CARTESIAN_POINT ( 'NONE',  ( 187.5000000000000000, -41.39999999999999147, 28.11000000000000298 ) ) ;
#2713 = CYLINDRICAL_SURFACE ( 'NONE', #3110, 1.350000000000017852 ) ;
#2714 = ORIENTED_EDGE ( 'NONE', *, *, #2008, .F. ) ;
#2715 = ORIENTED_EDGE ( 'NONE', *, *, #237, .F. ) ;
#2716 = DIRECTION ( 'NONE',  ( 1.000000000000000000, 0.000000000000000000, 0.000000000000000000 ) ) ;
#2717 = APPLICATION_CONTEXT ( 'automotive_design' ) ;
#2718 = VERTEX_POINT ( 'NONE', #1023 ) ;
#2719 = ORIENTED_EDGE ( 'NONE', *, *, #4335, .F. ) ;
#2720 = EDGE_CURVE ( 'NONE', #3548, #1872, #3736, .T. ) ;
#2721 = EDGE_CURVE ( 'NONE', #3977, #1909, #4316, .T. ) ;
#2722 = VECTOR ( 'NONE', #4295, 1000.000000000000000 ) ;
#2723 = CARTESIAN_POINT ( 'NONE',  ( 194.0999999999999943, -136.5000000000000000, -10.99000000000000199 ) ) ;
#2724 = AXIS2_PLACEMENT_3D ( 'NONE', #2793, #3420, #2127 ) ;
#2725 = AXIS2_PLACEMENT_3D ( 'NONE', #93, #2477, #1811 ) ;
#2726 = EDGE_CURVE ( 'NONE', #2516, #400, #1032, .T. ) ;
#2727 = DIRECTION ( 'NONE',  ( -1.000000000000000000, 0.000000000000000000, 0.000000000000000000 ) ) ;
#2728 = CARTESIAN_POINT ( 'NONE',  ( 98.40000000000001990, -135.6000000000000512, 28.11000000000000298 ) ) ;
#2729 = CARTESIAN_POINT ( 'NONE',  ( 190.4000000000000057, -86.00000000000000000, 7.759999999999996234 ) ) ;
#2730 = DIRECTION ( 'NONE',  ( 0.000000000000000000, -1.000000000000000000, 0.000000000000000000 ) ) ;
#2731 = VERTEX_POINT ( 'NONE', #1668 ) ;
#2732 = VERTEX_POINT ( 'NONE', #2332 ) ;
#2733 = CYLINDRICAL_SURFACE ( 'NONE', #3415, 2.500000000000002220 ) ;
#2734 = CIRCLE ( 'NONE', #3312, 3.970000000000001528 ) ;
#2735 = DIRECTION ( 'NONE',  ( -1.000000000000000000, 0.000000000000000000, 0.000000000000000000 ) ) ;
#2736 = AXIS2_PLACEMENT_3D ( 'NONE', #3633, #147, #2598 ) ;
#2737 = CYLINDRICAL_SURFACE ( 'NONE', #2334, 2.500000000000002220 ) ;
#2738 = EDGE_CURVE ( 'NONE', #3507, #380, #4415, .T. ) ;
#2739 = ADVANCED_FACE ( 'NONE', ( #2024 ), #4001, .F. ) ;
#2740 = ORIENTED_EDGE ( 'NONE', *, *, #3724, .F. ) ;
#2741 = ORIENTED_EDGE ( 'NONE', *, *, #239, .F. ) ;
#2742 = EDGE_CURVE ( 'NONE', #554, #1223, #2364, .T. ) ;
#2743 = CARTESIAN_POINT ( 'NONE',  ( 192.7000000000000171, -110.9999999999999858, 7.759999999999991793 ) ) ;
#2744 = EDGE_CURVE ( 'NONE', #3861, #2257, #669, .T. ) ;
#2745 = ORIENTED_EDGE ( 'NONE', *, *, #3292, .T. ) ;
#2746 = ORIENTED_EDGE ( 'NONE', *, *, #2067, .T. ) ;
#2747 = CARTESIAN_POINT ( 'NONE',  ( 103.4000000000000199, -138.5000000000000000, 26.51000000000000156 ) ) ;
#2748 = VECTOR ( 'NONE', #4203, 1000.000000000000000 ) ;
#2749 = DIRECTION ( 'NONE',  ( 0.000000000000000000, 0.000000000000000000, 1.000000000000000000 ) ) ;
#2750 = PRODUCT_RELATED_PRODUCT_CATEGORY ( 'part', '', ( #2112 ) ) ;
#2751 = DIRECTION ( 'NONE',  ( -0.000000000000000000, -0.000000000000000000, -1.000000000000000000 ) ) ;
#2752 = DIRECTION ( 'NONE',  ( -1.000000000000000000, 0.000000000000000000, 0.000000000000000000 ) ) ;
#2753 = DIRECTION ( 'NONE',  ( 0.000000000000000000, -0.000000000000000000, -1.000000000000000000 ) ) ;
#2754 = VERTEX_POINT ( 'NONE', #3663 ) ;
#2755 = EDGE_LOOP ( 'NONE', ( #104, #4133, #3562, #177 ) ) ;
#2756 = DIRECTION ( 'NONE',  ( -0.000000000000000000, -0.000000000000000000, -1.000000000000000000 ) ) ;
#2757 = LINE ( 'NONE', #4083, #2938 ) ;
#2758 = DIRECTION ( 'NONE',  ( -1.000000000000000000, 0.000000000000000000, 0.000000000000000000 ) ) ;
#2759 = CIRCLE ( 'NONE', #1273, 1.350000000000004086 ) ;
#2760 = ORIENTED_EDGE ( 'NONE', *, *, #2021, .T. ) ;
#2761 = EDGE_LOOP ( 'NONE', ( #2091, #92 ) ) ;
#2762 = AXIS2_PLACEMENT_3D ( 'NONE', #3389, #1672, #377 ) ;
#2763 = DIRECTION ( 'NONE',  ( -1.000000000000000000, -0.000000000000000000, -0.000000000000000000 ) ) ;
#2764 = VECTOR ( 'NONE', #1975, 1000.000000000000000 ) ;
#2765 = AXIS2_PLACEMENT_3D ( 'NONE', #1135, #2156, #3154 ) ;
#2766 = ORIENTED_EDGE ( 'NONE', *, *, #2522, .T. ) ;
#2767 = ORIENTED_EDGE ( 'NONE', *, *, #3090, .F. ) ;
#2768 = VECTOR ( 'NONE', #2489, 1000.000000000000000 ) ;
#2769 = DIRECTION ( 'NONE',  ( 0.000000000000000000, 0.000000000000000000, 1.000000000000000000 ) ) ;
#2770 = DIRECTION ( 'NONE',  ( -1.000000000000000000, 0.000000000000000000, 0.000000000000000000 ) ) ;
#2771 = EDGE_CURVE ( 'NONE', #1774, #3838, #3410, .T. ) ;
#2772 = CIRCLE ( 'NONE', #645, 6.400000000000000355 ) ;
#2773 = LINE ( 'NONE', #3397, #381 ) ;
#2774 = CARTESIAN_POINT ( 'NONE',  ( 189.2500000000000000, -33.99999999999997868, 26.51000000000000156 ) ) ;
#2775 = DIRECTION ( 'NONE',  ( 1.000000000000000000, 0.000000000000000000, 0.000000000000000000 ) ) ;
#2776 = DIRECTION ( 'NONE',  ( 1.473225881933593315E-16, -1.000000000000000000, 0.000000000000000000 ) ) ;
#2777 = ORIENTED_EDGE ( 'NONE', *, *, #156, .F. ) ;
#2778 = EDGE_LOOP ( 'NONE', ( #3809, #338, #4156, #2891 ) ) ;
#2779 = DIRECTION ( 'NONE',  ( 1.000000000000000000, 0.000000000000000000, 0.000000000000000000 ) ) ;
#2780 = DIRECTION ( 'NONE',  ( 0.3420201433256694901, -0.9396926207859082059, 0.000000000000000000 ) ) ;
#2781 = DIRECTION ( 'NONE',  ( 1.000000000000000000, 0.000000000000000000, 0.000000000000000000 ) ) ;
#2782 = CARTESIAN_POINT ( 'NONE',  ( 187.9500000000000171, -137.9999999999999716, 18.51000000000000156 ) ) ;
#2783 = AXIS2_PLACEMENT_3D ( 'NONE', #920, #2959, #2311 ) ;
#2784 = EDGE_LOOP ( 'NONE', ( #3983, #3091, #1134, #3817 ) ) ;
#2785 = ORIENTED_EDGE ( 'NONE', *, *, #3271, .F. ) ;
#2786 = DIRECTION ( 'NONE',  ( -1.000000000000000000, 0.000000000000000000, 0.000000000000000000 ) ) ;
#2787 = ORIENTED_EDGE ( 'NONE', *, *, #1631, .T. ) ;
#2788 = ORIENTED_EDGE ( 'NONE', *, *, #829, .F. ) ;
#2789 = CARTESIAN_POINT ( 'NONE',  ( 103.1551464216791771, -30.80000000000000071, 22.85485357832083508 ) ) ;
#2790 = DIRECTION ( 'NONE',  ( 1.000000000000000000, 0.000000000000000000, 0.000000000000000000 ) ) ;
#2791 = AXIS2_PLACEMENT_3D ( 'NONE', #3576, #3500, #524 ) ;
#2792 = AXIS2_PLACEMENT_3D ( 'NONE', #3198, #3613, #461 ) ;
#2793 = CARTESIAN_POINT ( 'NONE',  ( 102.5000000000000284, -143.0000000000000284, 23.51000000000000156 ) ) ;
#2794 = EDGE_CURVE ( 'NONE', #3330, #1980, #2631, .T. ) ;
#2795 = DIRECTION ( 'NONE',  ( 0.000000000000000000, 0.000000000000000000, -1.000000000000000000 ) ) ;
#2796 = DIRECTION ( 'NONE',  ( -1.000000000000000000, -0.000000000000000000, -0.000000000000000000 ) ) ;
#2797 = DIRECTION ( 'NONE',  ( 1.000000000000000000, 0.000000000000000000, -0.000000000000000000 ) ) ;
#2798 = ADVANCED_FACE ( 'NONE', ( #1336 ), #3720, .F. ) ;
#2799 = ORIENTED_EDGE ( 'NONE', *, *, #3954, .F. ) ;
#2800 = CYLINDRICAL_SURFACE ( 'NONE', #4353, 6.000000000000000000 ) ;
#2801 = DIRECTION ( 'NONE',  ( 0.000000000000000000, 1.000000000000000000, 0.000000000000000000 ) ) ;
#2802 = CARTESIAN_POINT ( 'NONE',  ( 192.3000000000000114, -86.00000000000000000, 14.16000000000000192 ) ) ;
#2803 = DIRECTION ( 'NONE',  ( 1.000000000000000000, 0.000000000000000000, 0.000000000000000000 ) ) ;
#2804 = EDGE_CURVE ( 'NONE', #2884, #2169, #3155, .T. ) ;
#2805 = AXIS2_PLACEMENT_3D ( 'NONE', #3672, #1307, #615 ) ;
#2806 = ORIENTED_EDGE ( 'NONE', *, *, #1251, .T. ) ;
#2807 = VERTEX_POINT ( 'NONE', #757 ) ;
#2808 = VECTOR ( 'NONE', #3848, 1000.000000000000000 ) ;
#2809 = DIRECTION ( 'NONE',  ( -1.000000000000000000, 0.000000000000000000, 0.000000000000000000 ) ) ;
#2810 = DIRECTION ( 'NONE',  ( 1.000000000000000000, 0.000000000000000000, 0.000000000000000000 ) ) ;
#2812 = ADVANCED_FACE ( 'NONE', ( #1850 ), #1114, .F. ) ;
#2811 = AXIS2_PLACEMENT_3D ( 'NONE', #2545, #3819, #1835 ) ;
#2813 = ORIENTED_EDGE ( 'NONE', *, *, #4388, .T. ) ;
#2814 = ORIENTED_EDGE ( 'NONE', *, *, #1773, .T. ) ;
#2815 = CARTESIAN_POINT ( 'NONE',  ( 194.5000000000000000, -35.50000000000000711, 26.51000000000000156 ) ) ;
#2816 = DIRECTION ( 'NONE',  ( 0.000000000000000000, 0.000000000000000000, 1.000000000000000000 ) ) ;
#2817 = DIRECTION ( 'NONE',  ( 0.000000000000000000, 0.000000000000000000, -1.000000000000000000 ) ) ;
#2818 = CARTESIAN_POINT ( 'NONE',  ( 100.9000000000000199, -136.0000000000000000, -8.490000000000000213 ) ) ;
#2819 = CARTESIAN_POINT ( 'NONE',  ( 102.5000000000000284, -143.0000000000000284, -7.990000000000000213 ) ) ;
#2820 = FACE_OUTER_BOUND ( 'NONE', #4019, .T. ) ;
#2821 = EDGE_CURVE ( 'NONE', #4175, #2614, #395, .T. ) ;
#2822 = AXIS2_PLACEMENT_3D ( 'NONE', #2729, #2369, #4390 ) ;
#2823 = VERTEX_POINT ( 'NONE', #4242 ) ;
#2824 = ORIENTED_EDGE ( 'NONE', *, *, #3245, .T. ) ;
#2825 = CARTESIAN_POINT ( 'NONE',  ( 192.3000000000000114, -110.9999999999999858, 1.759999999999984688 ) ) ;
#2826 = DIRECTION ( 'NONE',  ( -1.217349807703022362E-16, 1.000000000000000000, 1.143773720424268541E-16 ) ) ;
#2827 = DIRECTION ( 'NONE',  ( 0.000000000000000000, 0.000000000000000000, -1.000000000000000000 ) ) ;
#2828 = LINE ( 'NONE', #2208, #4117 ) ;
#2829 = ORIENTED_EDGE ( 'NONE', *, *, #1815, .F. ) ;
#2830 = ORIENTED_EDGE ( 'NONE', *, *, #3374, .T. ) ;
#2831 = DIRECTION ( 'NONE',  ( 0.000000000000000000, 0.000000000000000000, -1.000000000000000000 ) ) ;
#2832 = CARTESIAN_POINT ( 'NONE',  ( 184.6000000000000512, -136.0000000000000000, 28.11000000000000298 ) ) ;
#2833 = LINE ( 'NONE', #1861, #1895 ) ;
#2834 = VERTEX_POINT ( 'NONE', #781 ) ;
#2835 = EDGE_LOOP ( 'NONE', ( #3936, #762, #2675, #291 ) ) ;
#2836 = PLANE ( 'NONE',  #2162 ) ;
#2837 = CARTESIAN_POINT ( 'NONE',  ( 98.00000000000000000, -38.90000000000000568, -8.490000000000000213 ) ) ;
#2838 = VECTOR ( 'NONE', #57, 1000.000000000000000 ) ;
#2839 = PRESENTATION_STYLE_ASSIGNMENT (( #3946 ) ) ;
#2840 = DIRECTION ( 'NONE',  ( 0.000000000000000000, 0.000000000000000000, 1.000000000000000000 ) ) ;
#2841 = CARTESIAN_POINT ( 'NONE',  ( 183.0000000000000000, -29.00000000000000000, 23.50999999999999801 ) ) ;
#2842 = FACE_BOUND ( 'NONE', #2137, .T. ) ;
#2843 = CIRCLE ( 'NONE', #2413, 11.00000000000000711 ) ;
#2844 = ORIENTED_EDGE ( 'NONE', *, *, #2071, .F. ) ;
#2845 = VERTEX_POINT ( 'NONE', #2848 ) ;
#2846 = DIRECTION ( 'NONE',  ( -1.000000000000000000, 0.000000000000000000, 0.000000000000000000 ) ) ;
#2847 = AXIS2_PLACEMENT_3D ( 'NONE', #3353, #1969, #2342 ) ;
#2848 = CARTESIAN_POINT ( 'NONE',  ( 98.00000000000001421, -134.5700000000000500, 26.51000000000000156 ) ) ;
#2849 = FACE_OUTER_BOUND ( 'NONE', #2761, .T. ) ;
#2850 = DIRECTION ( 'NONE',  ( 0.000000000000000000, 0.000000000000000000, 1.000000000000000000 ) ) ;
#2851 = EDGE_CURVE ( 'NONE', #414, #1368, #4347, .T. ) ;
#2852 = EDGE_CURVE ( 'NONE', #1261, #3608, #3883, .T. ) ;
#2853 = ORIENTED_EDGE ( 'NONE', *, *, #2541, .F. ) ;
#2854 = ORIENTED_EDGE ( 'NONE', *, *, #1560, .F. ) ;
#2855 = DIRECTION ( 'NONE',  ( -0.000000000000000000, -0.000000000000000000, -1.000000000000000000 ) ) ;
#2856 = DIRECTION ( 'NONE',  ( -1.000000000000000000, 0.000000000000000000, 0.000000000000000000 ) ) ;
#2857 = CARTESIAN_POINT ( 'NONE',  ( 187.1000000000000227, -38.89999999999999147, -8.490000000000000213 ) ) ;
#2858 = AXIS2_PLACEMENT_3D ( 'NONE', #3639, #1253, #3994 ) ;
#2859 = ORIENTED_EDGE ( 'NONE', *, *, #1627, .F. ) ;
#2860 = ORIENTED_EDGE ( 'NONE', *, *, #3121, .T. ) ;
#2861 = CARTESIAN_POINT ( 'NONE',  ( 194.0999999999999943, -136.5000000000000000, -10.59000000000000163 ) ) ;
#2862 = EDGE_CURVE ( 'NONE', #3385, #4176, #2086, .T. ) ;
#2863 = CARTESIAN_POINT ( 'NONE',  ( 102.5000000000000284, -29.00000000000000000, -7.990000000000000213 ) ) ;
#2864 = CARTESIAN_POINT ( 'NONE',  ( 127.7500000000000000, -140.8000000000000114, 8.747259556115935197 ) ) ;
#2865 = LINE ( 'NONE', #3924, #4351 ) ;
#2866 = DIRECTION ( 'NONE',  ( -1.000000000000000000, 0.000000000000000000, 0.000000000000000000 ) ) ;
#2867 = EDGE_CURVE ( 'NONE', #4113, #3770, #1991, .T. ) ;
#2868 = EDGE_LOOP ( 'NONE', ( #3347, #2593, #2777, #1673 ) ) ;
#2869 = ORIENTED_EDGE ( 'NONE', *, *, #1822, .T. ) ;
#2870 = CYLINDRICAL_SURFACE ( 'NONE', #1142, 6.000000000000007105 ) ;
#2871 = CARTESIAN_POINT ( 'NONE',  ( 188.0000000000000000, -29.00000000000000000, -10.59000000000000163 ) ) ;
#2872 = AXIS2_PLACEMENT_3D ( 'NONE', #1318, #1259, #2983 ) ;
#2873 = DIRECTION ( 'NONE',  ( -0.8891264907159880382, -0.3236155771181852825, 0.3236155771181852825 ) ) ;
#2874 = CYLINDRICAL_SURFACE ( 'NONE', #3107, 2.500000000000002220 ) ;
#2875 = CIRCLE ( 'NONE', #1375, 3.970000000000001528 ) ;
#2876 = ORIENTED_EDGE ( 'NONE', *, *, #979, .F. ) ;
#2877 = ORIENTED_EDGE ( 'NONE', *, *, #216, .F. ) ;
#2878 = CARTESIAN_POINT ( 'NONE',  ( 168.4000000000000341, -102.0000000000000142, -8.490000000000000213 ) ) ;
#2879 = CARTESIAN_POINT ( 'NONE',  ( 100.9000000000000199, -135.6000000000000512, 28.11000000000000298 ) ) ;
#2880 = FACE_OUTER_BOUND ( 'NONE', #2191, .T. ) ;
#2881 = EDGE_CURVE ( 'NONE', #332, #192, #4171, .T. ) ;
#2882 = EDGE_CURVE ( 'NONE', #1909, #385, #1497, .T. ) ;
#2883 = ORIENTED_EDGE ( 'NONE', *, *, #2336, .T. ) ;
#2884 = VERTEX_POINT ( 'NONE', #2445 ) ;
#2885 = CARTESIAN_POINT ( 'NONE',  ( 91.00000000000000000, -29.00000000000000000, -10.59000000000000163 ) ) ;
#2886 = CARTESIAN_POINT ( 'NONE',  ( 183.0000000000000000, -143.0000000000000284, 23.51000000000000156 ) ) ;
#2887 = CARTESIAN_POINT ( 'NONE',  ( 127.7500000000000000, -140.8000000000000114, 20.14725955611593733 ) ) ;
#2888 = DIRECTION ( 'NONE',  ( 0.000000000000000000, 0.000000000000000000, -1.000000000000000000 ) ) ;
#2889 = FACE_OUTER_BOUND ( 'NONE', #3214, .T. ) ;
#2890 = VERTEX_POINT ( 'NONE', #1091 ) ;
#2891 = ORIENTED_EDGE ( 'NONE', *, *, #843, .F. ) ;
#2892 = DIRECTION ( 'NONE',  ( -1.000000000000000000, -6.938893903907512368E-14, 0.000000000000000000 ) ) ;
#2893 = DIRECTION ( 'NONE',  ( 0.000000000000000000, -1.000000000000000000, 0.000000000000000000 ) ) ;
#2894 = CARTESIAN_POINT ( 'NONE',  ( 192.3000000000000114, -110.9999999999999858, 7.759999999999991793 ) ) ;
#2895 = DIRECTION ( 'NONE',  ( 1.000000000000000000, 0.000000000000000000, 0.000000000000000000 ) ) ;
#2896 = EDGE_CURVE ( 'NONE', #3229, #4379, #3551, .T. ) ;
#2897 = ORIENTED_EDGE ( 'NONE', *, *, #1694, .T. ) ;
#2898 = ORIENTED_EDGE ( 'NONE', *, *, #1785, .T. ) ;
#2899 = CARTESIAN_POINT ( 'NONE',  ( 101.8999999999999915, -102.0000000000000142, 0.5099999999999983435 ) ) ;
#2900 = DIRECTION ( 'NONE',  ( -6.938893903907511105E-14, 1.000000000000000000, 0.000000000000000000 ) ) ;
#2901 = DIRECTION ( 'NONE',  ( -6.938893903907511105E-14, 1.000000000000000000, 0.000000000000000000 ) ) ;
#2902 = ORIENTED_EDGE ( 'NONE', *, *, #2852, .T. ) ;
#2903 = ORIENTED_EDGE ( 'NONE', *, *, #2280, .T. ) ;
#2904 = EDGE_LOOP ( 'NONE', ( #2427, #4307, #1865, #981 ) ) ;
#2905 = CIRCLE ( 'NONE', #1206, 1.299999999999995604 ) ;
#2906 = CIRCLE ( 'NONE', #3913, 3.970000000000001528 ) ;
#2907 = CARTESIAN_POINT ( 'NONE',  ( 103.4000000000000057, -36.00000000000000711, 28.11000000000000298 ) ) ;
#2908 = VECTOR ( 'NONE', #2275, 1000.000000000000000 ) ;
#2909 = CARTESIAN_POINT ( 'NONE',  ( 105.3999999999999915, -39.00000000000000000, -8.490000000000000213 ) ) ;
#2910 = CARTESIAN_POINT ( 'NONE',  ( 105.3999999999999915, -102.0000000000000142, 0.5099999999999983435 ) ) ;
#2911 = ADVANCED_FACE ( 'NONE', ( #3811, #81, #1136, #3471 ), #2134, .T. ) ;
#2912 = VECTOR ( 'NONE', #2267, 1000.000000000000000 ) ;
#2913 = AXIS2_PLACEMENT_3D ( 'NONE', #3227, #3174, #1132 ) ;
#2914 = ORIENTED_EDGE ( 'NONE', *, *, #110, .F. ) ;
#2915 = DIRECTION ( 'NONE',  ( 0.000000000000000000, 0.000000000000000000, -1.000000000000000000 ) ) ;
#2916 = FACE_OUTER_BOUND ( 'NONE', #2919, .T. ) ;
#2917 = DIRECTION ( 'NONE',  ( 0.000000000000000000, -1.000000000000000000, 0.000000000000000000 ) ) ;
#2918 = AXIS2_PLACEMENT_3D ( 'NONE', #1563, #1543, #2915 ) ;
#2919 = EDGE_LOOP ( 'NONE', ( #2606, #427, #1476, #4372 ) ) ;
#2920 = VERTEX_POINT ( 'NONE', #2871 ) ;
#2921 = LINE ( 'NONE', #308, #409 ) ;
#2922 = LINE ( 'NONE', #208, #2748 ) ;
#2923 = DIRECTION ( 'NONE',  ( -0.3236155771181852825, -0.8891264907159880382, 0.3236155771181852825 ) ) ;
#2924 = EDGE_LOOP ( 'NONE', ( #3798, #3275, #4068, #2989 ) ) ;
#2925 = ORIENTED_EDGE ( 'NONE', *, *, #274, .F. ) ;
#2926 = CARTESIAN_POINT ( 'NONE',  ( 189.2500000000000000, -137.9999999999999716, 18.51000000000000156 ) ) ;
#2927 = FACE_BOUND ( 'NONE', #3362, .T. ) ;
#2928 = DIRECTION ( 'NONE',  ( -0.000000000000000000, -0.000000000000000000, -1.000000000000000000 ) ) ;
#2929 = ADVANCED_FACE ( 'NONE', ( #106 ), #3130, .F. ) ;
#2930 = VERTEX_POINT ( 'NONE', #1796 ) ;
#2931 = EDGE_CURVE ( 'NONE', #3125, #2834, #3858, .T. ) ;
#2932 = CYLINDRICAL_SURFACE ( 'NONE', #4282, 1.030000000000003135 ) ;
#2933 = CYLINDRICAL_SURFACE ( 'NONE', #282, 3.500000000000031086 ) ;
#2934 = DIRECTION ( 'NONE',  ( 0.000000000000000000, 0.000000000000000000, 1.000000000000000000 ) ) ;
#2935 = CARTESIAN_POINT ( 'NONE',  ( 187.5000000000000000, -133.1000000000000227, 28.11000000000000298 ) ) ;
#2936 = EDGE_CURVE ( 'NONE', #3416, #1037, #2181, .T. ) ;
#2937 = VERTEX_POINT ( 'NONE', #2157 ) ;
#2938 = VECTOR ( 'NONE', #3747, 1000.000000000000000 ) ;
#2939 = ORIENTED_EDGE ( 'NONE', *, *, #601, .F. ) ;
#2940 = EDGE_CURVE ( 'NONE', #1641, #2638, #2052, .T. ) ;
#2941 = AXIS2_PLACEMENT_3D ( 'NONE', #576, #2305, #3969 ) ;
#2942 = CIRCLE ( 'NONE', #2588, 0.3999999999999993006 ) ;
#2943 = CARTESIAN_POINT ( 'NONE',  ( 184.6000000000000512, -136.0000000000000000, 28.11000000000000298 ) ) ;
#2944 = CYLINDRICAL_SURFACE ( 'NONE', #3661, 3.970000000000001528 ) ;
#2945 = CARTESIAN_POINT ( 'NONE',  ( 97.54999999999999716, -33.99999999999997868, 18.51000000000000156 ) ) ;
#2946 = ORIENTED_EDGE ( 'NONE', *, *, #1355, .F. ) ;
#2947 = ORIENTED_EDGE ( 'NONE', *, *, #3267, .F. ) ;
#2948 = CARTESIAN_POINT ( 'NONE',  ( 194.5000000000000000, -131.5000000000000000, 23.50999999999999446 ) ) ;
#2949 = ADVANCED_FACE ( 'NONE', ( #1564 ), #2603, .F. ) ;
#2950 = AXIS2_PLACEMENT_3D ( 'NONE', #302, #1678, #1266 ) ;
#2952 = VECTOR ( 'NONE', #2763, 1000.000000000000000 ) ;
#2951 = FACE_OUTER_BOUND ( 'NONE', #4247, .T. ) ;
#2953 = AXIS2_PLACEMENT_3D ( 'NONE', #616, #953, #1661 ) ;
#2954 = DIRECTION ( 'NONE',  ( -1.000000000000000000, 0.000000000000000000, 0.000000000000000000 ) ) ;
#2955 = CIRCLE ( 'NONE', #1462, 1.350000000000017852 ) ;
#2956 = ORIENTED_EDGE ( 'NONE', *, *, #3059, .F. ) ;
#2957 = CARTESIAN_POINT ( 'NONE',  ( 98.00000000000001421, -130.6000000000000512, 28.11000000000000298 ) ) ;
#2958 = CARTESIAN_POINT ( 'NONE',  ( 190.4000000000000057, -110.9999999999999858, 7.759999999999991793 ) ) ;
#2959 = DIRECTION ( 'NONE',  ( 1.000000000000000000, -0.000000000000000000, -0.000000000000000000 ) ) ;
#2960 = CARTESIAN_POINT ( 'NONE',  ( 0.000000000000000000, 0.000000000000000000, 0.000000000000000000 ) ) ;
#2961 = EDGE_CURVE ( 'NONE', #4217, #713, #1936, .T. ) ;
#2962 = ORIENTED_EDGE ( 'NONE', *, *, #2687, .T. ) ;
#2963 = ORIENTED_EDGE ( 'NONE', *, *, #1588, .T. ) ;
#2964 = AXIS2_PLACEMENT_3D ( 'NONE', #2140, #1145, #1219 ) ;
#2965 = PLANE ( 'NONE',  #15 ) ;
#2966 = DIRECTION ( 'NONE',  ( 0.3420201433256694901, 1.849419122283436475E-16, -0.9396926207859082059 ) ) ;
#2967 = ORIENTED_EDGE ( 'NONE', *, *, #3873, .T. ) ;
#2968 = ORIENTED_EDGE ( 'NONE', *, *, #4155, .T. ) ;
#2969 = FACE_OUTER_BOUND ( 'NONE', #4262, .T. ) ;
#2970 = LINE ( 'NONE', #322, #1596 ) ;
#2971 = CARTESIAN_POINT ( 'NONE',  ( 184.6000000000000227, -135.6000000000000227, -8.490000000000000213 ) ) ;
#2972 = ORIENTED_EDGE ( 'NONE', *, *, #961, .T. ) ;
#2973 = VECTOR ( 'NONE', #3065, 1000.000000000000000 ) ;
#2974 = CARTESIAN_POINT ( 'NONE',  ( 105.3999999999999915, -39.00000000000000000, 0.5099999999999983435 ) ) ;
#2975 = CARTESIAN_POINT ( 'NONE',  ( 187.1000000000000227, -135.6000000000000227, -8.490000000000000213 ) ) ;
#2976 = CARTESIAN_POINT ( 'NONE',  ( 95.50000000000000000, -41.40000000000000568, 28.11000000000000298 ) ) ;
#2977 = CARTESIAN_POINT ( 'NONE',  ( 187.5000000000000000, -130.6000000000000227, 28.11000000000000298 ) ) ;
#2978 = AXIS2_PLACEMENT_3D ( 'NONE', #4161, #98, #1790 ) ;
#2979 = ORIENTED_EDGE ( 'NONE', *, *, #3873, .F. ) ;
#2980 = AXIS2_PLACEMENT_3D ( 'NONE', #1874, #583, #3973 ) ;
#2981 = ORIENTED_EDGE ( 'NONE', *, *, #4212, .T. ) ;
#2982 = CARTESIAN_POINT ( 'NONE',  ( 189.2500000000000000, -33.99999999999997868, 18.51000000000000156 ) ) ;
#2983 = DIRECTION ( 'NONE',  ( 0.000000000000000000, -0.000000000000000000, -1.000000000000000000 ) ) ;
#2984 = CARTESIAN_POINT ( 'NONE',  ( 190.0000000000000000, -110.9999999999999858, 7.759999999999991793 ) ) ;
#2985 = EDGE_CURVE ( 'NONE', #1914, #739, #3921, .T. ) ;
#2986 = CIRCLE ( 'NONE', #2209, 2.500000000000002220 ) ;
#2987 = EDGE_CURVE ( 'NONE', #4137, #65, #141, .T. ) ;
#2988 = CIRCLE ( 'NONE', #64, 3.500000000000003109 ) ;
#2989 = ORIENTED_EDGE ( 'NONE', *, *, #2310, .T. ) ;
#2990 = ORIENTED_EDGE ( 'NONE', *, *, #490, .F. ) ;
#2991 = DIRECTION ( 'NONE',  ( 0.000000000000000000, 0.000000000000000000, 1.000000000000000000 ) ) ;
#2992 = CARTESIAN_POINT ( 'NONE',  ( 194.5000000000000000, -131.5000000000000000, 23.50999999999999446 ) ) ;
#2993 = CARTESIAN_POINT ( 'NONE',  ( 182.1000000000000227, -33.50000000000000000, -8.490000000000000213 ) ) ;
#2994 = ADVANCED_FACE ( 'NONE', ( #1250 ), #3905, .T. ) ;
#2995 = AXIS2_PLACEMENT_3D ( 'NONE', #1584, #3278, #1271 ) ;
#2996 = ORIENTED_EDGE ( 'NONE', *, *, #2411, .F. ) ;
#2997 = DIRECTION ( 'NONE',  ( -0.000000000000000000, -0.000000000000000000, -1.000000000000000000 ) ) ;
#2998 = CARTESIAN_POINT ( 'NONE',  ( 190.0000000000000000, -86.00000000000000000, 7.759999999999996234 ) ) ;
#2999 = FACE_OUTER_BOUND ( 'NONE', #456, .T. ) ;
#3000 = ADVANCED_FACE ( 'NONE', ( #3931 ), #1067, .T. ) ;
#3001 = ORIENTED_EDGE ( 'NONE', *, *, #702, .F. ) ;
#3002 = ORIENTED_EDGE ( 'NONE', *, *, #2616, .T. ) ;
#3003 = LINE ( 'NONE', #3746, #676 ) ;
#3004 = CARTESIAN_POINT ( 'NONE',  ( 91.00000000000000000, -40.50000000000000000, 23.50999999999999801 ) ) ;
#3005 = DIRECTION ( 'NONE',  ( 0.000000000000000000, -0.000000000000000000, -1.000000000000000000 ) ) ;
#3006 = ORIENTED_EDGE ( 'NONE', *, *, #3945, .T. ) ;
#3007 = ORIENTED_EDGE ( 'NONE', *, *, #3659, .F. ) ;
#3008 = CARTESIAN_POINT ( 'NONE',  ( -0.000000000000000000, -30.80000000000000071, 22.85485357832083864 ) ) ;
#3009 = EDGE_CURVE ( 'NONE', #3257, #2154, #1640, .T. ) ;
#3010 = AXIS2_PLACEMENT_3D ( 'NONE', #1974, #3738, #1601 ) ;
#3011 = FACE_OUTER_BOUND ( 'NONE', #1054, .T. ) ;
#3012 = ADVANCED_FACE ( 'NONE', ( #855, #3277 ), #1270, .T. ) ;
#3013 = FACE_OUTER_BOUND ( 'NONE', #1576, .T. ) ;
#3014 = AXIS2_PLACEMENT_3D ( 'NONE', #2711, #1300, #1981 ) ;
#3015 = AXIS2_PLACEMENT_3D ( 'NONE', #2643, #3734, #4074 ) ;
#3016 = DIRECTION ( 'NONE',  ( 1.000000000000000000, 0.000000000000000000, 0.000000000000000000 ) ) ;
#3017 = CARTESIAN_POINT ( 'NONE',  ( 186.0700000000000216, -36.39999999999999147, 26.51000000000000156 ) ) ;
#3018 = DIRECTION ( 'NONE',  ( -0.000000000000000000, -0.000000000000000000, -1.000000000000000000 ) ) ;
#3019 = FACE_OUTER_BOUND ( 'NONE', #1176, .T. ) ;
#3020 = VECTOR ( 'NONE', #4178, 1000.000000000000000 ) ;
#3021 = EDGE_CURVE ( 'NONE', #3502, #2650, #860, .T. ) ;
#3022 = ORIENTED_EDGE ( 'NONE', *, *, #3059, .T. ) ;
#3023 = ORIENTED_EDGE ( 'NONE', *, *, #2054, .F. ) ;
#3024 = DIRECTION ( 'NONE',  ( 0.000000000000000000, 0.000000000000000000, -1.000000000000000000 ) ) ;
#3025 = DIRECTION ( 'NONE',  ( -0.000000000000000000, -0.000000000000000000, -1.000000000000000000 ) ) ;
#3026 = DIRECTION ( 'NONE',  ( 0.000000000000000000, 0.000000000000000000, 1.000000000000000000 ) ) ;
#3027 = EDGE_LOOP ( 'NONE', ( #2515, #3190, #2350, #3593 ) ) ;
#3028 = ORIENTED_EDGE ( 'NONE', *, *, #1237, .F. ) ;
#3029 = FACE_OUTER_BOUND ( 'NONE', #900, .T. ) ;
#3030 = ORIENTED_EDGE ( 'NONE', *, *, #1227, .T. ) ;
#3031 = DIRECTION ( 'NONE',  ( 0.9396926207859082059, -0.3420201433256694901, 0.000000000000000000 ) ) ;
#3032 = CARTESIAN_POINT ( 'NONE',  ( 194.5000000000000000, -40.50000000000000000, -7.990000000000000213 ) ) ;
#3033 = ADVANCED_FACE ( 'NONE', ( #245 ), #2291, .T. ) ;
#3034 = CARTESIAN_POINT ( 'NONE',  ( 127.7500000000000000, -138.9000000000000341, 8.747259556115935197 ) ) ;
#3035 = CYLINDRICAL_SURFACE ( 'NONE', #2125, 2.500000000000002220 ) ;
#3036 = DIRECTION ( 'NONE',  ( 1.000000000000000000, 0.000000000000000000, 0.000000000000000000 ) ) ;
#3037 = FACE_OUTER_BOUND ( 'NONE', #1847, .T. ) ;
#3038 = EDGE_CURVE ( 'NONE', #150, #4047, #2535, .T. ) ;
#3039 = ORIENTED_EDGE ( 'NONE', *, *, #1829, .F. ) ;
#3040 = ORIENTED_EDGE ( 'NONE', *, *, #648, .T. ) ;
#3041 = DIRECTION ( 'NONE',  ( -1.000000000000000000, 0.000000000000000000, 0.000000000000000000 ) ) ;
#3042 = CARTESIAN_POINT ( 'NONE',  ( 186.0700000000000216, -36.39999999999999147, 28.11000000000000298 ) ) ;
#3043 = CARTESIAN_POINT ( 'NONE',  ( 188.0000000000000000, -29.40000000000000924, -10.59000000000000163 ) ) ;
#3044 = ADVANCED_FACE ( 'NONE', ( #2916 ), #500, .T. ) ;
#3045 = VECTOR ( 'NONE', #2076, 1000.000000000000000 ) ;
#3046 = EDGE_LOOP ( 'NONE', ( #1442, #1376, #4357, #4378 ) ) ;
#3047 = ORIENTED_EDGE ( 'NONE', *, *, #1364, .T. ) ;
#3048 = CARTESIAN_POINT ( 'NONE',  ( 95.50000000000001421, -133.1000000000000512, -8.490000000000000213 ) ) ;
#3049 = CIRCLE ( 'NONE', #1222, 1.030000000000003135 ) ;
#3050 = CIRCLE ( 'NONE', #1147, 11.00000000000000711 ) ;
#3051 = FACE_BOUND ( 'NONE', #91, .T. ) ;
#3052 = DIRECTION ( 'NONE',  ( 0.000000000000000000, 0.000000000000000000, 1.000000000000000000 ) ) ;
#3053 = CARTESIAN_POINT ( 'NONE',  ( 92.80000000000001137, -130.8448535783208513, 22.85485357832082443 ) ) ;
#3054 = AXIS2_PLACEMENT_3D ( 'NONE', #3597, #2466, #3833 ) ;
#3055 = DIRECTION ( 'NONE',  ( 1.000000000000000000, -0.000000000000000000, -0.000000000000000000 ) ) ;
#3056 = AXIS2_PLACEMENT_3D ( 'NONE', #593, #234, #949 ) ;
#3057 = ADVANCED_FACE ( 'NONE', ( #1603 ), #2933, .T. ) ;
#3058 = CARTESIAN_POINT ( 'NONE',  ( 98.40000000000000568, -36.39999999999999858, 28.11000000000000298 ) ) ;
#3059 = EDGE_CURVE ( 'NONE', #592, #1315, #4288, .T. ) ;
#3060 = EDGE_CURVE ( 'NONE', #4379, #931, #3993, .T. ) ;
#3061 = ORIENTED_EDGE ( 'NONE', *, *, #1854, .F. ) ;
#3062 = VERTEX_POINT ( 'NONE', #3657 ) ;
#3063 = DIRECTION ( 'NONE',  ( 0.000000000000000000, 0.000000000000000000, 1.000000000000000000 ) ) ;
#3064 = DIRECTION ( 'NONE',  ( -1.000000000000000000, 0.000000000000000000, 0.000000000000000000 ) ) ;
#3065 = DIRECTION ( 'NONE',  ( -0.000000000000000000, -0.000000000000000000, -1.000000000000000000 ) ) ;
#3066 = EDGE_CURVE ( 'NONE', #2314, #4175, #562, .T. ) ;
#3067 = ORIENTED_EDGE ( 'NONE', *, *, #2804, .F. ) ;
#3068 = EDGE_LOOP ( 'NONE', ( #2968, #826, #3391, #547 ) ) ;
#3069 = CARTESIAN_POINT ( 'NONE',  ( 96.25000000000000000, -137.9999999999999716, 26.51000000000000156 ) ) ;
#3070 = VERTEX_POINT ( 'NONE', #3421 ) ;
#3071 = VERTEX_POINT ( 'NONE', #3739 ) ;
#3072 = CIRCLE ( 'NONE', #2585, 2.500000000000002220 ) ;
#3073 = EDGE_CURVE ( 'NONE', #1575, #3861, #2703, .T. ) ;
#3074 = AXIS2_PLACEMENT_3D ( 'NONE', #3148, #3052, #1084 ) ;
#3075 = CARTESIAN_POINT ( 'NONE',  ( 187.9500000000000171, -33.99999999999997868, 18.51000000000000156 ) ) ;
#3076 = PLANE ( 'NONE',  #3564 ) ;
#3077 = CYLINDRICAL_SURFACE ( 'NONE', #1050, 3.970000000000001528 ) ;
#3078 = ORIENTED_EDGE ( 'NONE', *, *, #2851, .F. ) ;
#3079 = DIRECTION ( 'NONE',  ( 0.000000000000000000, 0.000000000000000000, -1.000000000000000000 ) ) ;
#3080 = EDGE_LOOP ( 'NONE', ( #1511, #2006, #827, #1928 ) ) ;
#3081 = ORIENTED_EDGE ( 'NONE', *, *, #2263, .F. ) ;
#3082 = DIRECTION ( 'NONE',  ( -0.000000000000000000, -0.000000000000000000, -1.000000000000000000 ) ) ;
#3083 = CIRCLE ( 'NONE', #609, 6.400000000000006573 ) ;
#3084 = LINE ( 'NONE', #670, #238 ) ;
#3085 = VECTOR ( 'NONE', #1556, 1000.000000000000000 ) ;
#3086 = CARTESIAN_POINT ( 'NONE',  ( 108.8999999999999915, -102.0000000000000142, 0.5099999999999983435 ) ) ;
#3087 = ORIENTED_EDGE ( 'NONE', *, *, #1911, .T. ) ;
#3088 = ORIENTED_EDGE ( 'NONE', *, *, #1404, .T. ) ;
#3089 = FACE_OUTER_BOUND ( 'NONE', #1656, .T. ) ;
#3090 = EDGE_CURVE ( 'NONE', #2062, #3301, #1293, .T. ) ;
#3091 = ORIENTED_EDGE ( 'NONE', *, *, #1466, .T. ) ;
#3092 = VERTEX_POINT ( 'NONE', #3380 ) ;
#3093 = DIRECTION ( 'NONE',  ( 1.000000000000000000, -0.000000000000000000, -0.000000000000000000 ) ) ;
#3094 = CARTESIAN_POINT ( 'NONE',  ( 192.3000000000000114, -60.99999999999999289, 7.760000000000000675 ) ) ;
#3095 = AXIS2_PLACEMENT_3D ( 'NONE', #1479, #4250, #3533 ) ;
#3096 = DIRECTION ( 'NONE',  ( 1.000000000000000000, 0.000000000000000000, -0.000000000000000000 ) ) ;
#3097 = DIRECTION ( 'NONE',  ( -1.000000000000000000, 0.000000000000000000, 0.000000000000000000 ) ) ;
#3098 = DIRECTION ( 'NONE',  ( 1.217349807703022362E-16, -1.000000000000000000, -1.525031627232358137E-16 ) ) ;
#3099 = DIRECTION ( 'NONE',  ( -0.3420201433256694901, -0.9396926207859082059, 0.000000000000000000 ) ) ;
#3100 = ORIENTED_EDGE ( 'NONE', *, *, #2160, .T. ) ;
#3101 = EDGE_LOOP ( 'NONE', ( #2844, #3007, #3228, #1593 ) ) ;
#3102 = CARTESIAN_POINT ( 'NONE',  ( 94.95000000000000284, -137.9999999999999716, 18.51000000000000156 ) ) ;
#3103 = DIRECTION ( 'NONE',  ( 0.000000000000000000, 0.000000000000000000, 1.000000000000000000 ) ) ;
#3104 = AXIS2_PLACEMENT_3D ( 'NONE', #4271, #3911, #2252 ) ;
#3105 = FACE_OUTER_BOUND ( 'NONE', #888, .T. ) ;
#3106 = DIRECTION ( 'NONE',  ( -0.000000000000000000, -0.000000000000000000, -1.000000000000000000 ) ) ;
#3107 = AXIS2_PLACEMENT_3D ( 'NONE', #3815, #2513, #1448 ) ;
#3108 = ORIENTED_EDGE ( 'NONE', *, *, #850, .T. ) ;
#3109 = ORIENTED_EDGE ( 'NONE', *, *, #2744, .F. ) ;
#3110 = AXIS2_PLACEMENT_3D ( 'NONE', #4084, #397, #1711 ) ;
#3111 = DIRECTION ( 'NONE',  ( -1.000000000000000000, 0.000000000000000000, 0.000000000000000000 ) ) ;
#3112 = CIRCLE ( 'NONE', #2628, 3.500000000000003109 ) ;
#3113 = CIRCLE ( 'NONE', #2049, 2.500000000000002220 ) ;
#3114 = EDGE_CURVE ( 'NONE', #4070, #1803, #2694, .T. ) ;
#3115 = VERTEX_POINT ( 'NONE', #288 ) ;
#3116 = EDGE_LOOP ( 'NONE', ( #2813, #2224, #1022, #1334 ) ) ;
#3117 = AXIS2_PLACEMENT_3D ( 'NONE', #1826, #2801, #2464 ) ;
#3118 = CARTESIAN_POINT ( 'NONE',  ( 194.5000000000000000, -29.00000000000000000, 26.51000000000000156 ) ) ;
#3119 = CARTESIAN_POINT ( 'NONE',  ( 187.1000000000000227, -38.89999999999999147, -8.490000000000000213 ) ) ;
#3120 = ADVANCED_FACE ( 'NONE', ( #3340, #3681 ), #3076, .T. ) ;
#3121 = EDGE_CURVE ( 'NONE', #374, #1493, #3112, .T. ) ;
#3122 = FACE_OUTER_BOUND ( 'NONE', #2600, .T. ) ;
#3123 = CARTESIAN_POINT ( 'NONE',  ( 127.7500000000000000, -138.9000000000000341, 19.74725955611594230 ) ) ;
#3124 = CARTESIAN_POINT ( 'NONE',  ( 98.00000000000001421, -133.1000000000000512, 28.11000000000000298 ) ) ;
#3125 = VERTEX_POINT ( 'NONE', #3053 ) ;
#3126 = CYLINDRICAL_SURFACE ( 'NONE', #1636, 1.350000000000017852 ) ;
#3127 = VERTEX_POINT ( 'NONE', #4016 ) ;
#3128 = ORIENTED_EDGE ( 'NONE', *, *, #1854, .T. ) ;
#3129 = CARTESIAN_POINT ( 'NONE',  ( 189.7000000000000171, -60.99999999999999289, 7.760000000000000675 ) ) ;
#3130 = PLANE ( 'NONE',  #285 ) ;
#3131 = DIRECTION ( 'NONE',  ( 1.000000000000000000, 0.000000000000000000, 0.000000000000000000 ) ) ;
#3132 = EDGE_CURVE ( 'NONE', #4277, #2615, #421, .T. ) ;
#3133 = CARTESIAN_POINT ( 'NONE',  ( 163.5499999999999829, -102.0000000000000142, 0.5099999999999983435 ) ) ;
#3134 = VECTOR ( 'NONE', #3700, 1000.000000000000000 ) ;
#3135 = ORIENTED_EDGE ( 'NONE', *, *, #2961, .F. ) ;
#3136 = ORIENTED_EDGE ( 'NONE', *, *, #844, .F. ) ;
#3137 = DIRECTION ( 'NONE',  ( 0.000000000000000000, 1.000000000000000000, 1.525031627232357891E-16 ) ) ;
#3138 = DIRECTION ( 'NONE',  ( 1.217349807703022362E-16, -1.000000000000000000, -1.525031627232357891E-16 ) ) ;
#3139 = VERTEX_POINT ( 'NONE', #958 ) ;
#3140 = ORIENTED_EDGE ( 'NONE', *, *, #3875, .T. ) ;
#3141 = EDGE_CURVE ( 'NONE', #449, #1099, #2309, .T. ) ;
#3142 = CYLINDRICAL_SURFACE ( 'NONE', #1450, 0.3999999999999993006 ) ;
#3143 = LINE ( 'NONE', #365, #2377 ) ;
#3144 = CIRCLE ( 'NONE', #2158, 0.3999999999999999667 ) ;
#3145 = EDGE_CURVE ( 'NONE', #1872, #4157, #4126, .T. ) ;
#3146 = VECTOR ( 'NONE', #514, 1000.000000000000000 ) ;
#3147 = AXIS2_PLACEMENT_3D ( 'NONE', #1150, #3846, #2432 ) ;
#3148 = CARTESIAN_POINT ( 'NONE',  ( 105.3999999999999915, -102.0000000000000142, -8.490000000000000213 ) ) ;
#3149 = CARTESIAN_POINT ( 'NONE',  ( 164.8999999999999773, -102.0000000000000142, 0.5099999999999983435 ) ) ;
#3150 = LINE ( 'NONE', #3200, #1423 ) ;
#3151 = CARTESIAN_POINT ( 'NONE',  ( 163.5499999999999829, -39.00000000000000000, 0.5099999999999983435 ) ) ;
#3152 = ORIENTED_EDGE ( 'NONE', *, *, #2149, .T. ) ;
#3153 = ORIENTED_EDGE ( 'NONE', *, *, #3396, .T. ) ;
#3154 = DIRECTION ( 'NONE',  ( 0.000000000000000000, 0.000000000000000000, -1.000000000000000000 ) ) ;
#3155 = LINE ( 'NONE', #130, #641 ) ;
#3156 = CARTESIAN_POINT ( 'NONE',  ( 192.7000000000000171, -60.99999999999999289, 1.360000000000000098 ) ) ;
#3157 = CARTESIAN_POINT ( 'NONE',  ( 102.5000000000000284, -29.00000000000000000, 23.50999999999999801 ) ) ;
#3158 = ADVANCED_FACE ( 'NONE', ( #3758 ), #4370, .T. ) ;
#3159 = PRESENTATION_LAYER_ASSIGNMENT (  '', '', ( #2596 ) ) ;
#3160 = ORIENTED_EDGE ( 'NONE', *, *, #4212, .F. ) ;
#3161 = EDGE_LOOP ( 'NONE', ( #3718, #393 ) ) ;
#3162 = CIRCLE ( 'NONE', #1960, 0.4000000000000001887 ) ;
#3163 = DIRECTION ( 'NONE',  ( 1.000000000000000000, 0.000000000000000000, 0.000000000000000000 ) ) ;
#3164 = LINE ( 'NONE', #4204, #903 ) ;
#3165 = CIRCLE ( 'NONE', #2599, 6.500000000000005329 ) ;
#3166 = ORIENTED_EDGE ( 'NONE', *, *, #506, .T. ) ;
#3167 = ORIENTED_EDGE ( 'NONE', *, *, #156, .T. ) ;
#3168 = CARTESIAN_POINT ( 'NONE',  ( 190.4000000000000057, -60.99999999999999289, 14.16000000000000014 ) ) ;
#3169 = FACE_OUTER_BOUND ( 'NONE', #4365, .T. ) ;
#3170 = CARTESIAN_POINT ( 'NONE',  ( 97.50000000000001421, -143.0000000000000284, -8.490000000000000213 ) ) ;
#3171 = CARTESIAN_POINT ( 'NONE',  ( 127.7500000000000000, -137.2000000000000171, 8.747259556115935197 ) ) ;
#3172 = FACE_OUTER_BOUND ( 'NONE', #570, .T. ) ;
#3173 = EDGE_CURVE ( 'NONE', #2394, #2371, #2057, .T. ) ;
#3174 = DIRECTION ( 'NONE',  ( -0.000000000000000000, -0.000000000000000000, 1.000000000000000000 ) ) ;
#3175 = TOROIDAL_SURFACE ( 'NONE', #2822, 6.400000000000006573, 0.4000000000000000222 ) ;
#3176 = ORIENTED_EDGE ( 'NONE', *, *, #3791, .T. ) ;
#3177 = VERTEX_POINT ( 'NONE', #1720 ) ;
#3178 = DIRECTION ( 'NONE',  ( -0.000000000000000000, -0.000000000000000000, 1.000000000000000000 ) ) ;
#3179 = DIRECTION ( 'NONE',  ( 1.000000000000000000, 0.000000000000000000, 0.000000000000000000 ) ) ;
#3180 = FACE_OUTER_BOUND ( 'NONE', #1772, .T. ) ;
#3181 = CARTESIAN_POINT ( 'NONE',  ( 182.1000000000000512, -136.0000000000000000, 28.11000000000000298 ) ) ;
#3182 = ORIENTED_EDGE ( 'NONE', *, *, #2985, .T. ) ;
#3183 = VERTEX_POINT ( 'NONE', #3017 ) ;
#3184 = DIRECTION ( 'NONE',  ( 1.000000000000000000, 0.000000000000000000, 0.000000000000000000 ) ) ;
#3185 = CARTESIAN_POINT ( 'NONE',  ( 100.9000000000000057, -36.00000000000000711, 26.51000000000000156 ) ) ;
#3186 = CIRCLE ( 'NONE', #341, 6.000000000000000000 ) ;
#3187 = LINE ( 'NONE', #140, #1105 ) ;
#3188 = ADVANCED_FACE ( 'NONE', ( #3358 ), #307, .T. ) ;
#3189 = EDGE_CURVE ( 'NONE', #1494, #3725, #928, .T. ) ;
#3190 = ORIENTED_EDGE ( 'NONE', *, *, #3934, .F. ) ;
#3191 = PRODUCT_DEFINITION_FORMATION_WITH_SPECIFIED_SOURCE ( 'Д╩', '', #2112, .NOT_KNOWN. ) ;
#3192 = ORIENTED_EDGE ( 'NONE', *, *, #766, .T. ) ;
#3193 = LINE ( 'NONE', #3118, #1020 ) ;
#3194 = CIRCLE ( 'NONE', #2269, 3.970000000000001528 ) ;
#3195 = EDGE_CURVE ( 'NONE', #2352, #713, #1330, .T. ) ;
#3196 = CIRCLE ( 'NONE', #59, 3.970000000000001528 ) ;
#3197 = VECTOR ( 'NONE', #4308, 1000.000000000000000 ) ;
#3198 = CARTESIAN_POINT ( 'NONE',  ( 187.1000000000000227, -135.6000000000000227, 28.11000000000000298 ) ) ;
#3199 = CYLINDRICAL_SURFACE ( 'NONE', #26, 6.500000000000005329 ) ;
#3200 = CARTESIAN_POINT ( 'NONE',  ( 186.0700000000000500, -136.0000000000000000, 26.51000000000000156 ) ) ;
#3201 = DIRECTION ( 'NONE',  ( 0.9396926207859082059, 0.3420201433256694901, 0.000000000000000000 ) ) ;
#3202 = AXIS2_PLACEMENT_3D ( 'NONE', #3517, #148, #2888 ) ;
#3203 = VECTOR ( 'NONE', #957, 1000.000000000000000 ) ;
#3204 = ORIENTED_EDGE ( 'NONE', *, *, #4163, .T. ) ;
#3205 = ORIENTED_EDGE ( 'NONE', *, *, #3038, .F. ) ;
#3206 = DIRECTION ( 'NONE',  ( -0.000000000000000000, -0.000000000000000000, -1.000000000000000000 ) ) ;
#3207 = EDGE_CURVE ( 'NONE', #1858, #2845, #3194, .T. ) ;
#3208 = CIRCLE ( 'NONE', #2847, 6.000000000000007105 ) ;
#3209 = CARTESIAN_POINT ( 'NONE',  ( 91.00000000000000000, -29.00000000000000000, -7.990000000000000213 ) ) ;
#3210 = ADVANCED_FACE ( 'NONE', ( #2018 ), #3035, .F. ) ;
#3211 = CARTESIAN_POINT ( 'NONE',  ( 182.1000000000000512, -139.9699999999999989, 28.11000000000000298 ) ) ;
#3212 = CARTESIAN_POINT ( 'NONE',  ( 100.9000000000000199, -138.5000000000000000, -8.490000000000000213 ) ) ;
#3213 = ADVANCED_FACE ( 'NONE', ( #2368 ), #412, .T. ) ;
#3214 = EDGE_LOOP ( 'NONE', ( #1342, #1003, #1738, #1111 ) ) ;
#3215 = EDGE_LOOP ( 'NONE', ( #226, #1864, #816, #673 ) ) ;
#3216 = FACE_OUTER_BOUND ( 'NONE', #3744, .T. ) ;
#3217 = ADVANCED_FACE ( 'NONE', ( #4186, #821, #1843, #4214 ), #2102, .F. ) ;
#3218 = DIRECTION ( 'NONE',  ( 1.217349807703022362E-16, -1.000000000000000000, 0.000000000000000000 ) ) ;
#3219 = DIRECTION ( 'NONE',  ( 1.473225881933593315E-16, -1.000000000000000000, 0.000000000000000000 ) ) ;
#3220 = AXIS2_PLACEMENT_3D ( 'NONE', #1827, #1544, #2827 ) ;
#3221 = ORIENTED_EDGE ( 'NONE', *, *, #2936, .T. ) ;
#3222 = VERTEX_POINT ( 'NONE', #4142 ) ;
#3223 = CARTESIAN_POINT ( 'NONE',  ( 190.4000000000000057, -60.99999999999999289, 7.760000000000000675 ) ) ;
#3224 = DIRECTION ( 'NONE',  ( 0.000000000000000000, -1.000000000000000000, 0.000000000000000000 ) ) ;
#3225 = CARTESIAN_POINT ( 'NONE',  ( 91.00000000000000000, -29.00000000000000355, 23.50999999999999801 ) ) ;
#3226 = CARTESIAN_POINT ( 'NONE',  ( 190.5500000000000114, -137.9999999999999716, 26.51000000000000156 ) ) ;
#3227 = CARTESIAN_POINT ( 'NONE',  ( 164.8999999999999773, -39.00000000000000000, -8.490000000000000213 ) ) ;
#3228 = ORIENTED_EDGE ( 'NONE', *, *, #1498, .T. ) ;
#3229 = VERTEX_POINT ( 'NONE', #2416 ) ;
#3230 = PLANE ( 'NONE',  #3705 ) ;
#3231 = DIRECTION ( 'NONE',  ( 1.000000000000000000, 0.000000000000000000, -0.000000000000000000 ) ) ;
#3232 = AXIS2_PLACEMENT_3D ( 'NONE', #3042, #1072, #2397 ) ;
#3233 = DIRECTION ( 'NONE',  ( 0.000000000000000000, 0.000000000000000000, -1.000000000000000000 ) ) ;
#3234 = ORIENTED_EDGE ( 'NONE', *, *, #3954, .T. ) ;
#3235 = EDGE_LOOP ( 'NONE', ( #564, #54, #16, #2592 ) ) ;
#3236 = CARTESIAN_POINT ( 'NONE',  ( 184.6000000000000227, -33.50000000000000000, -8.490000000000000213 ) ) ;
#3237 = FACE_OUTER_BOUND ( 'NONE', #2546, .T. ) ;
#3238 = FACE_OUTER_BOUND ( 'NONE', #2132, .T. ) ;
#3239 = VECTOR ( 'NONE', #3333, 1000.000000000000000 ) ;
#3240 = ORIENTED_EDGE ( 'NONE', *, *, #3684, .F. ) ;
#3241 = CIRCLE ( 'NONE', #2526, 6.000000000000007105 ) ;
#3242 = ORIENTED_EDGE ( 'NONE', *, *, #4009, .F. ) ;
#3243 = ADVANCED_FACE ( 'NONE', ( #3851 ), #729, .F. ) ;
#3244 = DIRECTION ( 'NONE',  ( 1.217349807703022362E-16, -1.000000000000000000, -0.000000000000000000 ) ) ;
#3245 = EDGE_CURVE ( 'NONE', #743, #493, #2200, .T. ) ;
#3246 = VECTOR ( 'NONE', #4274, 1000.000000000000000 ) ;
#3247 = CARTESIAN_POINT ( 'NONE',  ( 127.7500000000000000, -138.5000000000000000, 8.747259556115935197 ) ) ;
#3248 = DIRECTION ( 'NONE',  ( 0.000000000000000000, 0.000000000000000000, 1.000000000000000000 ) ) ;
#3249 = DIRECTION ( 'NONE',  ( -0.000000000000000000, -0.000000000000000000, -1.000000000000000000 ) ) ;
#3250 = CARTESIAN_POINT ( 'NONE',  ( 194.5000000000000000, -40.50000000000000000, 23.51000000000000156 ) ) ;
#3251 = ORIENTED_EDGE ( 'NONE', *, *, #3729, .F. ) ;
#3252 = DIRECTION ( 'NONE',  ( 0.000000000000000000, 0.000000000000000000, 1.000000000000000000 ) ) ;
#3253 = ORIENTED_EDGE ( 'NONE', *, *, #3447, .T. ) ;
#3254 = DIRECTION ( 'NONE',  ( 1.000000000000000000, 0.000000000000000000, 0.000000000000000000 ) ) ;
#3255 = CARTESIAN_POINT ( 'NONE',  ( 189.7000000000000171, -110.9999999999999858, 7.759999999999991793 ) ) ;
#3256 = CARTESIAN_POINT ( 'NONE',  ( 192.3000000000000114, -60.99999999999999289, 7.760000000000000675 ) ) ;
#3257 = VERTEX_POINT ( 'NONE', #1416 ) ;
#3258 = ORIENTED_EDGE ( 'NONE', *, *, #2572, .F. ) ;
#3259 = CARTESIAN_POINT ( 'NONE',  ( 100.9000000000000057, -33.50000000000000000, -8.490000000000000213 ) ) ;
#3260 = DIRECTION ( 'NONE',  ( 0.000000000000000000, 0.000000000000000000, -1.000000000000000000 ) ) ;
#3261 = DIRECTION ( 'NONE',  ( 0.000000000000000000, 0.000000000000000000, 1.000000000000000000 ) ) ;
#3262 = ORIENTED_EDGE ( 'NONE', *, *, #3066, .F. ) ;
#3263 = EDGE_LOOP ( 'NONE', ( #1727, #1162, #3678, #3386 ) ) ;
#3264 = FACE_OUTER_BOUND ( 'NONE', #3586, .T. ) ;
#3265 = EDGE_CURVE ( 'NONE', #3592, #2381, #799, .T. ) ;
#3266 = AXIS2_PLACEMENT_3D ( 'NONE', #1478, #1506, #2786 ) ;
#3267 = EDGE_CURVE ( 'NONE', #2670, #4255, #3826, .T. ) ;
#3268 = AXIS2_PLACEMENT_3D ( 'NONE', #2004, #4130, #3748 ) ;
#3269 = DIRECTION ( 'NONE',  ( -1.000000000000000000, 0.000000000000000000, -0.000000000000000000 ) ) ;
#3270 = FACE_OUTER_BOUND ( 'NONE', #4400, .T. ) ;
#3271 = EDGE_CURVE ( 'NONE', #1314, #2884, #3441, .T. ) ;
#3272 = VECTOR ( 'NONE', #1745, 1000.000000000000000 ) ;
#3273 = CIRCLE ( 'NONE', #638, 2.500000000000002220 ) ;
#3274 = ADVANCED_FACE ( 'NONE', ( #1085 ), #2504, .F. ) ;
#3275 = ORIENTED_EDGE ( 'NONE', *, *, #3073, .F. ) ;
#3276 = FACE_OUTER_BOUND ( 'NONE', #143, .T. ) ;
#3277 = FACE_OUTER_BOUND ( 'NONE', #1756, .T. ) ;
#3278 = DIRECTION ( 'NONE',  ( -0.000000000000000000, -0.000000000000000000, 1.000000000000000000 ) ) ;
#3279 = VECTOR ( 'NONE', #1230, 1000.000000000000000 ) ;
#3280 = CARTESIAN_POINT ( 'NONE',  ( 94.03000000000000114, -41.40000000000000568, 28.11000000000000298 ) ) ;
#3281 = ORIENTED_EDGE ( 'NONE', *, *, #1369, .F. ) ;
#3282 = ORIENTED_EDGE ( 'NONE', *, *, #2345, .T. ) ;
#3283 = EDGE_CURVE ( 'NONE', #4339, #2920, #135, .T. ) ;
#3284 = DIRECTION ( 'NONE',  ( 0.000000000000000000, 0.000000000000000000, 1.000000000000000000 ) ) ;
#3285 = CARTESIAN_POINT ( 'NONE',  ( 174.5694731388403511, -119.8373178148582667, 0.4405268611596558359 ) ) ;
#3286 = LINE ( 'NONE', #273, #3611 ) ;
#3287 = ORIENTED_EDGE ( 'NONE', *, *, #2607, .T. ) ;
#3288 = VERTEX_POINT ( 'NONE', #462 ) ;
#3289 = AXIS2_PLACEMENT_3D ( 'NONE', #1900, #1473, #472 ) ;
#3290 = EDGE_LOOP ( 'NONE', ( #591, #1897, #3610, #1069 ) ) ;
#3291 = CLOSED_SHELL ( 'NONE', ( #3345, #9, #22, #3044, #2474, #1788, #3476, #2481, #372, #1755, #1581, #2095, #1930, #3398, #1703, #3213, #4073, #1026, #4036, #3778, #2698, #631, #578, #1658, #3523, #3120, #2676, #2228, #3012, #3373, #1952, #3033, #1279, #97, #1229, #1289, #37, #3188, #3509, #3540, #1628, #699, #2468, #3578, #1507, #580, #3394, #2524, #1175, #2949, #1321, #3667, #1687, #620, #3274, #2032, #1683, #1172, #835, #1896, #2812, #2010, #2383, #2366, #430, #622, #2143, #1760, #167, #4254, #4013, #559, #4285, #190, #166, #3530, #1558, #2621, #1659, #4111, #1680, #3210, #2124, #1027, #404, #4206, #488, #3676, #4069, #1961, #3217, #3885, #2391, #3158, #2219, #194, #3057, #574, #431, #355, #1836, #304, #4170, #772, #1354, #2441, #1140, #1486, #1677, #2357, #1725, #1083, #910, #2929, #2340, #2739, #2798, #3612, #588, #3820, #3602, #2534, #2911, #3997, #764, #3412, #1797, #2556, #1403, #2424, #1955, #3243, #1339, #2351, #260, #2994, #3867, #4110, #988, #798, #36, #3609, #513, #792, #3000, #3329, #4202, #1737 ) ) ;
#3292 = EDGE_CURVE ( 'NONE', #1803, #4070, #2403, .T. ) ;
#3293 = DIRECTION ( 'NONE',  ( 0.000000000000000000, 0.000000000000000000, -1.000000000000000000 ) ) ;
#3294 = CARTESIAN_POINT ( 'NONE',  ( 192.7000000000000171, -110.9999999999999858, 7.759999999999991793 ) ) ;
#3295 = ORIENTED_EDGE ( 'NONE', *, *, #2255, .T. ) ;
#3296 = UNCERTAINTY_MEASURE_WITH_UNIT (LENGTH_MEASURE( 1.000000000000000082E-05 ), #1254, 'distance_accuracy_value', 'NONE');
#3297 = DIRECTION ( 'NONE',  ( -1.000000000000000000, 0.000000000000000000, 0.000000000000000000 ) ) ;
#3298 = CARTESIAN_POINT ( 'NONE',  ( 188.0000000000000000, -29.40000000000000924, -10.59000000000000163 ) ) ;
#3299 = LINE ( 'NONE', #246, #75 ) ;
#3300 = APPLICATION_PROTOCOL_DEFINITION ( 'draft international standard', 'automotive_design', 1998, #2494 ) ;
#3301 = VERTEX_POINT ( 'NONE', #3877 ) ;
#3302 = VECTOR ( 'NONE', #4024, 1000.000000000000000 ) ;
#3303 = ORIENTED_EDGE ( 'NONE', *, *, #251, .F. ) ;
#3304 = AXIS2_PLACEMENT_3D ( 'NONE', #2957, #3339, #4327 ) ;
#3305 = AXIS2_PLACEMENT_3D ( 'NONE', #2910, #3249, #537 ) ;
#3306 = CARTESIAN_POINT ( 'NONE',  ( 190.4000000000000057, -60.99999999999999289, 1.360000000000000098 ) ) ;
#3307 = DIRECTION ( 'NONE',  ( 0.000000000000000000, 0.000000000000000000, 1.000000000000000000 ) ) ;
#3308 = ORIENTED_EDGE ( 'NONE', *, *, #402, .T. ) ;
#3309 = ORIENTED_EDGE ( 'NONE', *, *, #1533, .T. ) ;
#3310 = CARTESIAN_POINT ( 'NONE',  ( 97.50000000000001421, -143.0000000000000284, -10.59000000000000163 ) ) ;
#3312 = AXIS2_PLACEMENT_3D ( 'NONE', #2678, #4046, #1344 ) ;
#3311 = FACE_OUTER_BOUND ( 'NONE', #851, .T. ) ;
#3313 = AXIS2_PLACEMENT_3D ( 'NONE', #2887, #2527, #1932 ) ;
#3314 = DIRECTION ( 'NONE',  ( 0.000000000000000000, -1.000000000000000000, 0.000000000000000000 ) ) ;
#3315 = ORIENTED_EDGE ( 'NONE', *, *, #916, .T. ) ;
#3316 = CYLINDRICAL_SURFACE ( 'NONE', #1926, 1.350000000000004086 ) ;
#3317 = EDGE_CURVE ( 'NONE', #2264, #1823, #1390, .T. ) ;
#3318 = CARTESIAN_POINT ( 'NONE',  ( 192.3000000000000114, -60.99999999999999289, 14.16000000000000014 ) ) ;
#3319 = EDGE_CURVE ( 'NONE', #1048, #1858, #3803, .T. ) ;
#3320 = DIRECTION ( 'NONE',  ( 1.000000000000000000, 0.000000000000000000, 0.000000000000000000 ) ) ;
#3321 = DIRECTION ( 'NONE',  ( 0.000000000000000000, 0.000000000000000000, -1.000000000000000000 ) ) ;
#3322 = VERTEX_POINT ( 'NONE', #1064 ) ;
#3323 = EDGE_LOOP ( 'NONE', ( #3942, #3192 ) ) ;
#3324 = DIRECTION ( 'NONE',  ( 0.000000000000000000, 0.000000000000000000, -1.000000000000000000 ) ) ;
#3325 = CIRCLE ( 'NONE', #1394, 2.500000000000002220 ) ;
#3326 = FACE_OUTER_BOUND ( 'NONE', #3161, .T. ) ;
#3327 = LINE ( 'NONE', #1240, #1674 ) ;
#3328 = VERTEX_POINT ( 'NONE', #2436 ) ;
#3329 = ADVANCED_FACE ( 'NONE', ( #751 ), #704, .T. ) ;
#3330 = VERTEX_POINT ( 'NONE', #3123 ) ;
#3331 = DIRECTION ( 'NONE',  ( -0.000000000000000000, -0.000000000000000000, -1.000000000000000000 ) ) ;
#3332 = EDGE_CURVE ( 'NONE', #1429, #3257, #3842, .T. ) ;
#3333 = DIRECTION ( 'NONE',  ( 0.000000000000000000, 0.000000000000000000, -1.000000000000000000 ) ) ;
#3334 = EDGE_CURVE ( 'NONE', #164, #3322, #1492, .T. ) ;
#3335 = EDGE_CURVE ( 'NONE', #3070, #1505, #4411, .T. ) ;
#3336 = CARTESIAN_POINT ( 'NONE',  ( 184.6000000000000512, -136.0000000000000000, -8.490000000000000213 ) ) ;
#3337 = ORIENTED_EDGE ( 'NONE', *, *, #2771, .T. ) ;
#3338 = AXIS2_PLACEMENT_3D ( 'NONE', #946, #295, #4296 ) ;
#3339 = DIRECTION ( 'NONE',  ( 0.000000000000000000, 0.000000000000000000, 1.000000000000000000 ) ) ;
#3340 = FACE_BOUND ( 'NONE', #4101, .T. ) ;
#3341 = DIRECTION ( 'NONE',  ( -1.000000000000000000, 0.000000000000000000, 0.000000000000000000 ) ) ;
#3342 = AXIS2_PLACEMENT_3D ( 'NONE', #1684, #621, #6 ) ;
#3343 = VECTOR ( 'NONE', #3857, 1000.000000000000000 ) ;
#3344 = ORIENTED_EDGE ( 'NONE', *, *, #4163, .F. ) ;
#3345 = ADVANCED_FACE ( 'NONE', ( #3898 ), #1137, .T. ) ;
#3346 = AXIS2_PLACEMENT_3D ( 'NONE', #2672, #4041, #982 ) ;
#3347 = ORIENTED_EDGE ( 'NONE', *, *, #2618, .F. ) ;
#3348 = DIRECTION ( 'NONE',  ( -0.000000000000000000, -0.000000000000000000, 1.000000000000000000 ) ) ;
#3349 = DIRECTION ( 'NONE',  ( -1.000000000000000000, 0.000000000000000000, 0.000000000000000000 ) ) ;
#3350 = DIRECTION ( 'NONE',  ( 1.000000000000000000, 0.000000000000000000, 0.000000000000000000 ) ) ;
#3351 = ORIENTED_EDGE ( 'NONE', *, *, #691, .F. ) ;
#3352 = EDGE_LOOP ( 'NONE', ( #3692, #1848, #3182, #242 ) ) ;
#3353 = CARTESIAN_POINT ( 'NONE',  ( 192.3000000000000114, -110.9999999999999858, 7.759999999999991793 ) ) ;
#3354 = CARTESIAN_POINT ( 'NONE',  ( 186.0700000000000216, -36.00000000000000711, 26.51000000000000156 ) ) ;
#3355 = LINE ( 'NONE', #1619, #321 ) ;
#3356 = CIRCLE ( 'NONE', #2644, 1.299999999999995604 ) ;
#3357 = DIRECTION ( 'NONE',  ( -1.000000000000000000, -0.000000000000000000, -0.000000000000000000 ) ) ;
#3358 = FACE_OUTER_BOUND ( 'NONE', #3323, .T. ) ;
#3359 = EDGE_CURVE ( 'NONE', #4200, #1779, #872, .T. ) ;
#3360 = DIRECTION ( 'NONE',  ( -0.000000000000000000, -0.000000000000000000, -1.000000000000000000 ) ) ;
#3361 = CARTESIAN_POINT ( 'NONE',  ( 182.1000000000000227, -33.50000000000000000, 28.11000000000000298 ) ) ;
#3362 = EDGE_LOOP ( 'NONE', ( #3580, #1198, #2876, #3240, #4108, #2710, #204, #269, #1780, #1036, #2277, #405, #2120, #4355, #4393, #2379, #1009, #1208, #2859, #4146, #632, #2540, #2051, #2719 ) ) ;
#3363 = EDGE_LOOP ( 'NONE', ( #4239, #1523, #509, #4263 ) ) ;
#3364 = DIRECTION ( 'NONE',  ( 1.000000000000000000, 0.000000000000000000, -1.224646799147353207E-16 ) ) ;
#3365 = CARTESIAN_POINT ( 'NONE',  ( 190.0000000000000000, -38.89999999999999147, -8.490000000000000213 ) ) ;
#3366 = CARTESIAN_POINT ( 'NONE',  ( 190.0000000000000000, -86.00000000000000000, 14.16000000000000192 ) ) ;
#3367 = AXIS2_PLACEMENT_3D ( 'NONE', #3453, #3430, #396 ) ;
#3368 = EDGE_LOOP ( 'NONE', ( #200, #3709, #1541, #3136 ) ) ;
#3369 = VECTOR ( 'NONE', #3063, 1000.000000000000000 ) ;
#3370 = AXIS2_PLACEMENT_3D ( 'NONE', #3896, #2098, #4183 ) ;
#3371 = EDGE_LOOP ( 'NONE', ( #2608, #1613, #2400, #1934 ) ) ;
#3372 = DIRECTION ( 'NONE',  ( 1.000000000000000000, 0.000000000000000000, 0.000000000000000000 ) ) ;
#3373 = ADVANCED_FACE ( 'NONE', ( #3568 ), #3199, .T. ) ;
#3374 = EDGE_CURVE ( 'NONE', #3623, #2257, #1202, .T. ) ;
#3375 = LINE ( 'NONE', #2344, #3513 ) ;
#3376 = FACE_OUTER_BOUND ( 'NONE', #4348, .T. ) ;
#3377 = VECTOR ( 'NONE', #2700, 1000.000000000000000 ) ;
#3378 = CIRCLE ( 'NONE', #2450, 3.500000000000031086 ) ;
#3379 = CARTESIAN_POINT ( 'NONE',  ( 103.4000000000000199, -138.5000000000000000, 28.11000000000000298 ) ) ;
#3380 = CARTESIAN_POINT ( 'NONE',  ( 187.5000000000000000, -37.42999999999999261, 26.51000000000000156 ) ) ;
#3381 = FACE_OUTER_BOUND ( 'NONE', #2651, .T. ) ;
#3382 = DIRECTION ( 'NONE',  ( 1.000000000000000000, 0.000000000000000000, 0.000000000000000000 ) ) ;
#3383 = EDGE_CURVE ( 'NONE', #3461, #2845, #3947, .T. ) ;
#3384 = AXIS2_PLACEMENT_3D ( 'NONE', #1591, #3307, #3350 ) ;
#3385 = VERTEX_POINT ( 'NONE', #847 ) ;
#3386 = ORIENTED_EDGE ( 'NONE', *, *, #3635, .F. ) ;
#3387 = CARTESIAN_POINT ( 'NONE',  ( 102.5000000000000284, -29.00000000000000000, -8.490000000000000213 ) ) ;
#3388 = DIRECTION ( 'NONE',  ( -0.000000000000000000, -0.000000000000000000, 1.000000000000000000 ) ) ;
#3389 = CARTESIAN_POINT ( 'NONE',  ( 194.0999999999999943, -136.5000000000000000, -10.59000000000000163 ) ) ;
#3390 = ORIENTED_EDGE ( 'NONE', *, *, #2584, .T. ) ;
#3391 = ORIENTED_EDGE ( 'NONE', *, *, #2148, .F. ) ;
#3392 = CARTESIAN_POINT ( 'NONE',  ( 100.9000000000000057, -36.00000000000000711, 28.11000000000000298 ) ) ;
#3393 = VECTOR ( 'NONE', #2684, 1000.000000000000000 ) ;
#3394 = ADVANCED_FACE ( 'NONE', ( #577 ), #1599, .F. ) ;
#3395 = CARTESIAN_POINT ( 'NONE',  ( 100.9000000000000199, -136.0000000000000000, 28.11000000000000298 ) ) ;
#3396 = EDGE_CURVE ( 'NONE', #493, #1428, #3737, .T. ) ;
#3397 = CARTESIAN_POINT ( 'NONE',  ( 127.7500000000000000, -137.2000000000000171, 19.74725955611594230 ) ) ;
#3398 = ADVANCED_FACE ( 'NONE', ( #4236 ), #1181, .T. ) ;
#3399 = DIRECTION ( 'NONE',  ( 0.000000000000000000, 0.000000000000000000, 1.000000000000000000 ) ) ;
#3400 = FACE_OUTER_BOUND ( 'NONE', #741, .T. ) ;
#3401 = CARTESIAN_POINT ( 'NONE',  ( 127.7500000000000000, -140.8000000000000114, 8.747259556115935197 ) ) ;
#3402 = EDGE_CURVE ( 'NONE', #2930, #3177, #4325, .T. ) ;
#3403 = AXIS2_PLACEMENT_3D ( 'NONE', #61, #3525, #1828 ) ;
#3404 = ORIENTED_EDGE ( 'NONE', *, *, #1878, .T. ) ;
#3405 = EDGE_LOOP ( 'NONE', ( #3691, #3527, #337, #3616 ) ) ;
#3406 = CARTESIAN_POINT ( 'NONE',  ( 186.0700000000000216, -135.6000000000000227, 28.11000000000000298 ) ) ;
#3407 = AXIS2_PLACEMENT_3D ( 'NONE', #3516, #3544, #28 ) ;
#3408 = CARTESIAN_POINT ( 'NONE',  ( 99.43000000000000682, -36.00000000000000711, 28.11000000000000298 ) ) ;
#3409 = CARTESIAN_POINT ( 'NONE',  ( 96.25000000000000000, -33.99999999999997868, 26.51000000000000156 ) ) ;
#3410 = CIRCLE ( 'NONE', #866, 1.350000000000017852 ) ;
#3411 = ORIENTED_EDGE ( 'NONE', *, *, #4324, .F. ) ;
#3412 = ADVANCED_FACE ( 'NONE', ( #1868 ), #3970, .F. ) ;
#3413 = ORIENTED_EDGE ( 'NONE', *, *, #110, .T. ) ;
#3414 = DIRECTION ( 'NONE',  ( 0.000000000000000000, 0.000000000000000000, -1.000000000000000000 ) ) ;
#3415 = AXIS2_PLACEMENT_3D ( 'NONE', #1070, #56, #4103 ) ;
#3416 = VERTEX_POINT ( 'NONE', #934 ) ;
#3417 = ORIENTED_EDGE ( 'NONE', *, *, #4155, .F. ) ;
#3418 = AXIS2_PLACEMENT_3D ( 'NONE', #1947, #1243, #3587 ) ;
#3419 = CARTESIAN_POINT ( 'NONE',  ( 182.1000000000000227, -36.00000000000000711, 28.11000000000000298 ) ) ;
#3420 = DIRECTION ( 'NONE',  ( 0.000000000000000000, 0.3420201433256694901, 0.9396926207859082059 ) ) ;
#3421 = CARTESIAN_POINT ( 'NONE',  ( 166.2500000000000000, -102.0000000000000142, -8.490000000000000213 ) ) ;
#3422 = VECTOR ( 'NONE', #1686, 1000.000000000000000 ) ;
#3423 = DIRECTION ( 'NONE',  ( -0.000000000000000000, -0.000000000000000000, -1.000000000000000000 ) ) ;
#3424 = CARTESIAN_POINT ( 'NONE',  ( 95.50000000000000000, -38.90000000000000568, -8.490000000000000213 ) ) ;
#3425 = DIRECTION ( 'NONE',  ( 1.000000000000000000, 0.000000000000000000, 0.000000000000000000 ) ) ;
#3426 = ORIENTED_EDGE ( 'NONE', *, *, #3009, .T. ) ;
#3427 = EDGE_CURVE ( 'NONE', #4136, #2113, #2173, .T. ) ;
#3428 = ORIENTED_EDGE ( 'NONE', *, *, #1355, .T. ) ;
#3429 = CARTESIAN_POINT ( 'NONE',  ( 187.1000000000000227, -37.42999999999999261, 28.11000000000000298 ) ) ;
#3430 = DIRECTION ( 'NONE',  ( -1.217349807703022362E-16, 1.000000000000000000, 0.000000000000000000 ) ) ;
#3431 = LINE ( 'NONE', #3722, #4276 ) ;
#3432 = ORIENTED_EDGE ( 'NONE', *, *, #43, .F. ) ;
#3433 = ORIENTED_EDGE ( 'NONE', *, *, #4008, .F. ) ;
#3434 = LINE ( 'NONE', #2429, #1977 ) ;
#3435 = ORIENTED_EDGE ( 'NONE', *, *, #3927, .T. ) ;
#3436 = ORIENTED_EDGE ( 'NONE', *, *, #3547, .F. ) ;
#3437 = AXIS2_PLACEMENT_3D ( 'NONE', #3665, #567, #906 ) ;
#3438 = CARTESIAN_POINT ( 'NONE',  ( 190.4000000000000057, -110.9999999999999858, 7.759999999999991793 ) ) ;
#3439 = AXIS2_PLACEMENT_3D ( 'NONE', #706, #2388, #1744 ) ;
#3440 = CARTESIAN_POINT ( 'NONE',  ( 99.43000000000002103, -135.6000000000000512, 28.11000000000000298 ) ) ;
#3441 = LINE ( 'NONE', #123, #782 ) ;
#3442 = DIRECTION ( 'NONE',  ( -0.000000000000000000, -0.000000000000000000, -1.000000000000000000 ) ) ;
#3443 = ORIENTED_EDGE ( 'NONE', *, *, #1333, .F. ) ;
#3444 = CARTESIAN_POINT ( 'NONE',  ( 91.00000000000000000, -29.00000000000000000, 26.51000000000000156 ) ) ;
#3445 = CIRCLE ( 'NONE', #89, 2.500000000000002220 ) ;
#3446 = AXIS2_PLACEMENT_3D ( 'NONE', #3294, #915, #3654 ) ;
#3447 = EDGE_CURVE ( 'NONE', #2834, #1192, #2221, .T. ) ;
#3448 = ORIENTED_EDGE ( 'NONE', *, *, #3779, .T. ) ;
#3449 = EDGE_LOOP ( 'NONE', ( #2637, #384 ) ) ;
#3450 = LINE ( 'NONE', #1444, #862 ) ;
#3451 = EDGE_CURVE ( 'NONE', #3322, #164, #3378, .T. ) ;
#3452 = CARTESIAN_POINT ( 'NONE',  ( 98.40000000000000568, -36.39999999999999858, 28.11000000000000298 ) ) ;
#3453 = CARTESIAN_POINT ( 'NONE',  ( 91.40000000000000568, -136.5000000000000000, -10.59000000000000163 ) ) ;
#3454 = AXIS2_PLACEMENT_3D ( 'NONE', #2433, #2816, #747 ) ;
#3455 = CARTESIAN_POINT ( 'NONE',  ( 97.50000000000000000, -29.00000000000000000, -10.59000000000000163 ) ) ;
#3456 = ORIENTED_EDGE ( 'NONE', *, *, #4067, .T. ) ;
#3457 = EDGE_LOOP ( 'NONE', ( #3337, #2897, #2741, #1989 ) ) ;
#3458 = CARTESIAN_POINT ( 'NONE',  ( 105.3999999999999915, -39.00000000000000000, -8.490000000000000213 ) ) ;
#3459 = EDGE_CURVE ( 'NONE', #2732, #3301, #1540, .T. ) ;
#3460 = ORIENTED_EDGE ( 'NONE', *, *, #1533, .F. ) ;
#3461 = VERTEX_POINT ( 'NONE', #893 ) ;
#3462 = FACE_OUTER_BOUND ( 'NONE', #10, .T. ) ;
#3463 = CARTESIAN_POINT ( 'NONE',  ( 194.5000000000000000, -35.50000000000000711, -8.490000000000000213 ) ) ;
#3464 = EDGE_CURVE ( 'NONE', #2731, #4157, #4382, .T. ) ;
#3465 = DIRECTION ( 'NONE',  ( -1.217349807703022362E-16, 1.000000000000000000, 0.000000000000000000 ) ) ;
#3466 = CARTESIAN_POINT ( 'NONE',  ( 100.9000000000000057, -36.00000000000000711, -8.490000000000000213 ) ) ;
#3467 = CARTESIAN_POINT ( 'NONE',  ( 164.8999999999999773, -102.0000000000000142, 0.5099999999999983435 ) ) ;
#3468 = ORIENTED_EDGE ( 'NONE', *, *, #3627, .F. ) ;
#3469 = ORIENTED_EDGE ( 'NONE', *, *, #227, .F. ) ;
#3470 = DIRECTION ( 'NONE',  ( -0.000000000000000000, -0.000000000000000000, -1.000000000000000000 ) ) ;
#3471 = FACE_OUTER_BOUND ( 'NONE', #531, .T. ) ;
#3472 = AXIS2_PLACEMENT_3D ( 'NONE', #1454, #2471, #742 ) ;
#3473 = CARTESIAN_POINT ( 'NONE',  ( 96.25000000000000000, -33.99999999999997868, 18.51000000000000156 ) ) ;
#3474 = CARTESIAN_POINT ( 'NONE',  ( 187.1000000000000227, -36.39999999999999147, -8.490000000000000213 ) ) ;
#3475 = AXIS2_PLACEMENT_3D ( 'NONE', #3474, #4195, #1800 ) ;
#3476 = ADVANCED_FACE ( 'NONE', ( #3270 ), #183, .T. ) ;
#3477 = EDGE_LOOP ( 'NONE', ( #1517, #986 ) ) ;
#3478 = ORIENTED_EDGE ( 'NONE', *, *, #4196, .F. ) ;
#3479 = AXIS2_PLACEMENT_3D ( 'NONE', #1731, #1006, #2425 ) ;
#3480 = FACE_OUTER_BOUND ( 'NONE', #2461, .T. ) ;
#3481 = DIRECTION ( 'NONE',  ( 0.000000000000000000, -1.000000000000000000, 0.000000000000000000 ) ) ;
#3482 = VECTOR ( 'NONE', #1042, 1000.000000000000000 ) ;
#3483 = AXIS2_PLACEMENT_3D ( 'NONE', #3424, #1418, #2776 ) ;
#3484 = EDGE_CURVE ( 'NONE', #4180, #2111, #4346, .T. ) ;
#3485 = ORIENTED_EDGE ( 'NONE', *, *, #2081, .T. ) ;
#3486 = ORIENTED_EDGE ( 'NONE', *, *, #2721, .T. ) ;
#3487 = CARTESIAN_POINT ( 'NONE',  ( 186.0700000000000216, -36.39999999999999147, 26.51000000000000156 ) ) ;
#3488 = AXIS2_PLACEMENT_3D ( 'NONE', #1682, #4015, #265 ) ;
#3489 = DIRECTION ( 'NONE',  ( 0.000000000000000000, 0.000000000000000000, -1.000000000000000000 ) ) ;
#3490 = CARTESIAN_POINT ( 'NONE',  ( 100.9000000000000199, -136.0000000000000000, -8.490000000000000213 ) ) ;
#3491 = EDGE_CURVE ( 'NONE', #721, #2394, #2323, .T. ) ;
#3492 = CARTESIAN_POINT ( 'NONE',  ( 127.7500000000000000, -141.2000000000000171, 8.747259556115935197 ) ) ;
#3493 = CARTESIAN_POINT ( 'NONE',  ( 127.7500000000000000, -141.2000000000000171, -2.652740443884070931 ) ) ;
#3494 = CARTESIAN_POINT ( 'NONE',  ( 190.0000000000000000, -86.00000000000000000, 1.359999999999989662 ) ) ;
#3495 = ORIENTED_EDGE ( 'NONE', *, *, #3866, .T. ) ;
#3496 = ORIENTED_EDGE ( 'NONE', *, *, #700, .F. ) ;
#3497 = CARTESIAN_POINT ( 'NONE',  ( 187.5000000000000000, -134.5700000000000216, 28.11000000000000298 ) ) ;
#3498 = TOROIDAL_SURFACE ( 'NONE', #3056, 11.40000000000000568, 0.4000000000000000222 ) ;
#3499 = DIRECTION ( 'NONE',  ( 0.000000000000000000, -0.3420201433256694901, -0.9396926207859082059 ) ) ;
#3500 = DIRECTION ( 'NONE',  ( 0.000000000000000000, 0.000000000000000000, -1.000000000000000000 ) ) ;
#3501 = CARTESIAN_POINT ( 'NONE',  ( 127.7500000000000000, -138.9000000000000341, 8.747259556115935197 ) ) ;
#3502 = VERTEX_POINT ( 'NONE', #2971 ) ;
#3503 = VERTEX_POINT ( 'NONE', #1288 ) ;
#3504 = DIRECTION ( 'NONE',  ( -0.000000000000000000, -0.000000000000000000, -1.000000000000000000 ) ) ;
#3505 = LINE ( 'NONE', #2879, #1616 ) ;
#3506 = DIRECTION ( 'NONE',  ( 0.000000000000000000, 0.000000000000000000, -1.000000000000000000 ) ) ;
#3507 = VERTEX_POINT ( 'NONE', #3336 ) ;
#3508 = VERTEX_POINT ( 'NONE', #1308 ) ;
#3509 = ADVANCED_FACE ( 'NONE', ( #974 ), #995, .F. ) ;
#3510 = DIRECTION ( 'NONE',  ( -0.000000000000000000, -0.000000000000000000, 1.000000000000000000 ) ) ;
#3511 = DIRECTION ( 'NONE',  ( -1.000000000000000000, -0.000000000000000000, 0.000000000000000000 ) ) ;
#3512 = AXIS2_PLACEMENT_3D ( 'NONE', #2354, #2109, #2781 ) ;
#3513 = VECTOR ( 'NONE', #4367, 1000.000000000000000 ) ;
#3514 = VECTOR ( 'NONE', #3093, 1000.000000000000000 ) ;
#3515 = DIRECTION ( 'NONE',  ( 0.000000000000000000, 0.000000000000000000, -1.000000000000000000 ) ) ;
#3516 = CARTESIAN_POINT ( 'NONE',  ( 99.43000000000000682, -36.00000000000000711, 28.11000000000000298 ) ) ;
#3517 = CARTESIAN_POINT ( 'NONE',  ( 91.40000000000000568, -136.5000000000000000, -10.59000000000000163 ) ) ;
#3518 = DIRECTION ( 'NONE',  ( -1.000000000000000000, 0.000000000000000000, 0.000000000000000000 ) ) ;
#3519 = ORIENTED_EDGE ( 'NONE', *, *, #1729, .T. ) ;
#3520 = ORIENTED_EDGE ( 'NONE', *, *, #4138, .F. ) ;
#3521 = DIRECTION ( 'NONE',  ( 0.000000000000000000, 0.000000000000000000, 1.000000000000000000 ) ) ;
#3522 = CARTESIAN_POINT ( 'NONE',  ( 98.40000000000000568, -36.39999999999999858, 26.51000000000000156 ) ) ;
#3523 = ADVANCED_FACE ( 'NONE', ( #3013, #3051, #3696, #1039, #2386, #2363 ), #4012, .T. ) ;
#3524 = DIRECTION ( 'NONE',  ( 1.000000000000000000, 0.000000000000000000, 0.000000000000000000 ) ) ;
#3525 = DIRECTION ( 'NONE',  ( 0.000000000000000000, 0.000000000000000000, 1.000000000000000000 ) ) ;
#3526 = TOROIDAL_SURFACE ( 'NONE', #1317, 6.400000000000006573, 0.4000000000000000222 ) ;
#3527 = ORIENTED_EDGE ( 'NONE', *, *, #2199, .F. ) ;
#3528 = AXIS2_PLACEMENT_3D ( 'NONE', #2093, #2831, #2809 ) ;
#3529 = ORIENTED_EDGE ( 'NONE', *, *, #4321, .T. ) ;
#3530 = ADVANCED_FACE ( 'NONE', ( #4404, #340 ), #1013, .F. ) ;
#3531 = VECTOR ( 'NONE', #595, 1000.000000000000000 ) ;
#3532 = DIRECTION ( 'NONE',  ( -0.000000000000000000, -0.000000000000000000, 1.000000000000000000 ) ) ;
#3533 = DIRECTION ( 'NONE',  ( 1.000000000000000000, 0.000000000000000000, 0.000000000000000000 ) ) ;
#3534 = CARTESIAN_POINT ( 'NONE',  ( 187.5000000000000000, -134.5700000000000216, 28.11000000000000298 ) ) ;
#3535 = VERTEX_POINT ( 'NONE', #2993 ) ;
#3536 = ORIENTED_EDGE ( 'NONE', *, *, #4067, .F. ) ;
#3537 = DIRECTION ( 'NONE',  ( 0.000000000000000000, 0.000000000000000000, 1.000000000000000000 ) ) ;
#3538 = DIRECTION ( 'NONE',  ( -1.000000000000000000, 0.000000000000000000, 0.000000000000000000 ) ) ;
#3539 = EDGE_CURVE ( 'NONE', #2754, #364, #3755, .T. ) ;
#3540 = ADVANCED_FACE ( 'NONE', ( #2662 ), #4368, .T. ) ;
#3541 = CIRCLE ( 'NONE', #2964, 6.500000000000005329 ) ;
#3542 = CARTESIAN_POINT ( 'NONE',  ( 182.3448535783208229, -30.80000000000000071, -7.334853578320835510 ) ) ;
#3543 = EDGE_CURVE ( 'NONE', #1112, #4200, #3355, .T. ) ;
#3544 = DIRECTION ( 'NONE',  ( 1.000000000000000000, 0.000000000000000000, -0.000000000000000000 ) ) ;
#3545 = CARTESIAN_POINT ( 'NONE',  ( 190.0000000000000000, -41.39999999999999147, -8.490000000000000213 ) ) ;
#3546 = PLANE ( 'NONE',  #4412 ) ;
#3547 = EDGE_CURVE ( 'NONE', #2210, #1167, #4385, .T. ) ;
#3548 = VERTEX_POINT ( 'NONE', #4050 ) ;
#3549 = ORIENTED_EDGE ( 'NONE', *, *, #2116, .T. ) ;
#3550 = LINE ( 'NONE', #582, #3640 ) ;
#3551 = LINE ( 'NONE', #1520, #2206 ) ;
#3552 = LINE ( 'NONE', #1648, #3649 ) ;
#3553 = CARTESIAN_POINT ( 'NONE',  ( 94.03000000000000114, -41.40000000000000568, 28.11000000000000298 ) ) ;
#3554 = VERTEX_POINT ( 'NONE', #2346 ) ;
#3555 = ORIENTED_EDGE ( 'NONE', *, *, #310, .T. ) ;
#3556 = LINE ( 'NONE', #2213, #2256 ) ;
#3557 = CARTESIAN_POINT ( 'NONE',  ( 91.00000000000000000, -40.50000000000000000, -7.990000000000000213 ) ) ;
#3558 = CIRCLE ( 'NONE', #3835, 1.030000000000003135 ) ;
#3559 = LINE ( 'NONE', #2141, #2380 ) ;
#3560 = ORIENTED_EDGE ( 'NONE', *, *, #2936, .F. ) ;
#3561 = AXIS2_PLACEMENT_3D ( 'NONE', #3409, #3026, #1073 ) ;
#3562 = ORIENTED_EDGE ( 'NONE', *, *, #843, .T. ) ;
#3563 = ORIENTED_EDGE ( 'NONE', *, *, #2738, .F. ) ;
#3564 = AXIS2_PLACEMENT_3D ( 'NONE', #2389, #1663, #327 ) ;
#3565 = AXIS2_PLACEMENT_3D ( 'NONE', #173, #464, #1539 ) ;
#3566 = AXIS2_PLACEMENT_3D ( 'NONE', #2958, #3231, #1917 ) ;
#3567 = LINE ( 'NONE', #3170, #3146 ) ;
#3568 = FACE_OUTER_BOUND ( 'NONE', #1532, .T. ) ;
#3569 = DIRECTION ( 'NONE',  ( -1.000000000000000000, 0.000000000000000000, 0.000000000000000000 ) ) ;
#3570 = CYLINDRICAL_SURFACE ( 'NONE', #2629, 6.000000000000000000 ) ;
#3571 = AXIS2_PLACEMENT_3D ( 'NONE', #2505, #1108, #487 ) ;
#3572 = ORIENTED_EDGE ( 'NONE', *, *, #1123, .T. ) ;
#3573 = EDGE_LOOP ( 'NONE', ( #4230, #1838 ) ) ;
#3574 = PLANE ( 'NONE',  #1349 ) ;
#3575 = DIRECTION ( 'NONE',  ( 1.000000000000000000, 0.000000000000000000, 0.000000000000000000 ) ) ;
#3576 = CARTESIAN_POINT ( 'NONE',  ( 188.0000000000000000, -136.5000000000000000, -8.490000000000000213 ) ) ;
#3577 = DIRECTION ( 'NONE',  ( -1.000000000000000000, 0.000000000000000000, 0.000000000000000000 ) ) ;
#3578 = ADVANCED_FACE ( 'NONE', ( #1679 ), #3713, .F. ) ;
#3579 = ORIENTED_EDGE ( 'NONE', *, *, #3491, .T. ) ;
#3580 = ORIENTED_EDGE ( 'NONE', *, *, #2896, .F. ) ;
#3581 = DIRECTION ( 'NONE',  ( -0.000000000000000000, -0.000000000000000000, -1.000000000000000000 ) ) ;
#3582 = DIRECTION ( 'NONE',  ( -1.000000000000000000, 0.000000000000000000, 0.000000000000000000 ) ) ;
#3583 = DIRECTION ( 'NONE',  ( -0.3236155771181852825, 0.8891264907159880382, 0.3236155771181852825 ) ) ;
#3584 = CIRCLE ( 'NONE', #3054, 2.500000000000002220 ) ;
#3585 = ORIENTED_EDGE ( 'NONE', *, *, #1471, .T. ) ;
#3586 = EDGE_LOOP ( 'NONE', ( #2448, #1120, #2946, #1367 ) ) ;
#3587 = DIRECTION ( 'NONE',  ( 1.000000000000000000, 0.000000000000000000, 0.000000000000000000 ) ) ;
#3588 =( LENGTH_UNIT ( ) NAMED_UNIT ( * ) SI_UNIT ( .MILLI., .METRE. ) );
#3589 = CARTESIAN_POINT ( 'NONE',  ( 98.00000000000001421, -134.5700000000000500, 28.11000000000000298 ) ) ;
#3590 = DIRECTION ( 'NONE',  ( 1.000000000000000000, 0.000000000000000000, 0.000000000000000000 ) ) ;
#3591 = CARTESIAN_POINT ( 'NONE',  ( 188.0000000000000000, -35.50000000000000711, -10.99000000000000199 ) ) ;
#3592 = VERTEX_POINT ( 'NONE', #3395 ) ;
#3593 = ORIENTED_EDGE ( 'NONE', *, *, #2408, .T. ) ;
#3594 = DIRECTION ( 'NONE',  ( 1.000000000000000000, 0.000000000000000000, 0.000000000000000000 ) ) ;
#3595 = ORIENTED_EDGE ( 'NONE', *, *, #1743, .T. ) ;
#3596 = DIRECTION ( 'NONE',  ( 0.000000000000000000, 0.000000000000000000, 1.000000000000000000 ) ) ;
#3597 = CARTESIAN_POINT ( 'NONE',  ( 182.1000000000000227, -36.00000000000000711, -8.490000000000000213 ) ) ;
#3598 = CARTESIAN_POINT ( 'NONE',  ( 101.8999999999999915, -39.00000000000000000, 0.5099999999999983435 ) ) ;
#3599 = ORIENTED_EDGE ( 'NONE', *, *, #2142, .T. ) ;
#3600 = EDGE_LOOP ( 'NONE', ( #624, #3951 ) ) ;
#3601 = CARTESIAN_POINT ( 'NONE',  ( 104.0499999999999829, -102.0000000000000142, 0.5099999999999983435 ) ) ;
#3602 = ADVANCED_FACE ( 'NONE', ( #3376 ), #1700, .F. ) ;
#3603 = FACE_OUTER_BOUND ( 'NONE', #1568, .T. ) ;
#3604 = CARTESIAN_POINT ( 'NONE',  ( 187.1000000000000227, -134.5700000000000216, 26.51000000000000156 ) ) ;
#3605 =( GEOMETRIC_REPRESENTATION_CONTEXT ( 3 ) GLOBAL_UNCERTAINTY_ASSIGNED_CONTEXT ( ( #176 ) ) GLOBAL_UNIT_ASSIGNED_CONTEXT ( ( #3588, #797, #892 ) ) REPRESENTATION_CONTEXT ( 'NONE', 'WORKASPACE' ) );
#3606 = ORIENTED_EDGE ( 'NONE', *, *, #227, .T. ) ;
#3607 = AXIS2_PLACEMENT_3D ( 'NONE', #658, #2033, #2013 ) ;
#3608 = VERTEX_POINT ( 'NONE', #4 ) ;
#3609 = ADVANCED_FACE ( 'NONE', ( #1370 ), #677, .T. ) ;
#3610 = ORIENTED_EDGE ( 'NONE', *, *, #4406, .T. ) ;
#3611 = VECTOR ( 'NONE', #608, 1000.000000000000000 ) ;
#3612 = ADVANCED_FACE ( 'NONE', ( #3169 ), #2074, .T. ) ;
#3613 = DIRECTION ( 'NONE',  ( 0.000000000000000000, 0.000000000000000000, 1.000000000000000000 ) ) ;
#3614 = CARTESIAN_POINT ( 'NONE',  ( 190.4000000000000057, -86.00000000000000000, 14.16000000000000192 ) ) ;
#3615 = EDGE_CURVE ( 'NONE', #1457, #1939, #3241, .T. ) ;
#3616 = ORIENTED_EDGE ( 'NONE', *, *, #2821, .T. ) ;
#3617 = DIRECTION ( 'NONE',  ( 0.000000000000000000, 0.000000000000000000, -1.000000000000000000 ) ) ;
#3618 = ORIENTED_EDGE ( 'NONE', *, *, #3796, .F. ) ;
#3619 = DIRECTION ( 'NONE',  ( 0.000000000000000000, -1.000000000000000000, 0.000000000000000000 ) ) ;
#3620 = LINE ( 'NONE', #3975, #941 ) ;
#3621 = CARTESIAN_POINT ( 'NONE',  ( 102.5000000000000284, -143.0000000000000284, 23.51000000000000156 ) ) ;
#3622 = ORIENTED_EDGE ( 'NONE', *, *, #1155, .T. ) ;
#3623 = VERTEX_POINT ( 'NONE', #4159 ) ;
#3624 = DIRECTION ( 'NONE',  ( -0.3236155771181852825, -0.8891264907159880382, -0.3236155771181852825 ) ) ;
#3625 = CARTESIAN_POINT ( 'NONE',  ( 102.5000000000000284, -143.0000000000000284, -7.990000000000000213 ) ) ;
#3626 = LINE ( 'NONE', #2612, #108 ) ;
#3627 = EDGE_CURVE ( 'NONE', #4326, #2245, #2502, .T. ) ;
#3628 = ORIENTED_EDGE ( 'NONE', *, *, #3875, .F. ) ;
#3629 = ORIENTED_EDGE ( 'NONE', *, *, #1888, .T. ) ;
#3630 = ORIENTED_EDGE ( 'NONE', *, *, #2794, .F. ) ;
#3631 = CARTESIAN_POINT ( 'NONE',  ( 187.9500000000000171, -33.99999999999997868, 18.51000000000000156 ) ) ;
#3632 = AXIS2_PLACEMENT_3D ( 'NONE', #2864, #4258, #1267 ) ;
#3633 = CARTESIAN_POINT ( 'NONE',  ( 105.3999999999999915, -102.0000000000000142, 0.5099999999999983435 ) ) ;
#3634 = AXIS2_PLACEMENT_3D ( 'NONE', #74, #1439, #2795 ) ;
#3635 = EDGE_CURVE ( 'NONE', #1291, #3554, #3162, .T. ) ;
#3636 = ORIENTED_EDGE ( 'NONE', *, *, #4332, .T. ) ;
#3637 = CARTESIAN_POINT ( 'NONE',  ( 189.7000000000000171, -110.9999999999999858, 7.759999999999991793 ) ) ;
#3638 = DIRECTION ( 'NONE',  ( -0.000000000000000000, -0.000000000000000000, -1.000000000000000000 ) ) ;
#3639 = CARTESIAN_POINT ( 'NONE',  ( 190.4000000000000057, -86.00000000000000000, 7.759999999999996234 ) ) ;
#3640 = VECTOR ( 'NONE', #3617, 1000.000000000000000 ) ;
#3641 = VERTEX_POINT ( 'NONE', #3119 ) ;
#3642 = CIRCLE ( 'NONE', #4211, 1.299999999999995604 ) ;
#3643 = ORIENTED_EDGE ( 'NONE', *, *, #243, .F. ) ;
#3644 = PLANE ( 'NONE',  #2686 ) ;
#3645 = DIRECTION ( 'NONE',  ( -1.000000000000000000, 0.000000000000000000, 0.000000000000000000 ) ) ;
#3646 = FACE_OUTER_BOUND ( 'NONE', #3671, .T. ) ;
#3647 = ORIENTED_EDGE ( 'NONE', *, *, #3090, .T. ) ;
#3648 = ORIENTED_EDGE ( 'NONE', *, *, #2660, .T. ) ;
#3649 = VECTOR ( 'NONE', #1313, 1000.000000000000000 ) ;
#3650 = LINE ( 'NONE', #4299, #146 ) ;
#3651 = EDGE_CURVE ( 'NONE', #3328, #2356, #2664, .T. ) ;
#3652 = EDGE_CURVE ( 'NONE', #2371, #2216, #1059, .T. ) ;
#3653 = CARTESIAN_POINT ( 'NONE',  ( 189.7000000000000171, -60.99999999999999289, 1.760000000000000231 ) ) ;
#3654 = DIRECTION ( 'NONE',  ( 0.000000000000000000, 0.000000000000000000, -1.000000000000000000 ) ) ;
#3655 = EDGE_LOOP ( 'NONE', ( #1626, #4245 ) ) ;
#3656 = CARTESIAN_POINT ( 'NONE',  ( 105.3999999999999915, -39.00000000000000000, 0.5099999999999983435 ) ) ;
#3657 = CARTESIAN_POINT ( 'NONE',  ( 187.9500000000000171, -137.9999999999999716, 18.51000000000000156 ) ) ;
#3658 = DIRECTION ( 'NONE',  ( 1.000000000000000000, 0.000000000000000000, 0.000000000000000000 ) ) ;
#3659 = EDGE_CURVE ( 'NONE', #1939, #1457, #1461, .T. ) ;
#3660 = ORIENTED_EDGE ( 'NONE', *, *, #2720, .F. ) ;
#3661 = AXIS2_PLACEMENT_3D ( 'NONE', #4376, #2253, #3349 ) ;
#3662 = ORIENTED_EDGE ( 'NONE', *, *, #3901, .T. ) ;
#3663 = CARTESIAN_POINT ( 'NONE',  ( 188.0000000000000000, -143.0000000000000284, -10.59000000000000163 ) ) ;
#3664 = AXIS2_PLACEMENT_3D ( 'NONE', #2075, #2817, #2727 ) ;
#3665 = CARTESIAN_POINT ( 'NONE',  ( 192.3000000000000114, -86.00000000000000000, 1.359999999999989662 ) ) ;
#3666 = PLANE ( 'NONE',  #498 ) ;
#3667 = ADVANCED_FACE ( 'NONE', ( #1410 ), #2410, .T. ) ;
#3668 = VERTEX_POINT ( 'NONE', #1103 ) ;
#3669 = ORIENTED_EDGE ( 'NONE', *, *, #3927, .F. ) ;
#3670 = FACE_OUTER_BOUND ( 'NONE', #3080, .T. ) ;
#3671 = EDGE_LOOP ( 'NONE', ( #2531, #527, #2090, #2788 ) ) ;
#3673 = AXIS2_PLACEMENT_3D ( 'NONE', #2047, #2991, #3372 ) ;
#3672 = CARTESIAN_POINT ( 'NONE',  ( 105.3999999999999915, -102.0000000000000142, 0.5099999999999983435 ) ) ;
#3674 = CIRCLE ( 'NONE', #4030, 1.350000000000004086 ) ;
#3675 = DIRECTION ( 'NONE',  ( 1.000000000000000000, 0.000000000000000000, 0.000000000000000000 ) ) ;
#3676 = ADVANCED_FACE ( 'NONE', ( #387 ), #4210, .F. ) ;
#3677 = EDGE_CURVE ( 'NONE', #4190, #2937, #3143, .T. ) ;
#3678 = ORIENTED_EDGE ( 'NONE', *, *, #2465, .F. ) ;
#3679 = EDGE_CURVE ( 'NONE', #2930, #21, #4140, .T. ) ;
#3680 = LINE ( 'NONE', #682, #3847 ) ;
#3681 = FACE_OUTER_BOUND ( 'NONE', #3290, .T. ) ;
#3682 = DIRECTION ( 'NONE',  ( 0.8891264907159880382, 0.3236155771181852825, -0.3236155771181852270 ) ) ;
#3683 = CARTESIAN_POINT ( 'NONE',  ( 98.40000000000001990, -135.6000000000000512, 26.51000000000000156 ) ) ;
#3684 = EDGE_CURVE ( 'NONE', #2264, #380, #825, .T. ) ;
#3685 = ORIENTED_EDGE ( 'NONE', *, *, #3806, .T. ) ;
#3686 = VERTEX_POINT ( 'NONE', #2099 ) ;
#3687 = DIRECTION ( 'NONE',  ( -0.000000000000000000, -0.000000000000000000, -1.000000000000000000 ) ) ;
#3688 = AXIS2_PLACEMENT_3D ( 'NONE', #2166, #1834, #2856 ) ;
#3689 = CARTESIAN_POINT ( 'NONE',  ( 99.43000000000002103, -135.6000000000000512, 28.11000000000000298 ) ) ;
#3690 = DIRECTION ( 'NONE',  ( 1.000000000000000000, 0.000000000000000000, 0.000000000000000000 ) ) ;
#3691 = ORIENTED_EDGE ( 'NONE', *, *, #3989, .T. ) ;
#3692 = ORIENTED_EDGE ( 'NONE', *, *, #766, .F. ) ;
#3693 = CARTESIAN_POINT ( 'NONE',  ( 161.3999999999999488, -102.0000000000000142, 0.5099999999999983435 ) ) ;
#3695 = AXIS2_PLACEMENT_3D ( 'NONE', #1805, #113, #3184 ) ;
#3694 = CARTESIAN_POINT ( 'NONE',  ( 101.8999999999999915, -102.0000000000000142, 0.5099999999999983435 ) ) ;
#3696 = FACE_BOUND ( 'NONE', #1298, .T. ) ;
#3697 = TOROIDAL_SURFACE ( 'NONE', #4342, 6.099999999999999645, 0.4000000000000000222 ) ;
#3698 = DIRECTION ( 'NONE',  ( 0.000000000000000000, 0.000000000000000000, 1.000000000000000000 ) ) ;
#3699 = DIRECTION ( 'NONE',  ( -0.000000000000000000, -0.000000000000000000, -1.000000000000000000 ) ) ;
#3700 = DIRECTION ( 'NONE',  ( -0.000000000000000000, -0.000000000000000000, -1.000000000000000000 ) ) ;
#3701 = AXIS2_PLACEMENT_3D ( 'NONE', #3492, #486, #1157 ) ;
#3702 = ORIENTED_EDGE ( 'NONE', *, *, #1502, .F. ) ;
#3703 = VERTEX_POINT ( 'NONE', #1812 ) ;
#3704 = CARTESIAN_POINT ( 'NONE',  ( 99.43000000000002103, -135.6000000000000512, 26.51000000000000156 ) ) ;
#3705 = AXIS2_PLACEMENT_3D ( 'NONE', #178, #2892, #4264 ) ;
#3706 = DIRECTION ( 'NONE',  ( 0.000000000000000000, 0.000000000000000000, -1.000000000000000000 ) ) ;
#3707 = CARTESIAN_POINT ( 'NONE',  ( 91.00000000000001421, -136.5000000000000000, -10.59000000000000163 ) ) ;
#3708 = EDGE_CURVE ( 'NONE', #4339, #908, #121, .T. ) ;
#3709 = ORIENTED_EDGE ( 'NONE', *, *, #3982, .T. ) ;
#3710 = ORIENTED_EDGE ( 'NONE', *, *, #653, .F. ) ;
#3711 = CARTESIAN_POINT ( 'NONE',  ( 187.5000000000000000, -41.39999999999999147, 26.51000000000000156 ) ) ;
#3712 = CARTESIAN_POINT ( 'NONE',  ( 190.4000000000000057, -60.99999999999999289, 7.760000000000000675 ) ) ;
#3713 = CYLINDRICAL_SURFACE ( 'NONE', #3607, 1.030000000000003135 ) ;
#3714 = DIRECTION ( 'NONE',  ( -0.000000000000000000, 1.000000000000000000, -0.000000000000000000 ) ) ;
#3715 = DIRECTION ( 'NONE',  ( 1.000000000000000000, 0.000000000000000000, 0.000000000000000000 ) ) ;
#3716 = CARTESIAN_POINT ( 'NONE',  ( 104.0499999999999829, -102.0000000000000142, 0.5099999999999983435 ) ) ;
#3717 = DIRECTION ( 'NONE',  ( -0.000000000000000000, 1.000000000000000000, -0.000000000000000000 ) ) ;
#3718 = ORIENTED_EDGE ( 'NONE', *, *, #436, .T. ) ;
#3719 = EDGE_LOOP ( 'NONE', ( #3536, #1856 ) ) ;
#3720 = PLANE ( 'NONE',  #712 ) ;
#3721 = LINE ( 'NONE', #737, #4085 ) ;
#3722 = CARTESIAN_POINT ( 'NONE',  ( 191.4699999999999989, -41.39999999999999147, 28.11000000000000298 ) ) ;
#3723 = VECTOR ( 'NONE', #4042, 1000.000000000000000 ) ;
#3724 = EDGE_CURVE ( 'NONE', #2062, #694, #3674, .T. ) ;
#3725 = VERTEX_POINT ( 'NONE', #3824 ) ;
#3726 = AXIS2_PLACEMENT_3D ( 'NONE', #636, #992, #657 ) ;
#3727 = AXIS2_PLACEMENT_3D ( 'NONE', #434, #2121, #1786 ) ;
#3728 = ORIENTED_EDGE ( 'NONE', *, *, #2742, .T. ) ;
#3729 = EDGE_CURVE ( 'NONE', #721, #2216, #770, .T. ) ;
#3730 = FACE_BOUND ( 'NONE', #2270, .T. ) ;
#3731 = EDGE_CURVE ( 'NONE', #21, #163, #2147, .T. ) ;
#3732 = ORIENTED_EDGE ( 'NONE', *, *, #975, .T. ) ;
#3733 = CARTESIAN_POINT ( 'NONE',  ( 187.5000000000000000, -37.42999999999999261, 28.11000000000000298 ) ) ;
#3734 = DIRECTION ( 'NONE',  ( -0.000000000000000000, -0.000000000000000000, 1.000000000000000000 ) ) ;
#3735 = EDGE_CURVE ( 'NONE', #3535, #3608, #1840, .T. ) ;
#3736 = CIRCLE ( 'NONE', #1604, 0.3999999999999999667 ) ;
#3737 = CIRCLE ( 'NONE', #3313, 0.4000000000000010214 ) ;
#3738 = DIRECTION ( 'NONE',  ( 0.000000000000000000, -1.000000000000000000, 0.000000000000000000 ) ) ;
#3739 = CARTESIAN_POINT ( 'NONE',  ( 103.1551464216791771, -30.80000000000000071, -7.334853578320835510 ) ) ;
#3740 = LINE ( 'NONE', #684, #2034 ) ;
#3741 = FACE_OUTER_BOUND ( 'NONE', #1148, .T. ) ;
#3743 = EDGE_CURVE ( 'NONE', #2420, #3222, #748, .T. ) ;
#3742 = AXIS2_PLACEMENT_3D ( 'NONE', #2115, #3481, #3005 ) ;
#3744 = EDGE_LOOP ( 'NONE', ( #2903, #2883, #2307, #4081 ) ) ;
#3745 = ORIENTED_EDGE ( 'NONE', *, *, #4399, .T. ) ;
#3746 = CARTESIAN_POINT ( 'NONE',  ( 94.95000000000000284, -33.99999999999997868, 18.51000000000000156 ) ) ;
#3747 = DIRECTION ( 'NONE',  ( -0.000000000000000000, -0.000000000000000000, -1.000000000000000000 ) ) ;
#3748 = DIRECTION ( 'NONE',  ( -1.000000000000000000, 0.000000000000000000, 0.000000000000000000 ) ) ;
#3749 = ORIENTED_EDGE ( 'NONE', *, *, #1913, .T. ) ;
#3750 = ORIENTED_EDGE ( 'NONE', *, *, #2444, .T. ) ;
#3751 = DIRECTION ( 'NONE',  ( -1.000000000000000000, -0.000000000000000000, -0.000000000000000000 ) ) ;
#3752 = VECTOR ( 'NONE', #3018, 1000.000000000000000 ) ;
#3753 = ORIENTED_EDGE ( 'NONE', *, *, #1818, .T. ) ;
#3754 = ORIENTED_EDGE ( 'NONE', *, *, #2197, .T. ) ;
#3755 = LINE ( 'NONE', #1994, #4096 ) ;
#3756 = CARTESIAN_POINT ( 'NONE',  ( 103.4000000000000199, -139.9699999999999989, 26.51000000000000156 ) ) ;
#3757 = VECTOR ( 'NONE', #4290, 1000.000000000000000 ) ;
#3758 = FACE_OUTER_BOUND ( 'NONE', #4253, .T. ) ;
#3759 = FACE_OUTER_BOUND ( 'NONE', #134, .T. ) ;
#3760 = DIRECTION ( 'NONE',  ( 0.000000000000000000, 0.000000000000000000, -1.000000000000000000 ) ) ;
#3761 = AXIS2_PLACEMENT_3D ( 'NONE', #2984, #590, #1925 ) ;
#3762 = EDGE_LOOP ( 'NONE', ( #1322, #2746 ) ) ;
#3763 = ORIENTED_EDGE ( 'NONE', *, *, #3459, .F. ) ;
#3764 = DIRECTION ( 'NONE',  ( -1.000000000000000000, 0.000000000000000000, 0.000000000000000000 ) ) ;
#3765 = AXIS2_PLACEMENT_3D ( 'NONE', #2774, #2840, #2458 ) ;
#3766 = AXIS2_PLACEMENT_3D ( 'NONE', #4145, #4121, #753 ) ;
#3767 = CARTESIAN_POINT ( 'NONE',  ( 190.5500000000000114, -137.9999999999999716, 18.51000000000000156 ) ) ;
#3768 = CARTESIAN_POINT ( 'NONE',  ( 190.5500000000000114, -33.99999999999997868, 26.51000000000000156 ) ) ;
#3769 = ORIENTED_EDGE ( 'NONE', *, *, #2233, .F. ) ;
#3770 = VERTEX_POINT ( 'NONE', #1807 ) ;
#3771 = CARTESIAN_POINT ( 'NONE',  ( 187.1000000000000227, -37.42999999999999261, 28.11000000000000298 ) ) ;
#3772 = VECTOR ( 'NONE', #1465, 1000.000000000000000 ) ;
#3773 = CIRCLE ( 'NONE', #3995, 6.500000000000005329 ) ;
#3774 = ORIENTED_EDGE ( 'NONE', *, *, #1496, .F. ) ;
#3775 = EDGE_LOOP ( 'NONE', ( #32, #373 ) ) ;
#3776 = AXIS2_PLACEMENT_3D ( 'NONE', #2031, #3331, #1366 ) ;
#3777 = CARTESIAN_POINT ( 'NONE',  ( 189.2500000000000000, -33.99999999999997868, 18.51000000000000156 ) ) ;
#3778 = ADVANCED_FACE ( 'NONE', ( #2880 ), #4228, .T. ) ;
#3779 = EDGE_CURVE ( 'NONE', #364, #943, #3165, .T. ) ;
#3780 = DIRECTION ( 'NONE',  ( 0.9396926207859082059, -0.3420201433256694901, 0.000000000000000000 ) ) ;
#3781 = DIRECTION ( 'NONE',  ( 1.000000000000000000, 0.000000000000000000, -0.000000000000000000 ) ) ;
#3782 = AXIS2_PLACEMENT_3D ( 'NONE', #2802, #1211, #1521 ) ;
#3783 = DIRECTION ( 'NONE',  ( -0.000000000000000000, -0.000000000000000000, -1.000000000000000000 ) ) ;
#3784 = FACE_OUTER_BOUND ( 'NONE', #2784, .T. ) ;
#3785 = ORIENTED_EDGE ( 'NONE', *, *, #2572, .T. ) ;
#3786 = ORIENTED_EDGE ( 'NONE', *, *, #786, .F. ) ;
#3787 = CARTESIAN_POINT ( 'NONE',  ( 97.50000000000000000, -29.00000000000000000, 26.51000000000000156 ) ) ;
#3788 = DIRECTION ( 'NONE',  ( -0.000000000000000000, -0.000000000000000000, -1.000000000000000000 ) ) ;
#3789 = DIRECTION ( 'NONE',  ( 1.000000000000000000, 0.000000000000000000, 0.000000000000000000 ) ) ;
#3790 = CYLINDRICAL_SURFACE ( 'NONE', #4273, 3.500000000000003109 ) ;
#3791 = EDGE_CURVE ( 'NONE', #2245, #2264, #3164, .T. ) ;
#3792 = EDGE_CURVE ( 'NONE', #902, #4217, #2833, .T. ) ;
#3793 = VERTEX_POINT ( 'NONE', #812 ) ;
#3794 = ORIENTED_EDGE ( 'NONE', *, *, #962, .T. ) ;
#3795 = CARTESIAN_POINT ( 'NONE',  ( 186.0700000000000216, -36.39999999999999147, 28.11000000000000298 ) ) ;
#3796 = EDGE_CURVE ( 'NONE', #2279, #4277, #4251, .T. ) ;
#3797 = ORIENTED_EDGE ( 'NONE', *, *, #1361, .T. ) ;
#3798 = ORIENTED_EDGE ( 'NONE', *, *, #4386, .T. ) ;
#3799 = CARTESIAN_POINT ( 'NONE',  ( 94.95000000000000284, -33.99999999999997868, 18.51000000000000156 ) ) ;
#3800 = DIRECTION ( 'NONE',  ( -1.000000000000000000, -0.000000000000000000, -0.000000000000000000 ) ) ;
#3801 = CIRCLE ( 'NONE', #3304, 3.970000000000001528 ) ;
#3802 = DIRECTION ( 'NONE',  ( 0.3236155771181852825, -0.8891264907159880382, 0.3236155771181852825 ) ) ;
#3803 = LINE ( 'NONE', #1768, #214 ) ;
#3804 = CARTESIAN_POINT ( 'NONE',  ( 91.00000000000000000, -29.00000000000000000, -7.989999999999998437 ) ) ;
#3805 = FACE_OUTER_BOUND ( 'NONE', #2300, .T. ) ;
#3806 = EDGE_CURVE ( 'NONE', #793, #1386, #162, .T. ) ;
#3807 = AXIS2_PLACEMENT_3D ( 'NONE', #1931, #3293, #1617 ) ;
#3808 = ORIENTED_EDGE ( 'NONE', *, *, #447, .F. ) ;
#3809 = ORIENTED_EDGE ( 'NONE', *, *, #306, .F. ) ;
#3810 = LINE ( 'NONE', #105, #3343 ) ;
#3811 = FACE_BOUND ( 'NONE', #2557, .T. ) ;
#3812 = CYLINDRICAL_SURFACE ( 'NONE', #3512, 6.500000000000005329 ) ;
#3813 = EDGE_CURVE ( 'NONE', #1612, #4334, #2473, .T. ) ;
#3814 = AXIS2_PLACEMENT_3D ( 'NONE', #189, #505, #3840 ) ;
#3815 = CARTESIAN_POINT ( 'NONE',  ( 98.00000000000001421, -130.6000000000000512, -8.490000000000000213 ) ) ;
#3816 = ORIENTED_EDGE ( 'NONE', *, *, #1877, .T. ) ;
#3817 = ORIENTED_EDGE ( 'NONE', *, *, #4193, .F. ) ;
#3818 = CARTESIAN_POINT ( 'NONE',  ( 192.3000000000000114, -110.9999999999999858, 13.75999999999999979 ) ) ;
#3819 = DIRECTION ( 'NONE',  ( -1.000000000000000000, 0.000000000000000000, 0.000000000000000000 ) ) ;
#3820 = ADVANCED_FACE ( 'NONE', ( #3865 ), #453, .F. ) ;
#3821 = ORIENTED_EDGE ( 'NONE', *, *, #1502, .T. ) ;
#3822 = EDGE_LOOP ( 'NONE', ( #4207, #2272, #1945, #45 ) ) ;
#3823 = FACE_OUTER_BOUND ( 'NONE', #118, .T. ) ;
#3824 = CARTESIAN_POINT ( 'NONE',  ( 100.9000000000000199, -135.6000000000000512, 28.11000000000000298 ) ) ;
#3825 = CYLINDRICAL_SURFACE ( 'NONE', #17, 3.970000000000001528 ) ;
#3826 = LINE ( 'NONE', #2151, #3045 ) ;
#3827 = DIRECTION ( 'NONE',  ( -1.000000000000000000, 0.000000000000000000, 0.000000000000000000 ) ) ;
#3828 = CARTESIAN_POINT ( 'NONE',  ( 94.03000000000001535, -130.6000000000000512, 26.51000000000000156 ) ) ;
#3829 = ORIENTED_EDGE ( 'NONE', *, *, #490, .T. ) ;
#3830 = ORIENTED_EDGE ( 'NONE', *, *, #1944, .F. ) ;
#3831 = FACE_OUTER_BOUND ( 'NONE', #3371, .T. ) ;
#3832 = DIRECTION ( 'NONE',  ( 0.000000000000000000, 0.000000000000000000, 1.000000000000000000 ) ) ;
#3833 = DIRECTION ( 'NONE',  ( -1.000000000000000000, 0.000000000000000000, 0.000000000000000000 ) ) ;
#3834 = CARTESIAN_POINT ( 'NONE',  ( 103.4000000000000057, -32.03000000000000114, 28.11000000000000298 ) ) ;
#3835 = AXIS2_PLACEMENT_3D ( 'NONE', #3683, #1295, #2249 ) ;
#3836 = EDGE_CURVE ( 'NONE', #1280, #3502, #2497, .T. ) ;
#3837 = ORIENTED_EDGE ( 'NONE', *, *, #639, .T. ) ;
#3838 = VERTEX_POINT ( 'NONE', #791 ) ;
#3839 = DIRECTION ( 'NONE',  ( 1.000000000000000000, 0.000000000000000000, 0.000000000000000000 ) ) ;
#3840 = DIRECTION ( 'NONE',  ( -1.000000000000000000, 0.000000000000000000, 0.000000000000000000 ) ) ;
#3841 = EDGE_CURVE ( 'NONE', #3416, #1314, #3559, .T. ) ;
#3842 = CIRCLE ( 'NONE', #2978, 6.400000000000000355 ) ;
#3843 = VECTOR ( 'NONE', #1441, 1000.000000000000000 ) ;
#3844 = ORIENTED_EDGE ( 'NONE', *, *, #3396, .F. ) ;
#3845 = VERTEX_POINT ( 'NONE', #3534 ) ;
#3846 = DIRECTION ( 'NONE',  ( -0.000000000000000000, -0.000000000000000000, 1.000000000000000000 ) ) ;
#3847 = VECTOR ( 'NONE', #599, 1000.000000000000000 ) ;
#3848 = DIRECTION ( 'NONE',  ( 0.000000000000000000, 0.000000000000000000, 1.000000000000000000 ) ) ;
#3849 = EDGE_CURVE ( 'NONE', #1962, #1910, #4384, .T. ) ;
#3850 = FACE_BOUND ( 'NONE', #85, .T. ) ;
#3851 = FACE_OUTER_BOUND ( 'NONE', #1716, .T. ) ;
#3852 = CARTESIAN_POINT ( 'NONE',  ( 191.4699999999999989, -130.6000000000000227, 28.11000000000000298 ) ) ;
#3853 = DIRECTION ( 'NONE',  ( -0.000000000000000000, -0.000000000000000000, 1.000000000000000000 ) ) ;
#3854 = ORIENTED_EDGE ( 'NONE', *, *, #3114, .T. ) ;
#3855 = CIRCLE ( 'NONE', #2995, 2.500000000000002220 ) ;
#3856 = ORIENTED_EDGE ( 'NONE', *, *, #296, .F. ) ;
#3857 = DIRECTION ( 'NONE',  ( -0.000000000000000000, -0.000000000000000000, -1.000000000000000000 ) ) ;
#3858 = LINE ( 'NONE', #1472, #62 ) ;
#3859 = DIRECTION ( 'NONE',  ( 0.000000000000000000, 0.000000000000000000, -1.000000000000000000 ) ) ;
#3860 = LINE ( 'NONE', #3212, #2623 ) ;
#3861 = VERTEX_POINT ( 'NONE', #479 ) ;
#3862 = ORIENTED_EDGE ( 'NONE', *, *, #1296, .T. ) ;
#3863 = DIRECTION ( 'NONE',  ( 1.000000000000000000, 0.000000000000000000, 0.000000000000000000 ) ) ;
#3864 = LINE ( 'NONE', #114, #88 ) ;
#3865 = FACE_OUTER_BOUND ( 'NONE', #884, .T. ) ;
#3866 = EDGE_CURVE ( 'NONE', #1726, #4113, #2452, .T. ) ;
#3867 = ADVANCED_FACE ( 'NONE', ( #3238 ), #1528, .T. ) ;
#3868 = EDGE_CURVE ( 'NONE', #2834, #3416, #3187, .T. ) ;
#3869 = ORIENTED_EDGE ( 'NONE', *, *, #3145, .F. ) ;
#3870 = VERTEX_POINT ( 'NONE', #1171 ) ;
#3871 = CARTESIAN_POINT ( 'NONE',  ( 98.00000000000000000, -37.43000000000000682, 28.11000000000000298 ) ) ;
#3872 = CARTESIAN_POINT ( 'NONE',  ( 100.9000000000000057, -33.50000000000000000, -8.490000000000000213 ) ) ;
#3873 = EDGE_CURVE ( 'NONE', #2937, #3641, #1509, .T. ) ;
#3874 = AXIS2_PLACEMENT_3D ( 'NONE', #3625, #966, #2634 ) ;
#3875 = EDGE_CURVE ( 'NONE', #142, #2508, #838, .T. ) ;
#3876 = VECTOR ( 'NONE', #3465, 1000.000000000000000 ) ;
#3877 = CARTESIAN_POINT ( 'NONE',  ( 104.0499999999999829, -39.00000000000000000, -8.490000000000000213 ) ) ;
#3878 = DIRECTION ( 'NONE',  ( 0.000000000000000000, 0.000000000000000000, 1.000000000000000000 ) ) ;
#3879 = LINE ( 'NONE', #849, #3843 ) ;
#3880 = ORIENTED_EDGE ( 'NONE', *, *, #2549, .T. ) ;
#3881 = EDGE_LOOP ( 'NONE', ( #853, #963, #3001, #1264 ) ) ;
#3882 = DIRECTION ( 'NONE',  ( -1.000000000000000000, 0.000000000000000000, 0.000000000000000000 ) ) ;
#3883 = LINE ( 'NONE', #471, #1419 ) ;
#3884 = CARTESIAN_POINT ( 'NONE',  ( 108.8999999999999915, -102.0000000000000142, 0.5099999999999983435 ) ) ;
#3885 = ADVANCED_FACE ( 'NONE', ( #865 ), #2215, .F. ) ;
#3886 = CARTESIAN_POINT ( 'NONE',  ( 182.1000000000000512, -139.9699999999999989, 28.11000000000000298 ) ) ;
#3887 = VERTEX_POINT ( 'NONE', #2569 ) ;
#3888 = AXIS2_PLACEMENT_3D ( 'NONE', #1383, #278, #4028 ) ;
#3889 = ORIENTED_EDGE ( 'NONE', *, *, #3925, .F. ) ;
#3890 = AXIS2_PLACEMENT_3D ( 'NONE', #3225, #3923, #3987 ) ;
#3891 = CYLINDRICAL_SURFACE ( 'NONE', #3104, 11.00000000000000711 ) ;
#3892 = CARTESIAN_POINT ( 'NONE',  ( 105.3999999999999915, -102.0000000000000142, -8.490000000000000213 ) ) ;
#3893 = DIRECTION ( 'NONE',  ( -0.000000000000000000, -0.000000000000000000, -1.000000000000000000 ) ) ;
#3894 = ORIENTED_EDGE ( 'NONE', *, *, #319, .F. ) ;
#3895 = ORIENTED_EDGE ( 'NONE', *, *, #1554, .F. ) ;
#3896 = CARTESIAN_POINT ( 'NONE',  ( 192.3000000000000114, -86.00000000000000000, 7.759999999999996234 ) ) ;
#3897 = CIRCLE ( 'NONE', #3095, 1.030000000000003135 ) ;
#3898 = FACE_OUTER_BOUND ( 'NONE', #1963, .T. ) ;
#3899 = CARTESIAN_POINT ( 'NONE',  ( 98.40000000000000568, -38.90000000000000568, -8.490000000000000213 ) ) ;
#3900 = LINE ( 'NONE', #517, #1217 ) ;
#3901 = EDGE_CURVE ( 'NONE', #2890, #698, #3286, .T. ) ;
#3902 = VERTEX_POINT ( 'NONE', #1220 ) ;
#3903 = VERTEX_POINT ( 'NONE', #3604 ) ;
#3904 = LINE ( 'NONE', #1935, #426 ) ;
#3905 = CYLINDRICAL_SURFACE ( 'NONE', #2271, 0.3999999999999993006 ) ;
#3906 = CARTESIAN_POINT ( 'NONE',  ( 127.7500000000000000, -140.8000000000000114, 19.74725955611594230 ) ) ;
#3907 = DIRECTION ( 'NONE',  ( 0.000000000000000000, -1.000000000000000000, 0.000000000000000000 ) ) ;
#3908 = ORIENTED_EDGE ( 'NONE', *, *, #3836, .T. ) ;
#3909 = AXIS2_PLACEMENT_3D ( 'NONE', #4154, #2187, #550 ) ;
#3910 = ORIENTED_EDGE ( 'NONE', *, *, #1554, .T. ) ;
#3911 = DIRECTION ( 'NONE',  ( 0.000000000000000000, -1.000000000000000000, 0.000000000000000000 ) ) ;
#3912 = DIRECTION ( 'NONE',  ( 0.000000000000000000, 0.000000000000000000, -1.000000000000000000 ) ) ;
#3913 = AXIS2_PLACEMENT_3D ( 'NONE', #2467, #832, #2136 ) ;
#3914 = DIRECTION ( 'NONE',  ( -0.000000000000000000, -0.000000000000000000, 1.000000000000000000 ) ) ;
#3915 = ORIENTED_EDGE ( 'NONE', *, *, #2282, .F. ) ;
#3916 = AXIS2_PLACEMENT_3D ( 'NONE', #1302, #2654, #4397 ) ;
#3917 = ORIENTED_EDGE ( 'NONE', *, *, #458, .F. ) ;
#3918 = CARTESIAN_POINT ( 'NONE',  ( 127.7500000000000000, -140.8000000000000114, 8.747259556115935197 ) ) ;
#3919 = VECTOR ( 'NONE', #2683, 1000.000000000000000 ) ;
#3920 = VECTOR ( 'NONE', #100, 1000.000000000000000 ) ;
#3921 = CIRCLE ( 'NONE', #507, 1.299999999999995604 ) ;
#3922 = DIRECTION ( 'NONE',  ( 1.000000000000000000, 0.000000000000000000, -0.000000000000000000 ) ) ;
#3923 = DIRECTION ( 'NONE',  ( 0.3420201433256694901, -6.584375692234655887E-17, 0.9396926207859082059 ) ) ;
#3924 = CARTESIAN_POINT ( 'NONE',  ( 103.1551464216791771, -30.80000000000000071, 0.000000000000000000 ) ) ;
#3925 = EDGE_CURVE ( 'NONE', #3686, #2453, #2955, .T. ) ;
#3926 = ORIENTED_EDGE ( 'NONE', *, *, #3265, .T. ) ;
#3927 = EDGE_CURVE ( 'NONE', #311, #1858, #3626, .T. ) ;
#3928 = EDGE_LOOP ( 'NONE', ( #2539, #3917, #3436, #2470 ) ) ;
#3929 = DIRECTION ( 'NONE',  ( 0.000000000000000000, -1.000000000000000000, 0.000000000000000000 ) ) ;
#3930 = ORIENTED_EDGE ( 'NONE', *, *, #2530, .F. ) ;
#3931 = FACE_OUTER_BOUND ( 'NONE', #3101, .T. ) ;
#3932 = DIRECTION ( 'NONE',  ( 1.000000000000000000, -0.000000000000000000, -0.000000000000000000 ) ) ;
#3933 = DIRECTION ( 'NONE',  ( 0.000000000000000000, 0.000000000000000000, 1.000000000000000000 ) ) ;
#3934 = EDGE_CURVE ( 'NONE', #2210, #4312, #3327, .T. ) ;
#3935 = EDGE_LOOP ( 'NONE', ( #4304, #1483, #649, #4373 ) ) ;
#3936 = ORIENTED_EDGE ( 'NONE', *, *, #3021, .F. ) ;
#3937 = EDGE_CURVE ( 'NONE', #2186, #2381, #209, .T. ) ;
#3938 = CARTESIAN_POINT ( 'NONE',  ( 94.95000000000000284, -137.9999999999999716, 26.51000000000000156 ) ) ;
#3939 = CARTESIAN_POINT ( 'NONE',  ( 194.5000000000000000, -136.5000000000000000, 26.51000000000000156 ) ) ;
#3940 = DIRECTION ( 'NONE',  ( 1.555805808050947258E-16, -1.000000000000000000, 0.000000000000000000 ) ) ;
#3941 = AXIS2_PLACEMENT_3D ( 'NONE', #784, #856, #1500 ) ;
#3942 = ORIENTED_EDGE ( 'NONE', *, *, #659, .T. ) ;
#3943 = ORIENTED_EDGE ( 'NONE', *, *, #3677, .T. ) ;
#3944 = ORIENTED_EDGE ( 'NONE', *, *, #3988, .T. ) ;
#3945 = EDGE_CURVE ( 'NONE', #150, #3385, #4032, .T. ) ;
#3946 = SURFACE_STYLE_USAGE ( .BOTH. , #1890 ) ;
#3947 = LINE ( 'NONE', #3589, #3085 ) ;
#3948 = AXIS2_PLACEMENT_3D ( 'NONE', #2894, #4194, #2536 ) ;
#3949 = VECTOR ( 'NONE', #3687, 1000.000000000000000 ) ;
#3950 = CIRCLE ( 'NONE', #3147, 3.500000000000003109 ) ;
#3951 = ORIENTED_EDGE ( 'NONE', *, *, #2240, .T. ) ;
#3952 = DIRECTION ( 'NONE',  ( 0.000000000000000000, -1.000000000000000000, 0.000000000000000000 ) ) ;
#3953 = CARTESIAN_POINT ( 'NONE',  ( 187.1000000000000227, -36.39999999999999147, 28.11000000000000298 ) ) ;
#3954 = EDGE_CURVE ( 'NONE', #815, #936, #569, .T. ) ;
#3955 = CARTESIAN_POINT ( 'NONE',  ( 189.2500000000000000, -33.99999999999997868, 18.51000000000000156 ) ) ;
#3956 = ORIENTED_EDGE ( 'NONE', *, *, #4115, .F. ) ;
#3957 = ORIENTED_EDGE ( 'NONE', *, *, #3968, .T. ) ;
#3958 = EDGE_CURVE ( 'NONE', #4200, #1726, #186, .T. ) ;
#3959 = CARTESIAN_POINT ( 'NONE',  ( 190.0000000000000000, -38.89999999999999147, -8.490000000000000213 ) ) ;
#3960 = DIRECTION ( 'NONE',  ( 1.000000000000000000, 0.000000000000000000, 0.000000000000000000 ) ) ;
#3961 = DIRECTION ( 'NONE',  ( -0.000000000000000000, -0.000000000000000000, -1.000000000000000000 ) ) ;
#3962 = AXIS2_PLACEMENT_3D ( 'NONE', #4358, #626, #4374 ) ;
#3963 = ORIENTED_EDGE ( 'NONE', *, *, #239, .T. ) ;
#3964 = AXIS2_PLACEMENT_3D ( 'NONE', #3438, #3511, #2053 ) ;
#3965 = ORIENTED_EDGE ( 'NONE', *, *, #4196, .T. ) ;
#3966 = ORIENTED_EDGE ( 'NONE', *, *, #4058, .F. ) ;
#3967 = CIRCLE ( 'NONE', #3761, 6.400000000000007461 ) ;
#3968 = EDGE_CURVE ( 'NONE', #65, #2420, #2244, .T. ) ;
#3969 = DIRECTION ( 'NONE',  ( 1.217349807703022362E-16, -1.000000000000000000, 0.000000000000000000 ) ) ;
#3970 = PLANE ( 'NONE',  #3890 ) ;
#3971 = ORIENTED_EDGE ( 'NONE', *, *, #912, .T. ) ;
#3972 = LINE ( 'NONE', #201, #788 ) ;
#3973 = DIRECTION ( 'NONE',  ( -1.000000000000000000, 0.000000000000000000, 0.000000000000000000 ) ) ;
#3974 = AXIS2_PLACEMENT_3D ( 'NONE', #1086, #662, #2019 ) ;
#3975 = CARTESIAN_POINT ( 'NONE',  ( 184.6000000000000227, -36.39999999999999147, 28.11000000000000298 ) ) ;
#3976 = DIRECTION ( 'NONE',  ( 0.000000000000000000, 0.000000000000000000, 1.000000000000000000 ) ) ;
#3977 = VERTEX_POINT ( 'NONE', #628 ) ;
#3978 = ORIENTED_EDGE ( 'NONE', *, *, #3982, .F. ) ;
#3979 = PLANE ( 'NONE',  #205 ) ;
#3980 = DIRECTION ( 'NONE',  ( 0.000000000000000000, 0.000000000000000000, -1.000000000000000000 ) ) ;
#3981 = DIRECTION ( 'NONE',  ( -0.000000000000000000, -0.000000000000000000, 1.000000000000000000 ) ) ;
#3982 = EDGE_CURVE ( 'NONE', #2570, #4339, #552, .T. ) ;
#3983 = ORIENTED_EDGE ( 'NONE', *, *, #3925, .T. ) ;
#3984 = ORIENTED_EDGE ( 'NONE', *, *, #4388, .F. ) ;
#3985 = CARTESIAN_POINT ( 'NONE',  ( 194.5000000000000000, -40.50000000000000000, 23.51000000000000156 ) ) ;
#3986 = AXIS2_PLACEMENT_3D ( 'NONE', #1622, #3619, #4265 ) ;
#3987 = DIRECTION ( 'NONE',  ( 0.9396926207859082059, 0.000000000000000000, -0.3420201433256694901 ) ) ;
#3988 = EDGE_CURVE ( 'NONE', #1987, #1021, #3967, .T. ) ;
#3989 = EDGE_CURVE ( 'NONE', #2614, #491, #2401, .T. ) ;
#3990 = AXIS2_PLACEMENT_3D ( 'NONE', #3452, #1752, #1445 ) ;
#3991 = ORIENTED_EDGE ( 'NONE', *, *, #3009, .F. ) ;
#3992 = DIRECTION ( 'NONE',  ( 1.000000000000000000, -0.000000000000000000, -0.000000000000000000 ) ) ;
#3993 = LINE ( 'NONE', #1231, #58 ) ;
#3994 = DIRECTION ( 'NONE',  ( 0.000000000000000000, 0.000000000000000000, -1.000000000000000000 ) ) ;
#3995 = AXIS2_PLACEMENT_3D ( 'NONE', #780, #3178, #3764 ) ;
#3996 = CARTESIAN_POINT ( 'NONE',  ( 96.25000000000000000, -33.99999999999997868, 26.51000000000000156 ) ) ;
#3997 = ADVANCED_FACE ( 'NONE', ( #2591 ), #3666, .F. ) ;
#3998 = ORIENTED_EDGE ( 'NONE', *, *, #1426, .F. ) ;
#3999 = CIRCLE ( 'NONE', #720, 6.400000000000007461 ) ;
#4000 = EDGE_LOOP ( 'NONE', ( #2431, #1199, #2044, #1689 ) ) ;
#4001 = PLANE ( 'NONE',  #1449 ) ;
#4002 = CARTESIAN_POINT ( 'NONE',  ( 91.00000000000000000, -35.50000000000000711, -8.490000000000000213 ) ) ;
#4003 = CYLINDRICAL_SURFACE ( 'NONE', #3916, 1.350000000000004086 ) ;
#4004 = ORIENTED_EDGE ( 'NONE', *, *, #1729, .F. ) ;
#4005 = ORIENTED_EDGE ( 'NONE', *, *, #3813, .T. ) ;
#4006 = VECTOR ( 'NONE', #2490, 1000.000000000000000 ) ;
#4007 = DIRECTION ( 'NONE',  ( 0.000000000000000000, 0.000000000000000000, -1.000000000000000000 ) ) ;
#4008 = EDGE_CURVE ( 'NONE', #164, #3902, #4337, .T. ) ;
#4009 = EDGE_CURVE ( 'NONE', #425, #3902, #4122, .T. ) ;
#4010 = EDGE_CURVE ( 'NONE', #1335, #739, #886, .T. ) ;
#4011 = CARTESIAN_POINT ( 'NONE',  ( 98.00000000000001421, -133.1000000000000512, -8.490000000000000213 ) ) ;
#4012 = PLANE ( 'NONE',  #4319 ) ;
#4013 = ADVANCED_FACE ( 'NONE', ( #3646 ), #2236, .T. ) ;
#4014 = ORIENTED_EDGE ( 'NONE', *, *, #3615, .T. ) ;
#4015 = DIRECTION ( 'NONE',  ( 1.000000000000000000, 0.000000000000000000, -0.000000000000000000 ) ) ;
#4016 = CARTESIAN_POINT ( 'NONE',  ( 192.7000000000000171, -86.00000000000000000, 1.359999999999989662 ) ) ;
#4017 = LINE ( 'NONE', #2604, #1078 ) ;
#4018 = CARTESIAN_POINT ( 'NONE',  ( 103.4000000000000199, -138.5000000000000000, -8.490000000000000213 ) ) ;
#4019 = EDGE_LOOP ( 'NONE', ( #3108, #2898, #841, #3030, #11, #2962, #2358, #3585, #744, #2164, #3022, #3204, #286, #1698, #2677, #1275, #3606, #112, #1149, #598, #3965, #1594, #1666, #4040 ) ) ;
#4020 = VECTOR ( 'NONE', #1447, 1000.000000000000000 ) ;
#4021 = ORIENTED_EDGE ( 'NONE', *, *, #1155, .F. ) ;
#4022 = DIRECTION ( 'NONE',  ( 1.000000000000000000, 0.000000000000000000, 0.000000000000000000 ) ) ;
#4023 = VECTOR ( 'NONE', #2702, 1000.000000000000000 ) ;
#4024 = DIRECTION ( 'NONE',  ( -0.000000000000000000, -0.000000000000000000, -1.000000000000000000 ) ) ;
#4025 = DIRECTION ( 'NONE',  ( 1.000000000000000000, 0.000000000000000000, 0.000000000000000000 ) ) ;
#4026 = EDGE_LOOP ( 'NONE', ( #4112, #1714, #4061, #1365 ) ) ;
#4027 = ORIENTED_EDGE ( 'NONE', *, *, #3968, .F. ) ;
#4028 = DIRECTION ( 'NONE',  ( -1.000000000000000000, 0.000000000000000000, 0.000000000000000000 ) ) ;
#4029 = CIRCLE ( 'NONE', #2663, 6.099999999999994316 ) ;
#4030 = AXIS2_PLACEMENT_3D ( 'NONE', #1764, #1436, #2790 ) ;
#4031 = DIRECTION ( 'NONE',  ( 0.000000000000000000, 0.000000000000000000, -1.000000000000000000 ) ) ;
#4032 = CIRCLE ( 'NONE', #3384, 3.500000000000031086 ) ;
#4033 = DIRECTION ( 'NONE',  ( 1.000000000000000000, 0.000000000000000000, -0.000000000000000000 ) ) ;
#4034 = LINE ( 'NONE', #244, #3203 ) ;
#4035 = CARTESIAN_POINT ( 'NONE',  ( 99.43000000000002103, -135.6000000000000512, 28.11000000000000298 ) ) ;
#4036 = ADVANCED_FACE ( 'NONE', ( #2254 ), #4003, .F. ) ;
#4037 = PLANE ( 'NONE',  #4363 ) ;
#4038 = EDGE_CURVE ( 'NONE', #908, #654, #1983, .T. ) ;
#4039 = EDGE_LOOP ( 'NONE', ( #3963, #3529 ) ) ;
#4040 = ORIENTED_EDGE ( 'NONE', *, *, #3021, .T. ) ;
#4041 = DIRECTION ( 'NONE',  ( 0.000000000000000000, 0.000000000000000000, 1.000000000000000000 ) ) ;
#4042 = DIRECTION ( 'NONE',  ( 0.3236155771181852825, 0.8891264907159880382, -0.3236155771181852825 ) ) ;
#4043 = DIRECTION ( 'NONE',  ( -0.000000000000000000, -0.000000000000000000, -1.000000000000000000 ) ) ;
#4044 = ORIENTED_EDGE ( 'NONE', *, *, #523, .F. ) ;
#4045 = EDGE_LOOP ( 'NONE', ( #2583, #695, #3281, #2996 ) ) ;
#4046 = DIRECTION ( 'NONE',  ( 0.000000000000000000, 0.000000000000000000, 1.000000000000000000 ) ) ;
#4047 = VERTEX_POINT ( 'NONE', #2043 ) ;
#4049 = CIRCLE ( 'NONE', #48, 2.500000000000002220 ) ;
#4048 = DIRECTION ( 'NONE',  ( -0.3420201433256694901, -0.9396926207859082059, 0.000000000000000000 ) ) ;
#4050 = CARTESIAN_POINT ( 'NONE',  ( 190.4000000000000057, -86.00000000000000000, 1.759999999999989795 ) ) ;
#4051 = VECTOR ( 'NONE', #2447, 1000.000000000000000 ) ;
#4052 = CIRCLE ( 'NONE', #2123, 2.500000000000002220 ) ;
#4053 = DIRECTION ( 'NONE',  ( 1.000000000000000000, 0.000000000000000000, 0.000000000000000000 ) ) ;
#4054 = DIRECTION ( 'NONE',  ( 1.000000000000000000, 0.000000000000000000, 0.000000000000000000 ) ) ;
#4055 = FACE_OUTER_BOUND ( 'NONE', #78, .T. ) ;
#4056 = DIRECTION ( 'NONE',  ( 0.9396926207859082059, 0.3420201433256694901, 0.000000000000000000 ) ) ;
#4057 = SHAPE_DEFINITION_REPRESENTATION ( #1524, #403 ) ;
#4058 = EDGE_CURVE ( 'NONE', #936, #4320, #1213, .T. ) ;
#4059 = AXIS2_PLACEMENT_3D ( 'NONE', #2036, #3399, #4098 ) ;
#4060 = EDGE_CURVE ( 'NONE', #2570, #2111, #991, .T. ) ;
#4061 = ORIENTED_EDGE ( 'NONE', *, *, #4335, .T. ) ;
#4062 = ORIENTED_EDGE ( 'NONE', *, *, #1001, .T. ) ;
#4063 = FACE_OUTER_BOUND ( 'NONE', #1482, .T. ) ;
#4064 = CIRCLE ( 'NONE', #996, 0.3999999999999993006 ) ;
#4065 = FACE_OUTER_BOUND ( 'NONE', #2028, .T. ) ;
#4066 = PLANE ( 'NONE',  #635 ) ;
#4067 = EDGE_CURVE ( 'NONE', #4176, #4047, #858, .T. ) ;
#4068 = ORIENTED_EDGE ( 'NONE', *, *, #2005, .F. ) ;
#4069 = ADVANCED_FACE ( 'NONE', ( #2693 ), #4066, .F. ) ;
#4070 = VERTEX_POINT ( 'NONE', #3768 ) ;
#4071 = DIRECTION ( 'NONE',  ( 0.000000000000000000, 0.000000000000000000, -1.000000000000000000 ) ) ;
#4072 = LINE ( 'NONE', #679, #3377 ) ;
#4073 = ADVANCED_FACE ( 'NONE', ( #2088 ), #2713, .F. ) ;
#4074 = DIRECTION ( 'NONE',  ( 1.000000000000000000, 0.000000000000000000, 0.000000000000000000 ) ) ;
#4075 = LINE ( 'NONE', #2367, #2082 ) ;
#4076 = CARTESIAN_POINT ( 'NONE',  ( 189.2500000000000000, -33.99999999999997868, 26.51000000000000156 ) ) ;
#4077 = FACE_OUTER_BOUND ( 'NONE', #614, .T. ) ;
#4078 = CARTESIAN_POINT ( 'NONE',  ( 164.8999999999999773, -102.0000000000000142, 0.5099999999999983435 ) ) ;
#4079 = EDGE_LOOP ( 'NONE', ( #3971, #1241, #1029, #1837 ) ) ;
#4080 = EDGE_CURVE ( 'NONE', #1493, #400, #1320, .T. ) ;
#4081 = ORIENTED_EDGE ( 'NONE', *, *, #402, .F. ) ;
#4082 = CARTESIAN_POINT ( 'NONE',  ( 187.1000000000000227, -36.39999999999999147, -8.490000000000000213 ) ) ;
#4083 = CARTESIAN_POINT ( 'NONE',  ( 184.6000000000000227, -36.00000000000000711, -8.490000000000000213 ) ) ;
#4084 = CARTESIAN_POINT ( 'NONE',  ( 164.8999999999999773, -39.00000000000000000, 0.5099999999999983435 ) ) ;
#4085 = VECTOR ( 'NONE', #2735, 1000.000000000000000 ) ;
#4086 = ORIENTED_EDGE ( 'NONE', *, *, #3173, .T. ) ;
#4087 = TOROIDAL_SURFACE ( 'NONE', #3664, 6.099999999999999645, 0.4000000000000000222 ) ;
#4088 = AXIS2_PLACEMENT_3D ( 'NONE', #46, #1435, #1080 ) ;
#4089 = ORIENTED_EDGE ( 'NONE', *, *, #174, .T. ) ;
#4090 = CARTESIAN_POINT ( 'NONE',  ( 104.0499999999999829, -102.0000000000000142, -8.490000000000000213 ) ) ;
#4091 = VERTEX_POINT ( 'NONE', #3455 ) ;
#4092 = ORIENTED_EDGE ( 'NONE', *, *, #2287, .T. ) ;
#4093 = DIRECTION ( 'NONE',  ( 0.000000000000000000, -0.000000000000000000, 1.000000000000000000 ) ) ;
#4094 = AXIS2_PLACEMENT_3D ( 'NONE', #4235, #3922, #1180 ) ;
#4095 = VECTOR ( 'NONE', #763, 1000.000000000000000 ) ;
#4096 = VECTOR ( 'NONE', #1951, 1000.000000000000000 ) ;
#4097 = DIRECTION ( 'NONE',  ( -0.000000000000000000, -0.000000000000000000, -1.000000000000000000 ) ) ;
#4098 = DIRECTION ( 'NONE',  ( 1.000000000000000000, 0.000000000000000000, -0.000000000000000000 ) ) ;
#4099 = DIRECTION ( 'NONE',  ( -1.000000000000000000, 0.000000000000000000, 0.000000000000000000 ) ) ;
#4100 = PLANE ( 'NONE',  #3766 ) ;
#4101 = EDGE_LOOP ( 'NONE', ( #2001, #3930, #911, #3067 ) ) ;
#4102 = EDGE_LOOP ( 'NONE', ( #942, #868, #2869, #382 ) ) ;
#4103 = DIRECTION ( 'NONE',  ( -1.000000000000000000, 0.000000000000000000, 0.000000000000000000 ) ) ;
#4104 = CARTESIAN_POINT ( 'NONE',  ( 106.7500000000000000, -39.00000000000000000, 0.5099999999999983435 ) ) ;
#4105 = DIRECTION ( 'NONE',  ( 0.000000000000000000, 0.000000000000000000, 1.000000000000000000 ) ) ;
#4106 = ORIENTED_EDGE ( 'NONE', *, *, #700, .T. ) ;
#4107 = TOROIDAL_SURFACE ( 'NONE', #4257, 6.099999999999999645, 0.4000000000000000222 ) ;
#4108 = ORIENTED_EDGE ( 'NONE', *, *, #3791, .F. ) ;
#4109 = CARTESIAN_POINT ( 'NONE',  ( 183.0000000000000000, -143.0000000000000284, -7.990000000000000213 ) ) ;
#4110 = ADVANCED_FACE ( 'NONE', ( #1754 ), #3697, .T. ) ;
#4111 = ADVANCED_FACE ( 'NONE', ( #2335 ), #2737, .T. ) ;
#4112 = ORIENTED_EDGE ( 'NONE', *, *, #1785, .F. ) ;
#4113 = VERTEX_POINT ( 'NONE', #1025 ) ;
#4114 = DIRECTION ( 'NONE',  ( 0.000000000000000000, 0.000000000000000000, 1.000000000000000000 ) ) ;
#4115 = EDGE_CURVE ( 'NONE', #1641, #4255, #3431, .T. ) ;
#4116 = DIRECTION ( 'NONE',  ( 0.000000000000000000, -1.000000000000000000, 0.000000000000000000 ) ) ;
#4117 = VECTOR ( 'NONE', #2803, 1000.000000000000000 ) ;
#4118 = DIRECTION ( 'NONE',  ( -0.000000000000000000, -0.000000000000000000, -1.000000000000000000 ) ) ;
#4119 = CARTESIAN_POINT ( 'NONE',  ( 164.8999999999999773, -39.00000000000000000, 0.5099999999999983435 ) ) ;
#4120 = EDGE_CURVE ( 'NONE', #2937, #1401, #416, .T. ) ;
#4121 = DIRECTION ( 'NONE',  ( 0.000000000000000000, 1.000000000000000000, 0.000000000000000000 ) ) ;
#4122 = CIRCLE ( 'NONE', #2194, 3.500000000000031086 ) ;
#4123 = ORIENTED_EDGE ( 'NONE', *, *, #1245, .F. ) ;
#4124 = ORIENTED_EDGE ( 'NONE', *, *, #1471, .F. ) ;
#4125 = CARTESIAN_POINT ( 'NONE',  ( 188.0000000000000000, -136.5000000000000000, -8.490000000000000213 ) ) ;
#4126 = CIRCLE ( 'NONE', #1699, 6.400000000000006573 ) ;
#4127 = EDGE_CURVE ( 'NONE', #3548, #560, #35, .T. ) ;
#4128 = AXIS2_PLACEMENT_3D ( 'NONE', #1467, #77, #4164 ) ;
#4129 = DIRECTION ( 'NONE',  ( 0.000000000000000000, 0.000000000000000000, -1.000000000000000000 ) ) ;
#4130 = DIRECTION ( 'NONE',  ( 0.000000000000000000, 0.000000000000000000, -1.000000000000000000 ) ) ;
#4131 = AXIS2_PLACEMENT_3D ( 'NONE', #3522, #1164, #3179 ) ;
#4132 = VERTEX_POINT ( 'NONE', #2355 ) ;
#4133 = ORIENTED_EDGE ( 'NONE', *, *, #2721, .F. ) ;
#4134 = DIRECTION ( 'NONE',  ( 1.000000000000000000, 0.000000000000000000, 0.000000000000000000 ) ) ;
#4135 = VECTOR ( 'NONE', #2528, 1000.000000000000000 ) ;
#4136 = VERTEX_POINT ( 'NONE', #671 ) ;
#4137 = VERTEX_POINT ( 'NONE', #3707 ) ;
#4138 = EDGE_CURVE ( 'NONE', #1823, #3507, #4052, .T. ) ;
#4139 = CARTESIAN_POINT ( 'NONE',  ( 103.4000000000000199, -139.9699999999999989, 28.11000000000000298 ) ) ;
#4140 = LINE ( 'NONE', #1081, #467 ) ;
#4141 = CARTESIAN_POINT ( 'NONE',  ( 183.0000000000000000, -143.0000000000000284, 23.51000000000000156 ) ) ;
#4142 = CARTESIAN_POINT ( 'NONE',  ( 91.40000000000001990, -136.5000000000000000, -10.99000000000000199 ) ) ;
#4143 = CIRCLE ( 'NONE', #519, 0.3999999999999999667 ) ;
#4144 = CYLINDRICAL_SURFACE ( 'NONE', #3974, 2.500000000000002220 ) ;
#4145 = CARTESIAN_POINT ( 'NONE',  ( 95.50000000000000000, -38.90000000000000568, -8.490000000000000213 ) ) ;
#4146 = ORIENTED_EDGE ( 'NONE', *, *, #4120, .F. ) ;
#4147 = ORIENTED_EDGE ( 'NONE', *, *, #4332, .F. ) ;
#4148 = CARTESIAN_POINT ( 'NONE',  ( 190.0000000000000000, -110.9999999999999858, 1.359999999999984555 ) ) ;
#4149 = CARTESIAN_POINT ( 'NONE',  ( 161.3999999999999488, -39.00000000000000000, 0.5099999999999983435 ) ) ;
#4150 = CARTESIAN_POINT ( 'NONE',  ( 103.4000000000000057, -33.50000000000000000, 28.11000000000000298 ) ) ;
#4151 = LINE ( 'NONE', #2782, #4051 ) ;
#4152 = ORIENTED_EDGE ( 'NONE', *, *, #2616, .F. ) ;
#4153 = ORIENTED_EDGE ( 'NONE', *, *, #3427, .F. ) ;
#4154 = CARTESIAN_POINT ( 'NONE',  ( 164.8999999999999773, -102.0000000000000142, -8.490000000000000213 ) ) ;
#4155 = EDGE_CURVE ( 'NONE', #3887, #2920, #211, .T. ) ;
#4156 = ORIENTED_EDGE ( 'NONE', *, *, #157, .T. ) ;
#4157 = VERTEX_POINT ( 'NONE', #3366 ) ;
#4158 = DIRECTION ( 'NONE',  ( 0.000000000000000000, 0.000000000000000000, -1.000000000000000000 ) ) ;
#4159 = CARTESIAN_POINT ( 'NONE',  ( 99.43000000000002103, -136.0000000000000000, 28.11000000000000298 ) ) ;
#4160 = CARTESIAN_POINT ( 'NONE',  ( 103.4000000000000199, -136.0000000000000000, 28.11000000000000298 ) ) ;
#4161 = CARTESIAN_POINT ( 'NONE',  ( 192.7000000000000171, -60.99999999999999289, 7.760000000000000675 ) ) ;
#4162 = DIRECTION ( 'NONE',  ( -0.000000000000000000, -0.000000000000000000, 1.000000000000000000 ) ) ;
#4163 = EDGE_CURVE ( 'NONE', #1315, #721, #1842, .T. ) ;
#4164 = DIRECTION ( 'NONE',  ( 1.000000000000000000, 0.000000000000000000, 0.000000000000000000 ) ) ;
#4165 = AXIS2_PLACEMENT_3D ( 'NONE', #3247, #3224, #3515 ) ;
#4166 = VECTOR ( 'NONE', #2620, 1000.000000000000000 ) ;
#4167 = ORIENTED_EDGE ( 'NONE', *, *, #4127, .T. ) ;
#4168 = ORIENTED_EDGE ( 'NONE', *, *, #2607, .F. ) ;
#4169 = DIRECTION ( 'NONE',  ( 1.000000000000000000, -0.000000000000000000, 0.000000000000000000 ) ) ;
#4170 = ADVANCED_FACE ( 'NONE', ( #693 ), #3790, .T. ) ;
#4171 = LINE ( 'NONE', #1424, #1221 ) ;
#4172 = DIRECTION ( 'NONE',  ( 0.000000000000000000, 0.000000000000000000, 1.000000000000000000 ) ) ;
#4173 = AXIS2_PLACEMENT_3D ( 'NONE', #4315, #3261, #3690 ) ;
#4174 = LINE ( 'NONE', #497, #4197 ) ;
#4175 = VERTEX_POINT ( 'NONE', #785 ) ;
#4176 = VERTEX_POINT ( 'NONE', #2491 ) ;
#4177 = LINE ( 'NONE', #1121, #4095 ) ;
#4178 = DIRECTION ( 'NONE',  ( 1.000000000000000000, 0.000000000000000000, 0.000000000000000000 ) ) ;
#4179 = EDGE_CURVE ( 'NONE', #3, #311, #2906, .T. ) ;
#4180 = VERTEX_POINT ( 'NONE', #1778 ) ;
#4181 = ORIENTED_EDGE ( 'NONE', *, *, #1160, .T. ) ;
#4182 = AXIS2_PLACEMENT_3D ( 'NONE', #2517, #1194, #836 ) ;
#4183 = DIRECTION ( 'NONE',  ( 0.000000000000000000, 0.000000000000000000, -1.000000000000000000 ) ) ;
#4184 = DIRECTION ( 'NONE',  ( -1.000000000000000000, -0.000000000000000000, -0.000000000000000000 ) ) ;
#4185 = PLANE ( 'NONE',  #2724 ) ;
#4186 = FACE_BOUND ( 'NONE', #417, .T. ) ;
#4187 = FACE_OUTER_BOUND ( 'NONE', #2190, .T. ) ;
#4188 = CARTESIAN_POINT ( 'NONE',  ( 187.5000000000000000, -130.6000000000000227, 28.11000000000000298 ) ) ;
#4189 = EDGE_LOOP ( 'NONE', ( #3829, #1512, #2507, #1216 ) ) ;
#4190 = VERTEX_POINT ( 'NONE', #1853 ) ;
#4191 = CYLINDRICAL_SURFACE ( 'NONE', #994, 3.970000000000001528 ) ;
#4192 = CARTESIAN_POINT ( 'NONE',  ( 90.85613240878794272, -40.44763647912323279, -8.042363520876769201 ) ) ;
#4193 = EDGE_CURVE ( 'NONE', #3686, #1505, #2110, .T. ) ;
#4194 = DIRECTION ( 'NONE',  ( 1.000000000000000000, 0.000000000000000000, 0.000000000000000000 ) ) ;
#4195 = DIRECTION ( 'NONE',  ( 0.000000000000000000, 0.000000000000000000, 1.000000000000000000 ) ) ;
#4196 = EDGE_CURVE ( 'NONE', #4326, #1823, #3860, .T. ) ;
#4197 = VECTOR ( 'NONE', #109, 1000.000000000000000 ) ;
#4198 = ORIENTED_EDGE ( 'NONE', *, *, #3958, .F. ) ;
#4199 = VECTOR ( 'NONE', #1957, 1000.000000000000000 ) ;
#4200 = VERTEX_POINT ( 'NONE', #3834 ) ;
#4201 = CARTESIAN_POINT ( 'NONE',  ( 106.7500000000000000, -102.0000000000000142, 0.5099999999999983435 ) ) ;
#4202 = ADVANCED_FACE ( 'NONE', ( #448 ), #1343, .T. ) ;
#4203 = DIRECTION ( 'NONE',  ( -0.000000000000000000, -0.000000000000000000, -1.000000000000000000 ) ) ;
#4204 = CARTESIAN_POINT ( 'NONE',  ( 103.4000000000000199, -138.5000000000000000, 28.11000000000000298 ) ) ;
#4205 = AXIS2_PLACEMENT_3D ( 'NONE', #830, #495, #153 ) ;
#4206 = ADVANCED_FACE ( 'NONE', ( #155 ), #2537, .T. ) ;
#4207 = ORIENTED_EDGE ( 'NONE', *, *, #4306, .F. ) ;
#4208 = DIRECTION ( 'NONE',  ( -1.555805808050947504E-16, 1.000000000000000000, 0.000000000000000000 ) ) ;
#4209 = CIRCLE ( 'NONE', #1857, 0.3999999999999993006 ) ;
#4210 = CYLINDRICAL_SURFACE ( 'NONE', #611, 2.500000000000002220 ) ;
#4211 = AXIS2_PLACEMENT_3D ( 'NONE', #3069, #990, #4423 ) ;
#4212 = EDGE_CURVE ( 'NONE', #1386, #3115, #1522, .T. ) ;
#4213 = DIRECTION ( 'NONE',  ( 0.000000000000000000, 0.000000000000000000, 1.000000000000000000 ) ) ;
#4214 = FACE_OUTER_BOUND ( 'NONE', #2083, .T. ) ;
#4215 = DIRECTION ( 'NONE',  ( 0.3420201433256694901, 0.9396926207859082059, 0.000000000000000000 ) ) ;
#4216 = CARTESIAN_POINT ( 'NONE',  ( 190.4000000000000057, -86.00000000000000000, 7.759999999999996234 ) ) ;
#4217 = VERTEX_POINT ( 'NONE', #3157 ) ;
#4218 = CIRCLE ( 'NONE', #2066, 3.500000000000003109 ) ;
#4219 = ORIENTED_EDGE ( 'NONE', *, *, #1907, .F. ) ;
#4220 = DIRECTION ( 'NONE',  ( 0.000000000000000000, 0.000000000000000000, 1.000000000000000000 ) ) ;
#4221 = DIRECTION ( 'NONE',  ( 1.000000000000000000, 0.000000000000000000, 0.000000000000000000 ) ) ;
#4222 = CARTESIAN_POINT ( 'NONE',  ( 188.0000000000000000, -136.5000000000000000, -8.490000000000000213 ) ) ;
#4223 = DIRECTION ( 'NONE',  ( -0.000000000000000000, -0.000000000000000000, -1.000000000000000000 ) ) ;
#4224 = ORIENTED_EDGE ( 'NONE', *, *, #1093, .F. ) ;
#4225 = ORIENTED_EDGE ( 'NONE', *, *, #1907, .T. ) ;
#4226 = DIRECTION ( 'NONE',  ( 1.000000000000000000, 0.000000000000000000, 0.000000000000000000 ) ) ;
#4227 = CARTESIAN_POINT ( 'NONE',  ( 182.1000000000000227, -36.00000000000000711, -8.490000000000000213 ) ) ;
#4228 = CYLINDRICAL_SURFACE ( 'NONE', #3814, 3.500000000000003109 ) ;
#4229 = ORIENTED_EDGE ( 'NONE', *, *, #1234, .T. ) ;
#4230 = ORIENTED_EDGE ( 'NONE', *, *, #3334, .T. ) ;
#4231 = EDGE_CURVE ( 'NONE', #929, #2718, #4174, .T. ) ;
#4232 = LINE ( 'NONE', #1839, #4303 ) ;
#4233 = CIRCLE ( 'NONE', #954, 1.350000000000017852 ) ;
#4234 = VECTOR ( 'NONE', #3802, 1000.000000000000000 ) ;
#4235 = CARTESIAN_POINT ( 'NONE',  ( 190.4000000000000057, -60.99999999999999289, 7.760000000000000675 ) ) ;
#4236 = FACE_OUTER_BOUND ( 'NONE', #219, .T. ) ;
#4237 = LINE ( 'NONE', #124, #510 ) ;
#4238 = FACE_BOUND ( 'NONE', #652, .T. ) ;
#4239 = ORIENTED_EDGE ( 'NONE', *, *, #2804, .T. ) ;
#4240 = ORIENTED_EDGE ( 'NONE', *, *, #3937, .F. ) ;
#4241 = CARTESIAN_POINT ( 'NONE',  ( 100.9000000000000057, -33.50000000000000000, -8.490000000000000213 ) ) ;
#4242 = CARTESIAN_POINT ( 'NONE',  ( 184.6000000000000227, -36.00000000000000711, 28.11000000000000298 ) ) ;
#4243 = LINE ( 'NONE', #107, #1297 ) ;
#4244 = DIRECTION ( 'NONE',  ( 0.000000000000000000, 0.000000000000000000, -1.000000000000000000 ) ) ;
#4245 = ORIENTED_EDGE ( 'NONE', *, *, #102, .T. ) ;
#4246 = AXIS2_PLACEMENT_3D ( 'NONE', #4401, #613, #2321 ) ;
#4247 = EDGE_LOOP ( 'NONE', ( #4089, #3856, #767, #1077 ) ) ;
#4248 = VECTOR ( 'NONE', #3489, 1000.000000000000000 ) ;
#4249 = CARTESIAN_POINT ( 'NONE',  ( 192.7000000000000171, -41.15514642167917003, -7.334853578320836398 ) ) ;
#4250 = DIRECTION ( 'NONE',  ( -0.000000000000000000, -0.000000000000000000, -1.000000000000000000 ) ) ;
#4251 = LINE ( 'NONE', #1146, #749 ) ;
#4252 = ORIENTED_EDGE ( 'NONE', *, *, #199, .F. ) ;
#4253 = EDGE_LOOP ( 'NONE', ( #358, #2144, #4421, #2163 ) ) ;
#4254 = ADVANCED_FACE ( 'NONE', ( #424 ), #2874, .F. ) ;
#4255 = VERTEX_POINT ( 'NONE', #1191 ) ;
#4256 = EDGE_CURVE ( 'NONE', #2381, #4326, #568, .T. ) ;
#4257 = AXIS2_PLACEMENT_3D ( 'NONE', #1508, #3912, #2188 ) ;
#4258 = DIRECTION ( 'NONE',  ( 0.000000000000000000, -1.000000000000000000, 0.000000000000000000 ) ) ;
#4259 = FACE_OUTER_BOUND ( 'NONE', #2778, .T. ) ;
#4260 = DIRECTION ( 'NONE',  ( 1.000000000000000000, -0.000000000000000000, -0.000000000000000000 ) ) ;
#4261 = EDGE_CURVE ( 'NONE', #2688, #311, #474, .T. ) ;
#4262 = EDGE_LOOP ( 'NONE', ( #3629, #1824, #2709, #667, #349, #2315, #3648, #3315 ) ) ;
#4263 = ORIENTED_EDGE ( 'NONE', *, *, #3271, .T. ) ;
#4264 = DIRECTION ( 'NONE',  ( 6.938893903907512368E-14, -1.000000000000000000, 0.000000000000000000 ) ) ;
#4265 = DIRECTION ( 'NONE',  ( 0.000000000000000000, -0.000000000000000000, -1.000000000000000000 ) ) ;
#4266 = CARTESIAN_POINT ( 'NONE',  ( 96.25000000000000000, -33.99999999999997868, 18.51000000000000156 ) ) ;
#4267 = DIRECTION ( 'NONE',  ( 1.000000000000000000, 0.000000000000000000, 0.000000000000000000 ) ) ;
#4268 = ORIENTED_EDGE ( 'NONE', *, *, #2821, .F. ) ;
#4269 = ORIENTED_EDGE ( 'NONE', *, *, #1638, .F. ) ;
#4270 = EDGE_CURVE ( 'NONE', #2845, #3139, #2828, .T. ) ;
#4271 = CARTESIAN_POINT ( 'NONE',  ( 127.7500000000000000, -137.2000000000000171, 8.747259556115935197 ) ) ;
#4272 = CYLINDRICAL_SURFACE ( 'NONE', #839, 2.500000000000002220 ) ;
#4273 = AXIS2_PLACEMENT_3D ( 'NONE', #1501, #3106, #83 ) ;
#4274 = DIRECTION ( 'NONE',  ( -0.000000000000000000, -0.000000000000000000, -1.000000000000000000 ) ) ;
#4275 = EDGE_LOOP ( 'NONE', ( #548, #1693, #4414, #2078 ) ) ;
#4276 = VECTOR ( 'NONE', #4043, 1000.000000000000000 ) ;
#4277 = VERTEX_POINT ( 'NONE', #1139 ) ;
#4278 = ORIENTED_EDGE ( 'NONE', *, *, #3708, .F. ) ;
#4279 = AXIS2_PLACEMENT_3D ( 'NONE', #3149, #1464, #2195 ) ;
#4280 = AXIS2_PLACEMENT_3D ( 'NONE', #3058, #8, #1373 ) ;
#4281 = EDGE_CURVE ( 'NONE', #2393, #3115, #807, .T. ) ;
#4282 = AXIS2_PLACEMENT_3D ( 'NONE', #854, #3206, #1163 ) ;
#4283 = FILL_AREA_STYLE ('',( #1555 ) ) ;
#4284 = DIRECTION ( 'NONE',  ( 0.000000000000000000, 0.000000000000000000, 1.000000000000000000 ) ) ;
#4285 = ADVANCED_FACE ( 'NONE', ( #525 ), #1166, .T. ) ;
#4286 = ORIENTED_EDGE ( 'NONE', *, *, #330, .T. ) ;
#4287 = DIRECTION ( 'NONE',  ( 1.000000000000000000, -0.000000000000000000, -0.000000000000000000 ) ) ;
#4288 = LINE ( 'NONE', #179, #993 ) ;
#4289 = DIRECTION ( 'NONE',  ( 0.000000000000000000, 0.000000000000000000, -1.000000000000000000 ) ) ;
#4290 = DIRECTION ( 'NONE',  ( 1.000000000000000000, 0.000000000000000000, 0.000000000000000000 ) ) ;
#4291 = ORIENTED_EDGE ( 'NONE', *, *, #4386, .F. ) ;
#4292 = ORIENTED_EDGE ( 'NONE', *, *, #3792, .T. ) ;
#4293 = EDGE_CURVE ( 'NONE', #1386, #1612, #492, .T. ) ;
#4294 = CARTESIAN_POINT ( 'NONE',  ( 187.1000000000000227, -135.6000000000000227, 28.11000000000000298 ) ) ;
#4295 = DIRECTION ( 'NONE',  ( -1.217349807703022362E-16, 1.000000000000000000, 1.143773720424268541E-16 ) ) ;
#4296 = DIRECTION ( 'NONE',  ( 1.000000000000000000, 0.000000000000000000, 0.000000000000000000 ) ) ;
#4297 = EDGE_LOOP ( 'NONE', ( #3599, #2787, #2963, #3618 ) ) ;
#4298 = EDGE_LOOP ( 'NONE', ( #4123, #1477, #3647, #3763 ) ) ;
#4299 = CARTESIAN_POINT ( 'NONE',  ( 100.9000000000000057, -36.00000000000000711, 28.11000000000000298 ) ) ;
#4300 = FACE_OUTER_BOUND ( 'NONE', #4039, .T. ) ;
#4301 = DIRECTION ( 'NONE',  ( 0.000000000000000000, 0.000000000000000000, 1.000000000000000000 ) ) ;
#4302 = AXIS2_PLACEMENT_3D ( 'NONE', #2982, #3348, #2652 ) ;
#4303 = VECTOR ( 'NONE', #3510, 1000.000000000000000 ) ;
#4304 = ORIENTED_EDGE ( 'NONE', *, *, #2100, .T. ) ;
#4305 = DIRECTION ( 'NONE',  ( -1.000000000000000000, 0.000000000000000000, 0.000000000000000000 ) ) ;
#4306 = EDGE_CURVE ( 'NONE', #3062, #1914, #4151, .T. ) ;
#4307 = ORIENTED_EDGE ( 'NONE', *, *, #2310, .F. ) ;
#4308 = DIRECTION ( 'NONE',  ( 1.000000000000000000, -0.000000000000000000, 0.000000000000000000 ) ) ;
#4309 = CYLINDRICAL_SURFACE ( 'NONE', #2783, 6.000000000000006217 ) ;
#4310 = DIRECTION ( 'NONE',  ( 1.000000000000000000, 0.000000000000000000, 0.000000000000000000 ) ) ;
#4311 = VERTEX_POINT ( 'NONE', #3598 ) ;
#4312 = VERTEX_POINT ( 'NONE', #3621 ) ;
#4313 = LINE ( 'NONE', #1904, #1340 ) ;
#4314 = LINE ( 'NONE', #4002, #813 ) ;
#4315 = CARTESIAN_POINT ( 'NONE',  ( 103.4000000000000057, -36.00000000000000711, 28.11000000000000298 ) ) ;
#4316 = CIRCLE ( 'NONE', #2374, 1.299999999999995604 ) ;
#4317 = VECTOR ( 'NONE', #2716, 1000.000000000000000 ) ;
#4318 = EDGE_LOOP ( 'NONE', ( #298, #1356, #4286, #3854 ) ) ;
#4319 = AXIS2_PLACEMENT_3D ( 'NONE', #2306, #284, #3675 ) ;
#4320 = VERTEX_POINT ( 'NONE', #1585 ) ;
#4321 = EDGE_CURVE ( 'NONE', #2602, #1242, #2265, .T. ) ;
#4322 = VECTOR ( 'NONE', #2901, 1000.000000000000000 ) ;
#4323 = LINE ( 'NONE', #3631, #1669 ) ;
#4324 = EDGE_CURVE ( 'NONE', #2688, #1048, #1212, .T. ) ;
#4325 = LINE ( 'NONE', #515, #4166 ) ;
#4326 = VERTEX_POINT ( 'NONE', #4018 ) ;
#4327 = DIRECTION ( 'NONE',  ( 1.000000000000000000, 0.000000000000000000, 0.000000000000000000 ) ) ;
#4328 = CARTESIAN_POINT ( 'NONE',  ( 168.4000000000000341, -39.00000000000000000, 0.5099999999999983435 ) ) ;
#4329 = CIRCLE ( 'NONE', #1118, 1.350000000000017852 ) ;
#4330 = LINE ( 'NONE', #2626, #3134 ) ;
#4331 = ORIENTED_EDGE ( 'NONE', *, *, #4406, .F. ) ;
#4332 = EDGE_CURVE ( 'NONE', #2154, #3870, #3186, .T. ) ;
#4333 = EDGE_CURVE ( 'NONE', #2296, #1879, #182, .T. ) ;
#4334 = VERTEX_POINT ( 'NONE', #2563 ) ;
#4335 = EDGE_CURVE ( 'NONE', #4379, #192, #2192, .T. ) ;
#4336 = DIRECTION ( 'NONE',  ( -1.000000000000000000, 0.000000000000000000, 0.000000000000000000 ) ) ;
#4337 = LINE ( 'NONE', #4360, #2692 ) ;
#4338 = ORIENTED_EDGE ( 'NONE', *, *, #4281, .F. ) ;
#4339 = VERTEX_POINT ( 'NONE', #881 ) ;
#4340 = EDGE_CURVE ( 'NONE', #4320, #936, #1978, .T. ) ;
#4341 = PLANE ( 'NONE',  #1510 ) ;
#4342 = AXIS2_PLACEMENT_3D ( 'NONE', #1380, #4377, #1052 ) ;
#4343 = PLANE ( 'NONE',  #2941 ) ;
#4344 = AXIS2_PLACEMENT_3D ( 'NONE', #1819, #1489, #50 ) ;
#4345 = TOROIDAL_SURFACE ( 'NONE', #137, 11.40000000000000568, 0.4000000000000000222 ) ;
#4346 = LINE ( 'NONE', #2723, #546 ) ;
#4347 = CIRCLE ( 'NONE', #4131, 1.030000000000003135 ) ;
#4348 = EDGE_LOOP ( 'NONE', ( #4229, #3702, #894, #1620 ) ) ;
#4349 = DIRECTION ( 'NONE',  ( 1.000000000000000000, 0.000000000000000000, 0.000000000000000000 ) ) ;
#4350 = DIRECTION ( 'NONE',  ( 0.000000000000000000, 1.000000000000000000, -1.224646799147353207E-16 ) ) ;
#4351 = VECTOR ( 'NONE', #1769, 1000.000000000000000 ) ;
#4352 = PLANE ( 'NONE',  #655 ) ;
#4353 = AXIS2_PLACEMENT_3D ( 'NONE', #3129, #470, #1378 ) ;
#4354 = LINE ( 'NONE', #1624, #3757 ) ;
#4355 = ORIENTED_EDGE ( 'NONE', *, *, #1743, .F. ) ;
#4356 = VECTOR ( 'NONE', #3244, 1000.000000000000000 ) ;
#4357 = ORIENTED_EDGE ( 'NONE', *, *, #1082, .F. ) ;
#4358 = CARTESIAN_POINT ( 'NONE',  ( 91.00000000000000000, -29.00000000000000000, -8.490000000000000213 ) ) ;
#4359 = CARTESIAN_POINT ( 'NONE',  ( 127.7500000000000000, -138.9000000000000341, 8.747259556115935197 ) ) ;
#4360 = CARTESIAN_POINT ( 'NONE',  ( 161.3999999999999488, -102.0000000000000142, 0.5099999999999983435 ) ) ;
#4361 = ORIENTED_EDGE ( 'NONE', *, *, #1911, .F. ) ;
#4362 = ORIENTED_EDGE ( 'NONE', *, *, #1818, .F. ) ;
#4363 = AXIS2_PLACEMENT_3D ( 'NONE', #646, #1958, #2934 ) ;
#4364 = CARTESIAN_POINT ( 'NONE',  ( 194.5000000000000000, -131.5000000000000000, -7.990000000000014424 ) ) ;
#4365 = EDGE_LOOP ( 'NONE', ( #1927, #2499, #191, #909 ) ) ;
#4366 = EDGE_CURVE ( 'NONE', #2320, #364, #4354, .T. ) ;
#4367 = DIRECTION ( 'NONE',  ( -0.000000000000000000, -0.000000000000000000, -1.000000000000000000 ) ) ;
#4368 = PLANE ( 'NONE',  #101 ) ;
#4369 = CARTESIAN_POINT ( 'NONE',  ( 100.9000000000000199, -135.6000000000000512, -8.490000000000000213 ) ) ;
#4370 = CYLINDRICAL_SURFACE ( 'NONE', #1215, 3.500000000000003109 ) ;
#4371 = FACE_OUTER_BOUND ( 'NONE', #625, .T. ) ;
#4372 = ORIENTED_EDGE ( 'NONE', *, *, #1498, .F. ) ;
#4373 = ORIENTED_EDGE ( 'NONE', *, *, #3195, .T. ) ;
#4374 = DIRECTION ( 'NONE',  ( 0.000000000000000000, -0.000000000000000000, 1.000000000000000000 ) ) ;
#4375 = VECTOR ( 'NONE', #1995, 1000.000000000000000 ) ;
#4376 = CARTESIAN_POINT ( 'NONE',  ( 98.00000000000000000, -41.40000000000000568, 28.11000000000000298 ) ) ;
#4377 = DIRECTION ( 'NONE',  ( 0.000000000000000000, 0.000000000000000000, -1.000000000000000000 ) ) ;
#4378 = ORIENTED_EDGE ( 'NONE', *, *, #3073, .T. ) ;
#4379 = VERTEX_POINT ( 'NONE', #2935 ) ;
#4380 = DIRECTION ( 'NONE',  ( 1.000000000000000000, 0.000000000000000000, 0.000000000000000000 ) ) ;
#4381 = VECTOR ( 'NONE', #973, 1000.000000000000000 ) ;
#4382 = CIRCLE ( 'NONE', #257, 0.3999999999999993006 ) ;
#4383 = LINE ( 'NONE', #1660, #3239 ) ;
#4384 = CIRCLE ( 'NONE', #1817, 6.400000000000000355 ) ;
#4385 = LINE ( 'NONE', #1328, #1814 ) ;
#4386 = EDGE_CURVE ( 'NONE', #3139, #3861, #3558, .T. ) ;
#4387 = DIRECTION ( 'NONE',  ( 0.000000000000000000, 0.000000000000000000, -1.000000000000000000 ) ) ;
#4388 = EDGE_CURVE ( 'NONE', #1368, #3, #2627, .T. ) ;
#4389 = DIRECTION ( 'NONE',  ( -0.000000000000000000, -0.000000000000000000, -1.000000000000000000 ) ) ;
#4390 = DIRECTION ( 'NONE',  ( 0.000000000000000000, 0.000000000000000000, -1.000000000000000000 ) ) ;
#4391 = PLANE ( 'NONE',  #215 ) ;
#4392 = EDGE_CURVE ( 'NONE', #3301, #2732, #2759, .T. ) ;
#4393 = ORIENTED_EDGE ( 'NONE', *, *, #41, .F. ) ;
#4394 = EDGE_LOOP ( 'NONE', ( #1395, #540, #612, #2830 ) ) ;
#4395 = CARTESIAN_POINT ( 'NONE',  ( 96.25000000000000000, -137.9999999999999716, 18.51000000000000156 ) ) ;
#4396 = PLANE ( 'NONE',  #2872 ) ;
#4397 = DIRECTION ( 'NONE',  ( -1.000000000000000000, 0.000000000000000000, 0.000000000000000000 ) ) ;
#4398 = ORIENTED_EDGE ( 'NONE', *, *, #3813, .F. ) ;
#4399 = EDGE_CURVE ( 'NONE', #4091, #1967, #1901, .T. ) ;
#4400 = EDGE_LOOP ( 'NONE', ( #392, #3426, #2284, #4219 ) ) ;
#4401 = CARTESIAN_POINT ( 'NONE',  ( 164.8999999999999773, -39.00000000000000000, 0.5099999999999983435 ) ) ;
#4402 = ORIENTED_EDGE ( 'NONE', *, *, #3547, .T. ) ;
#4403 = CYLINDRICAL_SURFACE ( 'NONE', #2950, 3.970000000000001528 ) ;
#4404 = FACE_BOUND ( 'NONE', #3600, .T. ) ;
#4405 = VECTOR ( 'NONE', #2649, 1000.000000000000000 ) ;
#4406 = EDGE_CURVE ( 'NONE', #4137, #1056, #940, .T. ) ;
#4407 = DIRECTION ( 'NONE',  ( 0.000000000000000000, 0.000000000000000000, 1.000000000000000000 ) ) ;
#4408 = CARTESIAN_POINT ( 'NONE',  ( 103.4000000000000057, -36.00000000000000711, -8.490000000000000213 ) ) ;
#4409 = FACE_OUTER_BOUND ( 'NONE', #3352, .T. ) ;
#4410 = DIRECTION ( 'NONE',  ( 0.000000000000000000, -1.000000000000000000, 0.000000000000000000 ) ) ;
#4411 = CIRCLE ( 'NONE', #2479, 1.350000000000017852 ) ;
#4412 = AXIS2_PLACEMENT_3D ( 'NONE', #1845, #1183, #3201 ) ;
#4413 = ORIENTED_EDGE ( 'NONE', *, *, #357, .F. ) ;
#4414 = ORIENTED_EDGE ( 'NONE', *, *, #1098, .T. ) ;
#4415 = LINE ( 'NONE', #2316, #3369 ) ;
#4416 = VECTOR ( 'NONE', #2756, 1000.000000000000000 ) ;
#4417 = CARTESIAN_POINT ( 'NONE',  ( 96.25000000000000000, -33.99999999999997868, 18.51000000000000156 ) ) ;
#4418 = DIRECTION ( 'NONE',  ( 1.000000000000000000, -0.000000000000000000, 0.000000000000000000 ) ) ;
#4419 = AXIS2_PLACEMENT_3D ( 'NONE', #2657, #301, #1010 ) ;
#4420 = ORIENTED_EDGE ( 'NONE', *, *, #4333, .T. ) ;
#4421 = ORIENTED_EDGE ( 'NONE', *, *, #2328, .T. ) ;
#4422 = EDGE_CURVE ( 'NONE', #3288, #560, #1915, .T. ) ;
#4423 = DIRECTION ( 'NONE',  ( 1.000000000000000000, 0.000000000000000000, 0.000000000000000000 ) ) ;
ENDSEC;
END-ISO-10303-21;
