ISO-10303-21;
HEADER;
FILE_DESCRIPTION (( 'STEP AP214' ),
    '1' );
FILE_NAME ('ио©г.STEP',
    '2026-08-13T03:51:26',
    ( '' ),
    ( '' ),
    'SwSTEP 2.0',
    'SolidWorks 2025',
    '' );
FILE_SCHEMA (( 'AUTOMOTIVE_DESIGN' ));
ENDSEC;

DATA;
#1 = DIRECTION ( 'NONE',  ( -1.000000000000000000, 0.000000000000000000, 0.000000000000000000 ) ) ;
#2 = CARTESIAN_POINT ( 'NONE',  ( 98.00000000000000000, -39.14192622342643801, 25.71000000000000441 ) ) ;
#3 = ORIENTED_EDGE ( 'NONE', *, *, #345, .T. ) ;
#4 = EDGE_CURVE ( 'NONE', #4415, #14, #579, .T. ) ;
#5 = DIRECTION ( 'NONE',  ( 1.000000000000000000, 0.000000000000000000, 0.000000000000000000 ) ) ;
#6 = ORIENTED_EDGE ( 'NONE', *, *, #5018, .F. ) ;
#7 = DIRECTION ( 'NONE',  ( 1.000000000000000000, 0.000000000000000000, 0.000000000000000000 ) ) ;
#8 = CARTESIAN_POINT ( 'NONE',  ( 194.0999999999999943, -35.50000000000000711, 31.81000000000000583 ) ) ;
#9 = LINE ( 'NONE', #877, #1157 ) ;
#10 = CARTESIAN_POINT ( 'NONE',  ( 184.3999999999905981, 1.279532035880568845E-11, 26.51000000000000156 ) ) ;
#11 = DIRECTION ( 'NONE',  ( -0.000000000000000000, 0.000000000000000000, 1.000000000000000000 ) ) ;
#12 = CARTESIAN_POINT ( 'NONE',  ( 99.04999999999999716, -137.9999999999999716, 29.61000000000000298 ) ) ;
#13 = ORIENTED_EDGE ( 'NONE', *, *, #4464, .F. ) ;
#14 = VERTEX_POINT ( 'NONE', #1399 ) ;
#15 = EDGE_CURVE ( 'NONE', #1688, #5385, #397, .T. ) ;
#16 = DIRECTION ( 'NONE',  ( -0.000000000000000000, 0.000000000000000000, 1.000000000000000000 ) ) ;
#17 = EDGE_CURVE ( 'NONE', #5343, #2916, #1283, .T. ) ;
#18 = CARTESIAN_POINT ( 'NONE',  ( 98.99999999999997158, -43.00000000000000000, 28.81000000000000227 ) ) ;
#19 = TOROIDAL_SURFACE ( 'NONE', #3727, 3.200000000000004619, 0.4000000000000000222 ) ;
#20 = VECTOR ( 'NONE', #3729, 1000.000000000000000 ) ;
#21 = VERTEX_POINT ( 'NONE', #545 ) ;
#22 = VERTEX_POINT ( 'NONE', #4324 ) ;
#23 = CIRCLE ( 'NONE', #1099, 2.799999999999997158 ) ;
#24 = DIRECTION ( 'NONE',  ( -0.000000000000000000, 0.000000000000000000, 1.000000000000000000 ) ) ;
#25 = DIRECTION ( 'NONE',  ( -1.000000000000000000, 0.000000000000000000, 0.000000000000000000 ) ) ;
#26 = DIRECTION ( 'NONE',  ( -1.000000000000000000, 0.000000000000000000, 0.000000000000000000 ) ) ;
#27 = VECTOR ( 'NONE', #5635, 1000.000000000000000 ) ;
#28 = CARTESIAN_POINT ( 'NONE',  ( 189.2500000000000000, -137.9999999999999716, 31.41000000000000725 ) ) ;
#29 = ORIENTED_EDGE ( 'NONE', *, *, #5859, .F. ) ;
#30 = ORIENTED_EDGE ( 'NONE', *, *, #2683, .T. ) ;
#31 = DIRECTION ( 'NONE',  ( -0.000000000000000000, -0.000000000000000000, -1.000000000000000000 ) ) ;
#32 = CARTESIAN_POINT ( 'NONE',  ( 97.50000000000000000, -29.40000000000000568, 31.41000000000000725 ) ) ;
#33 = AXIS2_PLACEMENT_3D ( 'NONE', #2893, #4745, #3828 ) ;
#34 = EDGE_LOOP ( 'NONE', ( #3688, #691, #4102, #4263 ) ) ;
#35 = DIRECTION ( 'NONE',  ( 1.000000000000000000, 0.000000000000000000, -0.000000000000000000 ) ) ;
#36 = ORIENTED_EDGE ( 'NONE', *, *, #953, .F. ) ;
#37 = DIRECTION ( 'NONE',  ( -0.000000000000000000, -0.000000000000000000, 1.000000000000000000 ) ) ;
#38 = DIRECTION ( 'NONE',  ( 0.000000000000000000, 0.000000000000000000, 1.000000000000000000 ) ) ;
#39 = DIRECTION ( 'NONE',  ( 0.000000000000000000, 0.000000000000000000, 1.000000000000000000 ) ) ;
#40 = LINE ( 'NONE', #5727, #5316 ) ;
#41 = AXIS2_PLACEMENT_3D ( 'NONE', #255, #2030, #2491 ) ;
#42 = CARTESIAN_POINT ( 'NONE',  ( 97.50000000000000000, -29.40000000000000213, 31.81000000000000583 ) ) ;
#43 = AXIS2_PLACEMENT_3D ( 'NONE', #982, #1464, #60 ) ;
#44 = EDGE_LOOP ( 'NONE', ( #4189, #2478 ) ) ;
#45 = ORIENTED_EDGE ( 'NONE', *, *, #4276, .T. ) ;
#46 = EDGE_CURVE ( 'NONE', #4687, #4053, #5739, .T. ) ;
#47 = PLANE ( 'NONE',  #5052 ) ;
#48 = FACE_OUTER_BOUND ( 'NONE', #2790, .T. ) ;
#49 = EDGE_CURVE ( 'NONE', #797, #5596, #1648, .T. ) ;
#50 = AXIS2_PLACEMENT_3D ( 'NONE', #4714, #3737, #3771 ) ;
#51 = DIRECTION ( 'NONE',  ( 0.000000000000000000, 0.000000000000000000, 1.000000000000000000 ) ) ;
#52 = DIRECTION ( 'NONE',  ( -0.000000000000000000, 0.000000000000000000, 1.000000000000000000 ) ) ;
#53 = EDGE_CURVE ( 'NONE', #2168, #5228, #2922, .T. ) ;
#54 = AXIS2_PLACEMENT_3D ( 'NONE', #5404, #1717, #2567 ) ;
#55 = AXIS2_PLACEMENT_3D ( 'NONE', #532, #472, #5693 ) ;
#56 = DIRECTION ( 'NONE',  ( -0.000000000000000000, -0.000000000000000000, 1.000000000000000000 ) ) ;
#57 = EDGE_CURVE ( 'NONE', #3210, #560, #1918, .T. ) ;
#58 = DIRECTION ( 'NONE',  ( 0.000000000000000000, 0.000000000000000000, -1.000000000000000000 ) ) ;
#59 = AXIS2_PLACEMENT_3D ( 'NONE', #3186, #4115, #2661 ) ;
#60 = DIRECTION ( 'NONE',  ( -1.000000000000000000, 0.000000000000000000, 0.000000000000000000 ) ) ;
#61 = FACE_OUTER_BOUND ( 'NONE', #3902, .T. ) ;
#62 = CIRCLE ( 'NONE', #3475, 0.8419262234264368594 ) ;
#63 = VERTEX_POINT ( 'NONE', #1460 ) ;
#64 = ORIENTED_EDGE ( 'NONE', *, *, #3037, .F. ) ;
#65 = CARTESIAN_POINT ( 'NONE',  ( 91.00000000000000000, -35.50000000000000711, 31.41000000000000725 ) ) ;
#66 = DIRECTION ( 'NONE',  ( -0.000000000000000000, -1.000000000000000000, 0.000000000000000000 ) ) ;
#67 = CIRCLE ( 'NONE', #3670, 1.700000000000007061 ) ;
#68 = VERTEX_POINT ( 'NONE', #1487 ) ;
#69 = DIRECTION ( 'NONE',  ( 0.000000000000000000, 0.000000000000000000, -1.000000000000000000 ) ) ;
#70 = CIRCLE ( 'NONE', #5935, 0.4000000000000010214 ) ;
#71 = ORIENTED_EDGE ( 'NONE', *, *, #3128, .F. ) ;
#72 = EDGE_CURVE ( 'NONE', #3331, #1046, #2902, .T. ) ;
#73 = CARTESIAN_POINT ( 'NONE',  ( 91.00000000000001421, -136.5000000000000000, 26.51000000000000156 ) ) ;
#74 = CIRCLE ( 'NONE', #2907, 0.7999999999999951594 ) ;
#75 = PLANE ( 'NONE',  #5016 ) ;
#76 = DIRECTION ( 'NONE',  ( 1.000000000000000000, 0.000000000000000000, 0.000000000000000000 ) ) ;
#77 = FACE_OUTER_BOUND ( 'NONE', #2633, .T. ) ;
#78 = AXIS2_PLACEMENT_3D ( 'NONE', #5664, #4256, #2433 ) ;
#79 = DIRECTION ( 'NONE',  ( 0.000000000000000000, -1.000000000000000000, 0.000000000000000000 ) ) ;
#80 = DIRECTION ( 'NONE',  ( -1.000000000000000000, 0.000000000000000000, 0.000000000000000000 ) ) ;
#81 = ORIENTED_EDGE ( 'NONE', *, *, #4989, .T. ) ;
#82 = VERTEX_POINT ( 'NONE', #2411 ) ;
#83 = CIRCLE ( 'NONE', #575, 0.8419262234264229816 ) ;
#84 = EDGE_CURVE ( 'NONE', #5543, #2238, #4356, .T. ) ;
#85 = DIRECTION ( 'NONE',  ( 1.000000000000000000, 0.000000000000000000, 0.000000000000000000 ) ) ;
#86 = CARTESIAN_POINT ( 'NONE',  ( 102.6000000000000227, 0.000000000000000000, 26.51000000000000156 ) ) ;
#87 = CARTESIAN_POINT ( 'NONE',  ( 98.40000000000001990, -135.6000000000000512, 26.51000000000000156 ) ) ;
#88 = EDGE_CURVE ( 'NONE', #490, #1415, #1329, .T. ) ;
#89 = LINE ( 'NONE', #1009, #1012 ) ;
#90 = CARTESIAN_POINT ( 'NONE',  ( 104.9999999999999858, -43.00000000000000000, 30.61000000000000654 ) ) ;
#91 = DIRECTION ( 'NONE',  ( -0.000000000000000000, -1.000000000000000000, -0.000000000000000000 ) ) ;
#92 = DIRECTION ( 'NONE',  ( 0.000000000000000000, 0.000000000000000000, 1.000000000000000000 ) ) ;
#93 = ORIENTED_EDGE ( 'NONE', *, *, #852, .F. ) ;
#94 = ORIENTED_EDGE ( 'NONE', *, *, #3305, .F. ) ;
#95 = DIRECTION ( 'NONE',  ( 0.000000000000000000, 0.000000000000000000, 1.000000000000000000 ) ) ;
#96 = EDGE_CURVE ( 'NONE', #1140, #4996, #5734, .T. ) ;
#97 = CARTESIAN_POINT ( 'NONE',  ( 187.5000000000000000, -130.6000000000000227, 28.81000000000000227 ) ) ;
#98 = ORIENTED_EDGE ( 'NONE', *, *, #2560, .T. ) ;
#99 = DIRECTION ( 'NONE',  ( -1.000000000000000000, 0.000000000000000000, 0.000000000000000000 ) ) ;
#100 = VERTEX_POINT ( 'NONE', #578 ) ;
#101 = LINE ( 'NONE', #1995, #4445 ) ;
#102 = LINE ( 'NONE', #1964, #376 ) ;
#103 = DIRECTION ( 'NONE',  ( 0.000000000000000000, 0.000000000000000000, 1.000000000000000000 ) ) ;
#104 = ADVANCED_FACE ( 'NONE', ( #2039 ), #514, .F. ) ;
#105 = DIRECTION ( 'NONE',  ( 0.000000000000000000, 0.000000000000000000, 1.000000000000000000 ) ) ;
#106 = DIRECTION ( 'NONE',  ( -0.000000000000000000, -0.000000000000000000, 1.000000000000000000 ) ) ;
#107 = ORIENTED_EDGE ( 'NONE', *, *, #404, .T. ) ;
#108 = ORIENTED_EDGE ( 'NONE', *, *, #1852, .F. ) ;
#109 = PLANE ( 'NONE',  #1049 ) ;
#110 = DIRECTION ( 'NONE',  ( 1.000000000000000000, -0.000000000000000000, 0.000000000000000000 ) ) ;
#111 = CARTESIAN_POINT ( 'NONE',  ( 180.5000000000000000, -37.00000000000000711, 28.01000000000000512 ) ) ;
#112 = ADVANCED_FACE ( 'NONE', ( #2379 ), #4787, .T. ) ;
#113 = ADVANCED_FACE ( 'NONE', ( #5210 ), #1134, .T. ) ;
#114 = LINE ( 'NONE', #3785, #223 ) ;
#115 = DIRECTION ( 'NONE',  ( -0.000000000000000000, -0.000000000000000000, -1.000000000000000000 ) ) ;
#116 = CARTESIAN_POINT ( 'NONE',  ( 101.1000000000000085, -36.39999999999999858, 28.81000000000000227 ) ) ;
#117 = LINE ( 'NONE', #1406, #2592 ) ;
#118 = VECTOR ( 'NONE', #5710, 1000.000000000000000 ) ;
#119 = VERTEX_POINT ( 'NONE', #4817 ) ;
#120 = ORIENTED_EDGE ( 'NONE', *, *, #1216, .F. ) ;
#121 = CARTESIAN_POINT ( 'NONE',  ( 189.2500000000000000, -137.9999999999999716, 29.61000000000000298 ) ) ;
#122 = CARTESIAN_POINT ( 'NONE',  ( 187.1000000000000227, -39.09999999999998721, 26.51000000000000156 ) ) ;
#123 = AXIS2_PLACEMENT_3D ( 'NONE', #1689, #2518, #3458 ) ;
#124 = ORIENTED_EDGE ( 'NONE', *, *, #1669, .T. ) ;
#125 = AXIS2_PLACEMENT_3D ( 'NONE', #688, #3080, #3117 ) ;
#126 = EDGE_CURVE ( 'NONE', #1990, #5122, #3858, .T. ) ;
#127 = CARTESIAN_POINT ( 'NONE',  ( 185.9224594421548318, -40.43155035124573260, 28.01000000000000512 ) ) ;
#128 = CIRCLE ( 'NONE', #3549, 4.170000000000007034 ) ;
#129 = VERTEX_POINT ( 'NONE', #3413 ) ;
#130 = CARTESIAN_POINT ( 'NONE',  ( 0.000000000000000000, 0.000000000000000000, 26.51000000000000156 ) ) ;
#131 = CIRCLE ( 'NONE', #1114, 0.4000000000000010214 ) ;
#132 = DIRECTION ( 'NONE',  ( 1.000000000000000000, 0.000000000000000000, 0.000000000000000000 ) ) ;
#133 = EDGE_CURVE ( 'NONE', #5814, #4866, #2007, .T. ) ;
#134 = DIRECTION ( 'NONE',  ( 0.000000000000000000, 0.000000000000000000, 1.000000000000000000 ) ) ;
#135 = DIRECTION ( 'NONE',  ( -0.000000000000000000, 0.000000000000000000, 1.000000000000000000 ) ) ;
#136 = CARTESIAN_POINT ( 'NONE',  ( 186.2700000000000102, -36.00000000000000711, 28.81000000000000227 ) ) ;
#137 = ORIENTED_EDGE ( 'NONE', *, *, #5999, .F. ) ;
#138 = ORIENTED_EDGE ( 'NONE', *, *, #4154, .F. ) ;
#139 = EDGE_CURVE ( 'NONE', #3850, #2565, #3866, .T. ) ;
#140 = PLANE ( 'NONE',  #5631 ) ;
#141 = DIRECTION ( 'NONE',  ( -1.000000000000000000, 0.000000000000000000, 0.000000000000000000 ) ) ;
#142 = DIRECTION ( 'NONE',  ( 1.000000000000000000, 0.000000000000000000, 0.000000000000000000 ) ) ;
#143 = AXIS2_PLACEMENT_3D ( 'NONE', #922, #3637, #3160 ) ;
#144 = CARTESIAN_POINT ( 'NONE',  ( 187.1000000000000227, -37.22999999999998977, 26.51000000000000156 ) ) ;
#145 = LINE ( 'NONE', #2012, #4609 ) ;
#146 = AXIS2_PLACEMENT_3D ( 'NONE', #4306, #1078, #3881 ) ;
#147 = DIRECTION ( 'NONE',  ( 0.000000000000000000, -1.000000000000000000, 0.000000000000000000 ) ) ;
#148 = DIRECTION ( 'NONE',  ( -1.000000000000000000, 0.000000000000000000, -0.000000000000000000 ) ) ;
#149 = ORIENTED_EDGE ( 'NONE', *, *, #1838, .F. ) ;
#150 = VECTOR ( 'NONE', #5009, 1000.000000000000000 ) ;
#151 = VECTOR ( 'NONE', #4722, 1000.000000000000000 ) ;
#152 = ORIENTED_EDGE ( 'NONE', *, *, #4283, .F. ) ;
#153 = CARTESIAN_POINT ( 'NONE',  ( 188.0000000000000000, -136.5000000000000000, 31.81000000000000583 ) ) ;
#154 = DIRECTION ( 'NONE',  ( -0.000000000000000000, -0.000000000000000000, -1.000000000000000000 ) ) ;
#155 = ORIENTED_EDGE ( 'NONE', *, *, #1036, .F. ) ;
#156 = FACE_OUTER_BOUND ( 'NONE', #1496, .T. ) ;
#157 = EDGE_CURVE ( 'NONE', #4084, #4339, #3764, .T. ) ;
#158 = ORIENTED_EDGE ( 'NONE', *, *, #3695, .F. ) ;
#159 = DIRECTION ( 'NONE',  ( -1.000000000000000000, 0.000000000000000000, 0.000000000000000000 ) ) ;
#160 = AXIS2_PLACEMENT_3D ( 'NONE', #3617, #5478, #4619 ) ;
#161 = LINE ( 'NONE', #1905, #3003 ) ;
#162 = CARTESIAN_POINT ( 'NONE',  ( 182.1000000000000512, -138.3000000000000114, 28.81000000000000227 ) ) ;
#163 = VECTOR ( 'NONE', #1033, 1000.000000000000000 ) ;
#164 = DIRECTION ( 'NONE',  ( 0.000000000000000000, 0.000000000000000000, 1.000000000000000000 ) ) ;
#165 = EDGE_CURVE ( 'NONE', #3665, #2243, #1948, .T. ) ;
#166 = VECTOR ( 'NONE', #2154, 1000.000000000000000 ) ;
#167 = EDGE_LOOP ( 'NONE', ( #5498, #4769, #30, #3874 ) ) ;
#168 = EDGE_LOOP ( 'NONE', ( #837, #1149, #1208, #3025 ) ) ;
#169 = FACE_OUTER_BOUND ( 'NONE', #2650, .T. ) ;
#170 = CARTESIAN_POINT ( 'NONE',  ( 103.4000000000000057, -36.00000000000000711, 28.81000000000000227 ) ) ;
#171 = VECTOR ( 'NONE', #2340, 1000.000000000000000 ) ;
#172 = AXIS2_PLACEMENT_3D ( 'NONE', #2339, #4653, #4222 ) ;
#173 = DIRECTION ( 'NONE',  ( -0.000000000000000000, -0.000000000000000000, 1.000000000000000000 ) ) ;
#174 = FACE_OUTER_BOUND ( 'NONE', #3076, .T. ) ;
#175 = CARTESIAN_POINT ( 'NONE',  ( 103.4000000000000057, -36.00000000000000711, 25.71000000000000441 ) ) ;
#176 = AXIS2_PLACEMENT_3D ( 'NONE', #1943, #106, #598 ) ;
#177 = DIRECTION ( 'NONE',  ( 0.000000000000000000, 1.000000000000000000, -0.000000000000000000 ) ) ;
#178 = EDGE_CURVE ( 'NONE', #3432, #5477, #5245, .T. ) ;
#179 = DIRECTION ( 'NONE',  ( 0.000000000000000000, 0.000000000000000000, 1.000000000000000000 ) ) ;
#180 = EDGE_LOOP ( 'NONE', ( #5938, #1132, #3052, #1244 ) ) ;
#181 = ORIENTED_EDGE ( 'NONE', *, *, #2274, .T. ) ;
#182 = CARTESIAN_POINT ( 'NONE',  ( 98.40000000000000568, -39.10000000000000142, 28.81000000000000227 ) ) ;
#183 = CARTESIAN_POINT ( 'NONE',  ( 98.40000000000000568, -36.39999999999999858, 28.81000000000000227 ) ) ;
#184 = DIRECTION ( 'NONE',  ( 0.000000000000000000, 0.000000000000000000, 1.000000000000000000 ) ) ;
#185 = ORIENTED_EDGE ( 'NONE', *, *, #1685, .F. ) ;
#186 = DIRECTION ( 'NONE',  ( -1.732346097742626941E-14, -0.9986295347545739443, -0.05233595624294395260 ) ) ;
#187 = EDGE_CURVE ( 'NONE', #2176, #431, #4344, .T. ) ;
#188 = ORIENTED_EDGE ( 'NONE', *, *, #822, .T. ) ;
#189 = CARTESIAN_POINT ( 'NONE',  ( 192.0500000000000114, -137.9999999999999716, 31.41000000000000725 ) ) ;
#190 = CARTESIAN_POINT ( 'NONE',  ( 0.000000000000000000, -134.7700000000000387, 26.51000000000000156 ) ) ;
#191 = CARTESIAN_POINT ( 'NONE',  ( 99.04999999999999716, -137.9999999999999716, 29.61000000000000298 ) ) ;
#192 = DIRECTION ( 'NONE',  ( -0.000000000000000000, -0.000000000000000000, -1.000000000000000000 ) ) ;
#193 = CARTESIAN_POINT ( 'NONE',  ( 180.5000000000000000, -43.00000000000000000, 31.81000000000000583 ) ) ;
#194 = ORIENTED_EDGE ( 'NONE', *, *, #3680, .F. ) ;
#195 = LINE ( 'NONE', #260, #1348 ) ;
#196 = CARTESIAN_POINT ( 'NONE',  ( 188.2999999999999829, 0.000000000000000000, 28.81000000000000227 ) ) ;
#197 = CARTESIAN_POINT ( 'NONE',  ( 97.20000000000000284, -41.40000000000000568, 28.81000000000000227 ) ) ;
#198 = EDGE_CURVE ( 'NONE', #5402, #4198, #4020, .T. ) ;
#199 = ORIENTED_EDGE ( 'NONE', *, *, #885, .T. ) ;
#200 = EDGE_CURVE ( 'NONE', #6035, #3100, #2529, .T. ) ;
#201 = FACE_OUTER_BOUND ( 'NONE', #1987, .T. ) ;
#202 = ADVANCED_FACE ( 'NONE', ( #4505 ), #4940, .T. ) ;
#203 = FACE_OUTER_BOUND ( 'NONE', #2751, .T. ) ;
#204 = CARTESIAN_POINT ( 'NONE',  ( 98.00000000000000000, -40.60000000000000142, 26.51000000000000156 ) ) ;
#205 = EDGE_LOOP ( 'NONE', ( #1073, #991, #3252, #2421, #700, #3162, #2918, #3613 ) ) ;
#206 = CARTESIAN_POINT ( 'NONE',  ( 104.9999999999999716, -129.0000000000000000, 28.01000000000000512 ) ) ;
#207 = VERTEX_POINT ( 'NONE', #2554 ) ;
#208 = ORIENTED_EDGE ( 'NONE', *, *, #5591, .T. ) ;
#209 = DIRECTION ( 'NONE',  ( 1.000000000000000000, 0.000000000000000000, 0.000000000000000000 ) ) ;
#210 = EDGE_CURVE ( 'NONE', #3622, #1660, #1247, .T. ) ;
#211 = CARTESIAN_POINT ( 'NONE',  ( 98.00000000000001421, -130.6000000000000512, 26.51000000000000156 ) ) ;
#212 = CARTESIAN_POINT ( 'NONE',  ( 194.5000000000000000, -136.5000000000000000, 28.81000000000000227 ) ) ;
#213 = ORIENTED_EDGE ( 'NONE', *, *, #2036, .F. ) ;
#214 = AXIS2_PLACEMENT_3D ( 'NONE', #2503, #1575, #3442 ) ;
#215 = AXIS2_PLACEMENT_3D ( 'NONE', #3648, #964, #5510 ) ;
#216 = ORIENTED_EDGE ( 'NONE', *, *, #3580, .T. ) ;
#217 = CARTESIAN_POINT ( 'NONE',  ( 101.1000000000000227, -136.0000000000000000, 26.51000000000000156 ) ) ;
#218 = VECTOR ( 'NONE', #2575, 1000.000000000000000 ) ;
#219 = AXIS2_PLACEMENT_3D ( 'NONE', #1744, #4579, #1373 ) ;
#220 = FACE_OUTER_BOUND ( 'NONE', #2157, .T. ) ;
#221 = VERTEX_POINT ( 'NONE', #5827 ) ;
#222 = CARTESIAN_POINT ( 'NONE',  ( 98.40000000000000568, -39.10000000000000142, 28.81000000000000227 ) ) ;
#223 = VECTOR ( 'NONE', #1093, 1000.000000000000000 ) ;
#224 = CARTESIAN_POINT ( 'NONE',  ( 101.1000000000000085, -36.39999999999999858, 26.51000000000000156 ) ) ;
#225 = VECTOR ( 'NONE', #1484, 1000.000000000000000 ) ;
#226 = VERTEX_POINT ( 'NONE', #197 ) ;
#227 = LINE ( 'NONE', #4938, #1442 ) ;
#228 = CARTESIAN_POINT ( 'NONE',  ( 102.6000000000000227, -135.6000000000000512, 28.81000000000000227 ) ) ;
#229 = CARTESIAN_POINT ( 'NONE',  ( 187.1000000000000227, -135.6000000000000227, 28.01000000000000512 ) ) ;
#230 = EDGE_CURVE ( 'NONE', #1480, #2391, #2987, .T. ) ;
#231 = ORIENTED_EDGE ( 'NONE', *, *, #4773, .T. ) ;
#232 = DIRECTION ( 'NONE',  ( 1.000000000000000000, 0.000000000000000000, 0.000000000000000000 ) ) ;
#233 = DIRECTION ( 'NONE',  ( -0.000000000000000000, -0.000000000000000000, -1.000000000000000000 ) ) ;
#234 = AXIS2_PLACEMENT_3D ( 'NONE', #4888, #3451, #674 ) ;
#235 = CARTESIAN_POINT ( 'NONE',  ( 185.8999999999999773, -43.00000000000000000, 31.81000000000000583 ) ) ;
#236 = ORIENTED_EDGE ( 'NONE', *, *, #4134, .T. ) ;
#237 = CARTESIAN_POINT ( 'NONE',  ( 102.6000000000000085, -36.00000000000000711, 28.81000000000000227 ) ) ;
#238 = ORIENTED_EDGE ( 'NONE', *, *, #5630, .F. ) ;
#240 = EDGE_CURVE ( 'NONE', #974, #2078, #4848, .T. ) ;
#239 = AXIS2_PLACEMENT_3D ( 'NONE', #2234, #6012, #5463 ) ;
#241 = EDGE_LOOP ( 'NONE', ( #1755, #399, #3227, #5482 ) ) ;
#242 = DIRECTION ( 'NONE',  ( -0.000000000000000000, -0.000000000000000000, -1.000000000000000000 ) ) ;
#243 = LINE ( 'NONE', #3515, #5230 ) ;
#244 = FACE_OUTER_BOUND ( 'NONE', #1054, .T. ) ;
#245 = EDGE_LOOP ( 'NONE', ( #4882, #1021 ) ) ;
#246 = EDGE_CURVE ( 'NONE', #2168, #4508, #3573, .T. ) ;
#247 = ORIENTED_EDGE ( 'NONE', *, *, #5302, .F. ) ;
#248 = FACE_OUTER_BOUND ( 'NONE', #2106, .T. ) ;
#249 = AXIS2_PLACEMENT_3D ( 'NONE', #2799, #3315, #4777 ) ;
#250 = VERTEX_POINT ( 'NONE', #1672 ) ;
#251 = DIRECTION ( 'NONE',  ( -0.000000000000000000, 0.000000000000000000, 1.000000000000000000 ) ) ;
#252 = EDGE_CURVE ( 'NONE', #2386, #1185, #2622, .T. ) ;
#253 = DIRECTION ( 'NONE',  ( 1.000000000000000000, 0.000000000000000000, 0.000000000000000000 ) ) ;
#254 = EDGE_LOOP ( 'NONE', ( #1032, #4557, #5668, #2517 ) ) ;
#255 = CARTESIAN_POINT ( 'NONE',  ( 188.0000000000000000, -35.50000000000000711, 31.41000000000000725 ) ) ;
#256 = DIRECTION ( 'NONE',  ( -1.000000000000000000, 0.000000000000000000, 0.000000000000000000 ) ) ;
#257 = ADVANCED_FACE ( 'NONE', ( #1704 ), #2654, .T. ) ;
#258 = VECTOR ( 'NONE', #4675, 1000.000000000000000 ) ;
#259 = EDGE_LOOP ( 'NONE', ( #6023, #5804, #3708, #1886 ) ) ;
#260 = CARTESIAN_POINT ( 'NONE',  ( 99.57754055784515401, -131.5684496487542958, 28.41000000000000369 ) ) ;
#261 = PLANE ( 'NONE',  #720 ) ;
#262 = AXIS2_PLACEMENT_3D ( 'NONE', #2345, #2231, #1881 ) ;
#263 = CYLINDRICAL_SURFACE ( 'NONE', #2911, 6.500000000000005329 ) ;
#264 = AXIS2_PLACEMENT_3D ( 'NONE', #1693, #4897, #3555 ) ;
#265 = ADVANCED_FACE ( 'NONE', ( #3470 ), #5361, .T. ) ;
#266 = ORIENTED_EDGE ( 'NONE', *, *, #2303, .F. ) ;
#267 = AXIS2_PLACEMENT_3D ( 'NONE', #2891, #3769, #1451 ) ;
#268 = DIRECTION ( 'NONE',  ( 0.000000000000000000, 0.05233595624294395260, 0.9986295347545739443 ) ) ;
#269 = PLANE ( 'NONE',  #4513 ) ;
#270 = EDGE_CURVE ( 'NONE', #4947, #68, #4661, .T. ) ;
#271 = AXIS2_PLACEMENT_3D ( 'NONE', #2160, #5890, #5955 ) ;
#272 = PLANE ( 'NONE',  #3270 ) ;
#273 = VERTEX_POINT ( 'NONE', #4478 ) ;
#274 = CONICAL_SURFACE ( 'NONE', #5062, 0.7999999999999951594, 0.05235987755983000091 ) ;
#275 = DIRECTION ( 'NONE',  ( 0.000000000000000000, 0.000000000000000000, -1.000000000000000000 ) ) ;
#276 = EDGE_CURVE ( 'NONE', #753, #3210, #725, .T. ) ;
#277 = ORIENTED_EDGE ( 'NONE', *, *, #198, .T. ) ;
#278 = ORIENTED_EDGE ( 'NONE', *, *, #5954, .F. ) ;
#279 = LINE ( 'NONE', #4488, #3568 ) ;
#280 = VECTOR ( 'NONE', #2524, 1000.000000000000000 ) ;
#281 = CARTESIAN_POINT ( 'NONE',  ( 187.5000000000000000, -39.09999999999998721, 28.81000000000000227 ) ) ;
#282 = CARTESIAN_POINT ( 'NONE',  ( 97.20000000000000284, 1.512243245425520904E-14, 28.81000000000000227 ) ) ;
#283 = ORIENTED_EDGE ( 'NONE', *, *, #433, .F. ) ;
#284 = ORIENTED_EDGE ( 'NONE', *, *, #5047, .F. ) ;
#285 = DIRECTION ( 'NONE',  ( -1.000000000000000000, 0.000000000000000000, 0.000000000000000000 ) ) ;
#286 = EDGE_CURVE ( 'NONE', #119, #1724, #3082, .T. ) ;
#287 = EDGE_LOOP ( 'NONE', ( #4985, #5077, #1310, #708 ) ) ;
#288 = LINE ( 'NONE', #5878, #5138 ) ;
#289 = CARTESIAN_POINT ( 'NONE',  ( 185.9224594421548318, -131.5684496487542674, 28.81000000000000227 ) ) ;
#290 = ORIENTED_EDGE ( 'NONE', *, *, #470, .T. ) ;
#291 = ADVANCED_FACE ( 'NONE', ( #1643 ), #263, .T. ) ;
#292 = CARTESIAN_POINT ( 'NONE',  ( 103.4000000000000057, -33.70000000000000995, 26.51000000000000156 ) ) ;
#293 = CARTESIAN_POINT ( 'NONE',  ( 102.6000000000000227, -136.0000000000000000, 26.51000000000000156 ) ) ;
#294 = ORIENTED_EDGE ( 'NONE', *, *, #2745, .F. ) ;
#295 = PLANE ( 'NONE',  #5056 ) ;
#296 = DIRECTION ( 'NONE',  ( 0.000000000000000000, -0.9986295347545739443, -0.05233595624294395260 ) ) ;
#297 = ADVANCED_FACE ( 'NONE', ( #298 ), #1184, .T. ) ;
#298 = FACE_OUTER_BOUND ( 'NONE', #3284, .T. ) ;
#299 = EDGE_LOOP ( 'NONE', ( #5342, #954, #1193, #1031 ) ) ;
#300 = DIRECTION ( 'NONE',  ( 0.000000000000000000, 0.000000000000000000, -1.000000000000000000 ) ) ;
#301 = FACE_OUTER_BOUND ( 'NONE', #6040, .T. ) ;
#302 = LINE ( 'NONE', #1554, #633 ) ;
#303 = ORIENTED_EDGE ( 'NONE', *, *, #3363, .F. ) ;
#304 = DIRECTION ( 'NONE',  ( 0.000000000000000000, 0.000000000000000000, 1.000000000000000000 ) ) ;
#305 = ORIENTED_EDGE ( 'NONE', *, *, #377, .T. ) ;
#306 = VERTEX_POINT ( 'NONE', #5035 ) ;
#307 = CARTESIAN_POINT ( 'NONE',  ( 97.20000000000000284, 1.512243245425520904E-14, 28.81000000000000227 ) ) ;
#308 = DIRECTION ( 'NONE',  ( 0.000000000000000000, 1.000000000000000000, 0.000000000000000000 ) ) ;
#309 = DIRECTION ( 'NONE',  ( -0.000000000000000000, -0.000000000000000000, 1.000000000000000000 ) ) ;
#310 = ORIENTED_EDGE ( 'NONE', *, *, #3886, .T. ) ;
#311 = VERTEX_POINT ( 'NONE', #2310 ) ;
#312 = CARTESIAN_POINT ( 'NONE',  ( 91.40000000000000568, -136.5000000000000000, 31.81000000000000583 ) ) ;
#313 = ORIENTED_EDGE ( 'NONE', *, *, #5544, .F. ) ;
#314 = CARTESIAN_POINT ( 'NONE',  ( 98.00000000000001421, -132.9000000000000341, 26.51000000000000156 ) ) ;
#315 = CARTESIAN_POINT ( 'NONE',  ( 98.40000000000001990, -134.7700000000000671, 28.81000000000000227 ) ) ;
#316 = VECTOR ( 'NONE', #2164, 1000.000000000000000 ) ;
#317 = EDGE_CURVE ( 'NONE', #3018, #3249, #817, .T. ) ;
#318 = ORIENTED_EDGE ( 'NONE', *, *, #3996, .F. ) ;
#319 = VECTOR ( 'NONE', #4740, 1000.000000000000000 ) ;
#320 = LINE ( 'NONE', #784, #4937 ) ;
#321 = DIRECTION ( 'NONE',  ( -0.000000000000000000, -0.000000000000000000, -1.000000000000000000 ) ) ;
#322 = VECTOR ( 'NONE', #2958, 1000.000000000000000 ) ;
#323 = ORIENTED_EDGE ( 'NONE', *, *, #2330, .F. ) ;
#324 = EDGE_CURVE ( 'NONE', #2494, #4751, #3684, .T. ) ;
#325 = CARTESIAN_POINT ( 'NONE',  ( 187.5000000000000000, -131.4000000000000057, 28.81000000000000227 ) ) ;
#326 = DIRECTION ( 'NONE',  ( -0.000000000000000000, -0.000000000000000000, -1.000000000000000000 ) ) ;
#327 = AXIS2_PLACEMENT_3D ( 'NONE', #744, #4926, #159 ) ;
#328 = DIRECTION ( 'NONE',  ( -0.05233595624294395260, -8.142458469267243165E-18, 0.9986295347545739443 ) ) ;
#329 = AXIS2_PLACEMENT_3D ( 'NONE', #878, #359, #2222 ) ;
#330 = EDGE_LOOP ( 'NONE', ( #2465, #4631 ) ) ;
#331 = ORIENTED_EDGE ( 'NONE', *, *, #2534, .T. ) ;
#332 = FACE_OUTER_BOUND ( 'NONE', #1655, .T. ) ;
#333 = DIRECTION ( 'NONE',  ( -0.000000000000000000, 0.000000000000000000, 1.000000000000000000 ) ) ;
#334 = VECTOR ( 'NONE', #1965, 1000.000000000000000 ) ;
#335 = CARTESIAN_POINT ( 'NONE',  ( 186.4500000000000171, -137.9999999999999716, 31.41000000000000725 ) ) ;
#336 = ORIENTED_EDGE ( 'NONE', *, *, #536, .F. ) ;
#337 = DIRECTION ( 'NONE',  ( 0.000000000000000000, 0.000000000000000000, 1.000000000000000000 ) ) ;
#338 = VERTEX_POINT ( 'NONE', #3681 ) ;
#339 = EDGE_LOOP ( 'NONE', ( #3072, #4061, #647, #2046 ) ) ;
#340 = PLANE ( 'NONE',  #414 ) ;
#341 = DIRECTION ( 'NONE',  ( -1.000000000000000000, 0.000000000000000000, 0.000000000000000000 ) ) ;
#342 = AXIS2_PLACEMENT_3D ( 'NONE', #1059, #2923, #1540 ) ;
#343 = AXIS2_PLACEMENT_3D ( 'NONE', #1579, #2532, #3997 ) ;
#344 = ORIENTED_EDGE ( 'NONE', *, *, #470, .F. ) ;
#345 = EDGE_CURVE ( 'NONE', #5153, #5837, #3177, .T. ) ;
#346 = LINE ( 'NONE', #4068, #3919 ) ;
#347 = ORIENTED_EDGE ( 'NONE', *, *, #2777, .T. ) ;
#348 = ORIENTED_EDGE ( 'NONE', *, *, #4679, .T. ) ;
#349 = DIRECTION ( 'NONE',  ( -0.000000000000000000, 0.000000000000000000, 1.000000000000000000 ) ) ;
#350 = LINE ( 'NONE', #3168, #2611 ) ;
#351 = VERTEX_POINT ( 'NONE', #5001 ) ;
#352 = AXIS2_PLACEMENT_3D ( 'NONE', #2483, #591, #99 ) ;
#353 = CYLINDRICAL_SURFACE ( 'NONE', #3343, 0.8299999999999974065 ) ;
#354 = VECTOR ( 'NONE', #37, 1000.000000000000000 ) ;
#355 = ORIENTED_EDGE ( 'NONE', *, *, #4381, .F. ) ;
#356 = CIRCLE ( 'NONE', #5715, 6.000000000000005329 ) ;
#357 = DIRECTION ( 'NONE',  ( -0.000000000000000000, -0.000000000000000000, -1.000000000000000000 ) ) ;
#358 = AXIS2_PLACEMENT_3D ( 'NONE', #789, #2985, #3992 ) ;
#359 = DIRECTION ( 'NONE',  ( 0.000000000000000000, 0.000000000000000000, -1.000000000000000000 ) ) ;
#360 = ADVANCED_FACE ( 'NONE', ( #4169 ), #442, .F. ) ;
#361 = DIRECTION ( 'NONE',  ( -0.000000000000000000, -0.000000000000000000, -1.000000000000000000 ) ) ;
#362 = ORIENTED_EDGE ( 'NONE', *, *, #3852, .T. ) ;
#363 = VERTEX_POINT ( 'NONE', #3599 ) ;
#364 = CARTESIAN_POINT ( 'NONE',  ( 96.25000000000000000, -137.9999999999999716, 31.81000000000000583 ) ) ;
#365 = ADVANCED_FACE ( 'NONE', ( #1738, #2749 ), #5978, .F. ) ;
#366 = CARTESIAN_POINT ( 'NONE',  ( 182.9419262234264352, -36.00000000000000711, 25.71000000000000441 ) ) ;
#367 = CIRCLE ( 'NONE', #5049, 0.4000000000000010214 ) ;
#368 = APPLICATION_PROTOCOL_DEFINITION ( 'draft international standard', 'automotive_design', 1998, #5502 ) ;
#369 = ORIENTED_EDGE ( 'NONE', *, *, #5651, .T. ) ;
#370 = DIRECTION ( 'NONE',  ( -0.000000000000000000, -0.000000000000000000, -1.000000000000000000 ) ) ;
#371 = VECTOR ( 'NONE', #5607, 1000.000000000000000 ) ;
#372 = ORIENTED_EDGE ( 'NONE', *, *, #2377, .T. ) ;
#373 = VECTOR ( 'NONE', #4736, 1000.000000000000000 ) ;
#374 = ORIENTED_EDGE ( 'NONE', *, *, #5018, .T. ) ;
#375 = DIRECTION ( 'NONE',  ( -0.000000000000000000, -0.05233595624294395260, 0.9986295347545739443 ) ) ;
#376 = VECTOR ( 'NONE', #2859, 1000.000000000000000 ) ;
#377 = EDGE_CURVE ( 'NONE', #5296, #3741, #1391, .T. ) ;
#378 = CARTESIAN_POINT ( 'NONE',  ( 186.2700000000000387, -136.0000000000000000, 26.51000000000000156 ) ) ;
#379 = VERTEX_POINT ( 'NONE', #2722 ) ;
#380 = VECTOR ( 'NONE', #321, 1000.000000000000000 ) ;
#381 = EDGE_LOOP ( 'NONE', ( #696, #4775, #2525, #894 ) ) ;
#382 = ORIENTED_EDGE ( 'NONE', *, *, #6039, .F. ) ;
#383 = DIRECTION ( 'NONE',  ( 0.000000000000000000, 0.000000000000000000, 1.000000000000000000 ) ) ;
#384 = DIRECTION ( 'NONE',  ( 1.000000000000000000, 0.000000000000000000, 0.000000000000000000 ) ) ;
#385 = ORIENTED_EDGE ( 'NONE', *, *, #4511, .F. ) ;
#386 = EDGE_CURVE ( 'NONE', #3142, #3151, #1798, .T. ) ;
#387 = CARTESIAN_POINT ( 'NONE',  ( 96.25000000000000000, -137.9999999999999716, 29.61000000000000298 ) ) ;
#388 = ORIENTED_EDGE ( 'NONE', *, *, #1444, .F. ) ;
#389 = DIRECTION ( 'NONE',  ( 0.000000000000000000, -0.000000000000000000, -1.000000000000000000 ) ) ;
#390 = CARTESIAN_POINT ( 'NONE',  ( 180.5000000000000000, -134.0000000000000000, 30.61000000000000654 ) ) ;
#391 = CARTESIAN_POINT ( 'NONE',  ( 103.4000000000000199, -136.0000000000000000, 28.81000000000000227 ) ) ;
#392 = ORIENTED_EDGE ( 'NONE', *, *, #3218, .T. ) ;
#393 = EDGE_LOOP ( 'NONE', ( #4525, #2938 ) ) ;
#394 = CYLINDRICAL_SURFACE ( 'NONE', #2120, 4.200000000000009059 ) ;
#395 = LINE ( 'NONE', #2257, #1581 ) ;
#396 = CARTESIAN_POINT ( 'NONE',  ( 104.9999999999999858, -43.00000000000000000, 28.01000000000000512 ) ) ;
#397 = LINE ( 'NONE', #3266, #874 ) ;
#398 = DIRECTION ( 'NONE',  ( -6.938893903907993257E-14, 1.000000000000000000, 0.000000000000000000 ) ) ;
#399 = ORIENTED_EDGE ( 'NONE', *, *, #1427, .F. ) ;
#400 = EDGE_CURVE ( 'NONE', #5837, #5505, #5458, .T. ) ;
#401 = CARTESIAN_POINT ( 'NONE',  ( 185.5000000000000000, -129.0000000000000000, 31.41000000000000725 ) ) ;
#402 = DIRECTION ( 'NONE',  ( -0.000000000000000000, -0.000000000000000000, 1.000000000000000000 ) ) ;
#403 = ORIENTED_EDGE ( 'NONE', *, *, #4791, .F. ) ;
#404 = EDGE_CURVE ( 'NONE', #3512, #3747, #3233, .T. ) ;
#405 = ORIENTED_EDGE ( 'NONE', *, *, #5923, .F. ) ;
#406 = CARTESIAN_POINT ( 'NONE',  ( 103.4000000000000057, -35.20000000000000284, 28.81000000000000227 ) ) ;
#407 = DIRECTION ( 'NONE',  ( 1.000000000000000000, 0.000000000000000000, 0.000000000000000000 ) ) ;
#408 = ORIENTED_EDGE ( 'NONE', *, *, #4092, .T. ) ;
#409 = DIRECTION ( 'NONE',  ( -0.000000000000000000, -0.000000000000000000, 1.000000000000000000 ) ) ;
#410 = ORIENTED_EDGE ( 'NONE', *, *, #88, .F. ) ;
#411 = CARTESIAN_POINT ( 'NONE',  ( 188.2999999999999829, -41.39999999999999147, 26.51000000000000156 ) ) ;
#412 = DIRECTION ( 'NONE',  ( -0.000000000000000000, 0.000000000000000000, 1.000000000000000000 ) ) ;
#413 = CARTESIAN_POINT ( 'NONE',  ( 98.00000000000000000, -41.40000000000000568, 28.81000000000000227 ) ) ;
#414 = AXIS2_PLACEMENT_3D ( 'NONE', #307, #2171, #3579 ) ;
#415 = AXIS2_PLACEMENT_3D ( 'NONE', #1501, #4706, #3851 ) ;
#416 = EDGE_LOOP ( 'NONE', ( #5714, #1865, #1299, #5899 ) ) ;
#417 = ORIENTED_EDGE ( 'NONE', *, *, #3718, .F. ) ;
#418 = DIRECTION ( 'NONE',  ( 4.614404672545351006E-18, 0.05233595624294395260, 0.9986295347545739443 ) ) ;
#419 = LINE ( 'NONE', #366, #1303 ) ;
#420 = VECTOR ( 'NONE', #1113, 1000.000000000000000 ) ;
#421 = DIRECTION ( 'NONE',  ( -0.000000000000000000, -0.000000000000000000, 1.000000000000000000 ) ) ;
#422 = ORIENTED_EDGE ( 'NONE', *, *, #4876, .F. ) ;
#423 = ADVANCED_FACE ( 'NONE', ( #3625 ), #1851, .T. ) ;
#424 = AXIS2_PLACEMENT_3D ( 'NONE', #5212, #3387, #580 ) ;
#425 = ORIENTED_EDGE ( 'NONE', *, *, #210, .T. ) ;
#426 = AXIS2_PLACEMENT_3D ( 'NONE', #5000, #2685, #5513 ) ;
#427 = CARTESIAN_POINT ( 'NONE',  ( 190.9500000000000171, -137.9999999999999716, 26.51000000000000156 ) ) ;
#428 = DIRECTION ( 'NONE',  ( 0.000000000000000000, 0.000000000000000000, 1.000000000000000000 ) ) ;
#429 = ADVANCED_FACE ( 'NONE', ( #3707 ), #1276, .T. ) ;
#430 = ORIENTED_EDGE ( 'NONE', *, *, #879, .T. ) ;
#431 = VERTEX_POINT ( 'NONE', #4539 ) ;
#432 = DIRECTION ( 'NONE',  ( 0.000000000000000000, 0.000000000000000000, -1.000000000000000000 ) ) ;
#433 = EDGE_CURVE ( 'NONE', #1172, #3031, #1339, .T. ) ;
#434 = CARTESIAN_POINT ( 'NONE',  ( 182.9000000000000057, -135.6000000000000512, 28.81000000000000227 ) ) ;
#435 = EDGE_LOOP ( 'NONE', ( #1582, #5994, #3832, #5082 ) ) ;
#436 = VECTOR ( 'NONE', #5103, 1000.000000000000000 ) ;
#437 = LINE ( 'NONE', #2305, #3635 ) ;
#438 = VERTEX_POINT ( 'NONE', #2225 ) ;
#439 = CARTESIAN_POINT ( 'NONE',  ( 189.7999999999999829, -130.6000000000000227, 28.81000000000000227 ) ) ;
#440 = DIRECTION ( 'NONE',  ( 0.000000000000000000, 0.000000000000000000, -1.000000000000000000 ) ) ;
#441 = ADVANCED_FACE ( 'NONE', ( #937 ), #2281, .F. ) ;
#442 = CYLINDRICAL_SURFACE ( 'NONE', #765, 4.170000000000007034 ) ;
#443 = VERTEX_POINT ( 'NONE', #5485 ) ;
#444 = AXIS2_PLACEMENT_3D ( 'NONE', #3023, #3967, #3900 ) ;
#445 = VERTEX_POINT ( 'NONE', #2191 ) ;
#446 = CARTESIAN_POINT ( 'NONE',  ( 182.1000000000000512, -138.3000000000000114, 26.51000000000000156 ) ) ;
#447 = CARTESIAN_POINT ( 'NONE',  ( 98.00000000000000000, -40.55807377657357904, 25.71000000000000441 ) ) ;
#448 = DIRECTION ( 'NONE',  ( -0.000000000000000000, -0.000000000000000000, 1.000000000000000000 ) ) ;
#449 = ORIENTED_EDGE ( 'NONE', *, *, #5925, .T. ) ;
#450 = EDGE_CURVE ( 'NONE', #4281, #4339, #1308, .T. ) ;
#451 = ORIENTED_EDGE ( 'NONE', *, *, #5653, .F. ) ;
#452 = CIRCLE ( 'NONE', #4450, 6.099999999999994316 ) ;
#453 = DIRECTION ( 'NONE',  ( 1.000000000000000000, 0.000000000000000000, 0.000000000000000000 ) ) ;
#454 = EDGE_CURVE ( 'NONE', #1969, #3745, #971, .T. ) ;
#455 = DIRECTION ( 'NONE',  ( 0.000000000000000000, 0.000000000000000000, -1.000000000000000000 ) ) ;
#456 = CARTESIAN_POINT ( 'NONE',  ( 191.6700000000000159, 0.000000000000000000, 28.81000000000000227 ) ) ;
#457 = AXIS2_PLACEMENT_3D ( 'NONE', #5456, #2981, #1155 ) ;
#458 = AXIS2_PLACEMENT_3D ( 'NONE', #32, #1897, #3760 ) ;
#459 = ORIENTED_EDGE ( 'NONE', *, *, #400, .T. ) ;
#460 = EDGE_CURVE ( 'NONE', #2422, #2297, #1942, .T. ) ;
#461 = VERTEX_POINT ( 'NONE', #2342 ) ;
#462 = AXIS2_PLACEMENT_3D ( 'NONE', #1940, #2920, #4778 ) ;
#463 = CARTESIAN_POINT ( 'NONE',  ( 187.1000000000000227, -40.55807377657355772, 25.71000000000000441 ) ) ;
#464 = LINE ( 'NONE', #3248, #4267 ) ;
#465 = AXIS2_PLACEMENT_3D ( 'NONE', #2480, #4889, #4335 ) ;
#466 = ORIENTED_EDGE ( 'NONE', *, *, #3647, .T. ) ;
#467 = AXIS2_PLACEMENT_3D ( 'NONE', #413, #3653, #5092 ) ;
#468 = EDGE_CURVE ( 'NONE', #2241, #5048, #842, .T. ) ;
#469 = CYLINDRICAL_SURFACE ( 'NONE', #3916, 0.3999999999999975797 ) ;
#470 = EDGE_CURVE ( 'NONE', #3108, #2963, #5175, .T. ) ;
#471 = ORIENTED_EDGE ( 'NONE', *, *, #5984, .T. ) ;
#472 = DIRECTION ( 'NONE',  ( 0.000000000000000000, 0.000000000000000000, 1.000000000000000000 ) ) ;
#473 = FACE_OUTER_BOUND ( 'NONE', #721, .T. ) ;
#474 = DIRECTION ( 'NONE',  ( -0.9986295347545739443, 0.000000000000000000, -0.05233595624294395260 ) ) ;
#475 = CARTESIAN_POINT ( 'NONE',  ( 186.2700000000000102, -36.39999999999999147, 26.51000000000000156 ) ) ;
#476 = AXIS2_PLACEMENT_3D ( 'NONE', #683, #3558, #256 ) ;
#477 = EDGE_CURVE ( 'NONE', #3179, #207, #40, .T. ) ;
#478 = CYLINDRICAL_SURFACE ( 'NONE', #2204, 0.7999999999999951594 ) ;
#479 = VERTEX_POINT ( 'NONE', #1910 ) ;
#480 = ORIENTED_EDGE ( 'NONE', *, *, #4550, .F. ) ;
#481 = DIRECTION ( 'NONE',  ( 0.000000000000000000, 1.000000000000000000, 0.000000000000000000 ) ) ;
#482 = ADVANCED_FACE ( 'NONE', ( #5697 ), #3952, .T. ) ;
#483 = DIRECTION ( 'NONE',  ( -0.000000000000000000, 0.000000000000000000, 1.000000000000000000 ) ) ;
#484 = ORIENTED_EDGE ( 'NONE', *, *, #4894, .T. ) ;
#485 = ORIENTED_EDGE ( 'NONE', *, *, #722, .F. ) ;
#486 = CARTESIAN_POINT ( 'NONE',  ( 187.5000000000000000, -134.7700000000000387, 28.81000000000000227 ) ) ;
#487 = CARTESIAN_POINT ( 'NONE',  ( 186.2700000000000102, 0.000000000000000000, 26.51000000000000156 ) ) ;
#488 = DIRECTION ( 'NONE',  ( -0.05233595624294395954, 0.000000000000000000, -0.9986295347545739443 ) ) ;
#489 = DIRECTION ( 'NONE',  ( 0.000000000000000000, -1.000000000000000000, 0.000000000000000000 ) ) ;
#490 = VERTEX_POINT ( 'NONE', #3406 ) ;
#491 = EDGE_LOOP ( 'NONE', ( #1441, #1944, #2066, #3901 ) ) ;
#492 = CARTESIAN_POINT ( 'NONE',  ( 97.50000000000000000, -35.50000000000000711, 31.81000000000000583 ) ) ;
#493 = FACE_OUTER_BOUND ( 'NONE', #287, .T. ) ;
#494 = ORIENTED_EDGE ( 'NONE', *, *, #5195, .T. ) ;
#495 = CARTESIAN_POINT ( 'NONE',  ( 182.1000000000000227, -36.00000000000000711, 25.71000000000000441 ) ) ;
#496 = EDGE_CURVE ( 'NONE', #2356, #965, #5234, .T. ) ;
#497 = VERTEX_POINT ( 'NONE', #3319 ) ;
#498 = DIRECTION ( 'NONE',  ( 1.000000000000000000, 0.000000000000000000, 0.000000000000000000 ) ) ;
#499 = DIRECTION ( 'NONE',  ( -0.000000000000000000, -0.000000000000000000, 1.000000000000000000 ) ) ;
#500 = EDGE_CURVE ( 'NONE', #4455, #311, #2836, .T. ) ;
#501 = DIRECTION ( 'NONE',  ( 1.000000000000000000, 0.000000000000000000, 0.000000000000000000 ) ) ;
#502 = FACE_OUTER_BOUND ( 'NONE', #3029, .T. ) ;
#503 = EDGE_CURVE ( 'NONE', #643, #5380, #3345, .T. ) ;
#504 = DIRECTION ( 'NONE',  ( 1.000000000000000000, 0.000000000000000000, 0.000000000000000000 ) ) ;
#505 = CARTESIAN_POINT ( 'NONE',  ( 93.82999999999999829, 1.459812589694203629E-14, 26.51000000000000156 ) ) ;
#506 = EDGE_CURVE ( 'NONE', #3747, #4834, #5811, .T. ) ;
#507 = ORIENTED_EDGE ( 'NONE', *, *, #5849, .F. ) ;
#508 = VERTEX_POINT ( 'NONE', #5601 ) ;
#509 = ADVANCED_FACE ( 'NONE', ( #2948 ), #996, .F. ) ;
#510 = CARTESIAN_POINT ( 'NONE',  ( 188.2999999999999829, -41.39999999999999147, 26.51000000000000156 ) ) ;
#511 = DIRECTION ( 'NONE',  ( -0.000000000000000000, -0.000000000000000000, -1.000000000000000000 ) ) ;
#512 = VECTOR ( 'NONE', #4449, 1000.000000000000000 ) ;
#513 = AXIS2_PLACEMENT_3D ( 'NONE', #387, #409, #2273 ) ;
#514 = CYLINDRICAL_SURFACE ( 'NONE', #1232, 2.700000000000008171 ) ;
#515 = VECTOR ( 'NONE', #4431, 1000.000000000000000 ) ;
#516 = AXIS2_PLACEMENT_3D ( 'NONE', #1710, #5430, #2197 ) ;
#517 = CARTESIAN_POINT ( 'NONE',  ( 98.40000000000001990, -135.6000000000000512, 28.81000000000000227 ) ) ;
#518 = CARTESIAN_POINT ( 'NONE',  ( 187.9999999999999432, -29.00000000000000000, 31.41000000000000725 ) ) ;
#519 = DIRECTION ( 'NONE',  ( 0.000000000000000000, 0.000000000000000000, 1.000000000000000000 ) ) ;
#520 = AXIS2_PLACEMENT_3D ( 'NONE', #3812, #4850, #666 ) ;
#521 = DIRECTION ( 'NONE',  ( 1.000000000000000000, 0.000000000000000000, 0.000000000000000000 ) ) ;
#522 = AXIS2_PLACEMENT_3D ( 'NONE', #5977, #1823, #3256 ) ;
#523 = ORIENTED_EDGE ( 'NONE', *, *, #5842, .F. ) ;
#524 = VERTEX_POINT ( 'NONE', #2894 ) ;
#525 = CARTESIAN_POINT ( 'NONE',  ( 186.0499999999999829, -137.9999999999999716, 31.81000000000000583 ) ) ;
#526 = CARTESIAN_POINT ( 'NONE',  ( 187.5000000000000000, -41.39999999999999147, 28.81000000000000227 ) ) ;
#527 = CIRCLE ( 'NONE', #2962, 5.000000000000004441 ) ;
#528 = ORIENTED_EDGE ( 'NONE', *, *, #2743, .T. ) ;
#529 = CYLINDRICAL_SURFACE ( 'NONE', #1038, 6.000000000000005329 ) ;
#530 = EDGE_CURVE ( 'NONE', #431, #2757, #4685, .T. ) ;
#531 = ORIENTED_EDGE ( 'NONE', *, *, #88, .T. ) ;
#532 = CARTESIAN_POINT ( 'NONE',  ( 189.2500000000000000, -137.9999999999999716, 31.41000000000000725 ) ) ;
#533 = DIRECTION ( 'NONE',  ( -6.938893903907030216E-14, 1.000000000000000000, 0.000000000000000000 ) ) ;
#534 = CARTESIAN_POINT ( 'NONE',  ( 188.0000000000000000, -136.5000000000000000, 26.51000000000000156 ) ) ;
#535 = AXIS2_PLACEMENT_3D ( 'NONE', #4035, #5441, #4955 ) ;
#536 = EDGE_CURVE ( 'NONE', #3292, #2277, #3189, .T. ) ;
#537 = PLANE ( 'NONE',  #1700 ) ;
#538 = DIRECTION ( 'NONE',  ( -0.000000000000000000, -0.000000000000000000, 1.000000000000000000 ) ) ;
#539 = FACE_OUTER_BOUND ( 'NONE', #180, .T. ) ;
#540 = VECTOR ( 'NONE', #177, 1000.000000000000000 ) ;
#541 = ORIENTED_EDGE ( 'NONE', *, *, #4656, .F. ) ;
#542 = ORIENTED_EDGE ( 'NONE', *, *, #5689, .T. ) ;
#543 = DIRECTION ( 'NONE',  ( 0.000000000000000000, 1.000000000000000000, -0.000000000000000000 ) ) ;
#544 = CARTESIAN_POINT ( 'NONE',  ( 97.50000000000001421, -136.5000000000000000, 31.41000000000000725 ) ) ;
#545 = CARTESIAN_POINT ( 'NONE',  ( 187.1000000000000227, -131.4000000000000057, 26.51000000000000156 ) ) ;
#546 = CIRCLE ( 'NONE', #5486, 0.7999999999999951594 ) ;
#547 = ADVANCED_FACE ( 'NONE', ( #3859 ), #478, .F. ) ;
#548 = DIRECTION ( 'NONE',  ( -0.000000000000000000, -0.000000000000000000, -1.000000000000000000 ) ) ;
#549 = CARTESIAN_POINT ( 'NONE',  ( 186.2700000000000102, -135.5999999999999943, 28.81000000000000227 ) ) ;
#550 = CIRCLE ( 'NONE', #4548, 2.299999999999996270 ) ;
#551 = CARTESIAN_POINT ( 'NONE',  ( 0.000000000000000000, -35.20000000000000284, 28.81000000000000227 ) ) ;
#552 = DIRECTION ( 'NONE',  ( 1.000000000000000000, 0.000000000000000000, 0.000000000000000000 ) ) ;
#553 = AXIS2_PLACEMENT_3D ( 'NONE', #2913, #1468, #3334 ) ;
#554 = ORIENTED_EDGE ( 'NONE', *, *, #200, .T. ) ;
#555 = ORIENTED_EDGE ( 'NONE', *, *, #2094, .F. ) ;
#556 = LINE ( 'NONE', #1956, #1145 ) ;
#557 = EDGE_CURVE ( 'NONE', #6045, #3667, #2698, .T. ) ;
#558 = CARTESIAN_POINT ( 'NONE',  ( 185.9000000000000057, -129.0000000000000000, 31.41000000000000725 ) ) ;
#559 = VECTOR ( 'NONE', #2373, 1000.000000000000000 ) ;
#560 = VERTEX_POINT ( 'NONE', #1966 ) ;
#561 = VECTOR ( 'NONE', #2850, 1000.000000000000000 ) ;
#562 = CARTESIAN_POINT ( 'NONE',  ( 104.9999999999999858, -43.00000000000000000, 28.01000000000000512 ) ) ;
#563 = AXIS2_PLACEMENT_3D ( 'NONE', #3116, #1639, #4972 ) ;
#564 = VERTEX_POINT ( 'NONE', #3829 ) ;
#565 = DIRECTION ( 'NONE',  ( -0.000000000000000000, -0.000000000000000000, -1.000000000000000000 ) ) ;
#566 = CARTESIAN_POINT ( 'NONE',  ( 180.5000000000000000, -129.0000000000000000, 31.41000000000000725 ) ) ;
#567 = DIRECTION ( 'NONE',  ( 1.000000000000000000, 0.000000000000000000, 0.000000000000000000 ) ) ;
#568 = ADVANCED_FACE ( 'NONE', ( #3376 ), #5265, .T. ) ;
#569 = VECTOR ( 'NONE', #652, 1000.000000000000000 ) ;
#570 = DIRECTION ( 'NONE',  ( -0.000000000000000000, -0.000000000000000000, -1.000000000000000000 ) ) ;
#571 = ADVANCED_FACE ( 'NONE', ( #1084 ), #3010, .F. ) ;
#572 = DIRECTION ( 'NONE',  ( -0.000000000000000000, -0.000000000000000000, -1.000000000000000000 ) ) ;
#573 = ORIENTED_EDGE ( 'NONE', *, *, #4199, .T. ) ;
#574 = VERTEX_POINT ( 'NONE', #5787 ) ;
#575 = AXIS2_PLACEMENT_3D ( 'NONE', #5603, #1422, #2201 ) ;
#576 = CARTESIAN_POINT ( 'NONE',  ( 102.6000000000000085, 0.000000000000000000, 28.81000000000000227 ) ) ;
#577 = DIRECTION ( 'NONE',  ( -1.000000000000000000, 0.000000000000000000, 0.000000000000000000 ) ) ;
#578 = CARTESIAN_POINT ( 'NONE',  ( 186.5000000000000000, -129.0000000000000000, 28.01000000000000512 ) ) ;
#579 = CIRCLE ( 'NONE', #5070, 2.799999999999997158 ) ;
#580 = DIRECTION ( 'NONE',  ( -1.000000000000000000, 0.000000000000000000, 0.000000000000000000 ) ) ;
#581 = DIRECTION ( 'NONE',  ( -0.000000000000000000, -0.000000000000000000, -1.000000000000000000 ) ) ;
#582 = ADVANCED_FACE ( 'NONE', ( #1567 ), #1898, .T. ) ;
#583 = DIRECTION ( 'NONE',  ( -0.000000000000000000, -0.000000000000000000, 1.000000000000000000 ) ) ;
#584 = CARTESIAN_POINT ( 'NONE',  ( 187.5499999999999829, -33.99999999999997868, 26.51000000000000156 ) ) ;
#585 = ORIENTED_EDGE ( 'NONE', *, *, #5925, .F. ) ;
#586 = EDGE_CURVE ( 'NONE', #4625, #2757, #4533, .T. ) ;
#587 = VERTEX_POINT ( 'NONE', #1240 ) ;
#588 = FACE_BOUND ( 'NONE', #393, .T. ) ;
#589 = DIRECTION ( 'NONE',  ( -0.000000000000000000, 0.000000000000000000, 1.000000000000000000 ) ) ;
#590 = ORIENTED_EDGE ( 'NONE', *, *, #4440, .F. ) ;
#591 = DIRECTION ( 'NONE',  ( -0.000000000000000000, -0.000000000000000000, 1.000000000000000000 ) ) ;
#592 = EDGE_CURVE ( 'NONE', #3649, #5907, #1178, .T. ) ;
#593 = ORIENTED_EDGE ( 'NONE', *, *, #5024, .T. ) ;
#594 = CARTESIAN_POINT ( 'NONE',  ( 184.4000000000000057, -135.6000000000000512, 28.81000000000000227 ) ) ;
#595 = CARTESIAN_POINT ( 'NONE',  ( 102.5580737765735790, -36.00000000000000711, 25.71000000000000441 ) ) ;
#596 = DIRECTION ( 'NONE',  ( -0.05233595624294395260, 0.000000000000000000, 0.9986295347545739443 ) ) ;
#597 = CARTESIAN_POINT ( 'NONE',  ( 103.4000000000000199, -136.0000000000000000, 26.51000000000000156 ) ) ;
#598 = DIRECTION ( 'NONE',  ( -1.000000000000000000, 2.002531251754318651E-14, 0.000000000000000000 ) ) ;
#599 = ORIENTED_EDGE ( 'NONE', *, *, #4497, .T. ) ;
#600 = ORIENTED_EDGE ( 'NONE', *, *, #2635, .T. ) ;
#601 = PLANE ( 'NONE',  #5333 ) ;
#602 = LINE ( 'NONE', #86, #225 ) ;
#603 = ADVANCED_FACE ( 'NONE', ( #750 ), #4871, .T. ) ;
#604 = DIRECTION ( 'NONE',  ( 0.000000000000000000, -1.000000000000000000, 0.000000000000000000 ) ) ;
#605 = DIRECTION ( 'NONE',  ( 1.000000000000000000, -0.000000000000000000, -0.000000000000000000 ) ) ;
#606 = FACE_OUTER_BOUND ( 'NONE', #5551, .T. ) ;
#607 = EDGE_CURVE ( 'NONE', #3665, #5628, #3268, .T. ) ;
#608 = DIRECTION ( 'NONE',  ( -0.000000000000000000, 1.000000000000000000, -0.000000000000000000 ) ) ;
#609 = DIRECTION ( 'NONE',  ( -1.000000000000000000, 0.000000000000000000, 0.000000000000000000 ) ) ;
#610 = VECTOR ( 'NONE', #5528, 1000.000000000000000 ) ;
#611 = VERTEX_POINT ( 'NONE', #2613 ) ;
#612 = ORIENTED_EDGE ( 'NONE', *, *, #4907, .T. ) ;
#613 = CARTESIAN_POINT ( 'NONE',  ( 187.5000000000000000, -41.39999999999999147, 28.81000000000000227 ) ) ;
#614 = CIRCLE ( 'NONE', #3346, 0.8299999999999974065 ) ;
#615 = VERTEX_POINT ( 'NONE', #1117 ) ;
#616 = ADVANCED_FACE ( 'NONE', ( #2059 ), #833, .T. ) ;
#617 = CIRCLE ( 'NONE', #5295, 6.500000000000005329 ) ;
#618 = CYLINDRICAL_SURFACE ( 'NONE', #2664, 0.3999999999999975797 ) ;
#619 = EDGE_LOOP ( 'NONE', ( #3526, #1600, #158, #5700 ) ) ;
#620 = DIRECTION ( 'NONE',  ( 0.000000000000000000, 1.000000000000000000, -0.000000000000000000 ) ) ;
#621 = AXIS2_PLACEMENT_3D ( 'NONE', #969, #4779, #1507 ) ;
#622 = CARTESIAN_POINT ( 'NONE',  ( 191.6700000000000159, -130.6000000000000227, 28.81000000000000227 ) ) ;
#623 = LINE ( 'NONE', #162, #3488 ) ;
#624 = DIRECTION ( 'NONE',  ( -0.000000000000000000, 0.000000000000000000, 1.000000000000000000 ) ) ;
#625 = CARTESIAN_POINT ( 'NONE',  ( 180.5000000000000000, -129.0000000000000000, 28.01000000000000512 ) ) ;
#626 = VERTEX_POINT ( 'NONE', #222 ) ;
#627 = ORIENTED_EDGE ( 'NONE', *, *, #5442, .F. ) ;
#628 = DIRECTION ( 'NONE',  ( 0.000000000000000000, 0.000000000000000000, 1.000000000000000000 ) ) ;
#629 = DIRECTION ( 'NONE',  ( 1.000000000000000000, 0.000000000000000000, 0.000000000000000000 ) ) ;
#630 = EDGE_CURVE ( 'NONE', #798, #1375, #4822, .T. ) ;
#631 = CIRCLE ( 'NONE', #4046, 4.200000000000009059 ) ;
#632 = CARTESIAN_POINT ( 'NONE',  ( 101.1000000000000227, -136.0000000000000000, 28.81000000000000227 ) ) ;
#633 = VECTOR ( 'NONE', #1615, 1000.000000000000000 ) ;
#634 = CARTESIAN_POINT ( 'NONE',  ( 103.4000000000000199, -136.0000000000000000, 26.51000000000000156 ) ) ;
#635 = CARTESIAN_POINT ( 'NONE',  ( 103.4000000000000057, -35.15807377657356625, 25.71000000000000441 ) ) ;
#636 = EDGE_CURVE ( 'NONE', #438, #3063, #631, .T. ) ;
#637 = AXIS2_PLACEMENT_3D ( 'NONE', #3907, #186, #2052 ) ;
#638 = FACE_OUTER_BOUND ( 'NONE', #4527, .T. ) ;
#639 = CARTESIAN_POINT ( 'NONE',  ( 99.23000000000001819, -136.0000000000000000, 26.51000000000000156 ) ) ;
#640 = ORIENTED_EDGE ( 'NONE', *, *, #5278, .T. ) ;
#641 = VECTOR ( 'NONE', #5497, 1000.000000000000000 ) ;
#642 = AXIS2_PLACEMENT_3D ( 'NONE', #3118, #689, #3957 ) ;
#643 = VERTEX_POINT ( 'NONE', #2977 ) ;
#644 = CARTESIAN_POINT ( 'NONE',  ( 187.1000000000000227, -134.7700000000000387, 28.81000000000000227 ) ) ;
#645 = DIRECTION ( 'NONE',  ( -0.000000000000000000, 0.000000000000000000, 1.000000000000000000 ) ) ;
#646 = CARTESIAN_POINT ( 'NONE',  ( 104.9999999999999716, -135.0000000000000000, 28.01000000000000512 ) ) ;
#647 = ORIENTED_EDGE ( 'NONE', *, *, #2495, .T. ) ;
#648 = FACE_OUTER_BOUND ( 'NONE', #4960, .T. ) ;
#649 = ORIENTED_EDGE ( 'NONE', *, *, #2153, .F. ) ;
#650 = CYLINDRICAL_SURFACE ( 'NONE', #123, 5.000000000000004441 ) ;
#651 = AXIS2_PLACEMENT_3D ( 'NONE', #121, #95, #3396 ) ;
#652 = DIRECTION ( 'NONE',  ( -0.000000000000000000, -0.05233595624294395260, 0.9986295347545739443 ) ) ;
#653 = DIRECTION ( 'NONE',  ( 0.000000000000000000, 1.000000000000000000, -0.000000000000000000 ) ) ;
#654 = EDGE_CURVE ( 'NONE', #1061, #2032, #1634, .T. ) ;
#655 = CARTESIAN_POINT ( 'NONE',  ( 101.1000000000000085, -36.39999999999999858, 28.81000000000000227 ) ) ;
#656 = AXIS2_PLACEMENT_3D ( 'NONE', #1160, #821, #3506 ) ;
#657 = CARTESIAN_POINT ( 'NONE',  ( 98.00000000000000000, -39.10000000000000142, 28.81000000000000227 ) ) ;
#658 = EDGE_CURVE ( 'NONE', #4873, #2255, #2973, .T. ) ;
#659 = AXIS2_PLACEMENT_3D ( 'NONE', #4101, #5971, #4592 ) ;
#660 = EDGE_LOOP ( 'NONE', ( #1715, #4552, #5318, #5008 ) ) ;
#661 = CARTESIAN_POINT ( 'NONE',  ( 182.9000000000000341, -136.0000000000000000, 28.81000000000000227 ) ) ;
#662 = CARTESIAN_POINT ( 'NONE',  ( 101.1000000000000227, -136.0000000000000000, 26.51000000000000156 ) ) ;
#663 = AXIS2_PLACEMENT_3D ( 'NONE', #2684, #1765, #2719 ) ;
#664 = DIRECTION ( 'NONE',  ( 1.000000000000000000, 0.000000000000000000, 0.000000000000000000 ) ) ;
#665 = ADVANCED_FACE ( 'NONE', ( #3912 ), #5602, .T. ) ;
#666 = DIRECTION ( 'NONE',  ( 0.000000000000000000, 0.000000000000000000, 1.000000000000000000 ) ) ;
#667 = CARTESIAN_POINT ( 'NONE',  ( 97.20000000000001705, -130.6000000000000512, 28.81000000000000227 ) ) ;
#668 = CARTESIAN_POINT ( 'NONE',  ( 186.2700000000000102, -36.00000000000000711, 26.51000000000000156 ) ) ;
#669 = ORIENTED_EDGE ( 'NONE', *, *, #1221, .F. ) ;
#670 = DIRECTION ( 'NONE',  ( -1.000000000000000000, 0.000000000000000000, 0.000000000000000000 ) ) ;
#671 = ORIENTED_EDGE ( 'NONE', *, *, #2117, .F. ) ;
#672 = VERTEX_POINT ( 'NONE', #3948 ) ;
#673 = CARTESIAN_POINT ( 'NONE',  ( 180.5000000000000000, -134.0000000000000000, 30.61000000000000654 ) ) ;
#674 = DIRECTION ( 'NONE',  ( -1.000000000000000000, 0.000000000000000000, 0.000000000000000000 ) ) ;
#675 = FACE_OUTER_BOUND ( 'NONE', #381, .T. ) ;
#676 = VERTEX_POINT ( 'NONE', #292 ) ;
#677 = VERTEX_POINT ( 'NONE', #3557 ) ;
#678 = CARTESIAN_POINT ( 'NONE',  ( 184.3999999999905981, 1.279532035880568845E-11, 28.81000000000000227 ) ) ;
#679 = PRESENTATION_STYLE_ASSIGNMENT (( #4468 ) ) ;
#680 = DIRECTION ( 'NONE',  ( 1.000000000000000000, 0.000000000000000000, -0.000000000000000000 ) ) ;
#681 = ORIENTED_EDGE ( 'NONE', *, *, #4440, .T. ) ;
#682 = EDGE_CURVE ( 'NONE', #82, #2336, #2126, .T. ) ;
#683 = CARTESIAN_POINT ( 'NONE',  ( 97.50000000000001421, -136.5000000000000000, 28.81000000000000227 ) ) ;
#684 = EDGE_CURVE ( 'NONE', #1631, #3179, #1122, .T. ) ;
#685 = VERTEX_POINT ( 'NONE', #3430 ) ;
#686 = EDGE_CURVE ( 'NONE', #5791, #1226, #5292, .T. ) ;
#687 = CARTESIAN_POINT ( 'NONE',  ( 187.5000000000000000, -40.59999999999998721, 26.51000000000000156 ) ) ;
#688 = CARTESIAN_POINT ( 'NONE',  ( 103.4000000000000057, -36.00000000000000711, 26.51000000000000156 ) ) ;
#689 = DIRECTION ( 'NONE',  ( 1.000000000000000000, 0.000000000000000000, -0.000000000000000000 ) ) ;
#690 = EDGE_CURVE ( 'NONE', #3741, #5163, #320, .T. ) ;
#691 = ORIENTED_EDGE ( 'NONE', *, *, #3535, .F. ) ;
#692 = CARTESIAN_POINT ( 'NONE',  ( 187.5000000000000000, -132.9000000000000057, 28.81000000000000227 ) ) ;
#693 = EDGE_CURVE ( 'NONE', #1868, #2187, #2648, .T. ) ;
#694 = LINE ( 'NONE', #3123, #512 ) ;
#695 = CARTESIAN_POINT ( 'NONE',  ( 182.9000000000000057, -135.6000000000000512, 26.51000000000000156 ) ) ;
#696 = ORIENTED_EDGE ( 'NONE', *, *, #246, .F. ) ;
#697 = APPLICATION_CONTEXT ( 'automotive_design' ) ;
#698 = DIRECTION ( 'NONE',  ( 1.000000000000000000, 0.000000000000000000, 0.000000000000000000 ) ) ;
#699 = ORIENTED_EDGE ( 'NONE', *, *, #4991, .T. ) ;
#700 = ORIENTED_EDGE ( 'NONE', *, *, #4976, .T. ) ;
#701 = CARTESIAN_POINT ( 'NONE',  ( 187.5000000000000000, -40.59999999999998721, 28.81000000000000227 ) ) ;
#702 = CARTESIAN_POINT ( 'NONE',  ( 187.1000000000000227, -40.59999999999998721, 26.51000000000000156 ) ) ;
#703 = CARTESIAN_POINT ( 'NONE',  ( 96.25000000000000000, -33.99999999999997868, 29.61000000000000298 ) ) ;
#704 = ORIENTED_EDGE ( 'NONE', *, *, #2814, .F. ) ;
#705 = EDGE_CURVE ( 'NONE', #760, #1616, #847, .T. ) ;
#706 = AXIS2_PLACEMENT_3D ( 'NONE', #4762, #2382, #3388 ) ;
#707 = AXIS2_PLACEMENT_3D ( 'NONE', #4188, #35, #3620 ) ;
#708 = ORIENTED_EDGE ( 'NONE', *, *, #2153, .T. ) ;
#709 = DIRECTION ( 'NONE',  ( 0.000000000000000000, 0.000000000000000000, 1.000000000000000000 ) ) ;
#710 = AXIS2_PLACEMENT_3D ( 'NONE', #5350, #5755, #2026 ) ;
#711 = CIRCLE ( 'NONE', #5007, 2.299999999999996270 ) ;
#712 = ORIENTED_EDGE ( 'NONE', *, *, #3714, .T. ) ;
#713 = LINE ( 'NONE', #3034, #4657 ) ;
#714 = LINE ( 'NONE', #3946, #5336 ) ;
#715 = ORIENTED_EDGE ( 'NONE', *, *, #4842, .F. ) ;
#716 = EDGE_CURVE ( 'NONE', #2078, #2823, #550, .T. ) ;
#717 = CARTESIAN_POINT ( 'NONE',  ( 187.1000000000000227, -36.39999999999999147, 28.81000000000000227 ) ) ;
#718 = VECTOR ( 'NONE', #2626, 1000.000000000000000 ) ;
#719 = CYLINDRICAL_SURFACE ( 'NONE', #476, 6.500000000000005329 ) ;
#720 = AXIS2_PLACEMENT_3D ( 'NONE', #5857, #296, #1671 ) ;
#721 = EDGE_LOOP ( 'NONE', ( #4007, #1727, #3820, #4424 ) ) ;
#722 = EDGE_CURVE ( 'NONE', #626, #5791, #2404, .T. ) ;
#723 = DIRECTION ( 'NONE',  ( 0.000000000000000000, 1.000000000000000000, 0.000000000000000000 ) ) ;
#724 = DIRECTION ( 'NONE',  ( 1.000000000000000000, 0.000000000000000000, 0.000000000000000000 ) ) ;
#725 = LINE ( 'NONE', #5390, #5246 ) ;
#726 = ORIENTED_EDGE ( 'NONE', *, *, #4724, .F. ) ;
#727 = CARTESIAN_POINT ( 'NONE',  ( 103.4000000000000057, -31.83000000000000540, 26.51000000000000156 ) ) ;
#728 = CARTESIAN_POINT ( 'NONE',  ( 182.1000000000000227, -33.70000000000000284, 28.81000000000000227 ) ) ;
#729 = AXIS2_PLACEMENT_3D ( 'NONE', #4489, #308, #2172 ) ;
#730 = CARTESIAN_POINT ( 'NONE',  ( 101.1000000000000085, 0.000000000000000000, 28.81000000000000227 ) ) ;
#731 = VERTEX_POINT ( 'NONE', #3418 ) ;
#732 = DIRECTION ( 'NONE',  ( -1.000000000000000000, 0.000000000000000000, 0.000000000000000000 ) ) ;
#733 = ADVANCED_FACE ( 'NONE', ( #4390 ), #3471, .F. ) ;
#734 = ORIENTED_EDGE ( 'NONE', *, *, #1980, .T. ) ;
#735 = CIRCLE ( 'NONE', #1811, 2.799999999999997158 ) ;
#736 = EDGE_LOOP ( 'NONE', ( #5988, #2589, #1512, #4732 ) ) ;
#737 = LINE ( 'NONE', #799, #2701 ) ;
#738 = DIRECTION ( 'NONE',  ( 0.000000000000000000, -0.000000000000000000, 1.000000000000000000 ) ) ;
#739 = DIRECTION ( 'NONE',  ( -0.000000000000000000, -0.000000000000000000, -1.000000000000000000 ) ) ;
#740 = AXIS2_PLACEMENT_3D ( 'NONE', #1052, #4774, #2456 ) ;
#741 = ORIENTED_EDGE ( 'NONE', *, *, #3718, .T. ) ;
#742 = VERTEX_POINT ( 'NONE', #1130 ) ;
#743 = EDGE_CURVE ( 'NONE', #100, #68, #356, .T. ) ;
#744 = CARTESIAN_POINT ( 'NONE',  ( 91.39999999999999147, -35.50000000000000711, 31.41000000000000725 ) ) ;
#745 = VECTOR ( 'NONE', #4368, 1000.000000000000000 ) ;
#746 = ORIENTED_EDGE ( 'NONE', *, *, #1673, .T. ) ;
#747 = DIRECTION ( 'NONE',  ( -1.000000000000000000, 0.000000000000000000, 0.000000000000000000 ) ) ;
#748 = LINE ( 'NONE', #3887, #166 ) ;
#749 = ORIENTED_EDGE ( 'NONE', *, *, #2777, .F. ) ;
#750 = FACE_OUTER_BOUND ( 'NONE', #2936, .T. ) ;
#751 = FACE_OUTER_BOUND ( 'NONE', #2710, .T. ) ;
#752 = VECTOR ( 'NONE', #2181, 1000.000000000000000 ) ;
#753 = VERTEX_POINT ( 'NONE', #2107 ) ;
#754 = DIRECTION ( 'NONE',  ( -1.000000000000000000, 0.000000000000000000, 0.000000000000000000 ) ) ;
#755 = CARTESIAN_POINT ( 'NONE',  ( 98.40000000000001990, -131.4000000000000341, 26.51000000000000156 ) ) ;
#756 = ADVANCED_FACE ( 'NONE', ( #2961 ), #1165, .F. ) ;
#757 = CIRCLE ( 'NONE', #4260, 1.700000000000021050 ) ;
#758 = DIRECTION ( 'NONE',  ( -1.000000000000000000, 0.000000000000000000, 0.000000000000000000 ) ) ;
#759 = AXIS2_PLACEMENT_3D ( 'NONE', #97, #5165, #927 ) ;
#760 = VERTEX_POINT ( 'NONE', #768 ) ;
#761 = AXIS2_PLACEMENT_3D ( 'NONE', #534, #1056, #76 ) ;
#762 = CARTESIAN_POINT ( 'NONE',  ( 103.4000000000000057, -33.70000000000000284, 26.51000000000000156 ) ) ;
#763 = CARTESIAN_POINT ( 'NONE',  ( 0.000000000000000000, -138.3000000000000114, 28.81000000000000227 ) ) ;
#764 = VECTOR ( 'NONE', #1076, 1000.000000000000000 ) ;
#765 = AXIS2_PLACEMENT_3D ( 'NONE', #391, #880, #6005 ) ;
#766 = CARTESIAN_POINT ( 'NONE',  ( 102.6000000000000085, -36.00000000000000711, 26.51000000000000156 ) ) ;
#767 = EDGE_LOOP ( 'NONE', ( #956, #5574, #599, #124 ) ) ;
#768 = CARTESIAN_POINT ( 'NONE',  ( 104.9999999999999858, -37.99999999999999289, 31.41000000000000725 ) ) ;
#769 = VERTEX_POINT ( 'NONE', #2073 ) ;
#770 = EDGE_CURVE ( 'NONE', #3740, #1638, #4250, .T. ) ;
#771 = VERTEX_POINT ( 'NONE', #4453 ) ;
#772 = FACE_OUTER_BOUND ( 'NONE', #4901, .T. ) ;
#773 = CIRCLE ( 'NONE', #3119, 0.4000000000000114575 ) ;
#774 = FACE_OUTER_BOUND ( 'NONE', #2017, .T. ) ;
#775 = CARTESIAN_POINT ( 'NONE',  ( 186.5000000000000000, -129.0000000000000000, 28.01000000000000512 ) ) ;
#776 = ADVANCED_FACE ( 'NONE', ( #3932, #4363 ), #4821, .T. ) ;
#777 = ORIENTED_EDGE ( 'NONE', *, *, #997, .T. ) ;
#778 = ORIENTED_EDGE ( 'NONE', *, *, #2866, .F. ) ;
#779 = CARTESIAN_POINT ( 'NONE',  ( 103.4000000000000057, -35.20000000000000995, 26.51000000000000156 ) ) ;
#780 = VERTEX_POINT ( 'NONE', #5866 ) ;
#781 = DIRECTION ( 'NONE',  ( -1.000000000000000000, 0.000000000000000000, 0.000000000000000000 ) ) ;
#782 = ORIENTED_EDGE ( 'NONE', *, *, #1550, .F. ) ;
#783 = EDGE_CURVE ( 'NONE', #14, #4415, #3088, .T. ) ;
#784 = CARTESIAN_POINT ( 'NONE',  ( -0.000000000000000000, -39.09999999999998721, 26.51000000000000156 ) ) ;
#785 = DIRECTION ( 'NONE',  ( 1.000000000000000000, -1.838117590439000668E-16, 0.000000000000000000 ) ) ;
#786 = ORIENTED_EDGE ( 'NONE', *, *, #2330, .T. ) ;
#787 = CARTESIAN_POINT ( 'NONE',  ( 187.5000000000000000, -131.4419262234264636, 25.71000000000000441 ) ) ;
#788 = CARTESIAN_POINT ( 'NONE',  ( 101.1000000000000085, -36.00000000000000711, 26.51000000000000156 ) ) ;
#789 = CARTESIAN_POINT ( 'NONE',  ( 182.1000000000000512, -136.0000000000000000, 25.71000000000000441 ) ) ;
#790 = ORIENTED_EDGE ( 'NONE', *, *, #4511, .T. ) ;
#791 = VERTEX_POINT ( 'NONE', #3053 ) ;
#792 = CARTESIAN_POINT ( 'NONE',  ( 96.25000000000000000, -137.9999999999999716, 19.61000000000000298 ) ) ;
#793 = LINE ( 'NONE', #3926, #2468 ) ;
#794 = LINE ( 'NONE', #886, #1516 ) ;
#795 = ORIENTED_EDGE ( 'NONE', *, *, #3436, .T. ) ;
#796 = CARTESIAN_POINT ( 'NONE',  ( 101.1000000000000227, -135.6000000000000512, 28.81000000000000227 ) ) ;
#797 = VERTEX_POINT ( 'NONE', #2045 ) ;
#798 = VERTEX_POINT ( 'NONE', #639 ) ;
#799 = CARTESIAN_POINT ( 'NONE',  ( 182.1000000000000512, -136.8419262234264409, 25.71000000000000441 ) ) ;
#800 = DIRECTION ( 'NONE',  ( 0.05233595624294395260, -0.000000000000000000, 0.9986295347545739443 ) ) ;
#801 = ORIENTED_EDGE ( 'NONE', *, *, #2858, .T. ) ;
#802 = DIRECTION ( 'NONE',  ( 0.000000000000000000, 0.000000000000000000, -1.000000000000000000 ) ) ;
#803 = ORIENTED_EDGE ( 'NONE', *, *, #1356, .T. ) ;
#804 = EDGE_CURVE ( 'NONE', #5943, #3100, #3195, .T. ) ;
#805 = EDGE_LOOP ( 'NONE', ( #4924, #2450, #2220, #3201 ) ) ;
#806 = CARTESIAN_POINT ( 'NONE',  ( 98.00000000000000000, -41.40000000000000568, 28.81000000000000227 ) ) ;
#807 = FACE_OUTER_BOUND ( 'NONE', #254, .T. ) ;
#808 = VECTOR ( 'NONE', #4954, 1000.000000000000000 ) ;
#809 = ORIENTED_EDGE ( 'NONE', *, *, #2000, .T. ) ;
#810 = VECTOR ( 'NONE', #5595, 1000.000000000000000 ) ;
#811 = DIRECTION ( 'NONE',  ( -1.000000000000000000, 0.000000000000000000, 0.000000000000000000 ) ) ;
#812 = AXIS2_PLACEMENT_3D ( 'NONE', #4176, #5074, #1771 ) ;
#813 = EDGE_LOOP ( 'NONE', ( #961, #5642, #3566, #1590 ) ) ;
#814 = FACE_OUTER_BOUND ( 'NONE', #1706, .T. ) ;
#815 = CARTESIAN_POINT ( 'NONE',  ( 99.45000000000000284, -137.9999999999999716, 31.81000000000000583 ) ) ;
#816 = AXIS2_PLACEMENT_3D ( 'NONE', #1564, #2119, #285 ) ;
#817 = LINE ( 'NONE', #2252, #4959 ) ;
#818 = AXIS2_PLACEMENT_3D ( 'NONE', #4354, #2929, #1547 ) ;
#819 = ORIENTED_EDGE ( 'NONE', *, *, #5204, .T. ) ;
#820 = ORIENTED_EDGE ( 'NONE', *, *, #4572, .F. ) ;
#821 = DIRECTION ( 'NONE',  ( -0.000000000000000000, -0.000000000000000000, 1.000000000000000000 ) ) ;
#822 = EDGE_CURVE ( 'NONE', #3093, #1937, #2014, .T. ) ;
#823 = CARTESIAN_POINT ( 'NONE',  ( 97.20000000000001705, -130.6000000000000512, 26.51000000000000156 ) ) ;
#824 = AXIS2_PLACEMENT_3D ( 'NONE', #995, #5637, #1663 ) ;
#825 = DIRECTION ( 'NONE',  ( -0.000000000000000000, -0.000000000000000000, -1.000000000000000000 ) ) ;
#826 = VERTEX_POINT ( 'NONE', #2535 ) ;
#827 = CYLINDRICAL_SURFACE ( 'NONE', #3572, 2.799999999999997158 ) ;
#828 = ORIENTED_EDGE ( 'NONE', *, *, #3128, .T. ) ;
#829 = ORIENTED_EDGE ( 'NONE', *, *, #4791, .T. ) ;
#830 = DIRECTION ( 'NONE',  ( -0.000000000000000000, -0.000000000000000000, -1.000000000000000000 ) ) ;
#831 = EDGE_CURVE ( 'NONE', #2547, #574, #3872, .T. ) ;
#832 = LINE ( 'NONE', #6018, #4923 ) ;
#833 = TOROIDAL_SURFACE ( 'NONE', #5029, 3.200000000000004619, 0.4000000000000000222 ) ;
#834 = VECTOR ( 'NONE', #5801, 1000.000000000000000 ) ;
#835 = ORIENTED_EDGE ( 'NONE', *, *, #5237, .T. ) ;
#836 = DIRECTION ( 'NONE',  ( 0.000000000000000000, 1.000000000000000000, -0.000000000000000000 ) ) ;
#837 = ORIENTED_EDGE ( 'NONE', *, *, #4308, .T. ) ;
#838 = ORIENTED_EDGE ( 'NONE', *, *, #1553, .T. ) ;
#839 = FACE_OUTER_BOUND ( 'NONE', #2092, .T. ) ;
#840 = CYLINDRICAL_SURFACE ( 'NONE', #3208, 6.000000000000005329 ) ;
#841 = ORIENTED_EDGE ( 'NONE', *, *, #4522, .F. ) ;
#842 = CIRCLE ( 'NONE', #5610, 1.700000000000021050 ) ;
#843 = AXIS2_PLACEMENT_3D ( 'NONE', #28, #4793, #521 ) ;
#844 = LINE ( 'NONE', #5542, #20 ) ;
#845 = CIRCLE ( 'NONE', #3761, 6.000000000000005329 ) ;
#846 = ORIENTED_EDGE ( 'NONE', *, *, #985, .F. ) ;
#847 = CIRCLE ( 'NONE', #2304, 0.3999999999999975797 ) ;
#848 = CARTESIAN_POINT ( 'NONE',  ( 99.23000000000001819, -135.6000000000000512, 28.81000000000000227 ) ) ;
#849 = CARTESIAN_POINT ( 'NONE',  ( 99.99999999999995737, -129.0000000000000000, 30.61000000000000654 ) ) ;
#850 = DIRECTION ( 'NONE',  ( 0.000000000000000000, 0.000000000000000000, 1.000000000000000000 ) ) ;
#851 = CONICAL_SURFACE ( 'NONE', #160, 2.299999999999996270, 0.05235987755983000091 ) ;
#852 = EDGE_CURVE ( 'NONE', #3632, #3649, #1913, .T. ) ;
#853 = ORIENTED_EDGE ( 'NONE', *, *, #3844, .F. ) ;
#854 = EDGE_LOOP ( 'NONE', ( #1086, #918, #3728, #1135 ) ) ;
#855 = DIRECTION ( 'NONE',  ( -1.000000000000000000, 0.000000000000000000, 0.000000000000000000 ) ) ;
#856 = CARTESIAN_POINT ( 'NONE',  ( 187.5499999999999829, -137.9999999999999716, 29.61000000000000298 ) ) ;
#857 = AXIS2_PLACEMENT_3D ( 'NONE', #1828, #3180, #855 ) ;
#858 = DIRECTION ( 'NONE',  ( -0.000000000000000000, 0.000000000000000000, 1.000000000000000000 ) ) ;
#859 = ORIENTED_EDGE ( 'NONE', *, *, #4381, .T. ) ;
#860 = EDGE_CURVE ( 'NONE', #4455, #1969, #4884, .T. ) ;
#861 = CARTESIAN_POINT ( 'NONE',  ( 96.25000000000000000, -137.9999999999999716, 29.61000000000000298 ) ) ;
#862 = VECTOR ( 'NONE', #5519, 1000.000000000000000 ) ;
#863 = EDGE_LOOP ( 'NONE', ( #2283, #247, #1723, #4466 ) ) ;
#864 = AXIS2_PLACEMENT_3D ( 'NONE', #2182, #2645, #4995 ) ;
#865 = LINE ( 'NONE', #1836, #1787 ) ;
#866 = AXIS2_PLACEMENT_3D ( 'NONE', #1822, #3650, #389 ) ;
#867 = CARTESIAN_POINT ( 'NONE',  ( 182.8999999999905981, 1.269123695024706710E-11, 28.81000000000000227 ) ) ;
#868 = ORIENTED_EDGE ( 'NONE', *, *, #5391, .F. ) ;
#869 = VECTOR ( 'NONE', #1271, 1000.000000000000000 ) ;
#870 = ORIENTED_EDGE ( 'NONE', *, *, #503, .F. ) ;
#871 = CARTESIAN_POINT ( 'NONE',  ( 184.4000000000000057, -36.39999999999999147, 28.81000000000000227 ) ) ;
#872 = LINE ( 'NONE', #1296, #2022 ) ;
#873 = ORIENTED_EDGE ( 'NONE', *, *, #963, .T. ) ;
#874 = VECTOR ( 'NONE', #5125, 1000.000000000000000 ) ;
#875 = FACE_OUTER_BOUND ( 'NONE', #6030, .T. ) ;
#876 = ORIENTED_EDGE ( 'NONE', *, *, #1141, .F. ) ;
#877 = CARTESIAN_POINT ( 'NONE',  ( 182.1000000000000512, -138.2580737765735535, 25.71000000000000441 ) ) ;
#878 = CARTESIAN_POINT ( 'NONE',  ( 104.9999999999999716, -129.0000000000000000, 28.81000000000000227 ) ) ;
#879 = EDGE_CURVE ( 'NONE', #4673, #1226, #5836, .T. ) ;
#880 = DIRECTION ( 'NONE',  ( -0.000000000000000000, -0.000000000000000000, -1.000000000000000000 ) ) ;
#881 = EDGE_LOOP ( 'NONE', ( #4249, #5452 ) ) ;
#882 = ORIENTED_EDGE ( 'NONE', *, *, #5446, .F. ) ;
#883 = CARTESIAN_POINT ( 'NONE',  ( 0.000000000000000000, -132.9000000000000341, 28.81000000000000227 ) ) ;
#884 = CARTESIAN_POINT ( 'NONE',  ( 180.5000000000000000, -43.00000000000000000, 28.01000000000000512 ) ) ;
#885 = EDGE_CURVE ( 'NONE', #2002, #3876, #5421, .T. ) ;
#886 = CARTESIAN_POINT ( 'NONE',  ( 102.6000000000000085, -36.39999999999999858, 26.51000000000000156 ) ) ;
#887 = ORIENTED_EDGE ( 'NONE', *, *, #2523, .T. ) ;
#888 = EDGE_CURVE ( 'NONE', #443, #5641, #2696, .T. ) ;
#889 = ORIENTED_EDGE ( 'NONE', *, *, #5073, .T. ) ;
#890 = DIRECTION ( 'NONE',  ( -0.000000000000000000, -0.05233595624294394566, 0.9986295347545739443 ) ) ;
#891 = CARTESIAN_POINT ( 'NONE',  ( -0.000000000000000000, -40.59999999999998721, 26.51000000000000156 ) ) ;
#892 = ADVANCED_FACE ( 'NONE', ( #3607, #2236 ), #4583, .T. ) ;
#893 = ORIENTED_EDGE ( 'NONE', *, *, #4199, .F. ) ;
#894 = ORIENTED_EDGE ( 'NONE', *, *, #2728, .F. ) ;
#895 = CARTESIAN_POINT ( 'NONE',  ( 94.54999999999998295, -137.9999999999999716, 26.51000000000000156 ) ) ;
#896 = EDGE_CURVE ( 'NONE', #4996, #4705, #5466, .T. ) ;
#897 = DIRECTION ( 'NONE',  ( -0.000000000000000000, -0.000000000000000000, 1.000000000000000000 ) ) ;
#898 = ORIENTED_EDGE ( 'NONE', *, *, #912, .F. ) ;
#899 = CARTESIAN_POINT ( 'NONE',  ( 187.1000000000000227, -132.9000000000000057, 28.81000000000000227 ) ) ;
#900 = ORIENTED_EDGE ( 'NONE', *, *, #1141, .T. ) ;
#901 = CARTESIAN_POINT ( 'NONE',  ( 94.54999999999998295, -137.9999999999999716, 29.61000000000000298 ) ) ;
#902 = DIRECTION ( 'NONE',  ( -1.613696256722611159E-16, -1.000000000000000000, -0.000000000000000000 ) ) ;
#903 = ADVANCED_FACE ( 'NONE', ( #5640 ), #827, .F. ) ;
#904 = CARTESIAN_POINT ( 'NONE',  ( 194.0999999999999943, -136.5000000000000000, 31.41000000000000725 ) ) ;
#905 = VECTOR ( 'NONE', #1979, 1000.000000000000000 ) ;
#906 = ADVANCED_FACE ( 'NONE', ( #4090 ), #1455, .F. ) ;
#907 = ORIENTED_EDGE ( 'NONE', *, *, #1922, .F. ) ;
#908 = ORIENTED_EDGE ( 'NONE', *, *, #3017, .T. ) ;
#909 = DIRECTION ( 'NONE',  ( 1.000000000000000000, 0.000000000000000000, 0.000000000000000000 ) ) ;
#910 = CARTESIAN_POINT ( 'NONE',  ( 189.7999999999999829, -41.39999999999999147, 28.81000000000000227 ) ) ;
#911 = VECTOR ( 'NONE', #2178, 1000.000000000000000 ) ;
#912 = EDGE_CURVE ( 'NONE', #5020, #2916, #4343, .T. ) ;
#913 = AXIS2_PLACEMENT_3D ( 'NONE', #4106, #3206, #2748 ) ;
#914 = LINE ( 'NONE', #4087, #2886 ) ;
#915 = ORIENTED_EDGE ( 'NONE', *, *, #1510, .F. ) ;
#916 = EDGE_CURVE ( 'NONE', #461, #1773, #3739, .T. ) ;
#917 = CIRCLE ( 'NONE', #4321, 6.000000000000005329 ) ;
#918 = ORIENTED_EDGE ( 'NONE', *, *, #2598, .F. ) ;
#919 = VECTOR ( 'NONE', #567, 1000.000000000000000 ) ;
#920 = CARTESIAN_POINT ( 'NONE',  ( 188.0000000000000000, -142.5999999999999943, 31.41000000000000725 ) ) ;
#921 = PRODUCT_RELATED_PRODUCT_CATEGORY ( 'part', '', ( #3030 ) ) ;
#922 = CARTESIAN_POINT ( 'NONE',  ( 182.1000000000000512, -136.0000000000000000, 28.81000000000000227 ) ) ;
#923 = ORIENTED_EDGE ( 'NONE', *, *, #84, .F. ) ;
#924 = EDGE_CURVE ( 'NONE', #685, #129, #1424, .T. ) ;
#925 = ORIENTED_EDGE ( 'NONE', *, *, #3363, .T. ) ;
#926 = DIRECTION ( 'NONE',  ( -1.000000000000000000, 0.000000000000000000, 0.000000000000000000 ) ) ;
#927 = DIRECTION ( 'NONE',  ( -1.000000000000000000, 0.000000000000000000, 0.000000000000000000 ) ) ;
#928 = ORIENTED_EDGE ( 'NONE', *, *, #2348, .T. ) ;
#929 = AXIS2_PLACEMENT_3D ( 'NONE', #204, #4361, #4914 ) ;
#930 = CARTESIAN_POINT ( 'NONE',  ( 182.1000000000000512, -136.0000000000000000, 26.51000000000000156 ) ) ;
#931 = EDGE_CURVE ( 'NONE', #5505, #1835, #2110, .T. ) ;
#932 = ORIENTED_EDGE ( 'NONE', *, *, #198, .F. ) ;
#933 = DIRECTION ( 'NONE',  ( -1.000000000000000000, 0.000000000000000000, 0.000000000000000000 ) ) ;
#934 = PLANE ( 'NONE',  #663 ) ;
#935 = CARTESIAN_POINT ( 'NONE',  ( 184.3580737765735762, -36.39999999999999147, 25.71000000000000441 ) ) ;
#936 = VECTOR ( 'NONE', #1438, 1000.000000000000000 ) ;
#937 = FACE_OUTER_BOUND ( 'NONE', #4908, .T. ) ;
#938 = ORIENTED_EDGE ( 'NONE', *, *, #3452, .F. ) ;
#939 = AXIS2_PLACEMENT_3D ( 'NONE', #861, #304, #3576 ) ;
#940 = ORIENTED_EDGE ( 'NONE', *, *, #4876, .T. ) ;
#941 = AXIS2_PLACEMENT_3D ( 'NONE', #3839, #604, #1091 ) ;
#942 = LINE ( 'NONE', #4603, #4849 ) ;
#943 = DIRECTION ( 'NONE',  ( -0.000000000000000000, -0.000000000000000000, 1.000000000000000000 ) ) ;
#944 = ORIENTED_EDGE ( 'NONE', *, *, #2704, .F. ) ;
#945 = EDGE_LOOP ( 'NONE', ( #2605, #1687, #4211, #5377 ) ) ;
#946 = VECTOR ( 'NONE', #3225, 1000.000000000000000 ) ;
#947 = DIRECTION ( 'NONE',  ( -1.613696256722611159E-16, -1.000000000000000000, 0.000000000000000000 ) ) ;
#948 = CARTESIAN_POINT ( 'NONE',  ( 97.50000000000001421, -143.0000000000000284, 26.51000000000000156 ) ) ;
#949 = CARTESIAN_POINT ( 'NONE',  ( 184.4000000000000057, -135.6000000000000512, 26.51000000000000156 ) ) ;
#950 = CIRCLE ( 'NONE', #5532, 0.8419262234264368594 ) ;
#951 = CARTESIAN_POINT ( 'NONE',  ( 180.5000000000000000, -129.0000000000000000, 28.81000000000000227 ) ) ;
#952 = AXIS2_PLACEMENT_3D ( 'NONE', #4400, #2123, #1176 ) ;
#953 = EDGE_CURVE ( 'NONE', #2391, #3634, #5046, .T. ) ;
#954 = ORIENTED_EDGE ( 'NONE', *, *, #4064, .T. ) ;
#955 = EDGE_CURVE ( 'NONE', #1415, #3031, #1775, .T. ) ;
#956 = ORIENTED_EDGE ( 'NONE', *, *, #1664, .T. ) ;
#957 = AXIS2_PLACEMENT_3D ( 'NONE', #5919, #3041, #1735 ) ;
#958 = FACE_BOUND ( 'NONE', #5339, .T. ) ;
#959 = CARTESIAN_POINT ( 'NONE',  ( 97.20000000000001705, -130.6000000000000512, 26.51000000000000156 ) ) ;
#960 = VECTOR ( 'NONE', #533, 1000.000000000000000 ) ;
#961 = ORIENTED_EDGE ( 'NONE', *, *, #2040, .T. ) ;
#962 = ADVANCED_FACE ( 'NONE', ( #1316 ), #2705, .F. ) ;
#963 = EDGE_CURVE ( 'NONE', #2824, #508, #5901, .T. ) ;
#964 = DIRECTION ( 'NONE',  ( 0.000000000000000000, 0.000000000000000000, 1.000000000000000000 ) ) ;
#965 = VERTEX_POINT ( 'NONE', #2260 ) ;
#966 = CARTESIAN_POINT ( 'NONE',  ( 99.23000000000001819, -135.6000000000000512, 28.81000000000000227 ) ) ;
#967 = DIRECTION ( 'NONE',  ( 0.000000000000000000, 0.000000000000000000, 1.000000000000000000 ) ) ;
#968 = PLANE ( 'NONE',  #2614 ) ;
#969 = CARTESIAN_POINT ( 'NONE',  ( 187.5000000000000000, -41.39999999999999147, 26.51000000000000156 ) ) ;
#970 = AXIS2_PLACEMENT_3D ( 'NONE', #4289, #2896, #80 ) ;
#971 = LINE ( 'NONE', #4259, #1612 ) ;
#972 = DIRECTION ( 'NONE',  ( -0.000000000000000000, 0.000000000000000000, 1.000000000000000000 ) ) ;
#973 = ORIENTED_EDGE ( 'NONE', *, *, #1774, .T. ) ;
#974 = VERTEX_POINT ( 'NONE', #5151 ) ;
#975 = CARTESIAN_POINT ( 'NONE',  ( 187.5499999999999829, -33.99999999999997868, 29.61000000000000298 ) ) ;
#976 = FACE_OUTER_BOUND ( 'NONE', #2910, .T. ) ;
#977 = CARTESIAN_POINT ( 'NONE',  ( 187.1000000000000227, -132.9000000000000057, 26.51000000000000156 ) ) ;
#978 = CARTESIAN_POINT ( 'NONE',  ( 104.9999999999999858, -43.00000000000000000, 28.01000000000000512 ) ) ;
#979 = CARTESIAN_POINT ( 'NONE',  ( 93.45000000000000284, -33.99999999999997868, 29.61000000000000298 ) ) ;
#980 = EDGE_CURVE ( 'NONE', #2992, #4415, #1911, .T. ) ;
#981 = EDGE_CURVE ( 'NONE', #461, #2002, #2732, .T. ) ;
#982 = CARTESIAN_POINT ( 'NONE',  ( 98.40000000000001990, -135.6000000000000512, 26.51000000000000156 ) ) ;
#983 = DIRECTION ( 'NONE',  ( 1.000000000000000000, 0.000000000000000000, 0.000000000000000000 ) ) ;
#984 = ORIENTED_EDGE ( 'NONE', *, *, #2033, .F. ) ;
#985 = EDGE_CURVE ( 'NONE', #1212, #2547, #83, .T. ) ;
#986 = ORIENTED_EDGE ( 'NONE', *, *, #3690, .F. ) ;
#987 = LINE ( 'NONE', #2883, #4743 ) ;
#988 = CARTESIAN_POINT ( 'NONE',  ( 187.1000000000000227, -132.8580737765735762, 25.71000000000000441 ) ) ;
#989 = ORIENTED_EDGE ( 'NONE', *, *, #4401, .F. ) ;
#990 = DIRECTION ( 'NONE',  ( -1.000000000000000000, 0.000000000000000000, 0.000000000000000000 ) ) ;
#991 = ORIENTED_EDGE ( 'NONE', *, *, #916, .T. ) ;
#992 = FACE_OUTER_BOUND ( 'NONE', #5259, .T. ) ;
#993 = CARTESIAN_POINT ( 'NONE',  ( 189.2500000000000000, -137.9999999999999716, 29.61000000000000298 ) ) ;
#994 = PLANE ( 'NONE',  #78 ) ;
#995 = CARTESIAN_POINT ( 'NONE',  ( 0.000000000000000000, -39.10000000000000142, 28.81000000000000227 ) ) ;
#996 = PLANE ( 'NONE',  #2103 ) ;
#997 = EDGE_CURVE ( 'NONE', #5380, #311, #5345, .T. ) ;
#998 = CARTESIAN_POINT ( 'NONE',  ( 98.00000000000001421, -130.6000000000000512, 26.51000000000000156 ) ) ;
#999 = ORIENTED_EDGE ( 'NONE', *, *, #1720, .T. ) ;
#1000 = ORIENTED_EDGE ( 'NONE', *, *, #3092, .T. ) ;
#1001 = CARTESIAN_POINT ( 'NONE',  ( 192.4500000000000171, -33.99999999999997868, 31.41000000000000725 ) ) ;
#1002 = DIRECTION ( 'NONE',  ( 1.000000000000000000, 0.000000000000000000, 0.000000000000000000 ) ) ;
#1003 = AXIS2_PLACEMENT_3D ( 'NONE', #2876, #5304, #1041 ) ;
#1004 = VECTOR ( 'NONE', #4160, 1000.000000000000000 ) ;
#1005 = CARTESIAN_POINT ( 'NONE',  ( 0.000000000000000000, -138.3000000000000114, 28.81000000000000227 ) ) ;
#1006 = ADVANCED_FACE ( 'NONE', ( #3773 ), #4485, .F. ) ;
#1007 = VECTOR ( 'NONE', #2800, 1000.000000000000000 ) ;
#1008 = VECTOR ( 'NONE', #5006, 1000.000000000000000 ) ;
#1009 = CARTESIAN_POINT ( 'NONE',  ( 194.5000000000000000, -35.50000000000000711, 28.81000000000000227 ) ) ;
#1010 = LINE ( 'NONE', #1126, #2663 ) ;
#1011 = PLANE ( 'NONE',  #2785 ) ;
#1012 = VECTOR ( 'NONE', #2988, 1000.000000000000000 ) ;
#1013 = DIRECTION ( 'NONE',  ( 1.000000000000000000, 0.000000000000000000, 0.000000000000000000 ) ) ;
#1014 = AXIS2_PLACEMENT_3D ( 'NONE', #6003, #1795, #5091 ) ;
#1015 = ORIENTED_EDGE ( 'NONE', *, *, #3044, .F. ) ;
#1016 = EDGE_CURVE ( 'NONE', #379, #3529, #5067, .T. ) ;
#1017 = VERTEX_POINT ( 'NONE', #4748 ) ;
#1018 = DIRECTION ( 'NONE',  ( 0.05233595624294394566, 3.631536477293591470E-15, 0.9986295347545739443 ) ) ;
#1019 = EDGE_CURVE ( 'NONE', #6035, #221, #3217, .T. ) ;
#1020 = LINE ( 'NONE', #1048, #561 ) ;
#1021 = ORIENTED_EDGE ( 'NONE', *, *, #2323, .T. ) ;
#1022 = FACE_OUTER_BOUND ( 'NONE', #2161, .T. ) ;
#1023 = ORIENTED_EDGE ( 'NONE', *, *, #4761, .T. ) ;
#1024 = PLANE ( 'NONE',  #3469 ) ;
#1025 = DIRECTION ( 'NONE',  ( 1.000000000000000000, 0.000000000000000000, 0.000000000000000000 ) ) ;
#1026 = CIRCLE ( 'NONE', #4723, 6.099999999999994316 ) ;
#1027 = DIRECTION ( 'NONE',  ( -0.000000000000000000, -0.000000000000000000, 1.000000000000000000 ) ) ;
#1028 = DIRECTION ( 'NONE',  ( -1.613696256722611159E-16, -1.000000000000000000, 0.000000000000000000 ) ) ;
#1029 = FACE_OUTER_BOUND ( 'NONE', #5115, .T. ) ;
#1030 = CIRCLE ( 'NONE', #2587, 6.000000000000005329 ) ;
#1031 = ORIENTED_EDGE ( 'NONE', *, *, #1376, .F. ) ;
#1032 = ORIENTED_EDGE ( 'NONE', *, *, #3403, .F. ) ;
#1033 = DIRECTION ( 'NONE',  ( -0.05233595624294394566, -0.000000000000000000, 0.9986295347545739443 ) ) ;
#1034 = FACE_OUTER_BOUND ( 'NONE', #863, .T. ) ;
#1035 = DIRECTION ( 'NONE',  ( -0.000000000000000000, -0.000000000000000000, 1.000000000000000000 ) ) ;
#1036 = EDGE_CURVE ( 'NONE', #4508, #2168, #1841, .T. ) ;
#1037 = AXIS2_PLACEMENT_3D ( 'NONE', #5271, #52, #5182 ) ;
#1038 = AXIS2_PLACEMENT_3D ( 'NONE', #562, #4251, #4282 ) ;
#1039 = VECTOR ( 'NONE', #5750, 1000.000000000000000 ) ;
#1040 = CARTESIAN_POINT ( 'NONE',  ( 187.1000000000000227, -36.39999999999999147, 26.51000000000000156 ) ) ;
#1041 = DIRECTION ( 'NONE',  ( 0.000000000000000000, 0.000000000000000000, -1.000000000000000000 ) ) ;
#1042 = ADVANCED_FACE ( 'NONE', ( #539 ), #5729, .T. ) ;
#1043 = DIRECTION ( 'NONE',  ( 0.9986295347545739443, 6.929384390970988652E-14, -0.05233595624294395954 ) ) ;
#1044 = DIRECTION ( 'NONE',  ( -0.000000000000000000, -0.000000000000000000, 1.000000000000000000 ) ) ;
#1045 = ORIENTED_EDGE ( 'NONE', *, *, #1664, .F. ) ;
#1046 = VERTEX_POINT ( 'NONE', #136 ) ;
#1047 = FACE_BOUND ( 'NONE', #5166, .T. ) ;
#1048 = CARTESIAN_POINT ( 'NONE',  ( 187.1000000000000227, -39.09999999999998721, 28.81000000000000227 ) ) ;
#1049 = AXIS2_PLACEMENT_3D ( 'NONE', #5702, #1513, #1971 ) ;
#1050 = ORIENTED_EDGE ( 'NONE', *, *, #5442, .T. ) ;
#1051 = VECTOR ( 'NONE', #3644, 1000.000000000000000 ) ;
#1052 = CARTESIAN_POINT ( 'NONE',  ( 104.9999999999999858, -43.00000000000000000, 28.01000000000000512 ) ) ;
#1053 = CONICAL_SURFACE ( 'NONE', #4362, 2.700000000000008171, 0.05235987755983000091 ) ;
#1054 = EDGE_LOOP ( 'NONE', ( #372, #4931 ) ) ;
#1055 = FACE_BOUND ( 'NONE', #2143, .T. ) ;
#1056 = DIRECTION ( 'NONE',  ( -0.000000000000000000, 0.000000000000000000, 1.000000000000000000 ) ) ;
#1057 = CARTESIAN_POINT ( 'NONE',  ( 182.9419262234264352, -36.00000000000000711, 25.71000000000000441 ) ) ;
#1058 = AXIS2_PLACEMENT_3D ( 'NONE', #904, #5514, #4107 ) ;
#1059 = CARTESIAN_POINT ( 'NONE',  ( 103.4000000000000199, -136.0000000000000000, 28.81000000000000227 ) ) ;
#1060 = DIRECTION ( 'NONE',  ( 1.000000000000000000, 0.000000000000000000, 0.000000000000000000 ) ) ;
#1061 = VERTEX_POINT ( 'NONE', #3378 ) ;
#1062 = VERTEX_POINT ( 'NONE', #2436 ) ;
#1063 = AXIS2_PLACEMENT_3D ( 'NONE', #3431, #3804, #5699 ) ;
#1064 = ADVANCED_FACE ( 'NONE', ( #1029 ), #3831, .T. ) ;
#1065 = CYLINDRICAL_SURFACE ( 'NONE', #2224, 6.000000000000005329 ) ;
#1066 = CYLINDRICAL_SURFACE ( 'NONE', #818, 2.700000000000008171 ) ;
#1067 = DIRECTION ( 'NONE',  ( 1.000000000000000000, 0.000000000000000000, 0.000000000000000000 ) ) ;
#1068 = CARTESIAN_POINT ( 'NONE',  ( 104.9999999999999716, -129.0000000000000000, 31.41000000000000725 ) ) ;
#1069 = ADVANCED_FACE ( 'NONE', ( #3860 ), #2402, .T. ) ;
#1070 = LINE ( 'NONE', #1921, #2270 ) ;
#1071 = DIRECTION ( 'NONE',  ( -1.000000000000000000, 0.000000000000000000, 0.000000000000000000 ) ) ;
#1072 = LINE ( 'NONE', #3360, #1128 ) ;
#1073 = ORIENTED_EDGE ( 'NONE', *, *, #5766, .T. ) ;
#1074 = ORIENTED_EDGE ( 'NONE', *, *, #2323, .F. ) ;
#1075 = CARTESIAN_POINT ( 'NONE',  ( 93.05000000000001137, -137.9999999999999716, 31.41000000000000725 ) ) ;
#1076 = DIRECTION ( 'NONE',  ( 1.555805808050947258E-16, -1.000000000000000000, 0.000000000000000000 ) ) ;
#1077 = ORIENTED_EDGE ( 'NONE', *, *, #5204, .F. ) ;
#1078 = DIRECTION ( 'NONE',  ( 0.000000000000000000, 0.000000000000000000, 1.000000000000000000 ) ) ;
#1079 = ORIENTED_EDGE ( 'NONE', *, *, #3532, .F. ) ;
#1080 = ADVANCED_FACE ( 'NONE', ( #2865 ), #4763, .T. ) ;
#1081 = CARTESIAN_POINT ( 'NONE',  ( 187.1000000000000227, -135.6000000000000227, 26.51000000000000156 ) ) ;
#1082 = CARTESIAN_POINT ( 'NONE',  ( 0.000000000000000000, -31.83000000000000540, 28.81000000000000227 ) ) ;
#1083 = DIRECTION ( 'NONE',  ( 1.000000000000000000, 0.000000000000000000, 0.000000000000000000 ) ) ;
#1084 = FACE_OUTER_BOUND ( 'NONE', #5917, .T. ) ;
#1085 = CARTESIAN_POINT ( 'NONE',  ( 0.000000000000000000, -136.8000000000000114, 28.81000000000000227 ) ) ;
#1086 = ORIENTED_EDGE ( 'NONE', *, *, #450, .T. ) ;
#1087 = VERTEX_POINT ( 'NONE', #2001 ) ;
#1088 = ADVANCED_FACE ( 'NONE', ( #4716 ), #1541, .T. ) ;
#1089 = CARTESIAN_POINT ( 'NONE',  ( 182.1000000000000227, -33.70000000000000995, 26.51000000000000156 ) ) ;
#1090 = CARTESIAN_POINT ( 'NONE',  ( 185.9224594421548318, -40.43155035124573260, 28.41000000000000369 ) ) ;
#1091 = DIRECTION ( 'NONE',  ( 0.000000000000000000, -0.000000000000000000, -1.000000000000000000 ) ) ;
#1092 = EDGE_CURVE ( 'NONE', #4585, #2889, #2329, .T. ) ;
#1093 = DIRECTION ( 'NONE',  ( 0.000000000000000000, 1.000000000000000000, 0.000000000000000000 ) ) ;
#1094 = CARTESIAN_POINT ( 'NONE',  ( 98.40000000000001990, -132.9000000000000341, 28.81000000000000227 ) ) ;
#1095 = CIRCLE ( 'NONE', #1485, 2.258073776573568558 ) ;
#1096 = AXIS2_PLACEMENT_3D ( 'NONE', #5973, #6000, #2744 ) ;
#1097 = CARTESIAN_POINT ( 'NONE',  ( 98.40000000000000568, -40.60000000000000853, 26.51000000000000156 ) ) ;
#1098 = DIRECTION ( 'NONE',  ( -0.000000000000000000, -0.000000000000000000, -1.000000000000000000 ) ) ;
#1099 = AXIS2_PLACEMENT_3D ( 'NONE', #4851, #1676, #2627 ) ;
#1100 = ORIENTED_EDGE ( 'NONE', *, *, #2041, .F. ) ;
#1101 = ORIENTED_EDGE ( 'NONE', *, *, #53, .F. ) ;
#1102 = DIRECTION ( 'NONE',  ( 0.000000000000000000, -0.000000000000000000, 1.000000000000000000 ) ) ;
#1103 = EDGE_CURVE ( 'NONE', #2267, #2187, #4967, .T. ) ;
#1104 = DIRECTION ( 'NONE',  ( -1.000000000000000000, 0.000000000000000000, 0.000000000000000000 ) ) ;
#1105 = ADVANCED_FACE ( 'NONE', ( #5203 ), #2492, .F. ) ;
#1106 = CARTESIAN_POINT ( 'NONE',  ( 184.4000000000000057, -135.6000000000000512, 26.51000000000000156 ) ) ;
#1107 = AXIS2_PLACEMENT_3D ( 'NONE', #2641, #3103, #1725 ) ;
#1108 = ORIENTED_EDGE ( 'NONE', *, *, #500, .T. ) ;
#1109 = AXIS2_PLACEMENT_3D ( 'NONE', #5608, #4786, #2467 ) ;
#1110 = DIRECTION ( 'NONE',  ( -0.000000000000000000, -0.000000000000000000, 1.000000000000000000 ) ) ;
#1111 = EDGE_CURVE ( 'NONE', #4918, #1185, #5294, .T. ) ;
#1112 = ORIENTED_EDGE ( 'NONE', *, *, #3073, .F. ) ;
#1113 = DIRECTION ( 'NONE',  ( -0.000000000000000000, -0.000000000000000000, 1.000000000000000000 ) ) ;
#1114 = AXIS2_PLACEMENT_3D ( 'NONE', #5570, #4166, #6032 ) ;
#1115 = CARTESIAN_POINT ( 'NONE',  ( 103.4000000000000057, -36.00000000000000711, 26.51000000000000156 ) ) ;
#1116 = LINE ( 'NONE', #2976, #2226 ) ;
#1117 = CARTESIAN_POINT ( 'NONE',  ( 194.5000000000000000, -136.5000000000000000, 26.51000000000000156 ) ) ;
#1118 = DIRECTION ( 'NONE',  ( -0.000000000000000000, -0.000000000000000000, -1.000000000000000000 ) ) ;
#1119 = ORIENTED_EDGE ( 'NONE', *, *, #1379, .T. ) ;
#1120 = CARTESIAN_POINT ( 'NONE',  ( 101.1000000000000227, -135.6000000000000512, 26.51000000000000156 ) ) ;
#1121 = LINE ( 'NONE', #4411, #5398 ) ;
#1122 = CIRCLE ( 'NONE', #5918, 2.299999999999996270 ) ;
#1123 = CARTESIAN_POINT ( 'NONE',  ( 0.000000000000000000, -140.1700000000000159, 28.81000000000000227 ) ) ;
#1124 = VECTOR ( 'NONE', #5833, 1000.000000000000000 ) ;
#1125 = DIRECTION ( 'NONE',  ( 1.000000000000000000, 0.000000000000000000, 0.000000000000000000 ) ) ;
#1126 = CARTESIAN_POINT ( 'NONE',  ( 0.000000000000000000, -40.59999999999998721, 28.81000000000000227 ) ) ;
#1127 = VECTOR ( 'NONE', #538, 1000.000000000000000 ) ;
#1128 = VECTOR ( 'NONE', #2935, 1000.000000000000000 ) ;
#1129 = CARTESIAN_POINT ( 'NONE',  ( 184.4000000000000057, 0.000000000000000000, 26.51000000000000156 ) ) ;
#1130 = CARTESIAN_POINT ( 'NONE',  ( 180.5000000000000000, -38.00000000000000000, 31.41000000000000725 ) ) ;
#1131 = CIRCLE ( 'NONE', #4737, 2.299999999999996270 ) ;
#1132 = ORIENTED_EDGE ( 'NONE', *, *, #1642, .T. ) ;
#1133 = AXIS2_PLACEMENT_3D ( 'NONE', #206, #5803, #4422 ) ;
#1134 = CONICAL_SURFACE ( 'NONE', #2501, 2.299999999999996270, 0.05235987755983000091 ) ;
#1135 = ORIENTED_EDGE ( 'NONE', *, *, #1852, .T. ) ;
#1136 = CARTESIAN_POINT ( 'NONE',  ( 187.5000000000000000, -131.4000000000000057, 26.51000000000000156 ) ) ;
#1137 = LINE ( 'NONE', #2479, #745 ) ;
#1138 = EDGE_CURVE ( 'NONE', #1384, #4996, #2978, .T. ) ;
#1139 = FACE_OUTER_BOUND ( 'NONE', #3890, .T. ) ;
#1140 = VERTEX_POINT ( 'NONE', #4378 ) ;
#1141 = EDGE_CURVE ( 'NONE', #5692, #5943, #5250, .T. ) ;
#1142 = EDGE_CURVE ( 'NONE', #5020, #63, #5789, .T. ) ;
#1143 = ORIENTED_EDGE ( 'NONE', *, *, #4332, .F. ) ;
#1144 = LINE ( 'NONE', #1202, #3730 ) ;
#1145 = VECTOR ( 'NONE', #1018, 1000.000000000000000 ) ;
#1146 = FILL_AREA_STYLE ('',( #4928 ) ) ;
#1147 = EDGE_CURVE ( 'NONE', #3585, #4688, #5383, .T. ) ;
#1148 = DIRECTION ( 'NONE',  ( -0.000000000000000000, 0.000000000000000000, 1.000000000000000000 ) ) ;
#1149 = ORIENTED_EDGE ( 'NONE', *, *, #4000, .T. ) ;
#1150 = DIRECTION ( 'NONE',  ( 0.000000000000000000, 0.000000000000000000, 1.000000000000000000 ) ) ;
#1151 = VECTOR ( 'NONE', #1855, 1000.000000000000000 ) ;
#1152 = LINE ( 'NONE', #2128, #1300 ) ;
#1153 = CIRCLE ( 'NONE', #4749, 2.700000000000008171 ) ;
#1154 = ORIENTED_EDGE ( 'NONE', *, *, #2568, .T. ) ;
#1155 = DIRECTION ( 'NONE',  ( 1.000000000000000000, 0.000000000000000000, 0.000000000000000000 ) ) ;
#1156 = DIRECTION ( 'NONE',  ( 1.000000000000000000, 0.000000000000000000, -0.000000000000000000 ) ) ;
#1157 = VECTOR ( 'NONE', #3255, 1000.000000000000000 ) ;
#1158 = CARTESIAN_POINT ( 'NONE',  ( 180.5000000000000000, -134.0000000000000000, 31.41000000000000725 ) ) ;
#1159 = ORIENTED_EDGE ( 'NONE', *, *, #690, .T. ) ;
#1160 = CARTESIAN_POINT ( 'NONE',  ( 96.25000000000000000, -137.9999999999999716, 29.61000000000000298 ) ) ;
#1161 = ADVANCED_FACE ( 'NONE', ( #3528 ), #3075, .F. ) ;
#1162 = DIRECTION ( 'NONE',  ( 0.000000000000000000, -0.000000000000000000, 1.000000000000000000 ) ) ;
#1163 = FACE_OUTER_BOUND ( 'NONE', #2816, .T. ) ;
#1164 = VERTEX_POINT ( 'NONE', #4933 ) ;
#1165 = PLANE ( 'NONE',  #4639 ) ;
#1166 = ORIENTED_EDGE ( 'NONE', *, *, #3571, .F. ) ;
#1167 = ORIENTED_EDGE ( 'NONE', *, *, #5195, .F. ) ;
#1168 = CARTESIAN_POINT ( 'NONE',  ( 187.9999999999999432, -29.00000000000000000, 28.81000000000000227 ) ) ;
#1169 = CARTESIAN_POINT ( 'NONE',  ( 187.5000000000000000, -130.6000000000000227, 26.51000000000000156 ) ) ;
#1170 = EDGE_CURVE ( 'NONE', #4389, #4673, #4178, .T. ) ;
#1171 = PLANE ( 'NONE',  #3682 ) ;
#1172 = VERTEX_POINT ( 'NONE', #1636 ) ;
#1173 = ADVANCED_FACE ( 'NONE', ( #751 ), #719, .T. ) ;
#1174 = ORIENTED_EDGE ( 'NONE', *, *, #5974, .T. ) ;
#1175 = LINE ( 'NONE', #678, #1589 ) ;
#1176 = DIRECTION ( 'NONE',  ( -1.000000000000000000, 0.000000000000000000, 0.000000000000000000 ) ) ;
#1177 = ORIENTED_EDGE ( 'NONE', *, *, #5496, .T. ) ;
#1178 = LINE ( 'NONE', #1697, #2486 ) ;
#1179 = CARTESIAN_POINT ( 'NONE',  ( 98.00000000000000000, -39.10000000000000853, 26.51000000000000156 ) ) ;
#1180 = ORIENTED_EDGE ( 'NONE', *, *, #1221, .T. ) ;
#1181 = CARTESIAN_POINT ( 'NONE',  ( 103.4000000000000057, -31.83000000000000540, 28.81000000000000227 ) ) ;
#1182 = DIRECTION ( 'NONE',  ( -0.9986295347545739443, 0.000000000000000000, -0.05233595624294395260 ) ) ;
#1183 = ADVANCED_FACE ( 'NONE', ( #2615 ), #2623, .F. ) ;
#1184 = PLANE ( 'NONE',  #271 ) ;
#1185 = VERTEX_POINT ( 'NONE', #1179 ) ;
#1186 = LINE ( 'NONE', #2556, #1344 ) ;
#1187 = DIRECTION ( 'NONE',  ( 0.000000000000000000, -0.000000000000000000, -1.000000000000000000 ) ) ;
#1188 = LINE ( 'NONE', #1129, #540 ) ;
#1189 = VERTEX_POINT ( 'NONE', #3497 ) ;
#1190 = EDGE_CURVE ( 'NONE', #4988, #4660, #4474, .T. ) ;
#1191 = DIRECTION ( 'NONE',  ( 1.000000000000000000, 0.000000000000000000, 0.000000000000000000 ) ) ;
#1192 = ORIENTED_EDGE ( 'NONE', *, *, #5766, .F. ) ;
#1193 = ORIENTED_EDGE ( 'NONE', *, *, #557, .T. ) ;
#1194 = CARTESIAN_POINT ( 'NONE',  ( 187.5000000000000000, -134.7700000000000387, 28.81000000000000227 ) ) ;
#1195 = CARTESIAN_POINT ( 'NONE',  ( 187.5000000000000000, -131.4419262234264636, 25.71000000000000441 ) ) ;
#1196 = CARTESIAN_POINT ( 'NONE',  ( 97.50000000000000000, -35.50000000000000711, 28.81000000000000227 ) ) ;
#1197 = ORIENTED_EDGE ( 'NONE', *, *, #3991, .F. ) ;
#1198 = CIRCLE ( 'NONE', #5884, 6.500000000000005329 ) ;
#1199 = EDGE_CURVE ( 'NONE', #1189, #2246, #1732, .T. ) ;
#1200 = VERTEX_POINT ( 'NONE', #4997 ) ;
#1201 = EDGE_LOOP ( 'NONE', ( #5945, #649, #1270, #1826 ) ) ;
#1202 = CARTESIAN_POINT ( 'NONE',  ( 194.0999999999999943, -35.50000000000000711, 31.81000000000000583 ) ) ;
#1203 = EDGE_CURVE ( 'NONE', #524, #2177, #2185, .T. ) ;
#1204 = CIRCLE ( 'NONE', #4030, 4.200000000000009059 ) ;
#1205 = ORIENTED_EDGE ( 'NONE', *, *, #924, .F. ) ;
#1206 = DIRECTION ( 'NONE',  ( -0.000000000000000000, -0.000000000000000000, 1.000000000000000000 ) ) ;
#1207 = FACE_OUTER_BOUND ( 'NONE', #945, .T. ) ;
#1208 = ORIENTED_EDGE ( 'NONE', *, *, #5024, .F. ) ;
#1209 = DIRECTION ( 'NONE',  ( 1.000000000000000000, 0.000000000000000000, 0.000000000000000000 ) ) ;
#1210 = AXIS2_PLACEMENT_3D ( 'NONE', #792, #2590, #2690 ) ;
#1211 = DIRECTION ( 'NONE',  ( -1.000000000000000000, 0.000000000000000000, 0.000000000000000000 ) ) ;
#1212 = VERTEX_POINT ( 'NONE', #2156 ) ;
#1213 = DIRECTION ( 'NONE',  ( -0.000000000000000000, -0.000000000000000000, -1.000000000000000000 ) ) ;
#1214 = DIRECTION ( 'NONE',  ( 1.000000000000000000, 0.000000000000000000, 0.000000000000000000 ) ) ;
#1215 = CARTESIAN_POINT ( 'NONE',  ( 186.2700000000000102, 0.000000000000000000, 28.81000000000000227 ) ) ;
#1216 = EDGE_CURVE ( 'NONE', #5122, #6045, #773, .T. ) ;
#1217 = ORIENTED_EDGE ( 'NONE', *, *, #1138, .T. ) ;
#1218 = CARTESIAN_POINT ( 'NONE',  ( 98.40000000000001990, -132.9000000000000341, 28.81000000000000227 ) ) ;
#1219 = DIRECTION ( 'NONE',  ( -1.000000000000000000, 0.000000000000000000, 0.000000000000000000 ) ) ;
#1221 = EDGE_CURVE ( 'NONE', #1061, #4210, #1389, .T. ) ;
#1220 = VECTOR ( 'NONE', #91, 1000.000000000000000 ) ;
#1222 = DIRECTION ( 'NONE',  ( -0.000000000000000000, 0.000000000000000000, 1.000000000000000000 ) ) ;
#1223 = ORIENTED_EDGE ( 'NONE', *, *, #460, .F. ) ;
#1224 = CARTESIAN_POINT ( 'NONE',  ( 187.1000000000000227, -135.6000000000000227, 25.71000000000000441 ) ) ;
#1225 = ORIENTED_EDGE ( 'NONE', *, *, #324, .F. ) ;
#1226 = VERTEX_POINT ( 'NONE', #224 ) ;
#1227 = DIRECTION ( 'NONE',  ( -0.05233595624294395260, -0.000000000000000000, 0.9986295347545739443 ) ) ;
#1228 = ADVANCED_FACE ( 'NONE', ( #1241 ), #4532, .T. ) ;
#1229 = CARTESIAN_POINT ( 'NONE',  ( 187.1000000000000227, -39.14192622342642380, 25.71000000000000441 ) ) ;
#1230 = FACE_OUTER_BOUND ( 'NONE', #241, .T. ) ;
#1231 = VECTOR ( 'NONE', #2522, 1000.000000000000000 ) ;
#1232 = AXIS2_PLACEMENT_3D ( 'NONE', #4294, #5611, #2443 ) ;
#1233 = EDGE_LOOP ( 'NONE', ( #4088, #1365 ) ) ;
#1234 = ORIENTED_EDGE ( 'NONE', *, *, #686, .T. ) ;
#1235 = FACE_OUTER_BOUND ( 'NONE', #3492, .T. ) ;
#1236 = ORIENTED_EDGE ( 'NONE', *, *, #5257, .T. ) ;
#1237 = DIRECTION ( 'NONE',  ( 0.000000000000000000, 0.000000000000000000, -1.000000000000000000 ) ) ;
#1238 = DIRECTION ( 'NONE',  ( 0.000000000000000000, 0.000000000000000000, -1.000000000000000000 ) ) ;
#1239 = ORIENTED_EDGE ( 'NONE', *, *, #2355, .T. ) ;
#1240 = CARTESIAN_POINT ( 'NONE',  ( 191.6700000000000159, -41.39999999999999147, 26.51000000000000156 ) ) ;
#1241 = FACE_OUTER_BOUND ( 'NONE', #3694, .T. ) ;
#1242 = CIRCLE ( 'NONE', #1524, 2.258073776573554792 ) ;
#1243 = ADVANCED_FACE ( 'NONE', ( #4969 ), #3722, .T. ) ;
#1244 = ORIENTED_EDGE ( 'NONE', *, *, #3452, .T. ) ;
#1245 = DIRECTION ( 'NONE',  ( 0.000000000000000000, 1.000000000000000000, 0.000000000000000000 ) ) ;
#1246 = DIRECTION ( 'NONE',  ( -0.000000000000000000, -0.000000000000000000, 1.000000000000000000 ) ) ;
#1247 = LINE ( 'NONE', #4414, #2211 ) ;
#1248 = ORIENTED_EDGE ( 'NONE', *, *, #985, .T. ) ;
#1249 = EDGE_CURVE ( 'NONE', #4053, #2238, #1152, .T. ) ;
#1250 = ORIENTED_EDGE ( 'NONE', *, *, #997, .F. ) ;
#1251 = VECTOR ( 'NONE', #3428, 1000.000000000000000 ) ;
#1252 = DIRECTION ( 'NONE',  ( -1.000000000000000000, 0.000000000000000000, 0.000000000000000000 ) ) ;
#1253 = LINE ( 'NONE', #2658, #4406 ) ;
#1254 = VECTOR ( 'NONE', #739, 1000.000000000000000 ) ;
#1255 = VECTOR ( 'NONE', #2687, 1000.000000000000000 ) ;
#1256 = LINE ( 'NONE', #4144, #2099 ) ;
#1257 = EDGE_LOOP ( 'NONE', ( #4147, #5511, #2950, #4242 ) ) ;
#1258 = DIRECTION ( 'NONE',  ( 1.000000000000000000, 0.000000000000000000, 0.000000000000000000 ) ) ;
#1259 = ORIENTED_EDGE ( 'NONE', *, *, #270, .F. ) ;
#1260 = ADVANCED_FACE ( 'NONE', ( #3986 ), #353, .T. ) ;
#1261 = ORIENTED_EDGE ( 'NONE', *, *, #4576, .T. ) ;
#1262 = CARTESIAN_POINT ( 'NONE',  ( 97.50000000000000000, -29.40000000000000213, 31.81000000000000583 ) ) ;
#1263 = AXIS2_PLACEMENT_3D ( 'NONE', #5236, #3348, #2925 ) ;
#1264 = ORIENTED_EDGE ( 'NONE', *, *, #557, .F. ) ;
#1265 = CARTESIAN_POINT ( 'NONE',  ( 91.39999999999999147, -35.50000000000000711, 31.41000000000000725 ) ) ;
#1266 = ORIENTED_EDGE ( 'NONE', *, *, #3158, .F. ) ;
#1267 = VERTEX_POINT ( 'NONE', #3593 ) ;
#1268 = DIRECTION ( 'NONE',  ( 1.000000000000000000, 0.000000000000000000, 0.000000000000000000 ) ) ;
#1269 = DIRECTION ( 'NONE',  ( -1.000000000000000000, 0.000000000000000000, 0.000000000000000000 ) ) ;
#1270 = ORIENTED_EDGE ( 'NONE', *, *, #1502, .F. ) ;
#1271 = DIRECTION ( 'NONE',  ( -0.000000000000000000, -0.000000000000000000, -1.000000000000000000 ) ) ;
#1272 = EDGE_CURVE ( 'NONE', #1446, #826, #4501, .T. ) ;
#1273 = ORIENTED_EDGE ( 'NONE', *, *, #5954, .T. ) ;
#1274 = DIRECTION ( 'NONE',  ( 0.000000000000000000, -1.000000000000000000, 0.000000000000000000 ) ) ;
#1275 = DIRECTION ( 'NONE',  ( -0.000000000000000000, 0.000000000000000000, 1.000000000000000000 ) ) ;
#1276 = PLANE ( 'NONE',  #2029 ) ;
#1277 = EDGE_LOOP ( 'NONE', ( #2625, #4318, #29, #681 ) ) ;
#1278 = ADVANCED_FACE ( 'NONE', ( #1846 ), #4594, .F. ) ;
#1279 = ORIENTED_EDGE ( 'NONE', *, *, #5544, .T. ) ;
#1280 = DIRECTION ( 'NONE',  ( 0.000000000000000000, 1.000000000000000000, 0.000000000000000000 ) ) ;
#1281 = DIRECTION ( 'NONE',  ( -0.000000000000000000, -0.000000000000000000, 1.000000000000000000 ) ) ;
#1282 = CARTESIAN_POINT ( 'NONE',  ( 186.5000000000000000, -43.00000000000000000, 28.01000000000000512 ) ) ;
#1283 = LINE ( 'NONE', #5156, #3988 ) ;
#1284 = CARTESIAN_POINT ( 'NONE',  ( 97.50000000000001421, -136.5000000000000000, 26.51000000000000156 ) ) ;
#1285 = ORIENTED_EDGE ( 'NONE', *, *, #3328, .T. ) ;
#1286 = ORIENTED_EDGE ( 'NONE', *, *, #2588, .T. ) ;
#1287 = FACE_OUTER_BOUND ( 'NONE', #34, .T. ) ;
#1288 = CYLINDRICAL_SURFACE ( 'NONE', #143, 2.299999999999996270 ) ;
#1289 = ORIENTED_EDGE ( 'NONE', *, *, #5951, .F. ) ;
#1290 = EDGE_CURVE ( 'NONE', #3883, #5393, #844, .T. ) ;
#1291 = DIRECTION ( 'NONE',  ( -0.000000000000000000, -0.000000000000000000, 1.000000000000000000 ) ) ;
#1292 = EDGE_CURVE ( 'NONE', #5692, #742, #4610, .T. ) ;
#1293 = ORIENTED_EDGE ( 'NONE', *, *, #2872, .F. ) ;
#1294 = ORIENTED_EDGE ( 'NONE', *, *, #6046, .F. ) ;
#1295 = LINE ( 'NONE', #406, #752 ) ;
#1296 = CARTESIAN_POINT ( 'NONE',  ( 0.000000000000000000, -35.20000000000000284, 28.81000000000000227 ) ) ;
#1297 = EDGE_CURVE ( 'NONE', #5261, #5641, #4698, .T. ) ;
#1298 = CIRCLE ( 'NONE', #3049, 0.4000000000000010214 ) ;
#1299 = ORIENTED_EDGE ( 'NONE', *, *, #831, .T. ) ;
#1300 = VECTOR ( 'NONE', #785, 1000.000000000000000 ) ;
#1301 = DIRECTION ( 'NONE',  ( 1.000000000000000000, 0.000000000000000000, 0.000000000000000000 ) ) ;
#1302 = CIRCLE ( 'NONE', #3165, 6.000000000000005329 ) ;
#1303 = VECTOR ( 'NONE', #3149, 1000.000000000000000 ) ;
#1304 = ORIENTED_EDGE ( 'NONE', *, *, #1808, .F. ) ;
#1305 = CYLINDRICAL_SURFACE ( 'NONE', #3489, 2.799999999999997158 ) ;
#1306 = ADVANCED_FACE ( 'NONE', ( #5566 ), #469, .T. ) ;
#1307 = VECTOR ( 'NONE', #5334, 1000.000000000000000 ) ;
#1308 = LINE ( 'NONE', #4051, #2980 ) ;
#1309 = EDGE_LOOP ( 'NONE', ( #915, #5354, #5030, #5169 ) ) ;
#1310 = ORIENTED_EDGE ( 'NONE', *, *, #5314, .F. ) ;
#1311 = CARTESIAN_POINT ( 'NONE',  ( 98.00000000000001421, -131.4000000000000341, 26.51000000000000156 ) ) ;
#1312 = LINE ( 'NONE', #5521, #4413 ) ;
#1313 = AXIS2_PLACEMENT_3D ( 'NONE', #3856, #1539, #4713 ) ;
#1314 = CYLINDRICAL_SURFACE ( 'NONE', #1815, 6.000000000000005329 ) ;
#1315 = ORIENTED_EDGE ( 'NONE', *, *, #3744, .T. ) ;
#1316 = FACE_OUTER_BOUND ( 'NONE', #3656, .T. ) ;
#1317 = ORIENTED_EDGE ( 'NONE', *, *, #1586, .T. ) ;
#1318 = TOROIDAL_SURFACE ( 'NONE', #55, 3.200000000000004619, 0.4000000000000000222 ) ;
#1319 = DIRECTION ( 'NONE',  ( -0.000000000000000000, -0.000000000000000000, 1.000000000000000000 ) ) ;
#1320 = PLANE ( 'NONE',  #4151 ) ;
#1321 = CIRCLE ( 'NONE', #4824, 4.200000000000009059 ) ;
#1322 = ORIENTED_EDGE ( 'NONE', *, *, #3238, .F. ) ;
#1323 = EDGE_CURVE ( 'NONE', #5122, #1990, #3435, .T. ) ;
#1324 = ORIENTED_EDGE ( 'NONE', *, *, #4951, .T. ) ;
#1325 = DIRECTION ( 'NONE',  ( 1.000000000000000000, 0.000000000000000000, 0.000000000000000000 ) ) ;
#1326 = CARTESIAN_POINT ( 'NONE',  ( 180.5000000000000000, -135.0000000000000000, 28.01000000000000512 ) ) ;
#1327 = ORIENTED_EDGE ( 'NONE', *, *, #2642, .T. ) ;
#1328 = VECTOR ( 'NONE', #5639, 1000.000000000000000 ) ;
#1329 = CIRCLE ( 'NONE', #1037, 4.170000000000007034 ) ;
#1330 = CIRCLE ( 'NONE', #740, 6.000000000000005329 ) ;
#1331 = CARTESIAN_POINT ( 'NONE',  ( 192.0500000000000114, -137.9999999999999716, 29.61000000000000298 ) ) ;
#1332 = CIRCLE ( 'NONE', #249, 4.170000000000007034 ) ;
#1333 = ORIENTED_EDGE ( 'NONE', *, *, #2348, .F. ) ;
#1334 = ADVANCED_FACE ( 'NONE', ( #875 ), #2797, .F. ) ;
#1335 = VECTOR ( 'NONE', #3126, 1000.000000000000000 ) ;
#1336 = CARTESIAN_POINT ( 'NONE',  ( 97.50000000000001421, -136.5000000000000000, 31.41000000000000725 ) ) ;
#1337 = FACE_OUTER_BOUND ( 'NONE', #4421, .T. ) ;
#1338 = EDGE_CURVE ( 'NONE', #5020, #3622, #1790, .T. ) ;
#1339 = LINE ( 'NONE', #5119, #3394 ) ;
#1340 = ORIENTED_EDGE ( 'NONE', *, *, #3852, .F. ) ;
#1341 = ORIENTED_EDGE ( 'NONE', *, *, #5732, .T. ) ;
#1342 = DIRECTION ( 'NONE',  ( 0.000000000000000000, 0.000000000000000000, 1.000000000000000000 ) ) ;
#1343 = CARTESIAN_POINT ( 'NONE',  ( 182.1000000000000512, -136.0000000000000000, 28.81000000000000227 ) ) ;
#1344 = VECTOR ( 'NONE', #4632, 1000.000000000000000 ) ;
#1345 = ADVANCED_FACE ( 'NONE', ( #2829 ), #4649, .F. ) ;
#1346 = VECTOR ( 'NONE', #5947, 1000.000000000000000 ) ;
#1347 = ORIENTED_EDGE ( 'NONE', *, *, #2125, .T. ) ;
#1348 = VECTOR ( 'NONE', #4018, 1000.000000000000000 ) ;
#1349 = EDGE_CURVE ( 'NONE', #4141, #4423, #4507, .T. ) ;
#1350 = ORIENTED_EDGE ( 'NONE', *, *, #5740, .T. ) ;
#1351 = CIRCLE ( 'NONE', #5738, 4.200000000000009059 ) ;
#1352 = LINE ( 'NONE', #5159, #1872 ) ;
#1353 = STYLED_ITEM ( 'NONE', ( #679 ), #4936 ) ;
#1354 = LINE ( 'NONE', #891, #3846 ) ;
#1355 = VERTEX_POINT ( 'NONE', #3228 ) ;
#1356 = EDGE_CURVE ( 'NONE', #1868, #2212, #4408, .T. ) ;
#1357 = ORIENTED_EDGE ( 'NONE', *, *, #72, .F. ) ;
#1358 = CARTESIAN_POINT ( 'NONE',  ( 189.2500000000000000, -33.99999999999997868, 19.61000000000000298 ) ) ;
#1359 = LINE ( 'NONE', #5451, #3590 ) ;
#1360 = VERTEX_POINT ( 'NONE', #899 ) ;
#1361 = EDGE_CURVE ( 'NONE', #1164, #5771, #2768, .T. ) ;
#1362 = AXIS2_PLACEMENT_3D ( 'NONE', #4233, #1430, #3297 ) ;
#1363 = CARTESIAN_POINT ( 'NONE',  ( 104.9999999999999716, -134.4000000000000057, 31.41000000000000725 ) ) ;
#1364 = ADVANCED_FACE ( 'NONE', ( #4623 ), #4800, .T. ) ;
#1365 = ORIENTED_EDGE ( 'NONE', *, *, #1510, .T. ) ;
#1366 = CARTESIAN_POINT ( 'NONE',  ( 98.40000000000000568, -36.39999999999999858, 26.51000000000000156 ) ) ;
#1367 = PLANE ( 'NONE',  #913 ) ;
#1368 = CARTESIAN_POINT ( 'NONE',  ( 0.000000000000000000, -134.7700000000000671, 28.81000000000000227 ) ) ;
#1369 = ORIENTED_EDGE ( 'NONE', *, *, #1361, .F. ) ;
#1370 = ORIENTED_EDGE ( 'NONE', *, *, #3871, .T. ) ;
#1371 = CARTESIAN_POINT ( 'NONE',  ( 98.00000000000000000, -41.40000000000000568, 26.51000000000000156 ) ) ;
#1372 = EDGE_CURVE ( 'NONE', #3245, #4565, #437, .T. ) ;
#1373 = DIRECTION ( 'NONE',  ( 1.000000000000000000, 0.000000000000000000, 0.000000000000000000 ) ) ;
#1374 = CYLINDRICAL_SURFACE ( 'NONE', #239, 4.170000000000007034 ) ;
#1375 = VERTEX_POINT ( 'NONE', #5140 ) ;
#1376 = EDGE_CURVE ( 'NONE', #5348, #3667, #4678, .T. ) ;
#1377 = ORIENTED_EDGE ( 'NONE', *, *, #5337, .T. ) ;
#1378 = CYLINDRICAL_SURFACE ( 'NONE', #1392, 1.699999999999993072 ) ;
#1379 = EDGE_CURVE ( 'NONE', #1530, #22, #1874, .T. ) ;
#1380 = DIRECTION ( 'NONE',  ( -1.000000000000000000, 0.000000000000000000, 0.000000000000000000 ) ) ;
#1381 = ORIENTED_EDGE ( 'NONE', *, *, #5362, .F. ) ;
#1382 = ORIENTED_EDGE ( 'NONE', *, *, #3580, .F. ) ;
#1383 = DIRECTION ( 'NONE',  ( 0.000000000000000000, 0.05233595624294395260, 0.9986295347545739443 ) ) ;
#1384 = VERTEX_POINT ( 'NONE', #5063 ) ;
#1385 = DIRECTION ( 'NONE',  ( 0.000000000000000000, 0.000000000000000000, 1.000000000000000000 ) ) ;
#1386 = ORIENTED_EDGE ( 'NONE', *, *, #3047, .T. ) ;
#1387 = DIRECTION ( 'NONE',  ( 0.000000000000000000, 0.05233595624294395260, 0.9986295347545739443 ) ) ;
#1388 = CARTESIAN_POINT ( 'NONE',  ( 103.4000000000000057, -33.70000000000000995, 28.81000000000000227 ) ) ;
#1389 = CIRCLE ( 'NONE', #2860, 1.699999999999993072 ) ;
#1390 = CARTESIAN_POINT ( 'NONE',  ( 103.4000000000000057, -35.15807377657357335, 25.71000000000000441 ) ) ;
#1391 = LINE ( 'NONE', #5547, #3875 ) ;
#1392 = AXIS2_PLACEMENT_3D ( 'NONE', #4119, #1319, #3242 ) ;
#1393 = ORIENTED_EDGE ( 'NONE', *, *, #2033, .T. ) ;
#1394 = ORIENTED_EDGE ( 'NONE', *, *, #1170, .T. ) ;
#1395 = CARTESIAN_POINT ( 'NONE',  ( 182.1000000000000512, -136.0000000000000000, 28.81000000000000227 ) ) ;
#1396 = CARTESIAN_POINT ( 'NONE',  ( 93.45000000000000284, -33.99999999999997868, 29.61000000000000298 ) ) ;
#1397 = VECTOR ( 'NONE', #499, 1000.000000000000000 ) ;
#1398 = EDGE_CURVE ( 'NONE', #1616, #5692, #3202, .T. ) ;
#1399 = CARTESIAN_POINT ( 'NONE',  ( 93.45000000000000284, -137.9999999999999716, 31.41000000000000725 ) ) ;
#1400 = EDGE_LOOP ( 'NONE', ( #1472, #2566, #2798, #3505 ) ) ;
#1401 = AXIS2_PLACEMENT_3D ( 'NONE', #3801, #103, #1998 ) ;
#1402 = CARTESIAN_POINT ( 'NONE',  ( 101.1000000000000227, -136.0000000000000000, 28.81000000000000227 ) ) ;
#1403 = ADVANCED_FACE ( 'NONE', ( #156 ), #5659, .T. ) ;
#1404 = CARTESIAN_POINT ( 'NONE',  ( 98.00000000000000000, -39.10000000000000142, 26.51000000000000156 ) ) ;
#1405 = DIRECTION ( 'NONE',  ( 1.000000000000000000, 0.000000000000000000, 0.000000000000000000 ) ) ;
#1406 = CARTESIAN_POINT ( 'NONE',  ( 95.70000000000001705, -130.6000000000000512, 28.81000000000000227 ) ) ;
#1407 = ORIENTED_EDGE ( 'NONE', *, *, #3959, .T. ) ;
#1408 = ADVANCED_FACE ( 'NONE', ( #1960 ), #618, .T. ) ;
#1409 = ORIENTED_EDGE ( 'NONE', *, *, #5871, .F. ) ;
#1410 = CARTESIAN_POINT ( 'NONE',  ( 97.50000000000001421, -143.0000000000000284, 31.41000000000000725 ) ) ;
#1411 = CARTESIAN_POINT ( 'NONE',  ( 104.9999999999999716, -129.0000000000000000, 30.61000000000000654 ) ) ;
#1412 = AXIS2_PLACEMENT_3D ( 'NONE', #4932, #2548, #5382 ) ;
#1413 = ORIENTED_EDGE ( 'NONE', *, *, #5849, .T. ) ;
#1414 = DIRECTION ( 'NONE',  ( -0.000000000000000000, -0.000000000000000000, -1.000000000000000000 ) ) ;
#1415 = VERTEX_POINT ( 'NONE', #1471 ) ;
#1416 = CARTESIAN_POINT ( 'NONE',  ( 182.1000000000000512, -136.0000000000000000, 26.51000000000000156 ) ) ;
#1417 = CARTESIAN_POINT ( 'NONE',  ( 186.2699999999906026, 1.292507767480697325E-11, 26.51000000000000156 ) ) ;
#1418 = DIRECTION ( 'NONE',  ( -1.217349807703022362E-16, 1.000000000000000000, -0.000000000000000000 ) ) ;
#1419 = CARTESIAN_POINT ( 'NONE',  ( 98.00000000000001421, -132.9000000000000341, 26.51000000000000156 ) ) ;
#1420 = AXIS2_PLACEMENT_3D ( 'NONE', #2846, #5621, #983 ) ;
#1421 = CARTESIAN_POINT ( 'NONE',  ( 102.4315503512457610, -134.4224594421548602, 28.41000000000000369 ) ) ;
#1422 = DIRECTION ( 'NONE',  ( 0.000000000000000000, 0.000000000000000000, -1.000000000000000000 ) ) ;
#1423 = ORIENTED_EDGE ( 'NONE', *, *, #3827, .F. ) ;
#1424 = CIRCLE ( 'NONE', #4739, 2.799999999999997158 ) ;
#1425 = ORIENTED_EDGE ( 'NONE', *, *, #3455, .T. ) ;
#1426 = VECTOR ( 'NONE', #328, 1000.000000000000000 ) ;
#1427 = EDGE_CURVE ( 'NONE', #611, #587, #1447, .T. ) ;
#1428 = DIRECTION ( 'NONE',  ( -0.000000000000000000, -0.000000000000000000, 1.000000000000000000 ) ) ;
#1429 = DIRECTION ( 'NONE',  ( -0.000000000000000000, 0.05233595624294394566, 0.9986295347545739443 ) ) ;
#1430 = DIRECTION ( 'NONE',  ( -0.000000000000000000, 0.000000000000000000, 1.000000000000000000 ) ) ;
#1431 = ORIENTED_EDGE ( 'NONE', *, *, #4572, .T. ) ;
#1432 = MECHANICAL_DESIGN_GEOMETRIC_PRESENTATION_REPRESENTATION (  '', ( #1353 ), #5627 ) ;
#1433 = CARTESIAN_POINT ( 'NONE',  ( 102.6000000000000085, -36.39999999999999858, 26.51000000000000156 ) ) ;
#1434 = CARTESIAN_POINT ( 'NONE',  ( 191.6700000000000159, -130.6000000000000227, 28.81000000000000227 ) ) ;
#1435 = FACE_OUTER_BOUND ( 'NONE', #5834, .T. ) ;
#1436 = VECTOR ( 'NONE', #5364, 1000.000000000000000 ) ;
#1437 = EDGE_CURVE ( 'NONE', #5459, #753, #5778, .T. ) ;
#1438 = DIRECTION ( 'NONE',  ( 0.000000000000000000, 1.000000000000000000, -0.000000000000000000 ) ) ;
#1439 = AXIS2_PLACEMENT_3D ( 'NONE', #3462, #680, #5879 ) ;
#1440 = ORIENTED_EDGE ( 'NONE', *, *, #240, .F. ) ;
#1441 = ORIENTED_EDGE ( 'NONE', *, *, #5420, .T. ) ;
#1442 = VECTOR ( 'NONE', #723, 1000.000000000000000 ) ;
#1443 = CARTESIAN_POINT ( 'NONE',  ( 187.5000000000000000, -131.4000000000000057, 28.81000000000000227 ) ) ;
#1444 = EDGE_CURVE ( 'NONE', #1360, #479, #2272, .T. ) ;
#1445 = DIRECTION ( 'NONE',  ( 0.05233595624294394566, -0.000000000000000000, 0.9986295347545739443 ) ) ;
#1446 = VERTEX_POINT ( 'NONE', #2852 ) ;
#1447 = LINE ( 'NONE', #5260, #1486 ) ;
#1448 = EDGE_LOOP ( 'NONE', ( #1800, #1569, #336, #3040, #1236, #4002, #1893, #4067, #4829, #3709, #3033, #4531, #1730, #3984, #507, #208, #531, #5623, #1500, #4680, #671, #5969, #2582, #835 ) ) ;
#1449 = DIRECTION ( 'NONE',  ( 0.000000000000000000, 0.000000000000000000, 1.000000000000000000 ) ) ;
#1450 = DIRECTION ( 'NONE',  ( -0.000000000000000000, -0.000000000000000000, -1.000000000000000000 ) ) ;
#1451 = DIRECTION ( 'NONE',  ( -1.000000000000000000, 0.000000000000000000, 0.000000000000000000 ) ) ;
#1452 = CARTESIAN_POINT ( 'NONE',  ( 98.40000000000001990, -131.4000000000000341, 28.81000000000000227 ) ) ;
#1453 = EDGE_CURVE ( 'NONE', #2290, #4069, #2887, .T. ) ;
#1454 = DIRECTION ( 'NONE',  ( 0.000000000000000000, 1.000000000000000000, -0.000000000000000000 ) ) ;
#1455 = PLANE ( 'NONE',  #3958 ) ;
#1456 = EDGE_LOOP ( 'NONE', ( #803, #4577 ) ) ;
#1457 = VERTEX_POINT ( 'NONE', #127 ) ;
#1458 = DIRECTION ( 'NONE',  ( -0.000000000000000000, -0.000000000000000000, 1.000000000000000000 ) ) ;
#1459 = DIRECTION ( 'NONE',  ( 1.000000000000000000, 0.000000000000000000, 0.000000000000000000 ) ) ;
#1460 = CARTESIAN_POINT ( 'NONE',  ( 184.4000000000000057, -36.39999999999999147, 26.51000000000000156 ) ) ;
#1461 = EDGE_CURVE ( 'NONE', #3981, #2763, #3050, .T. ) ;
#1462 = PLANE ( 'NONE',  #520 ) ;
#1463 = CARTESIAN_POINT ( 'NONE',  ( 94.55000000000001137, -33.99999999999997868, 29.61000000000000298 ) ) ;
#1464 = DIRECTION ( 'NONE',  ( -0.000000000000000000, -0.000000000000000000, 1.000000000000000000 ) ) ;
#1465 = DIRECTION ( 'NONE',  ( 0.000000000000000000, 0.000000000000000000, 1.000000000000000000 ) ) ;
#1466 = VERTEX_POINT ( 'NONE', #4831 ) ;
#1467 = ORIENTED_EDGE ( 'NONE', *, *, #2377, .F. ) ;
#1468 = DIRECTION ( 'NONE',  ( -0.000000000000000000, -0.000000000000000000, -1.000000000000000000 ) ) ;
#1469 = DIRECTION ( 'NONE',  ( 1.000000000000000000, 0.000000000000000000, 0.000000000000000000 ) ) ;
#1470 = ORIENTED_EDGE ( 'NONE', *, *, #3935, .F. ) ;
#1471 = CARTESIAN_POINT ( 'NONE',  ( 93.82999999999999829, -41.40000000000000568, 26.51000000000000156 ) ) ;
#1472 = ORIENTED_EDGE ( 'NONE', *, *, #804, .T. ) ;
#1473 = FACE_OUTER_BOUND ( 'NONE', #5369, .T. ) ;
#1474 = CYLINDRICAL_SURFACE ( 'NONE', #4756, 4.170000000000007034 ) ;
#1475 = DIRECTION ( 'NONE',  ( 0.000000000000000000, -0.9986295347545739443, -0.05233595624294395260 ) ) ;
#1476 = ADVANCED_FACE ( 'NONE', ( #3337 ), #5194, .F. ) ;
#1477 = LINE ( 'NONE', #5174, #334 ) ;
#1478 = CARTESIAN_POINT ( 'NONE',  ( 103.4000000000000199, -138.3000000000000114, 26.51000000000000156 ) ) ;
#1479 = DIRECTION ( 'NONE',  ( 1.000000000000000000, 0.000000000000000000, 0.000000000000000000 ) ) ;
#1480 = VERTEX_POINT ( 'NONE', #5753 ) ;
#1481 = VERTEX_POINT ( 'NONE', #2023 ) ;
#1482 = ADVANCED_FACE ( 'NONE', ( #1022 ), #529, .T. ) ;
#1483 = CARTESIAN_POINT ( 'NONE',  ( 101.1000000000000085, -36.00000000000000711, 28.81000000000000227 ) ) ;
#1484 = DIRECTION ( 'NONE',  ( 0.000000000000000000, -1.000000000000000000, 0.000000000000000000 ) ) ;
#1485 = AXIS2_PLACEMENT_3D ( 'NONE', #175, #3868, #2447 ) ;
#1486 = VECTOR ( 'NONE', #1992, 1000.000000000000000 ) ;
#1487 = CARTESIAN_POINT ( 'NONE',  ( 185.9224594421548318, -131.5684496487542674, 28.01000000000000512 ) ) ;
#1488 = CIRCLE ( 'NONE', #4218, 2.700000000000008171 ) ;
#1489 = VECTOR ( 'NONE', #511, 1000.000000000000000 ) ;
#1490 = DIRECTION ( 'NONE',  ( -1.217349807703022362E-16, 1.000000000000000000, 0.000000000000000000 ) ) ;
#1491 = LINE ( 'NONE', #4296, #3538 ) ;
#1492 = DIRECTION ( 'NONE',  ( 0.000000000000000000, -1.000000000000000000, 0.000000000000000000 ) ) ;
#1493 = CIRCLE ( 'NONE', #5109, 0.8299999999999974065 ) ;
#1494 = DIRECTION ( 'NONE',  ( -1.000000000000000000, 0.000000000000000000, 0.000000000000000000 ) ) ;
#1495 = AXIS2_PLACEMENT_3D ( 'NONE', #2901, #4754, #577 ) ;
#1496 = EDGE_LOOP ( 'NONE', ( #3731, #1167, #907, #3136 ) ) ;
#1497 = VERTEX_POINT ( 'NONE', #5168 ) ;
#1498 = CARTESIAN_POINT ( 'NONE',  ( 102.6000000000000227, -136.0000000000000000, 28.81000000000000227 ) ) ;
#1499 = LINE ( 'NONE', #2, #3107 ) ;
#1500 = ORIENTED_EDGE ( 'NONE', *, *, #5381, .T. ) ;
#1501 = CARTESIAN_POINT ( 'NONE',  ( 182.1000000000000227, -36.00000000000000711, 25.71000000000000441 ) ) ;
#1502 = EDGE_CURVE ( 'NONE', #2746, #3241, #1909, .T. ) ;
#1503 = ORIENTED_EDGE ( 'NONE', *, *, #3896, .T. ) ;
#1504 = FACE_BOUND ( 'NONE', #5885, .T. ) ;
#1505 = DIRECTION ( 'NONE',  ( 0.000000000000000000, -1.000000000000000000, 0.000000000000000000 ) ) ;
#1506 = AXIS2_PLACEMENT_3D ( 'NONE', #4640, #3222, #5051 ) ;
#1507 = DIRECTION ( 'NONE',  ( -1.000000000000000000, 0.000000000000000000, 0.000000000000000000 ) ) ;
#1508 = DIRECTION ( 'NONE',  ( 1.000000000000000000, 0.000000000000000000, 0.000000000000000000 ) ) ;
#1509 = CARTESIAN_POINT ( 'NONE',  ( 187.1000000000000227, -135.6000000000000227, 28.81000000000000227 ) ) ;
#1510 = EDGE_CURVE ( 'NONE', #1087, #2992, #2982, .T. ) ;
#1511 = ORIENTED_EDGE ( 'NONE', *, *, #1774, .F. ) ;
#1512 = ORIENTED_EDGE ( 'NONE', *, *, #1338, .F. ) ;
#1513 = DIRECTION ( 'NONE',  ( 1.000000000000000000, 1.555805808050947258E-16, -0.000000000000000000 ) ) ;
#1514 = FACE_OUTER_BOUND ( 'NONE', #5720, .T. ) ;
#1515 = EDGE_CURVE ( 'NONE', #5907, #1645, #1330, .T. ) ;
#1516 = VECTOR ( 'NONE', #2694, 1000.000000000000000 ) ;
#1517 = DIRECTION ( 'NONE',  ( -0.000000000000000000, -0.000000000000000000, 1.000000000000000000 ) ) ;
#1518 = AXIS2_PLACEMENT_3D ( 'NONE', #4555, #1839, #1405 ) ;
#1519 = DIRECTION ( 'NONE',  ( -0.000000000000000000, 0.000000000000000000, 1.000000000000000000 ) ) ;
#1520 = FACE_OUTER_BOUND ( 'NONE', #1788, .T. ) ;
#1521 = CARTESIAN_POINT ( 'NONE',  ( 182.9000000000000057, -36.00000000000000711, 28.81000000000000227 ) ) ;
#1522 = EDGE_CURVE ( 'NONE', #1773, #4608, #5039, .T. ) ;
#1523 = CARTESIAN_POINT ( 'NONE',  ( 189.2500000000000000, -137.9999999999999716, 29.61000000000000298 ) ) ;
#1524 = AXIS2_PLACEMENT_3D ( 'NONE', #3668, #4072, #2244 ) ;
#1525 = ORIENTED_EDGE ( 'NONE', *, *, #5672, .T. ) ;
#1526 = ORIENTED_EDGE ( 'NONE', *, *, #270, .T. ) ;
#1527 = DIRECTION ( 'NONE',  ( 0.000000000000000000, 0.000000000000000000, 1.000000000000000000 ) ) ;
#1528 = LINE ( 'NONE', #282, #764 ) ;
#1529 = AXIS2_PLACEMENT_3D ( 'NONE', #5763, #628, #3437 ) ;
#1530 = VERTEX_POINT ( 'NONE', #1562 ) ;
#1531 = CIRCLE ( 'NONE', #5238, 3.200000000000008171 ) ;
#1532 = CARTESIAN_POINT ( 'NONE',  ( 96.25000000000000000, -137.9999999999999716, 29.61000000000000298 ) ) ;
#1533 = ADVANCED_FACE ( 'NONE', ( #3424 ), #5286, .T. ) ;
#1534 = ORIENTED_EDGE ( 'NONE', *, *, #770, .F. ) ;
#1535 = FACE_BOUND ( 'NONE', #3495, .T. ) ;
#1536 = AXIS2_PLACEMENT_3D ( 'NONE', #3453, #154, #5809 ) ;
#1537 = FACE_OUTER_BOUND ( 'NONE', #5660, .T. ) ;
#1538 = ADVANCED_FACE ( 'NONE', ( #648 ), #2515, .T. ) ;
#1539 = DIRECTION ( 'NONE',  ( -0.000000000000000000, 0.000000000000000000, 1.000000000000000000 ) ) ;
#1540 = DIRECTION ( 'NONE',  ( -1.000000000000000000, 0.000000000000000000, 0.000000000000000000 ) ) ;
#1541 = CYLINDRICAL_SURFACE ( 'NONE', #4666, 4.200000000000009059 ) ;
#1542 = ORIENTED_EDGE ( 'NONE', *, *, #2754, .F. ) ;
#1543 = EDGE_LOOP ( 'NONE', ( #5004, #5487, #1659, #3094 ) ) ;
#1544 = VECTOR ( 'NONE', #4516, 1000.000000000000000 ) ;
#1545 = ADVANCED_FACE ( 'NONE', ( #5779 ), #1592, .T. ) ;
#1546 = DIRECTION ( 'NONE',  ( -0.000000000000000000, -0.000000000000000000, -1.000000000000000000 ) ) ;
#1547 = DIRECTION ( 'NONE',  ( -1.000000000000000000, 0.000000000000000000, 0.000000000000000000 ) ) ;
#1548 = DIRECTION ( 'NONE',  ( 1.000000000000000000, 0.000000000000000000, 0.000000000000000000 ) ) ;
#1549 = ADVANCED_FACE ( 'NONE', ( #1892 ), #5218, .F. ) ;
#1550 = EDGE_CURVE ( 'NONE', #731, #2078, #117, .T. ) ;
#1551 = FACE_OUTER_BOUND ( 'NONE', #5990, .T. ) ;
#1552 = DIRECTION ( 'NONE',  ( 0.9986295347545739443, 0.000000000000000000, -0.05233595624294395260 ) ) ;
#1553 = EDGE_CURVE ( 'NONE', #250, #4717, #3662, .T. ) ;
#1554 = CARTESIAN_POINT ( 'NONE',  ( 93.82999999999999829, 1.459812589694203629E-14, 28.81000000000000227 ) ) ;
#1555 = DIRECTION ( 'NONE',  ( -1.000000000000000000, 0.000000000000000000, 0.000000000000000000 ) ) ;
#1556 = VERTEX_POINT ( 'NONE', #5586 ) ;
#1557 = ORIENTED_EDGE ( 'NONE', *, *, #200, .F. ) ;
#1558 = DIRECTION ( 'NONE',  ( -0.000000000000000000, -0.000000000000000000, -1.000000000000000000 ) ) ;
#1559 = EDGE_CURVE ( 'NONE', #2297, #4281, #5813, .T. ) ;
#1560 = DIRECTION ( 'NONE',  ( -0.000000000000000000, -0.000000000000000000, -1.000000000000000000 ) ) ;
#1561 = EDGE_LOOP ( 'NONE', ( #2827, #388, #1279, #4033, #3261, #1177, #2848, #898, #5893, #4290, #887, #1239, #4870, #485, #5993, #374, #484, #6014, #4647, #5349, #1317, #2606, #2237, #2665 ) ) ;
#1562 = CARTESIAN_POINT ( 'NONE',  ( 182.1000000000000227, -33.74192622342643944, 25.71000000000000441 ) ) ;
#1563 = VERTEX_POINT ( 'NONE', #584 ) ;
#1564 = CARTESIAN_POINT ( 'NONE',  ( 103.4000000000000057, -36.00000000000000711, 26.51000000000000156 ) ) ;
#1565 = LINE ( 'NONE', #4496, #5541 ) ;
#1566 = DIRECTION ( 'NONE',  ( 1.000000000000000000, 0.000000000000000000, 0.000000000000000000 ) ) ;
#1567 = FACE_OUTER_BOUND ( 'NONE', #3641, .T. ) ;
#1568 = DIRECTION ( 'NONE',  ( 1.000000000000000000, 0.000000000000000000, 0.000000000000000000 ) ) ;
#1569 = ORIENTED_EDGE ( 'NONE', *, *, #3484, .T. ) ;
#1570 = ORIENTED_EDGE ( 'NONE', *, *, #433, .T. ) ;
#1571 = LINE ( 'NONE', #1120, #559 ) ;
#1572 = CARTESIAN_POINT ( 'NONE',  ( 188.0000000000000000, -136.5000000000000000, 31.41000000000000725 ) ) ;
#1573 = DIRECTION ( 'NONE',  ( -0.000000000000000000, -0.000000000000000000, -1.000000000000000000 ) ) ;
#1574 = CARTESIAN_POINT ( 'NONE',  ( 187.9999999999999432, -29.00000000000000000, 31.41000000000000725 ) ) ;
#1575 = DIRECTION ( 'NONE',  ( 0.000000000000000000, 0.000000000000000000, -1.000000000000000000 ) ) ;
#1576 = EDGE_CURVE ( 'NONE', #2565, #2963, #4833, .T. ) ;
#1577 = AXIS2_PLACEMENT_3D ( 'NONE', #4371, #990, #5629 ) ;
#1578 = EDGE_CURVE ( 'NONE', #3591, #1937, #3757, .T. ) ;
#1579 = CARTESIAN_POINT ( 'NONE',  ( 187.1000000000000227, -135.6000000000000227, 26.51000000000000156 ) ) ;
#1580 = CARTESIAN_POINT ( 'NONE',  ( 104.9999999999999858, -37.60000000000000142, 31.41000000000000725 ) ) ;
#1581 = VECTOR ( 'NONE', #2346, 1000.000000000000000 ) ;
#1582 = ORIENTED_EDGE ( 'NONE', *, *, #4891, .T. ) ;
#1583 = EDGE_CURVE ( 'NONE', #4044, #3740, #3304, .T. ) ;
#1584 = ORIENTED_EDGE ( 'NONE', *, *, #1922, .T. ) ;
#1585 = CARTESIAN_POINT ( 'NONE',  ( 182.9419262234264352, -135.6000000000000512, 25.71000000000000441 ) ) ;
#1586 = EDGE_CURVE ( 'NONE', #2824, #3850, #4299, .T. ) ;
#1587 = DIRECTION ( 'NONE',  ( -1.000000000000000000, 0.000000000000000000, 0.000000000000000000 ) ) ;
#1588 = DIRECTION ( 'NONE',  ( 1.000000000000000000, 0.000000000000000000, 0.000000000000000000 ) ) ;
#1589 = VECTOR ( 'NONE', #2544, 1000.000000000000000 ) ;
#1590 = ORIENTED_EDGE ( 'NONE', *, *, #286, .F. ) ;
#1591 = VECTOR ( 'NONE', #1640, 1000.000000000000000 ) ;
#1592 = PLANE ( 'NONE',  #2399 ) ;
#1593 = ORIENTED_EDGE ( 'NONE', *, *, #57, .F. ) ;
#1594 = CYLINDRICAL_SURFACE ( 'NONE', #5104, 1.700000000000021050 ) ;
#1595 = AXIS2_PLACEMENT_3D ( 'NONE', #5816, #1632, #253 ) ;
#1596 = DIRECTION ( 'NONE',  ( -0.000000000000000000, 0.000000000000000000, 1.000000000000000000 ) ) ;
#1597 = DIRECTION ( 'NONE',  ( 0.9986295347545739443, 0.000000000000000000, -0.05233595624294395260 ) ) ;
#1598 = CARTESIAN_POINT ( 'NONE',  ( 98.40000000000001990, -135.6000000000000512, 28.81000000000000227 ) ) ;
#1599 = CARTESIAN_POINT ( 'NONE',  ( 184.4000000000000057, -36.39999999999999147, 28.81000000000000227 ) ) ;
#1600 = ORIENTED_EDGE ( 'NONE', *, *, #5530, .F. ) ;
#1601 = CARTESIAN_POINT ( 'NONE',  ( 104.9999999999999858, -36.99999999999999289, 28.01000000000000512 ) ) ;
#1602 = DIRECTION ( 'NONE',  ( 0.000000000000000000, 0.000000000000000000, 1.000000000000000000 ) ) ;
#1603 = AXIS2_PLACEMENT_3D ( 'NONE', #4377, #2580, #5324 ) ;
#1604 = DIRECTION ( 'NONE',  ( 0.000000000000000000, 0.000000000000000000, 1.000000000000000000 ) ) ;
#1605 = VECTOR ( 'NONE', #3869, 1000.000000000000000 ) ;
#1606 = EDGE_CURVE ( 'NONE', #3667, #6045, #5126, .T. ) ;
#1607 = EDGE_CURVE ( 'NONE', #3454, #798, #3843, .T. ) ;
#1608 = VERTEX_POINT ( 'NONE', #4239 ) ;
#1609 = CARTESIAN_POINT ( 'NONE',  ( 0.000000000000000000, -132.9000000000000057, 28.81000000000000227 ) ) ;
#1610 =( GEOMETRIC_REPRESENTATION_CONTEXT ( 3 ) GLOBAL_UNCERTAINTY_ASSIGNED_CONTEXT ( ( #4719 ) ) GLOBAL_UNIT_ASSIGNED_CONTEXT ( ( #4112, #5044, #4514 ) ) REPRESENTATION_CONTEXT ( 'NONE', 'WORKASPACE' ) );
#1611 = CARTESIAN_POINT ( 'NONE',  ( 189.7580737765735535, -41.39999999999999147, 25.71000000000000441 ) ) ;
#1612 = VECTOR ( 'NONE', #79, 1000.000000000000000 ) ;
#1613 = ADVANCED_FACE ( 'NONE', ( #1863, #3330 ), #5678, .T. ) ;
#1614 = AXIS2_PLACEMENT_3D ( 'NONE', #1532, #4337, #3370 ) ;
#1615 = DIRECTION ( 'NONE',  ( 1.555805808050947258E-16, -1.000000000000000000, 0.000000000000000000 ) ) ;
#1616 = VERTEX_POINT ( 'NONE', #2879 ) ;
#1617 = DIRECTION ( 'NONE',  ( 0.000000000000000000, 0.000000000000000000, -1.000000000000000000 ) ) ;
#1618 = CIRCLE ( 'NONE', #5026, 6.000000000000005329 ) ;
#1619 = ORIENTED_EDGE ( 'NONE', *, *, #4858, .F. ) ;
#1620 = VECTOR ( 'NONE', #3511, 1000.000000000000000 ) ;
#1621 = ORIENTED_EDGE ( 'NONE', *, *, #2453, .F. ) ;
#1622 = CYLINDRICAL_SURFACE ( 'NONE', #4506, 2.299999999999996270 ) ;
#1623 = CYLINDRICAL_SURFACE ( 'NONE', #3362, 0.8299999999999974065 ) ;
#1624 = DIRECTION ( 'NONE',  ( -0.000000000000000000, -0.000000000000000000, 1.000000000000000000 ) ) ;
#1625 = ORIENTED_EDGE ( 'NONE', *, *, #2309, .F. ) ;
#1626 = AXIS2_PLACEMENT_3D ( 'NONE', #1075, #2849, #5256 ) ;
#1627 = ORIENTED_EDGE ( 'NONE', *, *, #716, .T. ) ;
#1628 = DIRECTION ( 'NONE',  ( 1.000000000000000000, 0.000000000000000000, 0.000000000000000000 ) ) ;
#1629 = ADVANCED_FACE ( 'NONE', ( #61 ), #6008, .F. ) ;
#1630 = CIRCLE ( 'NONE', #6019, 3.199999999999994404 ) ;
#1631 = VERTEX_POINT ( 'NONE', #1925 ) ;
#1632 = DIRECTION ( 'NONE',  ( -0.000000000000000000, -0.000000000000000000, -1.000000000000000000 ) ) ;
#1633 = EDGE_LOOP ( 'NONE', ( #984, #5868, #5437, #3998 ) ) ;
#1634 = LINE ( 'NONE', #4473, #2691 ) ;
#1635 = AXIS2_PLACEMENT_3D ( 'NONE', #4410, #2651, #4049 ) ;
#1636 = CARTESIAN_POINT ( 'NONE',  ( 93.83000000000001251, -130.6000000000000512, 28.81000000000000227 ) ) ;
#1637 = AXIS2_PLACEMENT_3D ( 'NONE', #4469, #2546, #3035 ) ;
#1638 = VERTEX_POINT ( 'NONE', #5253 ) ;
#1639 = DIRECTION ( 'NONE',  ( 0.000000000000000000, 0.000000000000000000, 1.000000000000000000 ) ) ;
#1640 = DIRECTION ( 'NONE',  ( -0.000000000000000000, 0.05233595624294395260, 0.9986295347545739443 ) ) ;
#1641 = VECTOR ( 'NONE', #5856, 1000.000000000000000 ) ;
#1642 = EDGE_CURVE ( 'NONE', #2889, #68, #3275, .T. ) ;
#1643 = FACE_OUTER_BOUND ( 'NONE', #3321, .T. ) ;
#1644 = VECTOR ( 'NONE', #1118, 1000.000000000000000 ) ;
#1645 = VERTEX_POINT ( 'NONE', #4730 ) ;
#1646 = DIRECTION ( 'NONE',  ( -1.000000000000000000, 0.000000000000000000, 0.000000000000000000 ) ) ;
#1647 = CARTESIAN_POINT ( 'NONE',  ( 190.9500000000000171, -137.9999999999999716, 29.61000000000000298 ) ) ;
#1648 = CIRCLE ( 'NONE', #1362, 6.500000000000005329 ) ;
#1649 = EDGE_CURVE ( 'NONE', #3512, #3292, #1072, .T. ) ;
#1650 = CYLINDRICAL_SURFACE ( 'NONE', #1997, 0.4000000000000010214 ) ;
#1651 = ORIENTED_EDGE ( 'NONE', *, *, #5209, .F. ) ;
#1652 = CARTESIAN_POINT ( 'NONE',  ( 101.1000000000000085, -36.39999999999999858, 26.51000000000000156 ) ) ;
#1653 = EDGE_CURVE ( 'NONE', #351, #3419, #4544, .T. ) ;
#1654 = EDGE_LOOP ( 'NONE', ( #3545, #3069, #107, #5539 ) ) ;
#1655 = EDGE_LOOP ( 'NONE', ( #3776, #2813, #313, #1674 ) ) ;
#1656 = DIRECTION ( 'NONE',  ( -0.000000000000000000, 0.05233595624294395260, 0.9986295347545739443 ) ) ;
#1657 = LINE ( 'NONE', #4861, #2583 ) ;
#1658 = LINE ( 'NONE', #4922, #3873 ) ;
#1659 = ORIENTED_EDGE ( 'NONE', *, *, #72, .T. ) ;
#1660 = VERTEX_POINT ( 'NONE', #6044 ) ;
#1661 = CARTESIAN_POINT ( 'NONE',  ( 98.40000000000000568, -37.22999999999999687, 28.81000000000000227 ) ) ;
#1662 = ORIENTED_EDGE ( 'NONE', *, *, #4000, .F. ) ;
#1663 = DIRECTION ( 'NONE',  ( 0.000000000000000000, -0.000000000000000000, -1.000000000000000000 ) ) ;
#1664 = EDGE_CURVE ( 'NONE', #5477, #1864, #5133, .T. ) ;
#1665 = ORIENTED_EDGE ( 'NONE', *, *, #822, .F. ) ;
#1666 = CARTESIAN_POINT ( 'NONE',  ( 99.04999999999999716, -33.99999999999997868, 29.61000000000000298 ) ) ;
#1667 = CARTESIAN_POINT ( 'NONE',  ( 182.1000000000000227, -35.20000000000000284, 28.81000000000000227 ) ) ;
#1668 = ORIENTED_EDGE ( 'NONE', *, *, #2287, .T. ) ;
#1669 = EDGE_CURVE ( 'NONE', #3204, #5477, #4459, .T. ) ;
#1670 = DIRECTION ( 'NONE',  ( 0.000000000000000000, 0.000000000000000000, -1.000000000000000000 ) ) ;
#1671 = DIRECTION ( 'NONE',  ( 0.000000000000000000, 0.05233595624294395260, -0.9986295347545739443 ) ) ;
#1672 = CARTESIAN_POINT ( 'NONE',  ( 97.95000000000001705, -137.9999999999999716, 29.61000000000000298 ) ) ;
#1673 = EDGE_CURVE ( 'NONE', #974, #1821, #279, .T. ) ;
#1674 = ORIENTED_EDGE ( 'NONE', *, *, #4114, .T. ) ;
#1675 = CARTESIAN_POINT ( 'NONE',  ( 96.25000000000000000, -33.99999999999997868, 31.41000000000000725 ) ) ;
#1676 = DIRECTION ( 'NONE',  ( 0.000000000000000000, 0.000000000000000000, 1.000000000000000000 ) ) ;
#1677 = FACE_OUTER_BOUND ( 'NONE', #4336, .T. ) ;
#1678 = EDGE_LOOP ( 'NONE', ( #4650, #494, #5106, #4701 ) ) ;
#1679 = DIRECTION ( 'NONE',  ( -0.000000000000000000, 0.000000000000000000, 1.000000000000000000 ) ) ;
#1680 = ORIENTED_EDGE ( 'NONE', *, *, #1808, .T. ) ;
#1681 = ORIENTED_EDGE ( 'NONE', *, *, #3750, .T. ) ;
#1682 = CARTESIAN_POINT ( 'NONE',  ( 187.5000000000000000, -130.6000000000000227, 28.81000000000000227 ) ) ;
#1683 = FACE_OUTER_BOUND ( 'NONE', #5560, .T. ) ;
#1684 = LINE ( 'NONE', #4491, #4659 ) ;
#1685 = EDGE_CURVE ( 'NONE', #5903, #5108, #737, .T. ) ;
#1686 = CIRCLE ( 'NONE', #5100, 0.8299999999999974065 ) ;
#1687 = ORIENTED_EDGE ( 'NONE', *, *, #4022, .F. ) ;
#1688 = VERTEX_POINT ( 'NONE', #4919 ) ;
#1689 = CARTESIAN_POINT ( 'NONE',  ( 180.5000000000000000, -129.0000000000000000, 30.61000000000000654 ) ) ;
#1690 = AXIS2_PLACEMENT_3D ( 'NONE', #2213, #836, #2843 ) ;
#1691 = EDGE_LOOP ( 'NONE', ( #2077, #36, #4155, #5225 ) ) ;
#1692 = DIRECTION ( 'NONE',  ( 0.000000000000000000, 1.000000000000000000, -0.000000000000000000 ) ) ;
#1693 = CARTESIAN_POINT ( 'NONE',  ( 188.0000000000000000, -35.50000000000000711, 28.81000000000000227 ) ) ;
#1694 = CIRCLE ( 'NONE', #1014, 0.4000000000000114575 ) ;
#1695 = ORIENTED_EDGE ( 'NONE', *, *, #3711, .T. ) ;
#1696 = ADVANCED_FACE ( 'NONE', ( #2079 ), #4521, .T. ) ;
#1697 = CARTESIAN_POINT ( 'NONE',  ( 98.99999999999995737, -129.0000000000000000, 28.01000000000000512 ) ) ;
#1698 = CIRCLE ( 'NONE', #3486, 6.000000000000005329 ) ;
#1699 = CARTESIAN_POINT ( 'NONE',  ( 186.0499999999999829, -137.9999999999999716, 31.41000000000000725 ) ) ;
#1700 = AXIS2_PLACEMENT_3D ( 'NONE', #2921, #3318, #596 ) ;
#1701 = EDGE_LOOP ( 'NONE', ( #4124, #5488, #5021, #2235 ) ) ;
#1702 = CARTESIAN_POINT ( 'NONE',  ( 95.70000000000000284, -41.40000000000000568, 26.51000000000000156 ) ) ;
#1703 = DIRECTION ( 'NONE',  ( -0.9986295347545739443, 0.000000000000000000, -0.05233595624294395954 ) ) ;
#1704 = FACE_OUTER_BOUND ( 'NONE', #1543, .T. ) ;
#1705 = EDGE_CURVE ( 'NONE', #2002, #5596, #2145, .T. ) ;
#1706 = EDGE_LOOP ( 'NONE', ( #1817, #5045, #4040, #5135 ) ) ;
#1707 = ORIENTED_EDGE ( 'NONE', *, *, #2937, .F. ) ;
#1708 = CARTESIAN_POINT ( 'NONE',  ( 104.9999999999999858, -43.00000000000000000, 30.61000000000000654 ) ) ;
#1709 = AXIS2_PLACEMENT_3D ( 'NONE', #4346, #192, #5759 ) ;
#1710 = CARTESIAN_POINT ( 'NONE',  ( 102.6000000000000227, 0.000000000000000000, 28.81000000000000227 ) ) ;
#1711 = VECTOR ( 'NONE', #3239, 1000.000000000000000 ) ;
#1712 = DIRECTION ( 'NONE',  ( 0.000000000000000000, 0.000000000000000000, -1.000000000000000000 ) ) ;
#1713 = ORIENTED_EDGE ( 'NONE', *, *, #187, .T. ) ;
#1714 = DIRECTION ( 'NONE',  ( -0.000000000000000000, 0.000000000000000000, 1.000000000000000000 ) ) ;
#1715 = ORIENTED_EDGE ( 'NONE', *, *, #5148, .T. ) ;
#1716 = ORIENTED_EDGE ( 'NONE', *, *, #5819, .T. ) ;
#1717 = DIRECTION ( 'NONE',  ( 0.000000000000000000, 1.000000000000000000, 0.000000000000000000 ) ) ;
#1718 = DIRECTION ( 'NONE',  ( -1.000000000000000000, 0.000000000000000000, 0.000000000000000000 ) ) ;
#1719 = AXIS2_PLACEMENT_3D ( 'NONE', #1523, #1465, #2353 ) ;
#1720 = EDGE_CURVE ( 'NONE', #4642, #676, #5939, .T. ) ;
#1721 = AXIS2_PLACEMENT_3D ( 'NONE', #4551, #972, #4029 ) ;
#1722 = VECTOR ( 'NONE', #3921, 1000.000000000000000 ) ;
#1723 = ORIENTED_EDGE ( 'NONE', *, *, #4123, .T. ) ;
#1724 = VERTEX_POINT ( 'NONE', #3026 ) ;
#1725 = DIRECTION ( 'NONE',  ( -1.555805808050947258E-16, 1.000000000000000000, 0.000000000000000000 ) ) ;
#1726 = EDGE_LOOP ( 'NONE', ( #555, #5254, #859, #2115 ) ) ;
#1727 = ORIENTED_EDGE ( 'NONE', *, *, #5179, .T. ) ;
#1728 = DIRECTION ( 'NONE',  ( -0.000000000000000000, 0.000000000000000000, 1.000000000000000000 ) ) ;
#1729 = DIRECTION ( 'NONE',  ( -1.000000000000000000, 0.000000000000000000, 0.000000000000000000 ) ) ;
#1730 = ORIENTED_EDGE ( 'NONE', *, *, #2510, .T. ) ;
#1731 = ADVANCED_FACE ( 'NONE', ( #2112 ), #3954, .F. ) ;
#1732 = LINE ( 'NONE', #2549, #869 ) ;
#1733 = AXIS2_PLACEMENT_3D ( 'NONE', #2764, #5995, #5537 ) ;
#1734 = ORIENTED_EDGE ( 'NONE', *, *, #3092, .F. ) ;
#1735 = DIRECTION ( 'NONE',  ( 1.000000000000000000, 0.000000000000000000, 0.000000000000000000 ) ) ;
#1736 = DIRECTION ( 'NONE',  ( 0.000000000000000000, -0.000000000000000000, 1.000000000000000000 ) ) ;
#1737 = AXIS2_PLACEMENT_3D ( 'NONE', #1395, #16, #5959 ) ;
#1738 = FACE_OUTER_BOUND ( 'NONE', #3674, .T. ) ;
#1739 = CIRCLE ( 'NONE', #6020, 4.170000000000007034 ) ;
#1740 = ORIENTED_EDGE ( 'NONE', *, *, #454, .T. ) ;
#1741 = VERTEX_POINT ( 'NONE', #4003 ) ;
#1742 = AXIS2_PLACEMENT_3D ( 'NONE', #1115, #1596, #3070 ) ;
#1743 = LINE ( 'NONE', #3961, #5691 ) ;
#1744 = CARTESIAN_POINT ( 'NONE',  ( 180.5000000000000000, -43.00000000000000000, 30.61000000000000654 ) ) ;
#1745 = AXIS2_PLACEMENT_3D ( 'NONE', #703, #1624, #4426 ) ;
#1746 = ORIENTED_EDGE ( 'NONE', *, *, #530, .F. ) ;
#1747 = EDGE_CURVE ( 'NONE', #4518, #3432, #546, .T. ) ;
#1748 = CARTESIAN_POINT ( 'NONE',  ( 187.9999999999999432, -29.40000000000000213, 31.41000000000000725 ) ) ;
#1749 = EDGE_CURVE ( 'NONE', #3747, #2298, #1753, .T. ) ;
#1750 = ORIENTED_EDGE ( 'NONE', *, *, #1515, .T. ) ;
#1751 = EDGE_CURVE ( 'NONE', #5573, #5962, #2206, .T. ) ;
#1752 = ORIENTED_EDGE ( 'NONE', *, *, #1515, .F. ) ;
#1753 = LINE ( 'NONE', #1194, #808 ) ;
#1754 = CARTESIAN_POINT ( 'NONE',  ( 187.5000000000000000, -132.9000000000000057, 26.51000000000000156 ) ) ;
#1755 = ORIENTED_EDGE ( 'NONE', *, *, #4883, .F. ) ;
#1756 = ADVANCED_FACE ( 'NONE', ( #772 ), #340, .T. ) ;
#1757 = DIRECTION ( 'NONE',  ( -1.000000000000000000, 0.000000000000000000, 0.000000000000000000 ) ) ;
#1758 = EDGE_LOOP ( 'NONE', ( #4079, #4429, #1869, #3724 ) ) ;
#1759 = ORIENTED_EDGE ( 'NONE', *, *, #5171, .F. ) ;
#1760 = CARTESIAN_POINT ( 'NONE',  ( 104.9999999999999716, -134.0000000000000000, 30.61000000000000654 ) ) ;
#1761 = CARTESIAN_POINT ( 'NONE',  ( 187.1000000000000227, -36.39999999999999147, 26.51000000000000156 ) ) ;
#1762 = VERTEX_POINT ( 'NONE', #701 ) ;
#1763 = DIRECTION ( 'NONE',  ( -1.000000000000000000, 0.000000000000000000, 0.000000000000000000 ) ) ;
#1764 = ORIENTED_EDGE ( 'NONE', *, *, #3991, .T. ) ;
#1765 = DIRECTION ( 'NONE',  ( 1.000000000000000000, -1.613696256722611159E-16, 0.000000000000000000 ) ) ;
#1766 = DIRECTION ( 'NONE',  ( 0.000000000000000000, 0.000000000000000000, 1.000000000000000000 ) ) ;
#1767 = CARTESIAN_POINT ( 'NONE',  ( 91.00000000000000000, 1.107788325009750426E-14, 26.51000000000000156 ) ) ;
#1768 = VERTEX_POINT ( 'NONE', #4034 ) ;
#1769 = EDGE_LOOP ( 'NONE', ( #3960, #5099, #5810, #4593 ) ) ;
#1770 = PLANE ( 'NONE',  #2904 ) ;
#1771 = DIRECTION ( 'NONE',  ( 1.000000000000000000, -1.838117590439000914E-16, 0.000000000000000000 ) ) ;
#1772 = DIRECTION ( 'NONE',  ( -0.000000000000000000, -0.000000000000000000, -1.000000000000000000 ) ) ;
#1773 = VERTEX_POINT ( 'NONE', #1262 ) ;
#1774 = EDGE_CURVE ( 'NONE', #3234, #798, #3130, .T. ) ;
#1775 = LINE ( 'NONE', #505, #641 ) ;
#1776 = ORIENTED_EDGE ( 'NONE', *, *, #3895, .T. ) ;
#1777 = ADVANCED_FACE ( 'NONE', ( #1287 ), #19, .T. ) ;
#1778 = DIRECTION ( 'NONE',  ( 1.000000000000000000, 0.000000000000000000, 0.000000000000000000 ) ) ;
#1779 = EDGE_CURVE ( 'NONE', #2823, #497, #3159, .T. ) ;
#1780 = DIRECTION ( 'NONE',  ( -0.000000000000000000, 0.000000000000000000, 1.000000000000000000 ) ) ;
#1781 = ADVANCED_FACE ( 'NONE', ( #5807 ), #1622, .T. ) ;
#1782 = ORIENTED_EDGE ( 'NONE', *, *, #682, .T. ) ;
#1783 = ORIENTED_EDGE ( 'NONE', *, *, #5758, .F. ) ;
#1784 = DIRECTION ( 'NONE',  ( -0.000000000000000000, -0.000000000000000000, 1.000000000000000000 ) ) ;
#1785 = EDGE_CURVE ( 'NONE', #4389, #2386, #5344, .T. ) ;
#1786 = DIRECTION ( 'NONE',  ( 0.000000000000000000, 0.05233595624294395260, 0.9986295347545739443 ) ) ;
#1787 = VECTOR ( 'NONE', #375, 1000.000000000000000 ) ;
#1788 = EDGE_LOOP ( 'NONE', ( #1740, #4372, #3281, #4601 ) ) ;
#1789 = AXIS2_PLACEMENT_3D ( 'NONE', #495, #5481, #5028 ) ;
#1790 = LINE ( 'NONE', #1818, #2559 ) ;
#1791 = AXIS2_PLACEMENT_3D ( 'NONE', #1081, #3068, #3884 ) ;
#1792 = AXIS2_PLACEMENT_3D ( 'NONE', #6037, #1856, #3712 ) ;
#1793 = ORIENTED_EDGE ( 'NONE', *, *, #1607, .F. ) ;
#1794 = DIRECTION ( 'NONE',  ( -0.000000000000000000, -0.000000000000000000, 1.000000000000000000 ) ) ;
#1795 = DIRECTION ( 'NONE',  ( 1.224646799147353207E-16, 1.000000000000000000, -0.000000000000000000 ) ) ;
#1796 = VECTOR ( 'NONE', #5248, 1000.000000000000000 ) ;
#1797 = EDGE_CURVE ( 'NONE', #2290, #1994, #5371, .T. ) ;
#1798 = LINE ( 'NONE', #1368, #3115 ) ;
#1799 = VECTOR ( 'NONE', #1246, 1000.000000000000000 ) ;
#1800 = ORIENTED_EDGE ( 'NONE', *, *, #1297, .T. ) ;
#1801 = ORIENTED_EDGE ( 'NONE', *, *, #885, .F. ) ;
#1802 = LINE ( 'NONE', #2780, #3203 ) ;
#1803 = DIRECTION ( 'NONE',  ( 0.05233595624294394566, -0.000000000000000000, 0.9986295347545739443 ) ) ;
#1804 = ORIENTED_EDGE ( 'NONE', *, *, #4598, .T. ) ;
#1805 = EDGE_CURVE ( 'NONE', #5573, #497, #865, .T. ) ;
#1806 = ORIENTED_EDGE ( 'NONE', *, *, #5251, .T. ) ;
#1807 = CIRCLE ( 'NONE', #4428, 4.170000000000007034 ) ;
#1808 = EDGE_CURVE ( 'NONE', #4397, #3140, #3220, .T. ) ;
#1809 = DIRECTION ( 'NONE',  ( 1.000000000000000000, 0.000000000000000000, -0.000000000000000000 ) ) ;
#1810 = CARTESIAN_POINT ( 'NONE',  ( 98.00000000000000000, -41.40000000000000568, 26.51000000000000156 ) ) ;
#1811 = AXIS2_PLACEMENT_3D ( 'NONE', #3303, #4792, #5160 ) ;
#1812 = ORIENTED_EDGE ( 'NONE', *, *, #2528, .T. ) ;
#1813 = ORIENTED_EDGE ( 'NONE', *, *, #1398, .F. ) ;
#1814 = FACE_OUTER_BOUND ( 'NONE', #3398, .T. ) ;
#1815 = AXIS2_PLACEMENT_3D ( 'NONE', #396, #4606, #5898 ) ;
#1816 = CARTESIAN_POINT ( 'NONE',  ( 187.5000000000000000, -39.09999999999998721, 28.81000000000000227 ) ) ;
#1817 = ORIENTED_EDGE ( 'NONE', *, *, #1838, .T. ) ;
#1818 = CARTESIAN_POINT ( 'NONE',  ( 184.4000000000000057, 0.000000000000000000, 28.81000000000000227 ) ) ;
#1819 = EDGE_CURVE ( 'NONE', #2807, #5880, #3190, .T. ) ;
#1820 = VECTOR ( 'NONE', #4065, 1000.000000000000000 ) ;
#1821 = VERTEX_POINT ( 'NONE', #3717 ) ;
#1822 = CARTESIAN_POINT ( 'NONE',  ( 0.000000000000000000, -39.09999999999998721, 28.81000000000000227 ) ) ;
#1823 = DIRECTION ( 'NONE',  ( 0.000000000000000000, -1.000000000000000000, 0.000000000000000000 ) ) ;
#1824 = DIRECTION ( 'NONE',  ( -0.000000000000000000, 0.05233595624294395260, 0.9986295347545739443 ) ) ;
#1825 = AXIS2_PLACEMENT_3D ( 'NONE', #5022, #349, #3588 ) ;
#1826 = ORIENTED_EDGE ( 'NONE', *, *, #2937, .T. ) ;
#1827 = ORIENTED_EDGE ( 'NONE', *, *, #2745, .T. ) ;
#1828 = CARTESIAN_POINT ( 'NONE',  ( 103.4000000000000199, -136.0000000000000000, 25.71000000000000441 ) ) ;
#1829 = ADVANCED_FACE ( 'NONE', ( #5558 ), #2293, .T. ) ;
#1830 = CARTESIAN_POINT ( 'NONE',  ( 97.95000000000001705, -137.9999999999999716, 26.51000000000000156 ) ) ;
#1831 = VECTOR ( 'NONE', #2526, 1000.000000000000000 ) ;
#1832 = AXIS2_PLACEMENT_3D ( 'NONE', #4157, #5913, #5563 ) ;
#1833 = ORIENTED_EDGE ( 'NONE', *, *, #3181, .T. ) ;
#1834 = TOROIDAL_SURFACE ( 'NONE', #5243, 5.400000000000004796, 0.4000000000000000222 ) ;
#1835 = VERTEX_POINT ( 'NONE', #948 ) ;
#1836 = CARTESIAN_POINT ( 'NONE',  ( 98.40000000000001990, -132.9000000000000341, 26.51000000000000156 ) ) ;
#1837 = VECTOR ( 'NONE', #4573, 1000.000000000000000 ) ;
#1838 = EDGE_CURVE ( 'NONE', #1894, #2271, #5501, .T. ) ;
#1839 = DIRECTION ( 'NONE',  ( -0.000000000000000000, 0.000000000000000000, 1.000000000000000000 ) ) ;
#1840 = ORIENTED_EDGE ( 'NONE', *, *, #3305, .T. ) ;
#1841 = CIRCLE ( 'NONE', #1934, 3.199999999999994404 ) ;
#1842 = ORIENTED_EDGE ( 'NONE', *, *, #3078, .T. ) ;
#1843 = DIRECTION ( 'NONE',  ( -1.000000000000000000, 0.000000000000000000, 0.000000000000000000 ) ) ;
#1844 = DIRECTION ( 'NONE',  ( 0.000000000000000000, 1.000000000000000000, 0.000000000000000000 ) ) ;
#1845 = VERTEX_POINT ( 'NONE', #401 ) ;
#1846 = FACE_OUTER_BOUND ( 'NONE', #1309, .T. ) ;
#1847 = ORIENTED_EDGE ( 'NONE', *, *, #5564, .F. ) ;
#1848 = EDGE_CURVE ( 'NONE', #4141, #5393, #3751, .T. ) ;
#1849 = PLANE ( 'NONE',  #5737 ) ;
#1850 = CARTESIAN_POINT ( 'NONE',  ( 187.1000000000000227, -36.39999999999999147, 28.81000000000000227 ) ) ;
#1851 = CYLINDRICAL_SURFACE ( 'NONE', #467, 2.299999999999996270 ) ;
#1852 = EDGE_CURVE ( 'NONE', #1212, #4281, #1352, .T. ) ;
#1853 = ORIENTED_EDGE ( 'NONE', *, *, #1437, .F. ) ;
#1854 = ORIENTED_EDGE ( 'NONE', *, *, #3793, .F. ) ;
#1855 = DIRECTION ( 'NONE',  ( 0.000000000000000000, -1.000000000000000000, 0.000000000000000000 ) ) ;
#1856 = DIRECTION ( 'NONE',  ( 0.000000000000000000, 0.000000000000000000, 1.000000000000000000 ) ) ;
#1857 = CARTESIAN_POINT ( 'NONE',  ( 96.25000000000000000, -137.9999999999999716, 31.41000000000000725 ) ) ;
#1858 = EDGE_CURVE ( 'NONE', #4636, #338, #4181, .T. ) ;
#1859 = ORIENTED_EDGE ( 'NONE', *, *, #1398, .T. ) ;
#1860 = FACE_OUTER_BOUND ( 'NONE', #5419, .T. ) ;
#1861 = CARTESIAN_POINT ( 'NONE',  ( 98.00000000000000000, -40.60000000000000853, 26.51000000000000156 ) ) ;
#1862 = LINE ( 'NONE', #1754, #2596 ) ;
#1863 = FACE_BOUND ( 'NONE', #1914, .T. ) ;
#1864 = VERTEX_POINT ( 'NONE', #2735 ) ;
#1865 = ORIENTED_EDGE ( 'NONE', *, *, #3247, .F. ) ;
#1866 = DIRECTION ( 'NONE',  ( -4.614404672545351006E-18, -0.05233595624294395260, 0.9986295347545739443 ) ) ;
#1867 = CARTESIAN_POINT ( 'NONE',  ( 0.000000000000000000, -131.4000000000000057, 26.51000000000000156 ) ) ;
#1868 = VERTEX_POINT ( 'NONE', #427 ) ;
#1869 = ORIENTED_EDGE ( 'NONE', *, *, #3097, .F. ) ;
#1870 = DIRECTION ( 'NONE',  ( -0.000000000000000000, 0.000000000000000000, 1.000000000000000000 ) ) ;
#1871 = CARTESIAN_POINT ( 'NONE',  ( 103.4000000000000057, -36.00000000000000711, 28.81000000000000227 ) ) ;
#1872 = VECTOR ( 'NONE', #5991, 1000.000000000000000 ) ;
#1873 = CARTESIAN_POINT ( 'NONE',  ( 188.2999999999999829, -41.39999999999999147, 28.81000000000000227 ) ) ;
#1874 = CIRCLE ( 'NONE', #1789, 2.258073776573554792 ) ;
#1875 = DIRECTION ( 'NONE',  ( 0.000000000000000000, 0.000000000000000000, 1.000000000000000000 ) ) ;
#1876 = DIRECTION ( 'NONE',  ( -0.000000000000000000, -0.000000000000000000, 1.000000000000000000 ) ) ;
#1877 = AXIS2_PLACEMENT_3D ( 'NONE', #2753, #5960, #5490 ) ;
#1878 = DIRECTION ( 'NONE',  ( -1.000000000000000000, 0.000000000000000000, 0.000000000000000000 ) ) ;
#1879 = VERTEX_POINT ( 'NONE', #2844 ) ;
#1880 = ORIENTED_EDGE ( 'NONE', *, *, #1019, .F. ) ;
#1881 = DIRECTION ( 'NONE',  ( 1.000000000000000000, 0.000000000000000000, 0.000000000000000000 ) ) ;
#1882 = LINE ( 'NONE', #4143, #1008 ) ;
#1883 = CIRCLE ( 'NONE', #5293, 0.7999999999999951594 ) ;
#1884 = EDGE_CURVE ( 'NONE', #5153, #3056, #1198, .T. ) ;
#1885 = TOROIDAL_SURFACE ( 'NONE', #3645, 5.400000000000004796, 0.4000000000000000222 ) ;
#1886 = ORIENTED_EDGE ( 'NONE', *, *, #1805, .T. ) ;
#1887 = ORIENTED_EDGE ( 'NONE', *, *, #5871, .T. ) ;
#1888 = VECTOR ( 'NONE', #5665, 1000.000000000000000 ) ;
#1889 = LINE ( 'NONE', #779, #5010 ) ;
#1890 = LINE ( 'NONE', #1434, #5284 ) ;
#1891 = LINE ( 'NONE', #5711, #5604 ) ;
#1892 = FACE_OUTER_BOUND ( 'NONE', #2778, .T. ) ;
#1893 = ORIENTED_EDGE ( 'NONE', *, *, #4883, .T. ) ;
#1894 = VERTEX_POINT ( 'NONE', #2262 ) ;
#1895 = LINE ( 'NONE', #2825, #4066 ) ;
#1896 = ADVANCED_FACE ( 'NONE', ( #3692 ), #1378, .F. ) ;
#1897 = DIRECTION ( 'NONE',  ( 1.000000000000000000, 0.000000000000000000, 0.000000000000000000 ) ) ;
#1898 = TOROIDAL_SURFACE ( 'NONE', #5307, 3.200000000000004619, 0.4000000000000000222 ) ;
#1899 = ORIENTED_EDGE ( 'NONE', *, *, #804, .F. ) ;
#1900 = CIRCLE ( 'NONE', #5309, 1.700000000000007061 ) ;
#1901 = DIRECTION ( 'NONE',  ( 1.000000000000000000, 0.000000000000000000, -0.000000000000000000 ) ) ;
#1902 = ORIENTED_EDGE ( 'NONE', *, *, #3064, .F. ) ;
#1903 = FACE_OUTER_BOUND ( 'NONE', #5267, .T. ) ;
#1904 = FACE_OUTER_BOUND ( 'NONE', #2047, .T. ) ;
#1905 = CARTESIAN_POINT ( 'NONE',  ( 97.95000000000001705, -137.9999999999999716, 19.61000000000000298 ) ) ;
#1906 = AXIS2_PLACEMENT_3D ( 'NONE', #2804, #4658, #4082 ) ;
#1907 = DIRECTION ( 'NONE',  ( -0.000000000000000000, -0.000000000000000000, -1.000000000000000000 ) ) ;
#1908 = EDGE_CURVE ( 'NONE', #2331, #5228, #5102, .T. ) ;
#1909 = CIRCLE ( 'NONE', #352, 2.741926223426449649 ) ;
#1910 = CARTESIAN_POINT ( 'NONE',  ( 184.4000000000000057, -135.6000000000000512, 28.81000000000000227 ) ) ;
#1911 = LINE ( 'NONE', #12, #1544 ) ;
#1912 = ORIENTED_EDGE ( 'NONE', *, *, #4114, .F. ) ;
#1913 = CIRCLE ( 'NONE', #1133, 6.000000000000005329 ) ;
#1914 = EDGE_LOOP ( 'NONE', ( #5535, #4589 ) ) ;
#1915 = DIRECTION ( 'NONE',  ( -0.000000000000000000, 0.000000000000000000, -1.000000000000000000 ) ) ;
#1916 = CYLINDRICAL_SURFACE ( 'NONE', #2473, 2.299999999999996270 ) ;
#1917 = CARTESIAN_POINT ( 'NONE',  ( 0.000000000000000000, 0.000000000000000000, 0.000000000000000000 ) ) ;
#1918 = LINE ( 'NONE', #977, #3221 ) ;
#1919 = VECTOR ( 'NONE', #1866, 1000.000000000000000 ) ;
#1920 = CARTESIAN_POINT ( 'NONE',  ( 103.4000000000000057, -36.00000000000000711, 26.51000000000000156 ) ) ;
#1921 = CARTESIAN_POINT ( 'NONE',  ( 97.50000000000000000, -29.00000000000000355, 28.81000000000000227 ) ) ;
#1922 = EDGE_CURVE ( 'NONE', #2177, #2792, #1298, .T. ) ;
#1923 = CARTESIAN_POINT ( 'NONE',  ( 103.4000000000000057, -35.20000000000000284, 26.51000000000000156 ) ) ;
#1924 = VECTOR ( 'NONE', #543, 1000.000000000000000 ) ;
#1925 = CARTESIAN_POINT ( 'NONE',  ( 187.5000000000000000, -132.9000000000000057, 26.51000000000000156 ) ) ;
#1926 = CIRCLE ( 'NONE', #659, 6.500000000000005329 ) ;
#1927 = ORIENTED_EDGE ( 'NONE', *, *, #1190, .F. ) ;
#1928 = ADVANCED_FACE ( 'NONE', ( #4638 ), #5965, .F. ) ;
#1929 = ORIENTED_EDGE ( 'NONE', *, *, #4591, .T. ) ;
#1930 = CONICAL_SURFACE ( 'NONE', #4566, 0.7999999999999951594, 0.05235987755983000091 ) ;
#1931 = CARTESIAN_POINT ( 'NONE',  ( 182.1000000000000227, -35.20000000000000995, 26.51000000000000156 ) ) ;
#1932 = DIRECTION ( 'NONE',  ( 0.000000000000000000, 0.000000000000000000, -1.000000000000000000 ) ) ;
#1933 = EDGE_LOOP ( 'NONE', ( #3154, #2868, #4465, #1217 ) ) ;
#1934 = AXIS2_PLACEMENT_3D ( 'NONE', #3465, #572, #1568 ) ;
#1935 = DIRECTION ( 'NONE',  ( 1.000000000000000000, 0.000000000000000000, 0.000000000000000000 ) ) ;
#1936 = EDGE_CURVE ( 'NONE', #1608, #1185, #3636, .T. ) ;
#1937 = VERTEX_POINT ( 'NONE', #2239 ) ;
#1938 = DIRECTION ( 'NONE',  ( -0.000000000000000000, 0.000000000000000000, 1.000000000000000000 ) ) ;
#1939 = DIRECTION ( 'NONE',  ( -1.000000000000000000, 0.000000000000000000, 0.000000000000000000 ) ) ;
#1940 = CARTESIAN_POINT ( 'NONE',  ( 182.1000000000000227, -36.00000000000000711, 26.51000000000000156 ) ) ;
#1941 = CARTESIAN_POINT ( 'NONE',  ( 96.25000000000000000, -137.9999999999999716, 31.41000000000000725 ) ) ;
#1942 = LINE ( 'NONE', #4195, #4241 ) ;
#1943 = CARTESIAN_POINT ( 'NONE',  ( 187.1000000000000227, -135.6000000000000227, 25.71000000000000441 ) ) ;
#1944 = ORIENTED_EDGE ( 'NONE', *, *, #1372, .F. ) ;
#1945 = ORIENTED_EDGE ( 'NONE', *, *, #3328, .F. ) ;
#1946 = FACE_OUTER_BOUND ( 'NONE', #1961, .T. ) ;
#1947 = DIRECTION ( 'NONE',  ( -0.000000000000000000, 0.000000000000000000, 1.000000000000000000 ) ) ;
#1948 = LINE ( 'NONE', #3809, #5920 ) ;
#1949 = DIRECTION ( 'NONE',  ( 0.000000000000000000, -0.000000000000000000, -1.000000000000000000 ) ) ;
#1950 = LINE ( 'NONE', #5184, #118 ) ;
#1951 = EDGE_CURVE ( 'NONE', #5380, #4053, #4208, .T. ) ;
#1952 = DIRECTION ( 'NONE',  ( 0.000000000000000000, 0.000000000000000000, -1.000000000000000000 ) ) ;
#1953 = DIRECTION ( 'NONE',  ( -1.000000000000000000, 0.000000000000000000, 0.000000000000000000 ) ) ;
#1954 = ORIENTED_EDGE ( 'NONE', *, *, #1578, .F. ) ;
#1955 = ORIENTED_EDGE ( 'NONE', *, *, #5179, .F. ) ;
#1956 = CARTESIAN_POINT ( 'NONE',  ( 184.4000000000000057, -135.6000000000000512, 26.51000000000000156 ) ) ;
#1957 = CARTESIAN_POINT ( 'NONE',  ( 187.1000000000000227, -39.14192622342642380, 25.71000000000000441 ) ) ;
#1958 = ORIENTED_EDGE ( 'NONE', *, *, #3959, .F. ) ;
#1959 = EDGE_CURVE ( 'NONE', #4834, #1267, #1890, .T. ) ;
#1960 = FACE_OUTER_BOUND ( 'NONE', #5557, .T. ) ;
#1961 = EDGE_LOOP ( 'NONE', ( #466, #782, #4091, #1386 ) ) ;
#1962 = EDGE_CURVE ( 'NONE', #677, #1645, #145, .T. ) ;
#1963 = CARTESIAN_POINT ( 'NONE',  ( 189.7580737765735535, -130.6000000000000227, 25.71000000000000441 ) ) ;
#1964 = CARTESIAN_POINT ( 'NONE',  ( 189.7999999999999829, 0.000000000000000000, 28.81000000000000227 ) ) ;
#1965 = DIRECTION ( 'NONE',  ( 6.938893903907991995E-14, -1.000000000000000000, -0.000000000000000000 ) ) ;
#1966 = CARTESIAN_POINT ( 'NONE',  ( 187.1000000000000227, -132.9000000000000057, 26.51000000000000156 ) ) ;
#1967 = DIRECTION ( 'NONE',  ( 1.000000000000000000, 0.000000000000000000, 0.000000000000000000 ) ) ;
#1968 = EDGE_CURVE ( 'NONE', #2032, #2034, #4697, .T. ) ;
#1969 = VERTEX_POINT ( 'NONE', #3358 ) ;
#1970 = ORIENTED_EDGE ( 'NONE', *, *, #2010, .F. ) ;
#1971 = DIRECTION ( 'NONE',  ( -1.555805808050947258E-16, 1.000000000000000000, 0.000000000000000000 ) ) ;
#1972 = DIRECTION ( 'NONE',  ( -0.000000000000000000, -0.000000000000000000, -1.000000000000000000 ) ) ;
#1973 = EDGE_CURVE ( 'NONE', #2971, #2277, #4359, .T. ) ;
#1974 = VECTOR ( 'NONE', #5129, 1000.000000000000000 ) ;
#1975 = AXIS2_PLACEMENT_3D ( 'NONE', #3250, #4132, #2247 ) ;
#1976 = DIRECTION ( 'NONE',  ( -1.000000000000000000, 0.000000000000000000, 0.000000000000000000 ) ) ;
#1977 = CIRCLE ( 'NONE', #1690, 0.3999999999999975797 ) ;
#1978 = CARTESIAN_POINT ( 'NONE',  ( 98.00000000000000000, -40.60000000000000142, 28.81000000000000227 ) ) ;
#1979 = DIRECTION ( 'NONE',  ( 0.000000000000000000, -1.000000000000000000, 0.000000000000000000 ) ) ;
#1980 = EDGE_CURVE ( 'NONE', #379, #21, #4790, .T. ) ;
#1981 = LINE ( 'NONE', #4946, #3369 ) ;
#1982 = CIRCLE ( 'NONE', #3353, 0.7999999999999951594 ) ;
#1983 = DIRECTION ( 'NONE',  ( 0.000000000000000000, -1.000000000000000000, 0.000000000000000000 ) ) ;
#1984 = CONICAL_SURFACE ( 'NONE', #2771, 0.7999999999999951594, 0.05235987755983000091 ) ;
#1985 = ORIENTED_EDGE ( 'NONE', *, *, #2858, .F. ) ;
#1986 = EDGE_CURVE ( 'NONE', #685, #1481, #1950, .T. ) ;
#1987 = EDGE_LOOP ( 'NONE', ( #2312, #1813, #5948, #2150 ) ) ;
#1988 = CARTESIAN_POINT ( 'NONE',  ( 187.1000000000000227, -39.09999999999999432, 26.51000000000000156 ) ) ;
#1989 = CARTESIAN_POINT ( 'NONE',  ( 186.5000000000000000, -43.00000000000000000, 28.01000000000000512 ) ) ;
#1990 = VERTEX_POINT ( 'NONE', #3813 ) ;
#1991 = ADVANCED_FACE ( 'NONE', ( #606 ), #4237, .F. ) ;
#1992 = DIRECTION ( 'NONE',  ( -0.000000000000000000, -0.000000000000000000, -1.000000000000000000 ) ) ;
#1993 = EDGE_CURVE ( 'NONE', #1762, #3063, #1010, .T. ) ;
#1994 = VERTEX_POINT ( 'NONE', #2472 ) ;
#1995 = CARTESIAN_POINT ( 'NONE',  ( 0.000000000000000000, -132.9000000000000057, 28.81000000000000227 ) ) ;
#1996 = CARTESIAN_POINT ( 'NONE',  ( 0.000000000000000000, -134.7700000000000671, 26.51000000000000156 ) ) ;
#1997 = AXIS2_PLACEMENT_3D ( 'NONE', #4451, #3021, #2044 ) ;
#1998 = DIRECTION ( 'NONE',  ( 1.000000000000000000, 0.000000000000000000, 0.000000000000000000 ) ) ;
#1999 = CARTESIAN_POINT ( 'NONE',  ( 0.000000000000000000, -131.4000000000000341, 28.81000000000000227 ) ) ;
#2000 = EDGE_CURVE ( 'NONE', #5748, #672, #4326, .T. ) ;
#2001 = CARTESIAN_POINT ( 'NONE',  ( 93.45000000000000284, -137.9999999999999716, 29.61000000000000298 ) ) ;
#2002 = VERTEX_POINT ( 'NONE', #518 ) ;
#2003 = ORIENTED_EDGE ( 'NONE', *, *, #5648, .F. ) ;
#2004 = LINE ( 'NONE', #1483, #4357 ) ;
#2005 = EDGE_CURVE ( 'NONE', #5193, #6034, #1095, .T. ) ;
#2006 = LINE ( 'NONE', #3412, #4710 ) ;
#2007 = LINE ( 'NONE', #1005, #3282 ) ;
#2008 = AXIS2_PLACEMENT_3D ( 'NONE', #5401, #1098, #4948 ) ;
#2009 = VECTOR ( 'NONE', #4446, 1000.000000000000000 ) ;
#2010 = EDGE_CURVE ( 'NONE', #2246, #4037, #1491, .T. ) ;
#2011 = CARTESIAN_POINT ( 'NONE',  ( 91.00000000000000000, 1.107788325009750426E-14, 28.81000000000000227 ) ) ;
#2012 = CARTESIAN_POINT ( 'NONE',  ( 99.57754055784512559, -40.43155035124576813, 28.41000000000000369 ) ) ;
#2013 = CARTESIAN_POINT ( 'NONE',  ( 103.4000000000000057, -33.74192622342643233, 25.71000000000000441 ) ) ;
#2014 = LINE ( 'NONE', #5770, #2898 ) ;
#2015 = CIRCLE ( 'NONE', #2717, 2.299999999999996270 ) ;
#2016 = ORIENTED_EDGE ( 'NONE', *, *, #3277, .F. ) ;
#2017 = EDGE_LOOP ( 'NONE', ( #4615, #2576, #5752, #4021 ) ) ;
#2018 = CARTESIAN_POINT ( 'NONE',  ( 102.4315503512457610, -37.57754055784513980, 28.81000000000000227 ) ) ;
#2019 = DIRECTION ( 'NONE',  ( -0.000000000000000000, -0.000000000000000000, -1.000000000000000000 ) ) ;
#2020 = CIRCLE ( 'NONE', #4747, 2.741926223426449649 ) ;
#2021 = ORIENTED_EDGE ( 'NONE', *, *, #636, .T. ) ;
#2022 = VECTOR ( 'NONE', #1729, 1000.000000000000000 ) ;
#2023 = CARTESIAN_POINT ( 'NONE',  ( 192.0500000000000114, -33.99999999999997868, 31.41000000000000725 ) ) ;
#2024 = VECTOR ( 'NONE', #3953, 1000.000000000000000 ) ;
#2025 = ORIENTED_EDGE ( 'NONE', *, *, #178, .T. ) ;
#2026 = DIRECTION ( 'NONE',  ( -0.05233595624294395260, 0.000000000000000000, -0.9986295347545739443 ) ) ;
#2027 = AXIS2_PLACEMENT_3D ( 'NONE', #3098, #2637, #4956 ) ;
#2028 = DIRECTION ( 'NONE',  ( -0.000000000000000000, -0.000000000000000000, -1.000000000000000000 ) ) ;
#2029 = AXIS2_PLACEMENT_3D ( 'NONE', #3258, #4599, #2775 ) ;
#2030 = DIRECTION ( 'NONE',  ( 0.000000000000000000, 0.000000000000000000, 1.000000000000000000 ) ) ;
#2031 = DIRECTION ( 'NONE',  ( -0.000000000000000000, -0.000000000000000000, 1.000000000000000000 ) ) ;
#2032 = VERTEX_POINT ( 'NONE', #2043 ) ;
#2033 = EDGE_CURVE ( 'NONE', #3056, #1062, #1070, .T. ) ;
#2034 = VERTEX_POINT ( 'NONE', #1463 ) ;
#2035 = AXIS2_PLACEMENT_3D ( 'NONE', #625, #5667, #1967 ) ;
#2036 = EDGE_CURVE ( 'NONE', #3649, #1894, #3786, .T. ) ;
#2037 = DIRECTION ( 'NONE',  ( -1.000000000000000000, 0.000000000000000000, 0.000000000000000000 ) ) ;
#2038 = DIRECTION ( 'NONE',  ( 0.000000000000000000, 0.000000000000000000, 1.000000000000000000 ) ) ;
#2039 = FACE_OUTER_BOUND ( 'NONE', #3520, .T. ) ;
#2040 = EDGE_CURVE ( 'NONE', #119, #3740, #2174, .T. ) ;
#2041 = EDGE_CURVE ( 'NONE', #771, #1226, #2906, .T. ) ;
#2042 = FACE_OUTER_BOUND ( 'NONE', #1633, .T. ) ;
#2043 = CARTESIAN_POINT ( 'NONE',  ( 97.94999999999998863, -33.99999999999997868, 29.61000000000000298 ) ) ;
#2044 = DIRECTION ( 'NONE',  ( 0.000000000000000000, 0.000000000000000000, -1.000000000000000000 ) ) ;
#2045 = CARTESIAN_POINT ( 'NONE',  ( 194.5000000000000000, -35.50000000000000711, 26.51000000000000156 ) ) ;
#2046 = ORIENTED_EDGE ( 'NONE', *, *, #2828, .T. ) ;
#2047 = EDGE_LOOP ( 'NONE', ( #4499, #1783, #4116, #734 ) ) ;
#2048 = CARTESIAN_POINT ( 'NONE',  ( 189.2500000000000000, -33.99999999999997868, 31.81000000000000583 ) ) ;
#2049 = LINE ( 'NONE', #1229, #5998 ) ;
#2050 = DIRECTION ( 'NONE',  ( 0.000000000000000000, 0.000000000000000000, 1.000000000000000000 ) ) ;
#2051 = ORIENTED_EDGE ( 'NONE', *, *, #5213, .T. ) ;
#2052 = DIRECTION ( 'NONE',  ( 0.000000000000000000, 0.05233595624294395260, -0.9986295347545739443 ) ) ;
#2053 = ORIENTED_EDGE ( 'NONE', *, *, #4648, .F. ) ;
#2054 = CARTESIAN_POINT ( 'NONE',  ( 182.1000000000000512, -138.3000000000000114, 26.51000000000000156 ) ) ;
#2055 = SURFACE_STYLE_FILL_AREA ( #1146 ) ;
#2056 = CARTESIAN_POINT ( 'NONE',  ( 95.70000000000000284, -41.40000000000000568, 28.81000000000000227 ) ) ;
#2057 = ADVANCED_FACE ( 'NONE', ( #1520 ), #5249, .T. ) ;
#2058 = EDGE_CURVE ( 'NONE', #4052, #497, #5273, .T. ) ;
#2059 = FACE_OUTER_BOUND ( 'NONE', #3833, .T. ) ;
#2060 = DIRECTION ( 'NONE',  ( -0.000000000000000000, -0.000000000000000000, -1.000000000000000000 ) ) ;
#2061 = ORIENTED_EDGE ( 'NONE', *, *, #852, .T. ) ;
#2062 = EDGE_CURVE ( 'NONE', #2662, #3981, #4819, .T. ) ;
#2063 = LINE ( 'NONE', #1181, #5638 ) ;
#2064 = CARTESIAN_POINT ( 'NONE',  ( 189.2500000000000000, -33.99999999999997868, 29.61000000000000298 ) ) ;
#2065 = CARTESIAN_POINT ( 'NONE',  ( 95.70000000000001705, -130.6000000000000512, 26.51000000000000156 ) ) ;
#2066 = ORIENTED_EDGE ( 'NONE', *, *, #5047, .T. ) ;
#2067 = DIRECTION ( 'NONE',  ( -0.000000000000000000, 0.000000000000000000, 1.000000000000000000 ) ) ;
#2068 = LINE ( 'NONE', #3570, #316 ) ;
#2069 = VECTOR ( 'NONE', #5768, 1000.000000000000000 ) ;
#2070 = AXIS2_PLACEMENT_3D ( 'NONE', #5087, #2335, #5 ) ;
#2071 = CARTESIAN_POINT ( 'NONE',  ( 187.1000000000000227, -36.39999999999999147, 25.71000000000000441 ) ) ;
#2072 = ORIENTED_EDGE ( 'NONE', *, *, #1951, .F. ) ;
#2073 = CARTESIAN_POINT ( 'NONE',  ( 185.5000000000000000, -129.0000000000000000, 30.61000000000000654 ) ) ;
#2074 = EDGE_CURVE ( 'NONE', #3108, #3216, #4310, .T. ) ;
#2075 = AXIS2_PLACEMENT_3D ( 'NONE', #2048, #1450, #2833 ) ;
#2076 = VECTOR ( 'NONE', #5462, 1000.000000000000000 ) ;
#2077 = ORIENTED_EDGE ( 'NONE', *, *, #5493, .F. ) ;
#2078 = VERTEX_POINT ( 'NONE', #5335 ) ;
#2079 = FACE_OUTER_BOUND ( 'NONE', #2344, .T. ) ;
#2080 = CARTESIAN_POINT ( 'NONE',  ( 182.9419262234264352, -135.6000000000000512, 25.71000000000000441 ) ) ;
#2081 = CARTESIAN_POINT ( 'NONE',  ( 96.25000000000000000, -33.99999999999997868, 31.41000000000000725 ) ) ;
#2082 = VECTOR ( 'NONE', #605, 1000.000000000000000 ) ;
#2083 = ORIENTED_EDGE ( 'NONE', *, *, #4970, .T. ) ;
#2084 = CIRCLE ( 'NONE', #125, 4.170000000000007034 ) ;
#2085 = ORIENTED_EDGE ( 'NONE', *, *, #2624, .F. ) ;
#2086 = EDGE_CURVE ( 'NONE', #4585, #4518, #694, .T. ) ;
#2087 = CARTESIAN_POINT ( 'NONE',  ( 182.1000000000000227, -35.20000000000000284, 28.81000000000000227 ) ) ;
#2088 = CYLINDRICAL_SURFACE ( 'NONE', #264, 6.500000000000005329 ) ;
#2089 = VERTEX_POINT ( 'NONE', #3962 ) ;
#2090 = DIRECTION ( 'NONE',  ( 1.000000000000000000, 0.000000000000000000, 0.000000000000000000 ) ) ;
#2091 = CARTESIAN_POINT ( 'NONE',  ( 188.0000000000000000, -142.5999999999999943, 31.81000000000000583 ) ) ;
#2092 = EDGE_LOOP ( 'NONE', ( #2656, #2718, #2455, #2100 ) ) ;
#2093 = VECTOR ( 'NONE', #2337, 1000.000000000000000 ) ;
#2094 = EDGE_CURVE ( 'NONE', #1267, #587, #2068, .T. ) ;
#2095 = LINE ( 'NONE', #3530, #2024 ) ;
#2096 = DIRECTION ( 'NONE',  ( -0.000000000000000000, 0.000000000000000000, 1.000000000000000000 ) ) ;
#2097 = EDGE_CURVE ( 'NONE', #1556, #1835, #1253, .T. ) ;
#2098 = CARTESIAN_POINT ( 'NONE',  ( 188.0000000000000000, -136.5000000000000000, 28.81000000000000227 ) ) ;
#2099 = VECTOR ( 'NONE', #1772, 1000.000000000000000 ) ;
#2100 = ORIENTED_EDGE ( 'NONE', *, *, #6022, .T. ) ;
#2101 = CARTESIAN_POINT ( 'NONE',  ( 182.9000000000000057, -36.39999999999999147, 28.81000000000000227 ) ) ;
#2102 = CYLINDRICAL_SURFACE ( 'NONE', #4122, 4.200000000000009059 ) ;
#2103 = AXIS2_PLACEMENT_3D ( 'NONE', #3289, #2863, #1028 ) ;
#2104 = AXIS2_PLACEMENT_3D ( 'NONE', #951, #2449, #1953 ) ;
#2105 = FACE_OUTER_BOUND ( 'NONE', #1933, .T. ) ;
#2106 = EDGE_LOOP ( 'NONE', ( #422, #4075, #5189, #600 ) ) ;
#2107 = CARTESIAN_POINT ( 'NONE',  ( 187.5000000000000000, -132.8580737765735762, 25.71000000000000441 ) ) ;
#2108 = AXIS2_PLACEMENT_3D ( 'NONE', #3339, #1870, #498 ) ;
#2109 = ORIENTED_EDGE ( 'NONE', *, *, #3783, .F. ) ;
#2110 = CIRCLE ( 'NONE', #5523, 6.500000000000005329 ) ;
#2111 = ORIENTED_EDGE ( 'NONE', *, *, #5682, .F. ) ;
#2112 = FACE_OUTER_BOUND ( 'NONE', #1201, .T. ) ;
#2113 = DIRECTION ( 'NONE',  ( -0.000000000000000000, 0.000000000000000000, 1.000000000000000000 ) ) ;
#2114 = CYLINDRICAL_SURFACE ( 'NONE', #2817, 6.500000000000005329 ) ;
#2115 = ORIENTED_EDGE ( 'NONE', *, *, #1427, .T. ) ;
#2116 = AXIS2_PLACEMENT_3D ( 'NONE', #492, #1527, #4827 ) ;
#2117 = EDGE_CURVE ( 'NONE', #3454, #791, #1686, .T. ) ;
#2118 = ORIENTED_EDGE ( 'NONE', *, *, #2888, .F. ) ;
#2119 = DIRECTION ( 'NONE',  ( -0.000000000000000000, -0.000000000000000000, 1.000000000000000000 ) ) ;
#2120 = AXIS2_PLACEMENT_3D ( 'NONE', #2752, #2840, #2256 ) ;
#2121 = VERTEX_POINT ( 'NONE', #2531 ) ;
#2122 =( LENGTH_UNIT ( ) NAMED_UNIT ( * ) SI_UNIT ( .MILLI., .METRE. ) );
#2123 = DIRECTION ( 'NONE',  ( 0.000000000000000000, 0.000000000000000000, -1.000000000000000000 ) ) ;
#2124 = ORIENTED_EDGE ( 'NONE', *, *, #981, .T. ) ;
#2125 = EDGE_CURVE ( 'NONE', #4585, #21, #793, .T. ) ;
#2126 = LINE ( 'NONE', #1666, #3459 ) ;
#2127 = CIRCLE ( 'NONE', #957, 4.170000000000007034 ) ;
#2128 = CARTESIAN_POINT ( 'NONE',  ( 104.9999999999999858, -36.99999999999999289, 28.81000000000000227 ) ) ;
#2129 = AXIS2_PLACEMENT_3D ( 'NONE', #2081, #2967, #5258 ) ;
#2130 = ORIENTED_EDGE ( 'NONE', *, *, #888, .F. ) ;
#2131 = AXIS2_PLACEMENT_3D ( 'NONE', #1215, #5796, #1604 ) ;
#2132 = DIRECTION ( 'NONE',  ( -1.000000000000000000, 0.000000000000000000, 0.000000000000000000 ) ) ;
#2133 = FACE_OUTER_BOUND ( 'NONE', #259, .T. ) ;
#2134 = CIRCLE ( 'NONE', #5835, 0.3999999999999975797 ) ;
#2135 = DIRECTION ( 'NONE',  ( -0.000000000000000000, 0.000000000000000000, 1.000000000000000000 ) ) ;
#2136 = AXIS2_PLACEMENT_3D ( 'NONE', #1748, #1878, #337 ) ;
#2137 = ORIENTED_EDGE ( 'NONE', *, *, #4175, .F. ) ;
#2138 = LINE ( 'NONE', #2195, #718 ) ;
#2139 = CARTESIAN_POINT ( 'NONE',  ( 187.1000000000000227, -39.09999999999998721, 26.51000000000000156 ) ) ;
#2140 = LINE ( 'NONE', #730, #4236 ) ;
#2141 = ORIENTED_EDGE ( 'NONE', *, *, #1785, .F. ) ;
#2142 = DIRECTION ( 'NONE',  ( 0.000000000000000000, 0.000000000000000000, -1.000000000000000000 ) ) ;
#2143 = EDGE_LOOP ( 'NONE', ( #5308, #3197 ) ) ;
#2144 = EDGE_LOOP ( 'NONE', ( #3702, #3036, #277, #2359 ) ) ;
#2145 = LINE ( 'NONE', #1168, #4243 ) ;
#2146 = CARTESIAN_POINT ( 'NONE',  ( 182.1000000000000512, -140.1700000000000159, 26.51000000000000156 ) ) ;
#2147 = ADVANCED_FACE ( 'NONE', ( #203 ), #3537, .F. ) ;
#2148 = LINE ( 'NONE', #3905, #3113 ) ;
#2149 = ORIENTED_EDGE ( 'NONE', *, *, #506, .F. ) ;
#2150 = ORIENTED_EDGE ( 'NONE', *, *, #3752, .F. ) ;
#2151 = FACE_OUTER_BOUND ( 'NONE', #5011, .T. ) ;
#2152 = DIRECTION ( 'NONE',  ( 1.555805808050947258E-16, -1.000000000000000000, 0.000000000000000000 ) ) ;
#2153 = EDGE_CURVE ( 'NONE', #3241, #5163, #2989, .T. ) ;
#2154 = DIRECTION ( 'NONE',  ( 0.000000000000000000, -1.000000000000000000, 0.000000000000000000 ) ) ;
#2155 = ORIENTED_EDGE ( 'NONE', *, *, #2444, .T. ) ;
#2156 = CARTESIAN_POINT ( 'NONE',  ( 98.00000000000001421, -131.4419262234264920, 25.71000000000000441 ) ) ;
#2157 = EDGE_LOOP ( 'NONE', ( #4667, #199, #2334, #3487 ) ) ;
#2158 = DIRECTION ( 'NONE',  ( 0.000000000000000000, -1.000000000000000000, 0.000000000000000000 ) ) ;
#2159 = FACE_OUTER_BOUND ( 'NONE', #3513, .T. ) ;
#2160 = CARTESIAN_POINT ( 'NONE',  ( 186.2699999999906026, 1.292507767480697325E-11, 28.81000000000000227 ) ) ;
#2161 = EDGE_LOOP ( 'NONE', ( #4492, #4215, #1752, #5669 ) ) ;
#2162 = CARTESIAN_POINT ( 'NONE',  ( 186.4500000000000171, -137.9999999999999716, 29.61000000000000298 ) ) ;
#2163 = ADVANCED_FACE ( 'NONE', ( #3048 ), #2102, .T. ) ;
#2164 = DIRECTION ( 'NONE',  ( 0.000000000000000000, 1.000000000000000000, -0.000000000000000000 ) ) ;
#2165 = DIRECTION ( 'NONE',  ( 1.000000000000000000, 0.000000000000000000, 0.000000000000000000 ) ) ;
#2166 = ORIENTED_EDGE ( 'NONE', *, *, #2830, .F. ) ;
#2167 = CARTESIAN_POINT ( 'NONE',  ( 189.2500000000000000, -33.99999999999997868, 29.61000000000000298 ) ) ;
#2168 = VERTEX_POINT ( 'NONE', #5799 ) ;
#2169 = AXIS2_PLACEMENT_3D ( 'NONE', #930, #3701, #5114 ) ;
#2170 = VERTEX_POINT ( 'NONE', #728 ) ;
#2171 = DIRECTION ( 'NONE',  ( 1.000000000000000000, 1.555805808050947258E-16, -0.000000000000000000 ) ) ;
#2172 = DIRECTION ( 'NONE',  ( 0.000000000000000000, -0.000000000000000000, 1.000000000000000000 ) ) ;
#2173 = EDGE_CURVE ( 'NONE', #1821, #1608, #5492, .T. ) ;
#2174 = CIRCLE ( 'NONE', #1003, 0.4000000000000010214 ) ;
#2175 = ADVANCED_FACE ( 'NONE', ( #3087 ), #269, .F. ) ;
#2176 = VERTEX_POINT ( 'NONE', #667 ) ;
#2177 = VERTEX_POINT ( 'NONE', #4025 ) ;
#2178 = DIRECTION ( 'NONE',  ( 1.217349807703022362E-16, -1.000000000000000000, 0.000000000000000000 ) ) ;
#2179 = ORIENTED_EDGE ( 'NONE', *, *, #2754, .T. ) ;
#2180 = ORIENTED_EDGE ( 'NONE', *, *, #3996, .T. ) ;
#2181 = DIRECTION ( 'NONE',  ( -0.000000000000000000, -0.000000000000000000, -1.000000000000000000 ) ) ;
#2182 = CARTESIAN_POINT ( 'NONE',  ( 103.4000000000000057, -36.00000000000000711, 25.71000000000000441 ) ) ;
#2183 = AXIS2_PLACEMENT_3D ( 'NONE', #5546, #1275, #5034 ) ;
#2184 = VERTEX_POINT ( 'NONE', #4512 ) ;
#2185 = LINE ( 'NONE', #2091, #4471 ) ;
#2186 = AXIS2_PLACEMENT_3D ( 'NONE', #5264, #1875, #2861 ) ;
#2187 = VERTEX_POINT ( 'NONE', #1647 ) ;
#2188 = LINE ( 'NONE', #5327, #2608 ) ;
#2189 = DIRECTION ( 'NONE',  ( -1.000000000000000000, -6.938893903907993257E-14, 0.000000000000000000 ) ) ;
#2190 = EDGE_CURVE ( 'NONE', #2121, #1845, #2668, .T. ) ;
#2191 = CARTESIAN_POINT ( 'NONE',  ( 184.4000000000000341, -136.0000000000000000, 26.51000000000000156 ) ) ;
#2192 = ORIENTED_EDGE ( 'NONE', *, *, #4409, .F. ) ;
#2193 = EDGE_LOOP ( 'NONE', ( #5428, #5828, #3371, #4140 ) ) ;
#2194 = EDGE_CURVE ( 'NONE', #5108, #363, #5365, .T. ) ;
#2195 = CARTESIAN_POINT ( 'NONE',  ( 185.5000000000000000, -129.0000000000000000, 30.61000000000000654 ) ) ;
#2196 = AXIS2_PLACEMENT_3D ( 'NONE', #4436, #5820, #5355 ) ;
#2197 = DIRECTION ( 'NONE',  ( -0.000000000000000000, 0.000000000000000000, -1.000000000000000000 ) ) ;
#2198 = AXIS2_PLACEMENT_3D ( 'NONE', #1923, #4206, #2821 ) ;
#2199 = CARTESIAN_POINT ( 'NONE',  ( 103.4000000000000057, -33.74192622342643233, 25.71000000000000441 ) ) ;
#2200 = VERTEX_POINT ( 'NONE', #1611 ) ;
#2201 = DIRECTION ( 'NONE',  ( -1.000000000000000000, 0.000000000000000000, 0.000000000000000000 ) ) ;
#2202 = EDGE_LOOP ( 'NONE', ( #5525, #6013, #4782, #3556 ) ) ;
#2203 = AXIS2_PLACEMENT_3D ( 'NONE', #3184, #421, #4581 ) ;
#2204 = AXIS2_PLACEMENT_3D ( 'NONE', #2367, #570, #4225 ) ;
#2205 = ORIENTED_EDGE ( 'NONE', *, *, #178, .F. ) ;
#2206 = LINE ( 'NONE', #3546, #5979 ) ;
#2207 = VECTOR ( 'NONE', #489, 1000.000000000000000 ) ;
#2208 = LINE ( 'NONE', #4613, #1820 ) ;
#2209 = CIRCLE ( 'NONE', #1506, 0.7999999999999951594 ) ;
#2210 = AXIS2_PLACEMENT_3D ( 'NONE', #1224, #275, #148 ) ;
#2211 = VECTOR ( 'NONE', #1573, 1000.000000000000000 ) ;
#2212 = VERTEX_POINT ( 'NONE', #4387 ) ;
#2213 = CARTESIAN_POINT ( 'NONE',  ( 91.40000000000000568, -136.5000000000000000, 31.41000000000000725 ) ) ;
#2214 = EDGE_LOOP ( 'NONE', ( #2618, #4975, #4009, #290 ) ) ;
#2215 = ORIENTED_EDGE ( 'NONE', *, *, #3302, .F. ) ;
#2216 = FACE_OUTER_BOUND ( 'NONE', #4307, .T. ) ;
#2217 = CARTESIAN_POINT ( 'NONE',  ( 187.5000000000000000, -40.59999999999998721, 28.81000000000000227 ) ) ;
#2218 = ORIENTED_EDGE ( 'NONE', *, *, #3608, .T. ) ;
#2219 = CARTESIAN_POINT ( 'NONE',  ( 187.1000000000000227, -135.6000000000000227, 26.51000000000000156 ) ) ;
#2220 = ORIENTED_EDGE ( 'NONE', *, *, #1653, .T. ) ;
#2221 = FACE_OUTER_BOUND ( 'NONE', #4825, .T. ) ;
#2222 = DIRECTION ( 'NONE',  ( -1.000000000000000000, 0.000000000000000000, 0.000000000000000000 ) ) ;
#2223 = EDGE_CURVE ( 'NONE', #1200, #1481, #23, .T. ) ;
#2224 = AXIS2_PLACEMENT_3D ( 'NONE', #4264, #5298, #85 ) ;
#2225 = CARTESIAN_POINT ( 'NONE',  ( 185.9224594421548318, -40.43155035124573260, 28.81000000000000227 ) ) ;
#2226 = VECTOR ( 'NONE', #2521, 1000.000000000000000 ) ;
#2227 = ADVANCED_FACE ( 'NONE', ( #301 ), #5896, .T. ) ;
#2228 = ORIENTED_EDGE ( 'NONE', *, *, #3260, .T. ) ;
#2229 = ADVANCED_FACE ( 'NONE', ( #4056 ), #5928, .F. ) ;
#2230 = ORIENTED_EDGE ( 'NONE', *, *, #5493, .T. ) ;
#2231 = DIRECTION ( 'NONE',  ( 0.000000000000000000, 0.000000000000000000, 1.000000000000000000 ) ) ;
#2232 = FACE_OUTER_BOUND ( 'NONE', #4982, .T. ) ;
#2233 = ADVANCED_FACE ( 'NONE', ( #2232 ), #5553, .F. ) ;
#2234 = CARTESIAN_POINT ( 'NONE',  ( 182.1000000000000512, -136.0000000000000000, 28.81000000000000227 ) ) ;
#2235 = ORIENTED_EDGE ( 'NONE', *, *, #654, .F. ) ;
#2236 = FACE_OUTER_BOUND ( 'NONE', #1233, .T. ) ;
#2237 = ORIENTED_EDGE ( 'NONE', *, *, #133, .T. ) ;
#2238 = VERTEX_POINT ( 'NONE', #4086 ) ;
#2239 = CARTESIAN_POINT ( 'NONE',  ( 180.5000000000000000, -135.0000000000000000, 28.81000000000000227 ) ) ;
#2240 = DIRECTION ( 'NONE',  ( 0.000000000000000000, 0.000000000000000000, -1.000000000000000000 ) ) ;
#2241 = VERTEX_POINT ( 'NONE', #1830 ) ;
#2242 = ORIENTED_EDGE ( 'NONE', *, *, #5079, .F. ) ;
#2243 = VERTEX_POINT ( 'NONE', #3743 ) ;
#2244 = DIRECTION ( 'NONE',  ( -1.000000000000000000, 0.000000000000000000, 0.000000000000000000 ) ) ;
#2245 = PLANE ( 'NONE',  #5533 ) ;
#2246 = VERTEX_POINT ( 'NONE', #4111 ) ;
#2247 = DIRECTION ( 'NONE',  ( 1.000000000000000000, 0.000000000000000000, 0.000000000000000000 ) ) ;
#2248 = ORIENTED_EDGE ( 'NONE', *, *, #1559, .T. ) ;
#2249 = LINE ( 'NONE', #2747, #4855 ) ;
#2250 = DIRECTION ( 'NONE',  ( 1.000000000000000000, 0.000000000000000000, 0.000000000000000000 ) ) ;
#2251 = ADVANCED_FACE ( 'NONE', ( #3214 ), #5096, .F. ) ;
#2252 = CARTESIAN_POINT ( 'NONE',  ( 102.6000000000000227, 0.000000000000000000, 28.81000000000000227 ) ) ;
#2253 = EDGE_CURVE ( 'NONE', #2200, #5459, #1882, .T. ) ;
#2254 = EDGE_LOOP ( 'NONE', ( #940, #590, #5085, #999 ) ) ;
#2255 = VERTEX_POINT ( 'NONE', #5985 ) ;
#2256 = DIRECTION ( 'NONE',  ( -1.000000000000000000, 0.000000000000000000, 0.000000000000000000 ) ) ;
#2257 = CARTESIAN_POINT ( 'NONE',  ( 98.40000000000000568, -40.60000000000000142, 28.81000000000000227 ) ) ;
#2258 = DIRECTION ( 'NONE',  ( -1.000000000000000000, 0.000000000000000000, 0.000000000000000000 ) ) ;
#2259 = ORIENTED_EDGE ( 'NONE', *, *, #4152, .T. ) ;
#2260 = CARTESIAN_POINT ( 'NONE',  ( 102.4315503512457752, -134.4224594421548886, 28.01000000000000512 ) ) ;
#2261 = VERTEX_POINT ( 'NONE', #3687 ) ;
#2262 = CARTESIAN_POINT ( 'NONE',  ( 98.99999999999995737, -129.0000000000000000, 28.81000000000000227 ) ) ;
#2263 = ADVANCED_FACE ( 'NONE', ( #3630 ), #4214, .T. ) ;
#2264 = CARTESIAN_POINT ( 'NONE',  ( 99.23000000000000398, -36.39999999999999858, 28.81000000000000227 ) ) ;
#2265 = ADVANCED_BREP_SHAPE_REPRESENTATION ( '\X2\4e0a58f3\X0\', ( #4936, #3564 ), #1610 ) ;
#2266 = ORIENTED_EDGE ( 'NONE', *, *, #4624, .T. ) ;
#2267 = VERTEX_POINT ( 'NONE', #856 ) ;
#2268 = CARTESIAN_POINT ( 'NONE',  ( 187.5499999999999829, -33.99999999999997868, 19.61000000000000298 ) ) ;
#2269 = LINE ( 'NONE', #1816, #5634 ) ;
#2270 = VECTOR ( 'NONE', #115, 1000.000000000000000 ) ;
#2271 = VERTEX_POINT ( 'NONE', #18 ) ;
#2272 = CIRCLE ( 'NONE', #5680, 2.700000000000008171 ) ;
#2273 = DIRECTION ( 'NONE',  ( 1.000000000000000000, 0.000000000000000000, 0.000000000000000000 ) ) ;
#2274 = EDGE_CURVE ( 'NONE', #2763, #3883, #419, .T. ) ;
#2275 = VECTOR ( 'NONE', #947, 1000.000000000000000 ) ;
#2276 = CIRCLE ( 'NONE', #5289, 2.299999999999996270 ) ;
#2277 = VERTEX_POINT ( 'NONE', #2288 ) ;
#2278 = DIRECTION ( 'NONE',  ( -0.05233595624294395260, 0.000000000000000000, 0.9986295347545739443 ) ) ;
#2279 = DIRECTION ( 'NONE',  ( 1.000000000000000000, 0.000000000000000000, 0.000000000000000000 ) ) ;
#2280 = AXIS2_PLACEMENT_3D ( 'NONE', #1068, #2931, #4789 ) ;
#2281 = PLANE ( 'NONE',  #1906 ) ;
#2282 = CIRCLE ( 'NONE', #3733, 0.8299999999999974065 ) ;
#2283 = ORIENTED_EDGE ( 'NONE', *, *, #3172, .F. ) ;
#2284 = EDGE_CURVE ( 'NONE', #2176, #2297, #1312, .T. ) ;
#2285 = EDGE_LOOP ( 'NONE', ( #1289, #1707, #2451, #1806 ) ) ;
#2286 = CARTESIAN_POINT ( 'NONE',  ( 103.4000000000000057, -31.83000000000000540, 28.81000000000000227 ) ) ;
#2287 = EDGE_CURVE ( 'NONE', #351, #4084, #2315, .T. ) ;
#2288 = CARTESIAN_POINT ( 'NONE',  ( 186.2700000000000102, -135.5999999999999943, 26.51000000000000156 ) ) ;
#2289 = CARTESIAN_POINT ( 'NONE',  ( 96.25000000000000000, -33.99999999999997868, 26.51000000000000156 ) ) ;
#2290 = VERTEX_POINT ( 'NONE', #447 ) ;
#2291 = ORIENTED_EDGE ( 'NONE', *, *, #1019, .T. ) ;
#2292 = CONICAL_SURFACE ( 'NONE', #4248, 2.299999999999996270, 0.05235987755983000091 ) ;
#2293 = PLANE ( 'NONE',  #2954 ) ;
#2294 = FACE_OUTER_BOUND ( 'NONE', #5374, .T. ) ;
#2295 = CONICAL_SURFACE ( 'NONE', #343, 4.200000000000009059, 0.05235987755983000091 ) ;
#2296 = ADVANCED_FACE ( 'NONE', ( #3182 ), #5124, .T. ) ;
#2297 = VERTEX_POINT ( 'NONE', #823 ) ;
#2298 = VERTEX_POINT ( 'NONE', #4604 ) ;
#2299 = CARTESIAN_POINT ( 'NONE',  ( 182.9000000000000341, -136.0000000000000000, 26.51000000000000156 ) ) ;
#2300 = AXIS2_PLACEMENT_3D ( 'NONE', #5961, #1712, #2258 ) ;
#2301 = CARTESIAN_POINT ( 'NONE',  ( 0.000000000000000000, -132.9000000000000341, 28.81000000000000227 ) ) ;
#2302 = ORIENTED_EDGE ( 'NONE', *, *, #879, .F. ) ;
#2303 = EDGE_CURVE ( 'NONE', #3224, #207, #6010, .T. ) ;
#2304 = AXIS2_PLACEMENT_3D ( 'NONE', #1580, #732, #5341 ) ;
#2305 = CARTESIAN_POINT ( 'NONE',  ( 187.5000000000000000, -40.59999999999999432, 26.51000000000000156 ) ) ;
#2306 = ORIENTED_EDGE ( 'NONE', *, *, #4648, .T. ) ;
#2307 = DIRECTION ( 'NONE',  ( -0.000000000000000000, -0.000000000000000000, -1.000000000000000000 ) ) ;
#2308 = DIRECTION ( 'NONE',  ( -1.000000000000000000, 0.000000000000000000, 0.000000000000000000 ) ) ;
#2309 = EDGE_CURVE ( 'NONE', #780, #5060, #395, .T. ) ;
#2310 = CARTESIAN_POINT ( 'NONE',  ( 102.6000000000000085, -36.39999999999999858, 28.81000000000000227 ) ) ;
#2311 = CIRCLE ( 'NONE', #5724, 4.170000000000007034 ) ;
#2312 = ORIENTED_EDGE ( 'NONE', *, *, #1292, .F. ) ;
#2313 = EDGE_LOOP ( 'NONE', ( #986, #3174, #3816, #1286 ) ) ;
#2314 = CARTESIAN_POINT ( 'NONE',  ( 94.55000000000001137, -33.99999999999997868, 26.51000000000000156 ) ) ;
#2315 = LINE ( 'NONE', #2729, #5987 ) ;
#2316 = VECTOR ( 'NONE', #4085, 1000.000000000000000 ) ;
#2317 = AXIS2_PLACEMENT_3D ( 'NONE', #2712, #3669, #1786 ) ;
#2318 = CARTESIAN_POINT ( 'NONE',  ( 188.0000000000000000, -143.0000000000000284, 26.51000000000000156 ) ) ;
#2319 = ORIENTED_EDGE ( 'NONE', *, *, #2097, .F. ) ;
#2320 = CIRCLE ( 'NONE', #563, 5.000000000000004441 ) ;
#2321 = EDGE_LOOP ( 'NONE', ( #5071, #2513, #4001, #3582 ) ) ;
#2322 = TOROIDAL_SURFACE ( 'NONE', #2129, 3.199999999999991296, 0.4000000000000000222 ) ;
#2323 = EDGE_CURVE ( 'NONE', #129, #685, #2368, .T. ) ;
#2324 = CARTESIAN_POINT ( 'NONE',  ( 187.1000000000000227, -135.6000000000000227, 28.81000000000000227 ) ) ;
#2325 = CARTESIAN_POINT ( 'NONE',  ( 189.2500000000000000, -137.9999999999999716, 29.61000000000000298 ) ) ;
#2326 = AXIS2_PLACEMENT_3D ( 'NONE', #229, #3894, #3043 ) ;
#2327 = DIRECTION ( 'NONE',  ( -1.000000000000000000, 0.000000000000000000, 0.000000000000000000 ) ) ;
#2328 = ORIENTED_EDGE ( 'NONE', *, *, #4276, .F. ) ;
#2329 = CIRCLE ( 'NONE', #1263, 4.200000000000009059 ) ;
#2330 = EDGE_CURVE ( 'NONE', #2731, #760, #5041, .T. ) ;
#2331 = VERTEX_POINT ( 'NONE', #1396 ) ;
#2332 = LINE ( 'NONE', #5625, #5330 ) ;
#2333 = CARTESIAN_POINT ( 'NONE',  ( 99.23000000000001819, -136.0000000000000000, 28.81000000000000227 ) ) ;
#2334 = ORIENTED_EDGE ( 'NONE', *, *, #3882, .T. ) ;
#2335 = DIRECTION ( 'NONE',  ( -0.000000000000000000, 0.000000000000000000, 1.000000000000000000 ) ) ;
#2336 = VERTEX_POINT ( 'NONE', #3264 ) ;
#2337 = DIRECTION ( 'NONE',  ( -1.000000000000000000, 0.000000000000000000, 0.000000000000000000 ) ) ;
#2338 = EDGE_CURVE ( 'NONE', #3850, #5814, #2276, .T. ) ;
#2339 = CARTESIAN_POINT ( 'NONE',  ( 187.1000000000000227, -36.39999999999999147, 28.01000000000000512 ) ) ;
#2340 = DIRECTION ( 'NONE',  ( -0.000000000000000000, -0.000000000000000000, -1.000000000000000000 ) ) ;
#2341 = FACE_OUTER_BOUND ( 'NONE', #3577, .T. ) ;
#2342 = CARTESIAN_POINT ( 'NONE',  ( 187.9999999999999432, -29.40000000000000213, 31.81000000000000583 ) ) ;
#2343 = ORIENTED_EDGE ( 'NONE', *, *, #4550, .T. ) ;
#2344 = EDGE_LOOP ( 'NONE', ( #1619, #541, #2899, #1695 ) ) ;
#2345 = CARTESIAN_POINT ( 'NONE',  ( 104.9999999999999858, -43.00000000000000000, 31.41000000000000725 ) ) ;
#2346 = DIRECTION ( 'NONE',  ( -0.000000000000000000, -0.000000000000000000, -1.000000000000000000 ) ) ;
#2347 = ORIENTED_EDGE ( 'NONE', *, *, #5329, .F. ) ;
#2348 = EDGE_CURVE ( 'NONE', #5903, #1140, #4201, .T. ) ;
#2349 = EDGE_LOOP ( 'NONE', ( #5089, #4244, #4104, #3518 ) ) ;
#2350 = LINE ( 'NONE', #4494, #4412 ) ;
#2351 = CARTESIAN_POINT ( 'NONE',  ( 99.99999999999997158, -43.00000000000000000, 30.61000000000000654 ) ) ;
#2352 = CARTESIAN_POINT ( 'NONE',  ( 180.5000000000000000, -37.60000000000000142, 31.81000000000000583 ) ) ;
#2353 = DIRECTION ( 'NONE',  ( 1.000000000000000000, 0.000000000000000000, -0.000000000000000000 ) ) ;
#2354 = ORIENTED_EDGE ( 'NONE', *, *, #2990, .T. ) ;
#2355 = EDGE_CURVE ( 'NONE', #4642, #2089, #711, .T. ) ;
#2356 = VERTEX_POINT ( 'NONE', #2408 ) ;
#2357 = CARTESIAN_POINT ( 'NONE',  ( 103.4000000000000199, -136.8419262234264409, 25.71000000000000441 ) ) ;
#2358 = CARTESIAN_POINT ( 'NONE',  ( 187.1000000000000227, -134.7700000000000387, 26.51000000000000156 ) ) ;
#2359 = ORIENTED_EDGE ( 'NONE', *, *, #2372, .T. ) ;
#2360 = CARTESIAN_POINT ( 'NONE',  ( 99.23000000000000398, 0.000000000000000000, 26.51000000000000156 ) ) ;
#2361 = ORIENTED_EDGE ( 'NONE', *, *, #5167, .T. ) ;
#2362 = LINE ( 'NONE', #4285, #354 ) ;
#2363 = CARTESIAN_POINT ( 'NONE',  ( 104.9999999999999858, -38.00000000000000000, 30.61000000000000654 ) ) ;
#2364 = VECTOR ( 'NONE', #5215, 1000.000000000000000 ) ;
#2365 = CARTESIAN_POINT ( 'NONE',  ( 194.5000000000000000, -136.5000000000000000, 31.41000000000000725 ) ) ;
#2366 = CARTESIAN_POINT ( 'NONE',  ( 180.5000000000000000, -135.0000000000000000, 28.01000000000000512 ) ) ;
#2367 = CARTESIAN_POINT ( 'NONE',  ( 182.1000000000000227, -36.00000000000000711, 28.81000000000000227 ) ) ;
#2368 = CIRCLE ( 'NONE', #1792, 2.799999999999997158 ) ;
#2369 = DIRECTION ( 'NONE',  ( -0.000000000000000000, 0.000000000000000000, 1.000000000000000000 ) ) ;
#2370 = ORIENTED_EDGE ( 'NONE', *, *, #133, .F. ) ;
#2371 = EDGE_LOOP ( 'NONE', ( #4738, #4179, #1804, #3293 ) ) ;
#2372 = EDGE_CURVE ( 'NONE', #4198, #5261, #4231, .T. ) ;
#2373 = DIRECTION ( 'NONE',  ( -0.05233595624294395260, -0.000000000000000000, 0.9986295347545739443 ) ) ;
#2374 = EDGE_CURVE ( 'NONE', #1497, #564, #2375, .T. ) ;
#2375 = LINE ( 'NONE', #4293, #3055 ) ;
#2376 = VECTOR ( 'NONE', #5773, 1000.000000000000000 ) ;
#2377 = EDGE_CURVE ( 'NONE', #82, #2331, #5687, .T. ) ;
#2378 = AXIS2_PLACEMENT_3D ( 'NONE', #3531, #4477, #1214 ) ;
#2379 = FACE_OUTER_BOUND ( 'NONE', #3022, .T. ) ;
#2380 = CIRCLE ( 'NONE', #5897, 4.158073776573581348 ) ;
#2381 = CARTESIAN_POINT ( 'NONE',  ( 97.50000000000000000, -35.50000000000000711, 28.81000000000000227 ) ) ;
#2382 = DIRECTION ( 'NONE',  ( 0.000000000000000000, 0.000000000000000000, 1.000000000000000000 ) ) ;
#2383 = EDGE_CURVE ( 'NONE', #1556, #4878, #617, .T. ) ;
#2384 = CARTESIAN_POINT ( 'NONE',  ( 189.2500000000000000, -33.99999999999997868, 26.51000000000000156 ) ) ;
#2385 = DIRECTION ( 'NONE',  ( -0.05233595624294395260, 0.000000000000000000, -0.9986295347545739443 ) ) ;
#2386 = VERTEX_POINT ( 'NONE', #5671 ) ;
#2387 = AXIS2_PLACEMENT_3D ( 'NONE', #4681, #2832, #5229 ) ;
#2388 = ORIENTED_EDGE ( 'NONE', *, *, #4656, .T. ) ;
#2389 = CARTESIAN_POINT ( 'NONE',  ( 101.1419262234264380, -36.00000000000000711, 25.71000000000000441 ) ) ;
#2390 = LINE ( 'NONE', #2884, #5059 ) ;
#2391 = VERTEX_POINT ( 'NONE', #2953 ) ;
#2392 = DIRECTION ( 'NONE',  ( -1.000000000000000000, 0.000000000000000000, 0.000000000000000000 ) ) ;
#2393 = ORIENTED_EDGE ( 'NONE', *, *, #5740, .F. ) ;
#2394 = LINE ( 'NONE', #3732, #2984 ) ;
#2395 = DIRECTION ( 'NONE',  ( -0.000000000000000000, -0.000000000000000000, 1.000000000000000000 ) ) ;
#2396 = CYLINDRICAL_SURFACE ( 'NONE', #3592, 0.4000000000000010214 ) ;
#2397 = VECTOR ( 'NONE', #4780, 1000.000000000000000 ) ;
#2398 = PLANE ( 'NONE',  #2186 ) ;
#2399 = AXIS2_PLACEMENT_3D ( 'NONE', #3456, #4766, #2385 ) ;
#2400 = CARTESIAN_POINT ( 'NONE',  ( 96.25000000000000000, -137.9999999999999716, 26.51000000000000156 ) ) ;
#2401 = AXIS2_PLACEMENT_3D ( 'NONE', #613, #2636, #1718 ) ;
#2402 = PLANE ( 'NONE',  #4272 ) ;
#2403 = ORIENTED_EDGE ( 'NONE', *, *, #1986, .F. ) ;
#2404 = CIRCLE ( 'NONE', #3763, 2.700000000000008171 ) ;
#2405 = ORIENTED_EDGE ( 'NONE', *, *, #2383, .T. ) ;
#2406 = ADVANCED_FACE ( 'NONE', ( #48 ), #1916, .T. ) ;
#2407 = CARTESIAN_POINT ( 'NONE',  ( 183.0684496487542674, -37.57754055784517533, 28.81000000000000227 ) ) ;
#2408 = CARTESIAN_POINT ( 'NONE',  ( 102.4315503512457752, -134.4224594421548886, 28.81000000000000227 ) ) ;
#2409 = AXIS2_PLACEMENT_3D ( 'NONE', #1358, #5562, #1325 ) ;
#2410 = DIRECTION ( 'NONE',  ( 1.000000000000000000, 0.000000000000000000, 0.000000000000000000 ) ) ;
#2411 = CARTESIAN_POINT ( 'NONE',  ( 99.04999999999999716, -33.99999999999997868, 29.61000000000000298 ) ) ;
#2412 = AXIS2_PLACEMENT_3D ( 'NONE', #5387, #2551, #4846 ) ;
#2413 = CARTESIAN_POINT ( 'NONE',  ( 187.5000000000000000, -41.39999999999999147, 28.81000000000000227 ) ) ;
#2414 = EDGE_CURVE ( 'NONE', #4210, #2034, #5644, .T. ) ;
#2415 = CARTESIAN_POINT ( 'NONE',  ( 182.9000000000000057, -36.00000000000000711, 28.81000000000000227 ) ) ;
#2416 = PLANE ( 'NONE',  #2198 ) ;
#2417 = TOROIDAL_SURFACE ( 'NONE', #5829, 6.099999999999999645, 0.4000000000000000222 ) ;
#2418 = EDGE_CURVE ( 'NONE', #4084, #4660, #602, .T. ) ;
#2419 = DIRECTION ( 'NONE',  ( -0.000000000000000000, -0.000000000000000000, -1.000000000000000000 ) ) ;
#2420 = VECTOR ( 'NONE', #2826, 1000.000000000000000 ) ;
#2421 = ORIENTED_EDGE ( 'NONE', *, *, #3783, .T. ) ;
#2422 = VERTEX_POINT ( 'NONE', #3779 ) ;
#2423 = VECTOR ( 'NONE', #5785, 1000.000000000000000 ) ;
#2424 = FACE_OUTER_BOUND ( 'NONE', #205, .T. ) ;
#2425 = DIRECTION ( 'NONE',  ( 0.05233595624294395260, -0.000000000000000000, 0.9986295347545739443 ) ) ;
#2426 = ORIENTED_EDGE ( 'NONE', *, *, #2062, .F. ) ;
#2427 = ADVANCED_FACE ( 'NONE', ( #976 ), #2841, .F. ) ;
#2428 = VECTOR ( 'NONE', #5454, 1000.000000000000000 ) ;
#2429 = CARTESIAN_POINT ( 'NONE',  ( 97.50000000000000000, -35.50000000000000711, 28.81000000000000227 ) ) ;
#2430 = ORIENTED_EDGE ( 'NONE', *, *, #1349, .F. ) ;
#2431 = ADVANCED_FACE ( 'NONE', ( #1034 ), #3324, .F. ) ;
#2432 = CARTESIAN_POINT ( 'NONE',  ( 180.5000000000000000, -37.00000000000000711, 28.01000000000000512 ) ) ;
#2433 = DIRECTION ( 'NONE',  ( -0.05233595624294395260, 0.000000000000000000, 0.9986295347545739443 ) ) ;
#2434 = DIRECTION ( 'NONE',  ( 1.000000000000000000, 0.000000000000000000, 0.000000000000000000 ) ) ;
#2435 = DIRECTION ( 'NONE',  ( 1.555805808050947258E-16, -1.000000000000000000, 0.000000000000000000 ) ) ;
#2436 = CARTESIAN_POINT ( 'NONE',  ( 97.50000000000000000, -29.00000000000000355, 26.51000000000000156 ) ) ;
#2437 = ORIENTED_EDGE ( 'NONE', *, *, #5548, .T. ) ;
#2438 = ORIENTED_EDGE ( 'NONE', *, *, #3565, .T. ) ;
#2439 = ADVANCED_FACE ( 'NONE', ( #3836 ), #3865, .F. ) ;
#2440 = CARTESIAN_POINT ( 'NONE',  ( 98.00000000000000000, -41.40000000000000568, 25.71000000000000441 ) ) ;
#2441 = CARTESIAN_POINT ( 'NONE',  ( 185.5000000000000000, -129.0000000000000000, 30.61000000000000654 ) ) ;
#2442 = SHAPE_DEFINITION_REPRESENTATION ( #4438, #2265 ) ;
#2443 = DIRECTION ( 'NONE',  ( -1.000000000000000000, 0.000000000000000000, 0.000000000000000000 ) ) ;
#2444 = EDGE_CURVE ( 'NONE', #4099, #1563, #3443, .T. ) ;
#2445 = ADVANCED_FACE ( 'NONE', ( #1514 ), #1066, .F. ) ;
#2446 = DIRECTION ( 'NONE',  ( 1.000000000000000000, 0.000000000000000000, 0.000000000000000000 ) ) ;
#2447 = DIRECTION ( 'NONE',  ( -1.000000000000000000, 0.000000000000000000, 0.000000000000000000 ) ) ;
#2448 = DIRECTION ( 'NONE',  ( 1.000000000000000000, -8.816891872817317609E-17, -0.000000000000000000 ) ) ;
#2449 = DIRECTION ( 'NONE',  ( 0.000000000000000000, 0.000000000000000000, -1.000000000000000000 ) ) ;
#2450 = ORIENTED_EDGE ( 'NONE', *, *, #2287, .F. ) ;
#2451 = ORIENTED_EDGE ( 'NONE', *, *, #2568, .F. ) ;
#2452 = FACE_BOUND ( 'NONE', #5134, .T. ) ;
#2453 = EDGE_CURVE ( 'NONE', #1879, #4455, #4221, .T. ) ;
#2454 = CARTESIAN_POINT ( 'NONE',  ( 102.6000000000000227, -136.0000000000000000, 28.81000000000000227 ) ) ;
#2455 = ORIENTED_EDGE ( 'NONE', *, *, #2789, .T. ) ;
#2456 = DIRECTION ( 'NONE',  ( -1.000000000000000000, 0.000000000000000000, 0.000000000000000000 ) ) ;
#2457 = EDGE_CURVE ( 'NONE', #1835, #6028, #2006, .T. ) ;
#2458 = ORIENTED_EDGE ( 'NONE', *, *, #4842, .T. ) ;
#2459 = LINE ( 'NONE', #1996, #3111 ) ;
#2460 = CARTESIAN_POINT ( 'NONE',  ( 189.2500000000000000, -33.99999999999997868, 29.61000000000000298 ) ) ;
#2461 = EDGE_CURVE ( 'NONE', #1457, #438, #5270, .T. ) ;
#2462 = DIRECTION ( 'NONE',  ( -1.000000000000000000, 0.000000000000000000, 0.000000000000000000 ) ) ;
#2463 = CARTESIAN_POINT ( 'NONE',  ( 189.2500000000000000, -137.9999999999999716, 29.61000000000000298 ) ) ;
#2464 = ORIENTED_EDGE ( 'NONE', *, *, #2453, .T. ) ;
#2465 = ORIENTED_EDGE ( 'NONE', *, *, #1553, .F. ) ;
#2466 = CARTESIAN_POINT ( 'NONE',  ( 0.000000000000000000, -37.23000000000000398, 28.81000000000000227 ) ) ;
#2467 = DIRECTION ( 'NONE',  ( 1.000000000000000000, 0.000000000000000000, 0.000000000000000000 ) ) ;
#2468 = VECTOR ( 'NONE', #4944, 1000.000000000000000 ) ;
#2469 = DIRECTION ( 'NONE',  ( 0.000000000000000000, 1.000000000000000000, -0.000000000000000000 ) ) ;
#2470 = CIRCLE ( 'NONE', #2769, 0.8419262234264368594 ) ;
#2471 = CARTESIAN_POINT ( 'NONE',  ( 104.9999999999999858, -37.60000000000000142, 31.41000000000000725 ) ) ;
#2472 = CARTESIAN_POINT ( 'NONE',  ( 98.00000000000000000, -40.60000000000000142, 26.51000000000000156 ) ) ;
#2473 = AXIS2_PLACEMENT_3D ( 'NONE', #4265, #5155, #141 ) ;
#2474 = LINE ( 'NONE', #4695, #1605 ) ;
#2475 = DIRECTION ( 'NONE',  ( 0.000000000000000000, 0.000000000000000000, -1.000000000000000000 ) ) ;
#2476 = AXIS2_PLACEMENT_3D ( 'NONE', #5696, #1907, #5599 ) ;
#2477 = ORIENTED_EDGE ( 'NONE', *, *, #1936, .T. ) ;
#2478 = ORIENTED_EDGE ( 'NONE', *, *, #5032, .F. ) ;
#2479 = CARTESIAN_POINT ( 'NONE',  ( 186.2700000000000102, -36.00000000000000711, 28.81000000000000227 ) ) ;
#2480 = CARTESIAN_POINT ( 'NONE',  ( 182.1000000000000227, -36.00000000000000711, 26.51000000000000156 ) ) ;
#2481 = ORIENTED_EDGE ( 'NONE', *, *, #3302, .T. ) ;
#2482 = EDGE_CURVE ( 'NONE', #3432, #4699, #5328, .T. ) ;
#2483 = CARTESIAN_POINT ( 'NONE',  ( 187.1000000000000227, -36.39999999999999147, 25.71000000000000441 ) ) ;
#2484 = EDGE_LOOP ( 'NONE', ( #1315, #3146, #828, #1681 ) ) ;
#2485 = FACE_OUTER_BOUND ( 'NONE', #5549, .T. ) ;
#2486 = VECTOR ( 'NONE', #3496, 1000.000000000000000 ) ;
#2487 = CYLINDRICAL_SURFACE ( 'NONE', #4462, 2.299999999999996270 ) ;
#2489 = ADVANCED_FACE ( 'NONE', ( #4504, #3918 ), #5388, .T. ) ;
#2488 = CIRCLE ( 'NONE', #5906, 6.099999999999994316 ) ;
#2490 = DIRECTION ( 'NONE',  ( 0.000000000000000000, 1.000000000000000000, -0.000000000000000000 ) ) ;
#2491 = DIRECTION ( 'NONE',  ( 1.000000000000000000, 0.000000000000000000, 0.000000000000000000 ) ) ;
#2492 = CYLINDRICAL_SURFACE ( 'NONE', #3009, 1.700000000000007061 ) ;
#2493 = ORIENTED_EDGE ( 'NONE', *, *, #4679, .F. ) ;
#2494 = VERTEX_POINT ( 'NONE', #3015 ) ;
#2495 = EDGE_CURVE ( 'NONE', #4099, #2261, #2652, .T. ) ;
#2496 = DIRECTION ( 'NONE',  ( 1.000000000000000000, 0.000000000000000000, -0.000000000000000000 ) ) ;
#2497 = AXIS2_PLACEMENT_3D ( 'NONE', #3789, #4274, #552 ) ;
#2498 = DIRECTION ( 'NONE',  ( -0.000000000000000000, -0.000000000000000000, 1.000000000000000000 ) ) ;
#2499 = DIRECTION ( 'NONE',  ( -1.000000000000000000, 0.000000000000000000, 0.000000000000000000 ) ) ;
#2500 = AXIS2_PLACEMENT_3D ( 'NONE', #4916, #2595, #3633 ) ;
#2501 = AXIS2_PLACEMENT_3D ( 'NONE', #3782, #1517, #5645 ) ;
#2502 = DIRECTION ( 'NONE',  ( 0.000000000000000000, 0.000000000000000000, 1.000000000000000000 ) ) ;
#2503 = CARTESIAN_POINT ( 'NONE',  ( 103.4000000000000199, -136.0000000000000000, 25.71000000000000441 ) ) ;
#2504 = PLANE ( 'NONE',  #929 ) ;
#2505 = CARTESIAN_POINT ( 'NONE',  ( 180.5000000000000000, -129.0000000000000000, 28.01000000000000512 ) ) ;
#2506 = ORIENTED_EDGE ( 'NONE', *, *, #1884, .T. ) ;
#2507 = ORIENTED_EDGE ( 'NONE', *, *, #607, .F. ) ;
#2508 = PLANE ( 'NONE',  #2617 ) ;
#2509 = CARTESIAN_POINT ( 'NONE',  ( 103.4000000000000199, -136.0000000000000000, 28.81000000000000227 ) ) ;
#2510 = EDGE_CURVE ( 'NONE', #4037, #1164, #2084, .T. ) ;
#2511 = FACE_OUTER_BOUND ( 'NONE', #5972, .T. ) ;
#2512 = CIRCLE ( 'NONE', #3296, 0.4000000000000010214 ) ;
#2513 = ORIENTED_EDGE ( 'NONE', *, *, #1290, .F. ) ;
#2514 = AXIS2_PLACEMENT_3D ( 'NONE', #526, #4676, #1469 ) ;
#2515 = PLANE ( 'NONE',  #637 ) ;
#2516 = CIRCLE ( 'NONE', #3298, 4.170000000000007034 ) ;
#2517 = ORIENTED_EDGE ( 'NONE', *, *, #4401, .T. ) ;
#2518 = DIRECTION ( 'NONE',  ( -0.000000000000000000, -0.000000000000000000, 1.000000000000000000 ) ) ;
#2519 = CIRCLE ( 'NONE', #4170, 5.400000000000016342 ) ;
#2520 = CARTESIAN_POINT ( 'NONE',  ( 103.4000000000000057, -36.00000000000000711, 26.51000000000000156 ) ) ;
#2521 = DIRECTION ( 'NONE',  ( 1.613696256722611159E-16, 1.000000000000000000, -0.000000000000000000 ) ) ;
#2522 = DIRECTION ( 'NONE',  ( -0.000000000000000000, -0.000000000000000000, -1.000000000000000000 ) ) ;
#2523 = EDGE_CURVE ( 'NONE', #2170, #4642, #5299, .T. ) ;
#2524 = DIRECTION ( 'NONE',  ( -0.05233595624294394566, -3.631536477293591470E-15, 0.9986295347545739443 ) ) ;
#2525 = ORIENTED_EDGE ( 'NONE', *, *, #4092, .F. ) ;
#2526 = DIRECTION ( 'NONE',  ( -0.000000000000000000, -0.000000000000000000, -1.000000000000000000 ) ) ;
#2527 = LINE ( 'NONE', #5825, #5392 ) ;
#2528 = EDGE_CURVE ( 'NONE', #4452, #1140, #1121, .T. ) ;
#2529 = LINE ( 'NONE', #4906, #2796 ) ;
#2530 = LINE ( 'NONE', #1978, #1796 ) ;
#2531 = CARTESIAN_POINT ( 'NONE',  ( 185.9000000000000057, -129.0000000000000000, 31.81000000000000583 ) ) ;
#2532 = DIRECTION ( 'NONE',  ( -0.000000000000000000, -0.000000000000000000, 1.000000000000000000 ) ) ;
#2533 = ORIENTED_EDGE ( 'NONE', *, *, #240, .T. ) ;
#2534 = EDGE_CURVE ( 'NONE', #3018, #4084, #3893, .T. ) ;
#2535 = CARTESIAN_POINT ( 'NONE',  ( 186.5000000000000000, -129.0000000000000000, 28.81000000000000227 ) ) ;
#2536 = ORIENTED_EDGE ( 'NONE', *, *, #252, .F. ) ;
#2537 = ORIENTED_EDGE ( 'NONE', *, *, #5672, .F. ) ;
#2538 = LINE ( 'NONE', #5568, #1007 ) ;
#2539 = CARTESIAN_POINT ( 'NONE',  ( 192.0500000000000114, -137.9999999999999716, 29.61000000000000298 ) ) ;
#2540 = DIRECTION ( 'NONE',  ( -6.938893903907030216E-14, 1.000000000000000000, 0.000000000000000000 ) ) ;
#2541 = ORIENTED_EDGE ( 'NONE', *, *, #5930, .T. ) ;
#2542 = ADVANCED_FACE ( 'NONE', ( #5764 ), #2776, .T. ) ;
#2543 = ORIENTED_EDGE ( 'NONE', *, *, #5054, .T. ) ;
#2544 = DIRECTION ( 'NONE',  ( -6.938893903907993257E-14, 1.000000000000000000, 0.000000000000000000 ) ) ;
#2545 = CARTESIAN_POINT ( 'NONE',  ( 98.00000000000000000, -39.10000000000000853, 28.81000000000000227 ) ) ;
#2546 = DIRECTION ( 'NONE',  ( -0.000000000000000000, -0.000000000000000000, -1.000000000000000000 ) ) ;
#2547 = VERTEX_POINT ( 'NONE', #4904 ) ;
#2548 = DIRECTION ( 'NONE',  ( -0.000000000000000000, -0.000000000000000000, -1.000000000000000000 ) ) ;
#2549 = CARTESIAN_POINT ( 'NONE',  ( 182.1000000000000227, -31.83000000000000540, 28.81000000000000227 ) ) ;
#2550 = ORIENTED_EDGE ( 'NONE', *, *, #3871, .F. ) ;
#2551 = DIRECTION ( 'NONE',  ( 0.9986295347545739443, 0.000000000000000000, -0.05233595624294395954 ) ) ;
#2552 = CARTESIAN_POINT ( 'NONE',  ( 0.000000000000000000, -33.70000000000000284, 28.81000000000000227 ) ) ;
#2553 = AXIS2_PLACEMENT_3D ( 'NONE', #2471, #2875, #5303 ) ;
#2554 = CARTESIAN_POINT ( 'NONE',  ( 189.7999999999999829, -41.39999999999999147, 26.51000000000000156 ) ) ;
#2555 = ORIENTED_EDGE ( 'NONE', *, *, #1747, .F. ) ;
#2556 = CARTESIAN_POINT ( 'NONE',  ( 188.2999999999999829, -41.39999999999999147, 28.81000000000000227 ) ) ;
#2557 = DIRECTION ( 'NONE',  ( 0.000000000000000000, -1.000000000000000000, 0.000000000000000000 ) ) ;
#2558 = VECTOR ( 'NONE', #3661, 1000.000000000000000 ) ;
#2559 = VECTOR ( 'NONE', #2716, 1000.000000000000000 ) ;
#2560 = EDGE_CURVE ( 'NONE', #5393, #5385, #2959, .T. ) ;
#2561 = DIRECTION ( 'NONE',  ( -0.000000000000000000, 0.000000000000000000, 1.000000000000000000 ) ) ;
#2562 = ORIENTED_EDGE ( 'NONE', *, *, #1653, .F. ) ;
#2563 = DIRECTION ( 'NONE',  ( -1.555805808050947258E-16, 1.000000000000000000, 0.000000000000000000 ) ) ;
#2564 = AXIS2_PLACEMENT_3D ( 'NONE', #4880, #3508, #2591 ) ;
#2565 = VERTEX_POINT ( 'NONE', #662 ) ;
#2566 = ORIENTED_EDGE ( 'NONE', *, *, #4951, .F. ) ;
#2567 = DIRECTION ( 'NONE',  ( 0.000000000000000000, -0.000000000000000000, 1.000000000000000000 ) ) ;
#2568 = EDGE_CURVE ( 'NONE', #22, #2746, #4939, .T. ) ;
#2569 = FACE_OUTER_BOUND ( 'NONE', #2572, .T. ) ;
#2570 = CYLINDRICAL_SURFACE ( 'NONE', #1536, 4.170000000000007034 ) ;
#2571 = AXIS2_PLACEMENT_3D ( 'NONE', #2905, #4818, #5742 ) ;
#2572 = EDGE_LOOP ( 'NONE', ( #2779, #2795, #3164, #1000 ) ) ;
#2573 = AXIS2_PLACEMENT_3D ( 'NONE', #5181, #2038, #1002 ) ;
#2574 = ORIENTED_EDGE ( 'NONE', *, *, #4128, .T. ) ;
#2575 = DIRECTION ( 'NONE',  ( 1.555805808050947258E-16, -1.000000000000000000, 0.000000000000000000 ) ) ;
#2576 = ORIENTED_EDGE ( 'NONE', *, *, #1216, .T. ) ;
#2577 = DIRECTION ( 'NONE',  ( 1.000000000000000000, 0.000000000000000000, 0.000000000000000000 ) ) ;
#2578 = CARTESIAN_POINT ( 'NONE',  ( 182.1000000000000227, -36.00000000000000711, 28.81000000000000227 ) ) ;
#2579 = ORIENTED_EDGE ( 'NONE', *, *, #2005, .T. ) ;
#2580 = DIRECTION ( 'NONE',  ( -0.000000000000000000, 0.000000000000000000, 1.000000000000000000 ) ) ;
#2581 = CARTESIAN_POINT ( 'NONE',  ( 96.25000000000000000, -33.99999999999997868, 31.41000000000000725 ) ) ;
#2582 = ORIENTED_EDGE ( 'NONE', *, *, #630, .T. ) ;
#2583 = VECTOR ( 'NONE', #1558, 1000.000000000000000 ) ;
#2584 = LINE ( 'NONE', #3561, #3968 ) ;
#2585 = CARTESIAN_POINT ( 'NONE',  ( 101.1000000000000085, -36.39999999999999858, 26.51000000000000156 ) ) ;
#2586 = CARTESIAN_POINT ( 'NONE',  ( 188.2999999999999829, -130.6000000000000227, 28.81000000000000227 ) ) ;
#2587 = AXIS2_PLACEMENT_3D ( 'NONE', #3124, #5524, #5931 ) ;
#2588 = EDGE_CURVE ( 'NONE', #3529, #4705, #2527, .T. ) ;
#2589 = ORIENTED_EDGE ( 'NONE', *, *, #210, .F. ) ;
#2590 = DIRECTION ( 'NONE',  ( -0.000000000000000000, -0.000000000000000000, 1.000000000000000000 ) ) ;
#2591 = DIRECTION ( 'NONE',  ( 0.000000000000000000, 0.000000000000000000, -1.000000000000000000 ) ) ;
#2592 = VECTOR ( 'NONE', #2419, 1000.000000000000000 ) ;
#2593 = DIRECTION ( 'NONE',  ( -0.9986295347545739443, -6.929384390970988652E-14, -0.05233595624294395954 ) ) ;
#2594 = ORIENTED_EDGE ( 'NONE', *, *, #4167, .T. ) ;
#2595 = DIRECTION ( 'NONE',  ( -0.000000000000000000, -0.000000000000000000, -1.000000000000000000 ) ) ;
#2596 = VECTOR ( 'NONE', #5531, 1000.000000000000000 ) ;
#2597 = ORIENTED_EDGE ( 'NONE', *, *, #3277, .T. ) ;
#2598 = EDGE_CURVE ( 'NONE', #3419, #4339, #3468, .T. ) ;
#2599 = EDGE_LOOP ( 'NONE', ( #1970, #5152, #45, #4607 ) ) ;
#2600 = CARTESIAN_POINT ( 'NONE',  ( 187.1000000000000227, -36.39999999999999147, 26.51000000000000156 ) ) ;
#2601 = FACE_OUTER_BOUND ( 'NONE', #4470, .T. ) ;
#2602 = CARTESIAN_POINT ( 'NONE',  ( 188.2999999999999829, -130.6000000000000227, 28.81000000000000227 ) ) ;
#2603 = ADVANCED_FACE ( 'NONE', ( #5360 ), #2621, .T. ) ;
#2604 = CIRCLE ( 'NONE', #5527, 0.7999999999999951594 ) ;
#2605 = ORIENTED_EDGE ( 'NONE', *, *, #4327, .T. ) ;
#2606 = ORIENTED_EDGE ( 'NONE', *, *, #2338, .T. ) ;
#2607 = CARTESIAN_POINT ( 'NONE',  ( 98.40000000000001990, -135.6000000000000512, 26.51000000000000156 ) ) ;
#2608 = VECTOR ( 'NONE', #4382, 1000.000000000000000 ) ;
#2609 = CARTESIAN_POINT ( 'NONE',  ( 183.0684496487542674, -134.4224594421548318, 28.01000000000000512 ) ) ;
#2610 = CARTESIAN_POINT ( 'NONE',  ( 180.5000000000000000, -43.00000000000000000, 28.81000000000000227 ) ) ;
#2611 = VECTOR ( 'NONE', #2425, 1000.000000000000000 ) ;
#2612 = ORIENTED_EDGE ( 'NONE', *, *, #1249, .F. ) ;
#2613 = CARTESIAN_POINT ( 'NONE',  ( 191.6700000000000159, -41.39999999999999147, 28.81000000000000227 ) ) ;
#2614 = AXIS2_PLACEMENT_3D ( 'NONE', #1082, #1505, #5231 ) ;
#2615 = FACE_OUTER_BOUND ( 'NONE', #3616, .T. ) ;
#2616 = ADVANCED_FACE ( 'NONE', ( #2133 ), #261, .T. ) ;
#2617 = AXIS2_PLACEMENT_3D ( 'NONE', #2363, #4393, #1102 ) ;
#2618 = ORIENTED_EDGE ( 'NONE', *, *, #1576, .F. ) ;
#2619 = AXIS2_PLACEMENT_3D ( 'NONE', #4628, #850, #6033 ) ;
#2620 = LINE ( 'NONE', #787, #4269 ) ;
#2621 = PLANE ( 'NONE',  #3253 ) ;
#2622 = LINE ( 'NONE', #3563, #4758 ) ;
#2623 = CONICAL_SURFACE ( 'NONE', #3399, 2.700000000000008171, 0.05235987755983000091 ) ;
#2624 = EDGE_CURVE ( 'NONE', #5516, #3151, #5012, .T. ) ;
#2625 = ORIENTED_EDGE ( 'NONE', *, *, #2041, .T. ) ;
#2626 = DIRECTION ( 'NONE',  ( 0.000000000000000000, 1.000000000000000000, 0.000000000000000000 ) ) ;
#2627 = DIRECTION ( 'NONE',  ( 1.000000000000000000, 0.000000000000000000, 0.000000000000000000 ) ) ;
#2628 = ADVANCED_FACE ( 'NONE', ( #2159 ), #4019, .T. ) ;
#2629 = LINE ( 'NONE', #3930, #4629 ) ;
#2630 = ORIENTED_EDGE ( 'NONE', *, *, #5209, .T. ) ;
#2631 = DIRECTION ( 'NONE',  ( -0.000000000000000000, -0.000000000000000000, -1.000000000000000000 ) ) ;
#2632 = ORIENTED_EDGE ( 'NONE', *, *, #5278, .F. ) ;
#2633 = EDGE_LOOP ( 'NONE', ( #1955, #2137, #2782, #3067 ) ) ;
#2634 = CARTESIAN_POINT ( 'NONE',  ( 188.2999999999999829, -130.6000000000000227, 26.51000000000000156 ) ) ;
#2635 = EDGE_CURVE ( 'NONE', #5193, #771, #4973, .T. ) ;
#2636 = DIRECTION ( 'NONE',  ( -0.000000000000000000, -0.000000000000000000, -1.000000000000000000 ) ) ;
#2637 = DIRECTION ( 'NONE',  ( -0.000000000000000000, -0.000000000000000000, -1.000000000000000000 ) ) ;
#2638 = ORIENTED_EDGE ( 'NONE', *, *, #636, .F. ) ;
#2639 = ADVANCED_FACE ( 'NONE', ( #5921 ), #3651, .F. ) ;
#2640 = ORIENTED_EDGE ( 'NONE', *, *, #2040, .F. ) ;
#2641 = CARTESIAN_POINT ( 'NONE',  ( 93.82999999999999829, 1.459812589694203629E-14, 28.81000000000000227 ) ) ;
#2642 = EDGE_CURVE ( 'NONE', #4228, #2184, #3169, .T. ) ;
#2643 = ORIENTED_EDGE ( 'NONE', *, *, #286, .T. ) ;
#2644 =( NAMED_UNIT ( * ) PLANE_ANGLE_UNIT ( ) SI_UNIT ( $, .RADIAN. ) );
#2645 = DIRECTION ( 'NONE',  ( 0.000000000000000000, 0.000000000000000000, -1.000000000000000000 ) ) ;
#2646 = EDGE_LOOP ( 'NONE', ( #2926, #2699, #3157, #4349 ) ) ;
#2647 = ADVANCED_FACE ( 'NONE', ( #4597 ), #4081, .T. ) ;
#2648 = LINE ( 'NONE', #4968, #4057 ) ;
#2649 = DIRECTION ( 'NONE',  ( -1.000000000000000000, 0.000000000000000000, 0.000000000000000000 ) ) ;
#2650 = EDGE_LOOP ( 'NONE', ( #2660, #5363, #1108, #2437 ) ) ;
#2651 = DIRECTION ( 'NONE',  ( 0.000000000000000000, 0.000000000000000000, 1.000000000000000000 ) ) ;
#2652 = LINE ( 'NONE', #5424, #1799 ) ;
#2653 = ADVANCED_FACE ( 'NONE', ( #4050 ), #2720, .F. ) ;
#2654 = PLANE ( 'NONE',  #2131 ) ;
#2655 = EDGE_LOOP ( 'NONE', ( #3262, #3797, #1713, #4479 ) ) ;
#2656 = ORIENTED_EDGE ( 'NONE', *, *, #4920, .F. ) ;
#2657 = CARTESIAN_POINT ( 'NONE',  ( 98.40000000000000568, -40.55807377657357904, 25.71000000000000441 ) ) ;
#2658 = CARTESIAN_POINT ( 'NONE',  ( 97.50000000000001421, -143.0000000000000284, 28.81000000000000227 ) ) ;
#2659 = CARTESIAN_POINT ( 'NONE',  ( 98.00000000000001421, -132.8580737765736046, 25.71000000000000441 ) ) ;
#2660 = ORIENTED_EDGE ( 'NONE', *, *, #454, .F. ) ;
#2661 = DIRECTION ( 'NONE',  ( -1.000000000000000000, 0.000000000000000000, 0.000000000000000000 ) ) ;
#2662 = VERTEX_POINT ( 'NONE', #1390 ) ;
#2663 = VECTOR ( 'NONE', #5743, 1000.000000000000000 ) ;
#2664 = AXIS2_PLACEMENT_3D ( 'NONE', #5226, #5721, #2392 ) ;
#2665 = ORIENTED_EDGE ( 'NONE', *, *, #2866, .T. ) ;
#2666 = DIRECTION ( 'NONE',  ( -1.000000000000000000, 0.000000000000000000, 0.000000000000000000 ) ) ;
#2667 = CARTESIAN_POINT ( 'NONE',  ( 98.40000000000001990, -132.8580737765736046, 25.71000000000000441 ) ) ;
#2668 = CIRCLE ( 'NONE', #2564, 0.4000000000000010214 ) ;
#2669 = EDGE_LOOP ( 'NONE', ( #3125, #5911, #2215, #5855 ) ) ;
#2670 = FACE_OUTER_BOUND ( 'NONE', #5867, .T. ) ;
#2671 = VERTEX_POINT ( 'NONE', #815 ) ;
#2672 = CIRCLE ( 'NONE', #1791, 4.200000000000009059 ) ;
#2673 = VERTEX_POINT ( 'NONE', #390 ) ;
#2674 = DIRECTION ( 'NONE',  ( 0.000000000000000000, 0.000000000000000000, 1.000000000000000000 ) ) ;
#2675 = DIRECTION ( 'NONE',  ( 0.000000000000000000, -0.000000000000000000, 1.000000000000000000 ) ) ;
#2676 = VECTOR ( 'NONE', #902, 1000.000000000000000 ) ;
#2677 = ADVANCED_FACE ( 'NONE', ( #1337 ), #1984, .F. ) ;
#2678 = ORIENTED_EDGE ( 'NONE', *, *, #4776, .T. ) ;
#2679 = EDGE_CURVE ( 'NONE', #273, #2356, #3544, .T. ) ;
#2680 = DIRECTION ( 'NONE',  ( 1.224646799147353207E-16, 1.000000000000000000, -0.000000000000000000 ) ) ;
#2681 = CONICAL_SURFACE ( 'NONE', #621, 2.299999999999996270, 0.05235987755983000091 ) ;
#2682 = ORIENTED_EDGE ( 'NONE', *, *, #1576, .T. ) ;
#2683 = EDGE_CURVE ( 'NONE', #4717, #250, #5499, .T. ) ;
#2684 = CARTESIAN_POINT ( 'NONE',  ( 98.99999999999995737, -129.0000000000000000, 28.01000000000000512 ) ) ;
#2685 = DIRECTION ( 'NONE',  ( 0.000000000000000000, -1.000000000000000000, 0.000000000000000000 ) ) ;
#2686 = ADVANCED_FACE ( 'NONE', ( #4570 ), #1367, .T. ) ;
#2687 = DIRECTION ( 'NONE',  ( 1.217349807703022362E-16, -1.000000000000000000, 0.000000000000000000 ) ) ;
#2688 = VERTEX_POINT ( 'NONE', #3624 ) ;
#2689 = ORIENTED_EDGE ( 'NONE', *, *, #3750, .F. ) ;
#2690 = DIRECTION ( 'NONE',  ( 1.000000000000000000, 0.000000000000000000, 0.000000000000000000 ) ) ;
#2691 = VECTOR ( 'NONE', #5852, 1000.000000000000000 ) ;
#2692 = DIRECTION ( 'NONE',  ( 1.000000000000000000, 0.000000000000000000, 0.000000000000000000 ) ) ;
#2693 = CONICAL_SURFACE ( 'NONE', #2975, 0.7999999999999951594, 0.05235987755983000091 ) ;
#2694 = DIRECTION ( 'NONE',  ( 0.05233595624294395260, -0.000000000000000000, 0.9986295347545739443 ) ) ;
#2695 = ORIENTED_EDGE ( 'NONE', *, *, #2117, .T. ) ;
#2696 = LINE ( 'NONE', #5435, #2986 ) ;
#2697 = ORIENTED_EDGE ( 'NONE', *, *, #5689, .F. ) ;
#2698 = CIRCLE ( 'NONE', #4731, 2.799999999999997158 ) ;
#2699 = ORIENTED_EDGE ( 'NONE', *, *, #963, .F. ) ;
#2700 = DIRECTION ( 'NONE',  ( 1.000000000000000000, 0.000000000000000000, 0.000000000000000000 ) ) ;
#2701 = VECTOR ( 'NONE', #2666, 1000.000000000000000 ) ;
#2702 = FACE_OUTER_BOUND ( 'NONE', #5279, .T. ) ;
#2703 = AXIS2_PLACEMENT_3D ( 'NONE', #4394, #4334, #738 ) ;
#2704 = EDGE_CURVE ( 'NONE', #3331, #3466, #2282, .T. ) ;
#2705 = CONICAL_SURFACE ( 'NONE', #59, 0.7999999999999951594, 0.05235987755983000091 ) ;
#2706 = ORIENTED_EDGE ( 'NONE', *, *, #46, .T. ) ;
#2707 = ADVANCED_FACE ( 'NONE', ( #5484 ), #1885, .T. ) ;
#2708 = DIRECTION ( 'NONE',  ( -0.000000000000000000, -0.000000000000000000, -1.000000000000000000 ) ) ;
#2709 = ORIENTED_EDGE ( 'NONE', *, *, #3152, .F. ) ;
#2710 = EDGE_LOOP ( 'NONE', ( #2319, #2405, #216, #3425 ) ) ;
#2711 = DIRECTION ( 'NONE',  ( -0.000000000000000000, -0.000000000000000000, 1.000000000000000000 ) ) ;
#2712 = CARTESIAN_POINT ( 'NONE',  ( 182.1000000000000512, -136.8000000000000114, 26.51000000000000156 ) ) ;
#2713 = PRESENTATION_LAYER_ASSIGNMENT (  '', '', ( #1353 ) ) ;
#2714 = EDGE_LOOP ( 'NONE', ( #3235, #1023 ) ) ;
#2715 = EDGE_CURVE ( 'NONE', #4636, #5403, #3231, .T. ) ;
#2716 = DIRECTION ( 'NONE',  ( 0.000000000000000000, 1.000000000000000000, -0.000000000000000000 ) ) ;
#2717 = AXIS2_PLACEMENT_3D ( 'NONE', #806, #5506, #5970 ) ;
#2718 = ORIENTED_EDGE ( 'NONE', *, *, #5930, .F. ) ;
#2719 = DIRECTION ( 'NONE',  ( 1.613696256722611159E-16, 1.000000000000000000, 0.000000000000000000 ) ) ;
#2720 = PLANE ( 'NONE',  #4130 ) ;
#2721 = CIRCLE ( 'NONE', #1529, 2.799999999999997158 ) ;
#2722 = CARTESIAN_POINT ( 'NONE',  ( 187.1000000000000227, -131.4419262234264636, 25.71000000000000441 ) ) ;
#2723 = AXIS2_PLACEMENT_3D ( 'NONE', #5322, #1148, #5757 ) ;
#2724 = ORIENTED_EDGE ( 'NONE', *, *, #4724, .T. ) ;
#2725 = ORIENTED_EDGE ( 'NONE', *, *, #4196, .F. ) ;
#2726 = VECTOR ( 'NONE', #5263, 1000.000000000000000 ) ;
#2727 = DIRECTION ( 'NONE',  ( -0.000000000000000000, -0.000000000000000000, -1.000000000000000000 ) ) ;
#2728 = EDGE_CURVE ( 'NONE', #4508, #2336, #4316, .T. ) ;
#2729 = CARTESIAN_POINT ( 'NONE',  ( 102.6000000000000227, -135.6000000000000512, 26.51000000000000156 ) ) ;
#2730 = DIRECTION ( 'NONE',  ( 1.000000000000000000, 0.000000000000000000, 0.000000000000000000 ) ) ;
#2731 = VERTEX_POINT ( 'NONE', #5118 ) ;
#2732 = CIRCLE ( 'NONE', #2136, 0.3999999999999975797 ) ;
#2733 = CARTESIAN_POINT ( 'NONE',  ( 182.8999999999905981, 1.269123695024706710E-11, 26.51000000000000156 ) ) ;
#2734 = ORIENTED_EDGE ( 'NONE', *, *, #3081, .F. ) ;
#2735 = CARTESIAN_POINT ( 'NONE',  ( 188.2999999999999829, -41.39999999999999147, 26.51000000000000156 ) ) ;
#2736 = EDGE_CURVE ( 'NONE', #4113, #1200, #1694, .T. ) ;
#2737 = CARTESIAN_POINT ( 'NONE',  ( 187.9999999999999432, -29.00000000000000000, 26.51000000000000156 ) ) ;
#2738 = ORIENTED_EDGE ( 'NONE', *, *, #6046, .T. ) ;
#2739 = ORIENTED_EDGE ( 'NONE', *, *, #5032, .T. ) ;
#2740 = DIRECTION ( 'NONE',  ( 1.000000000000000000, 0.000000000000000000, 0.000000000000000000 ) ) ;
#2741 = CARTESIAN_POINT ( 'NONE',  ( 187.1000000000000227, -40.59999999999998721, 28.81000000000000227 ) ) ;
#2742 = ORIENTED_EDGE ( 'NONE', *, *, #5227, .F. ) ;
#2743 = EDGE_CURVE ( 'NONE', #3322, #965, #4419, .T. ) ;
#2744 = DIRECTION ( 'NONE',  ( 1.000000000000000000, 0.000000000000000000, 0.000000000000000000 ) ) ;
#2745 = EDGE_CURVE ( 'NONE', #338, #1017, #131, .T. ) ;
#2746 = VERTEX_POINT ( 'NONE', #935 ) ;
#2747 = CARTESIAN_POINT ( 'NONE',  ( 98.00000000000001421, -134.7700000000000671, 28.81000000000000227 ) ) ;
#2748 = DIRECTION ( 'NONE',  ( -1.000000000000000000, 0.000000000000000000, -0.000000000000000000 ) ) ;
#2749 = FACE_BOUND ( 'NONE', #1561, .T. ) ;
#2750 = EDGE_LOOP ( 'NONE', ( #5433, #1534, #2640, #1662 ) ) ;
#2751 = EDGE_LOOP ( 'NONE', ( #593, #2643, #4885, #138 ) ) ;
#2752 = CARTESIAN_POINT ( 'NONE',  ( 98.40000000000000568, -36.39999999999999858, 28.81000000000000227 ) ) ;
#2753 = CARTESIAN_POINT ( 'NONE',  ( 97.50000000000000000, -35.50000000000000711, 31.41000000000000725 ) ) ;
#2754 = EDGE_CURVE ( 'NONE', #1937, #273, #2802, .T. ) ;
#2755 = FACE_OUTER_BOUND ( 'NONE', #2349, .T. ) ;
#2756 = ORIENTED_EDGE ( 'NONE', *, *, #3519, .T. ) ;
#2757 = VERTEX_POINT ( 'NONE', #1452 ) ;
#2758 = ADVANCED_FACE ( 'NONE', ( #2341 ), #2681, .T. ) ;
#2759 = CARTESIAN_POINT ( 'NONE',  ( 182.9000000000000057, -36.39999999999999147, 28.81000000000000227 ) ) ;
#2760 = DIRECTION ( 'NONE',  ( 0.000000000000000000, 0.000000000000000000, 1.000000000000000000 ) ) ;
#2761 = EDGE_LOOP ( 'NONE', ( #2248, #108, #1248, #5178 ) ) ;
#2762 = ADVANCED_FACE ( 'NONE', ( #502 ), #2398, .F. ) ;
#2763 = VERTEX_POINT ( 'NONE', #1057 ) ;
#2764 = CARTESIAN_POINT ( 'NONE',  ( 180.5000000000000000, -43.00000000000000000, 31.41000000000000725 ) ) ;
#2765 = FACE_OUTER_BOUND ( 'NONE', #1769, .T. ) ;
#2766 = VECTOR ( 'NONE', #4271, 1000.000000000000000 ) ;
#2767 = EDGE_LOOP ( 'NONE', ( #5657, #1467, #1782, #408 ) ) ;
#2768 = LINE ( 'NONE', #2360, #810 ) ;
#2769 = AXIS2_PLACEMENT_3D ( 'NONE', #3316, #5172, #1939 ) ;
#2770 = ORIENTED_EDGE ( 'NONE', *, *, #165, .T. ) ;
#2771 = AXIS2_PLACEMENT_3D ( 'NONE', #2773, #3705, #4537 ) ;
#2772 = FACE_OUTER_BOUND ( 'NONE', #5605, .T. ) ;
#2773 = CARTESIAN_POINT ( 'NONE',  ( 182.1000000000000512, -136.0000000000000000, 26.51000000000000156 ) ) ;
#2774 = AXIS2_PLACEMENT_3D ( 'NONE', #1609, #1280, #3148 ) ;
#2775 = DIRECTION ( 'NONE',  ( 0.000000000000000000, 0.05233595624294395260, 0.9986295347545739443 ) ) ;
#2776 = TOROIDAL_SURFACE ( 'NONE', #5198, 6.099999999999999645, 0.4000000000000000222 ) ;
#2777 = EDGE_CURVE ( 'NONE', #306, #1480, #1477, .T. ) ;
#2778 = EDGE_LOOP ( 'NONE', ( #3349, #1273, #3595, #5504 ) ) ;
#2779 = ORIENTED_EDGE ( 'NONE', *, *, #5420, .F. ) ;
#2780 = CARTESIAN_POINT ( 'NONE',  ( 99.99999999999995737, -129.0000000000000000, 30.61000000000000654 ) ) ;
#2781 = DIRECTION ( 'NONE',  ( -0.000000000000000000, -0.000000000000000000, -1.000000000000000000 ) ) ;
#2782 = ORIENTED_EDGE ( 'NONE', *, *, #2819, .T. ) ;
#2783 = ADVANCED_FACE ( 'NONE', ( #5201 ), #537, .T. ) ;
#2784 = ORIENTED_EDGE ( 'NONE', *, *, #1444, .T. ) ;
#2785 = AXIS2_PLACEMENT_3D ( 'NONE', #949, #1043, #488 ) ;
#2786 = CARTESIAN_POINT ( 'NONE',  ( 182.8999999999905981, 1.269123695024706710E-11, 28.81000000000000227 ) ) ;
#2787 = DIRECTION ( 'NONE',  ( 0.000000000000000000, 0.000000000000000000, -1.000000000000000000 ) ) ;
#2789 = EDGE_CURVE ( 'NONE', #4069, #3951, #2380, .T. ) ;
#2788 = CIRCLE ( 'NONE', #2300, 0.8419262234264368594 ) ;
#2790 = EDGE_LOOP ( 'NONE', ( #3393, #726, #4047, #2951 ) ) ;
#2791 = VECTOR ( 'NONE', #1227, 1000.000000000000000 ) ;
#2792 = VERTEX_POINT ( 'NONE', #3405 ) ;
#2793 = CARTESIAN_POINT ( 'NONE',  ( 103.4000000000000199, -136.0000000000000000, 28.81000000000000227 ) ) ;
#2794 = LINE ( 'NONE', #959, #5937 ) ;
#2795 = ORIENTED_EDGE ( 'NONE', *, *, #4152, .F. ) ;
#2796 = VECTOR ( 'NONE', #5765, 1000.000000000000000 ) ;
#2797 = CYLINDRICAL_SURFACE ( 'NONE', #1096, 1.699999999999993072 ) ;
#2798 = ORIENTED_EDGE ( 'NONE', *, *, #2190, .F. ) ;
#2799 = CARTESIAN_POINT ( 'NONE',  ( 103.4000000000000199, -136.0000000000000000, 28.81000000000000227 ) ) ;
#2800 = DIRECTION ( 'NONE',  ( -0.000000000000000000, -0.000000000000000000, -1.000000000000000000 ) ) ;
#2801 = CARTESIAN_POINT ( 'NONE',  ( 187.1000000000000227, -40.59999999999998721, 28.81000000000000227 ) ) ;
#2802 = LINE ( 'NONE', #4684, #1888 ) ;
#2803 = EDGE_CURVE ( 'NONE', #3093, #3322, #3374, .T. ) ;
#2804 = CARTESIAN_POINT ( 'NONE',  ( 180.5000000000000000, -135.0000000000000000, 28.01000000000000512 ) ) ;
#2805 = TOROIDAL_SURFACE ( 'NONE', #1733, 5.400000000000001243, 0.4000000000000000222 ) ;
#2806 = ORIENTED_EDGE ( 'NONE', *, *, #2173, .T. ) ;
#2807 = VERTEX_POINT ( 'NONE', #475 ) ;
#2808 = CARTESIAN_POINT ( 'NONE',  ( 96.25000000000000000, -137.9999999999999716, 26.51000000000000156 ) ) ;
#2809 = DIRECTION ( 'NONE',  ( 1.000000000000000000, 0.000000000000000000, 0.000000000000000000 ) ) ;
#2810 = CIRCLE ( 'NONE', #3673, 2.700000000000008171 ) ;
#2811 = VECTOR ( 'NONE', #4342, 1000.000000000000000 ) ;
#2812 = PRODUCT_CONTEXT ( 'NONE', #5502, 'mechanical' ) ;
#2813 = ORIENTED_EDGE ( 'NONE', *, *, #4148, .F. ) ;
#2814 = EDGE_CURVE ( 'NONE', #3100, #742, #527, .T. ) ;
#2815 = CIRCLE ( 'NONE', #1742, 2.299999999999996270 ) ;
#2816 = EDGE_LOOP ( 'NONE', ( #4515, #2393, #893, #194 ) ) ;
#2817 = AXIS2_PLACEMENT_3D ( 'NONE', #1196, #2019, #3397 ) ;
#2818 = CARTESIAN_POINT ( 'NONE',  ( 96.25000000000000000, -33.99999999999997868, 29.61000000000000298 ) ) ;
#2819 = EDGE_CURVE ( 'NONE', #2671, #4415, #3173, .T. ) ;
#2820 = DIRECTION ( 'NONE',  ( 0.000000000000000000, 0.000000000000000000, -1.000000000000000000 ) ) ;
#2821 = DIRECTION ( 'NONE',  ( 0.000000000000000000, 0.05233595624294395260, -0.9986295347545739443 ) ) ;
#2822 = DIRECTION ( 'NONE',  ( -1.000000000000000000, 0.000000000000000000, -0.000000000000000000 ) ) ;
#2823 = VERTEX_POINT ( 'NONE', #1419 ) ;
#2824 = VERTEX_POINT ( 'NONE', #4287 ) ;
#2825 = CARTESIAN_POINT ( 'NONE',  ( -0.000000000000000000, -33.70000000000000284, 26.51000000000000156 ) ) ;
#2826 = DIRECTION ( 'NONE',  ( -0.000000000000000000, -0.000000000000000000, -1.000000000000000000 ) ) ;
#2827 = ORIENTED_EDGE ( 'NONE', *, *, #3695, .T. ) ;
#2828 = EDGE_CURVE ( 'NONE', #2261, #4275, #3446, .T. ) ;
#2829 = FACE_OUTER_BOUND ( 'NONE', #2655, .T. ) ;
#2830 = EDGE_CURVE ( 'NONE', #363, #1140, #2835, .T. ) ;
#2831 = EDGE_LOOP ( 'NONE', ( #4284, #1927, #1261, #1668 ) ) ;
#2832 = DIRECTION ( 'NONE',  ( -0.000000000000000000, 0.000000000000000000, 1.000000000000000000 ) ) ;
#2833 = DIRECTION ( 'NONE',  ( 1.000000000000000000, 0.000000000000000000, 0.000000000000000000 ) ) ;
#2834 = DIRECTION ( 'NONE',  ( -1.000000000000000000, -0.000000000000000000, -0.000000000000000000 ) ) ;
#2835 = LINE ( 'NONE', #4257, #919 ) ;
#2836 = LINE ( 'NONE', #3803, #5036 ) ;
#2837 = DIRECTION ( 'NONE',  ( 1.000000000000000000, 0.000000000000000000, 0.000000000000000000 ) ) ;
#2838 = ORIENTED_EDGE ( 'NONE', *, *, #1453, .F. ) ;
#2839 = ORIENTED_EDGE ( 'NONE', *, *, #126, .F. ) ;
#2840 = DIRECTION ( 'NONE',  ( -0.000000000000000000, -0.000000000000000000, -1.000000000000000000 ) ) ;
#2841 = CYLINDRICAL_SURFACE ( 'NONE', #3065, 1.700000000000007061 ) ;
#2842 = DIRECTION ( 'NONE',  ( -0.000000000000000000, -0.05233595624294395260, 0.9986295347545739443 ) ) ;
#2843 = DIRECTION ( 'NONE',  ( 0.000000000000000000, 0.000000000000000000, 1.000000000000000000 ) ) ;
#2844 = CARTESIAN_POINT ( 'NONE',  ( 103.4000000000000057, -35.20000000000000284, 28.81000000000000227 ) ) ;
#2845 = DIRECTION ( 'NONE',  ( 0.000000000000000000, -0.000000000000000000, -1.000000000000000000 ) ) ;
#2846 = CARTESIAN_POINT ( 'NONE',  ( 98.00000000000001421, -130.6000000000000512, 26.51000000000000156 ) ) ;
#2847 = ORIENTED_EDGE ( 'NONE', *, *, #4773, .F. ) ;
#2848 = ORIENTED_EDGE ( 'NONE', *, *, #17, .T. ) ;
#2849 = DIRECTION ( 'NONE',  ( 1.224646799147353207E-16, 1.000000000000000000, -0.000000000000000000 ) ) ;
#2850 = DIRECTION ( 'NONE',  ( -0.000000000000000000, -0.000000000000000000, -1.000000000000000000 ) ) ;
#2851 = ORIENTED_EDGE ( 'NONE', *, *, #2274, .F. ) ;
#2852 = CARTESIAN_POINT ( 'NONE',  ( 186.5000000000000000, -43.00000000000000000, 28.81000000000000227 ) ) ;
#2853 = ADVANCED_FACE ( 'NONE', ( #77 ), #3933, .T. ) ;
#2854 = ORIENTED_EDGE ( 'NONE', *, *, #2814, .T. ) ;
#2855 = DIRECTION ( 'NONE',  ( -0.000000000000000000, 0.000000000000000000, 1.000000000000000000 ) ) ;
#2856 = DIRECTION ( 'NONE',  ( 0.000000000000000000, 0.9986295347545739443, -0.05233595624294395260 ) ) ;
#2857 = VECTOR ( 'NONE', #3937, 1000.000000000000000 ) ;
#2858 = EDGE_CURVE ( 'NONE', #1724, #1845, #4524, .T. ) ;
#2859 = DIRECTION ( 'NONE',  ( 0.000000000000000000, 1.000000000000000000, -0.000000000000000000 ) ) ;
#2860 = AXIS2_PLACEMENT_3D ( 'NONE', #3039, #5325, #4405 ) ;
#2861 = DIRECTION ( 'NONE',  ( 1.000000000000000000, 0.000000000000000000, -0.000000000000000000 ) ) ;
#2862 = EDGE_CURVE ( 'NONE', #1466, #2671, #3550, .T. ) ;
#2863 = DIRECTION ( 'NONE',  ( -1.000000000000000000, 1.613696256722611159E-16, 0.000000000000000000 ) ) ;
#2864 = AXIS2_PLACEMENT_3D ( 'NONE', #1343, #4634, #3237 ) ;
#2865 = FACE_OUTER_BOUND ( 'NONE', #2897, .T. ) ;
#2866 = EDGE_CURVE ( 'NONE', #4866, #4108, #5300, .T. ) ;
#2867 = EDGE_LOOP ( 'NONE', ( #1887, #2302, #5222, #5287 ) ) ;
#2868 = ORIENTED_EDGE ( 'NONE', *, *, #2588, .F. ) ;
#2869 = CARTESIAN_POINT ( 'NONE',  ( 99.04999999999999716, -137.9999999999999716, 31.41000000000000725 ) ) ;
#2870 = CARTESIAN_POINT ( 'NONE',  ( 182.1000000000000512, -140.1700000000000159, 28.81000000000000227 ) ) ;
#2871 = VECTOR ( 'NONE', #4295, 1000.000000000000000 ) ;
#2872 = EDGE_CURVE ( 'NONE', #445, #3333, #2947, .T. ) ;
#2873 = AXIS2_PLACEMENT_3D ( 'NONE', #5953, #1766, #2250 ) ;
#2874 = DIRECTION ( 'NONE',  ( 1.000000000000000000, 0.000000000000000000, 0.000000000000000000 ) ) ;
#2875 = DIRECTION ( 'NONE',  ( 1.000000000000000000, 0.000000000000000000, -0.000000000000000000 ) ) ;
#2876 = CARTESIAN_POINT ( 'NONE',  ( 104.9999999999999716, -134.4000000000000057, 31.41000000000000725 ) ) ;
#2877 = DIRECTION ( 'NONE',  ( 0.000000000000000000, -0.000000000000000000, -1.000000000000000000 ) ) ;
#2878 = ADVANCED_FACE ( 'NONE', ( #5147 ), #3770, .F. ) ;
#2879 = CARTESIAN_POINT ( 'NONE',  ( 104.9999999999999858, -37.59999999999999432, 31.81000000000000583 ) ) ;
#2880 = ORIENTED_EDGE ( 'NONE', *, *, #2642, .F. ) ;
#2881 = AXIS2_PLACEMENT_3D ( 'NONE', #1810, #1780, #5559 ) ;
#2882 = ORIENTED_EDGE ( 'NONE', *, *, #5622, .F. ) ;
#2883 = CARTESIAN_POINT ( 'NONE',  ( 0.000000000000000000, -140.1700000000000159, 26.51000000000000156 ) ) ;
#2884 = CARTESIAN_POINT ( 'NONE',  ( 99.23000000000000398, -36.39999999999999858, 28.81000000000000227 ) ) ;
#2885 = ORIENTED_EDGE ( 'NONE', *, *, #4217, .F. ) ;
#2886 = VECTOR ( 'NONE', #825, 1000.000000000000000 ) ;
#2887 = LINE ( 'NONE', #5690, #319 ) ;
#2888 = EDGE_CURVE ( 'NONE', #5393, #672, #5353, .T. ) ;
#2889 = VERTEX_POINT ( 'NONE', #289 ) ;
#2890 = PLANE ( 'NONE',  #4139 ) ;
#2891 = CARTESIAN_POINT ( 'NONE',  ( 187.5000000000000000, -130.6000000000000227, 28.81000000000000227 ) ) ;
#2892 = EDGE_CURVE ( 'NONE', #1017, #1616, #4715, .T. ) ;
#2893 = CARTESIAN_POINT ( 'NONE',  ( 99.45000000000000284, -137.9999999999999716, 31.41000000000000725 ) ) ;
#2894 = CARTESIAN_POINT ( 'NONE',  ( 97.50000000000001421, -142.5999999999999943, 31.81000000000000583 ) ) ;
#2895 = AXIS2_PLACEMENT_3D ( 'NONE', #130, #1938, #4190 ) ;
#2896 = DIRECTION ( 'NONE',  ( -0.000000000000000000, -0.000000000000000000, -1.000000000000000000 ) ) ;
#2897 = EDGE_LOOP ( 'NONE', ( #5817, #1440, #1079, #612 ) ) ;
#2898 = VECTOR ( 'NONE', #4856, 1000.000000000000000 ) ;
#2899 = ORIENTED_EDGE ( 'NONE', *, *, #386, .T. ) ;
#2900 = CARTESIAN_POINT ( 'NONE',  ( 98.40000000000000568, -39.14192622342644512, 25.71000000000000441 ) ) ;
#2901 = CARTESIAN_POINT ( 'NONE',  ( 182.1000000000000227, -36.00000000000000711, 28.81000000000000227 ) ) ;
#2902 = LINE ( 'NONE', #2955, #4768 ) ;
#2903 = EDGE_CURVE ( 'NONE', #3622, #2170, #4226, .T. ) ;
#2904 = AXIS2_PLACEMENT_3D ( 'NONE', #446, #3263, #4142 ) ;
#2905 = CARTESIAN_POINT ( 'NONE',  ( 98.00000000000000000, -41.40000000000000568, 28.81000000000000227 ) ) ;
#2906 = LINE ( 'NONE', #3898, #905 ) ;
#2907 = AXIS2_PLACEMENT_3D ( 'NONE', #4129, #5058, #5996 ) ;
#2908 = DIRECTION ( 'NONE',  ( 1.000000000000000000, 0.000000000000000000, 0.000000000000000000 ) ) ;
#2909 = CARTESIAN_POINT ( 'NONE',  ( 101.1000000000000227, 0.000000000000000000, 28.81000000000000227 ) ) ;
#2910 = EDGE_LOOP ( 'NONE', ( #278, #2969, #3567, #4380 ) ) ;
#2911 = AXIS2_PLACEMENT_3D ( 'NONE', #2098, #3503, #758 ) ;
#2912 = EDGE_LOOP ( 'NONE', ( #4083, #3823, #294, #2885 ) ) ;
#2913 = CARTESIAN_POINT ( 'NONE',  ( 187.1000000000000227, -36.39999999999999147, 28.81000000000000227 ) ) ;
#2914 = ADVANCED_FACE ( 'NONE', ( #4930 ), #5850, .F. ) ;
#2915 = CYLINDRICAL_SURFACE ( 'NONE', #4564, 0.4000000000000010214 ) ;
#2916 = VERTEX_POINT ( 'NONE', #4869 ) ;
#2917 = CARTESIAN_POINT ( 'NONE',  ( 187.1000000000000227, -135.6000000000000227, 28.81000000000000227 ) ) ;
#2918 = ORIENTED_EDGE ( 'NONE', *, *, #5362, .T. ) ;
#2919 = CARTESIAN_POINT ( 'NONE',  ( 188.2999999999999829, -130.6000000000000227, 26.51000000000000156 ) ) ;
#2920 = DIRECTION ( 'NONE',  ( -0.000000000000000000, 0.000000000000000000, 1.000000000000000000 ) ) ;
#2921 = CARTESIAN_POINT ( 'NONE',  ( 95.70000000000001705, -130.6000000000000512, 26.51000000000000156 ) ) ;
#2922 = CIRCLE ( 'NONE', #5845, 0.3999999999999975797 ) ;
#2923 = DIRECTION ( 'NONE',  ( -0.000000000000000000, -0.000000000000000000, -1.000000000000000000 ) ) ;
#2924 = EDGE_CURVE ( 'NONE', #2184, #5628, #748, .T. ) ;
#2925 = DIRECTION ( 'NONE',  ( 1.000000000000000000, 0.000000000000000000, 0.000000000000000000 ) ) ;
#2926 = ORIENTED_EDGE ( 'NONE', *, *, #3700, .F. ) ;
#2927 = ORIENTED_EDGE ( 'NONE', *, *, #4865, .T. ) ;
#2928 = FACE_OUTER_BOUND ( 'NONE', #3368, .T. ) ;
#2929 = DIRECTION ( 'NONE',  ( -0.000000000000000000, -0.000000000000000000, -1.000000000000000000 ) ) ;
#2930 = DIRECTION ( 'NONE',  ( 1.224646799147353207E-16, 1.000000000000000000, -0.000000000000000000 ) ) ;
#2931 = DIRECTION ( 'NONE',  ( 0.000000000000000000, 0.000000000000000000, 1.000000000000000000 ) ) ;
#2932 = CARTESIAN_POINT ( 'NONE',  ( 102.6000000000000085, -36.39999999999999858, 26.51000000000000156 ) ) ;
#2933 = ADVANCED_FACE ( 'NONE', ( #5414 ), #4839, .T. ) ;
#2934 = FACE_OUTER_BOUND ( 'NONE', #4330, .T. ) ;
#2935 = DIRECTION ( 'NONE',  ( -0.000000000000000000, -0.000000000000000000, -1.000000000000000000 ) ) ;
#2936 = EDGE_LOOP ( 'NONE', ( #2695, #3940, #2085, #2306 ) ) ;
#2937 = EDGE_CURVE ( 'NONE', #2746, #63, #3494, .T. ) ;
#2938 = ORIENTED_EDGE ( 'NONE', *, *, #1323, .T. ) ;
#2939 = LINE ( 'NONE', #1410, #6015 ) ;
#2940 = CARTESIAN_POINT ( 'NONE',  ( 187.1000000000000227, -135.6000000000000227, 28.81000000000000227 ) ) ;
#2941 = ORIENTED_EDGE ( 'NONE', *, *, #5530, .T. ) ;
#2942 = DIRECTION ( 'NONE',  ( -1.000000000000000000, 0.000000000000000000, 0.000000000000000000 ) ) ;
#2943 = ADVANCED_FACE ( 'NONE', ( #1207 ), #5730, .F. ) ;
#2944 = ORIENTED_EDGE ( 'NONE', *, *, #2086, .T. ) ;
#2945 = DIRECTION ( 'NONE',  ( -0.000000000000000000, -0.000000000000000000, 1.000000000000000000 ) ) ;
#2946 = DIRECTION ( 'NONE',  ( -0.000000000000000000, -0.000000000000000000, 1.000000000000000000 ) ) ;
#2947 = LINE ( 'NONE', #10, #4323 ) ;
#2948 = FACE_OUTER_BOUND ( 'NONE', #5220, .T. ) ;
#2949 = DIRECTION ( 'NONE',  ( -1.000000000000000000, 0.000000000000000000, 0.000000000000000000 ) ) ;
#2950 = ORIENTED_EDGE ( 'NONE', *, *, #2968, .T. ) ;
#2951 = ORIENTED_EDGE ( 'NONE', *, *, #4148, .T. ) ;
#2952 = CARTESIAN_POINT ( 'NONE',  ( 182.1000000000000512, -136.8000000000000114, 28.81000000000000227 ) ) ;
#2953 = CARTESIAN_POINT ( 'NONE',  ( 182.1000000000000512, -138.2580737765735535, 25.71000000000000441 ) ) ;
#2954 = AXIS2_PLACEMENT_3D ( 'NONE', #4149, #4205, #6017 ) ;
#2955 = CARTESIAN_POINT ( 'NONE',  ( 186.2700000000000102, 0.000000000000000000, 28.81000000000000227 ) ) ;
#2956 = CIRCLE ( 'NONE', #5686, 1.699999999999993072 ) ;
#2957 = DIRECTION ( 'NONE',  ( 0.000000000000000000, -1.000000000000000000, 0.000000000000000000 ) ) ;
#2958 = DIRECTION ( 'NONE',  ( -0.000000000000000000, -0.000000000000000000, -1.000000000000000000 ) ) ;
#2959 = CIRCLE ( 'NONE', #4621, 4.200000000000009059 ) ;
#2960 = DIRECTION ( 'NONE',  ( -0.000000000000000000, -0.000000000000000000, -1.000000000000000000 ) ) ;
#2961 = FACE_OUTER_BOUND ( 'NONE', #1678, .T. ) ;
#2962 = AXIS2_PLACEMENT_3D ( 'NONE', #3288, #4224, #1083 ) ;
#2963 = VERTEX_POINT ( 'NONE', #3071 ) ;
#2964 = ORIENTED_EDGE ( 'NONE', *, *, #1272, .F. ) ;
#2965 = PLANE ( 'NONE',  #3594 ) ;
#2966 = CARTESIAN_POINT ( 'NONE',  ( 103.4000000000000199, -140.1700000000000159, 28.81000000000000227 ) ) ;
#2967 = DIRECTION ( 'NONE',  ( 0.000000000000000000, 0.000000000000000000, 1.000000000000000000 ) ) ;
#2968 = EDGE_CURVE ( 'NONE', #438, #1446, #4360, .T. ) ;
#2969 = ORIENTED_EDGE ( 'NONE', *, *, #1356, .F. ) ;
#2970 = DIRECTION ( 'NONE',  ( 1.000000000000000000, 0.000000000000000000, 0.000000000000000000 ) ) ;
#2971 = VERTEX_POINT ( 'NONE', #3983 ) ;
#2972 = DIRECTION ( 'NONE',  ( -0.000000000000000000, -0.000000000000000000, -1.000000000000000000 ) ) ;
#2973 = CIRCLE ( 'NONE', #2196, 2.299999999999996270 ) ;
#2974 = DIRECTION ( 'NONE',  ( 0.000000000000000000, 0.000000000000000000, 1.000000000000000000 ) ) ;
#2975 = AXIS2_PLACEMENT_3D ( 'NONE', #3329, #1952, #1071 ) ;
#2976 = CARTESIAN_POINT ( 'NONE',  ( 99.59999999999998010, -43.00000000000000000, 31.81000000000000583 ) ) ;
#2977 = CARTESIAN_POINT ( 'NONE',  ( 102.4315503512457610, -37.57754055784513980, 28.01000000000000512 ) ) ;
#2978 = LINE ( 'NONE', #4844, #280 ) ;
#2979 = ORIENTED_EDGE ( 'NONE', *, *, #2000, .F. ) ;
#2980 = VECTOR ( 'NONE', #5068, 1000.000000000000000 ) ;
#2981 = DIRECTION ( 'NONE',  ( -0.000000000000000000, 0.000000000000000000, 1.000000000000000000 ) ) ;
#2982 = CIRCLE ( 'NONE', #1614, 2.799999999999997158 ) ;
#2983 = ADVANCED_FACE ( 'NONE', ( #5291 ), #4011, .F. ) ;
#2984 = VECTOR ( 'NONE', #3798, 1000.000000000000000 ) ;
#2985 = DIRECTION ( 'NONE',  ( 0.000000000000000000, 0.000000000000000000, -1.000000000000000000 ) ) ;
#2986 = VECTOR ( 'NONE', #370, 1000.000000000000000 ) ;
#2987 = CIRCLE ( 'NONE', #358, 2.258073776573554792 ) ;
#2988 = DIRECTION ( 'NONE',  ( -0.000000000000000000, -0.000000000000000000, -1.000000000000000000 ) ) ;
#2989 = LINE ( 'NONE', #2139, #5581 ) ;
#2990 = EDGE_CURVE ( 'NONE', #1062, #5837, #3676, .T. ) ;
#2991 = CARTESIAN_POINT ( 'NONE',  ( 98.40000000000000568, -36.39999999999999858, 26.51000000000000156 ) ) ;
#2992 = VERTEX_POINT ( 'NONE', #191 ) ;
#2993 = DIRECTION ( 'NONE',  ( 0.000000000000000000, -0.000000000000000000, 1.000000000000000000 ) ) ;
#2994 = AXIS2_PLACEMENT_3D ( 'NONE', #2793, #1728, #2740 ) ;
#2995 = ORIENTED_EDGE ( 'NONE', *, *, #4064, .F. ) ;
#2996 = EDGE_LOOP ( 'NONE', ( #2230, #2347, #778, #5561 ) ) ;
#2997 = CARTESIAN_POINT ( 'NONE',  ( 98.00000000000001421, -130.6000000000000512, 25.71000000000000441 ) ) ;
#2998 = DIRECTION ( 'NONE',  ( -0.000000000000000000, -0.000000000000000000, -1.000000000000000000 ) ) ;
#2999 = LINE ( 'NONE', #212, #1254 ) ;
#3000 = CIRCLE ( 'NONE', #457, 2.299999999999996270 ) ;
#3001 = ORIENTED_EDGE ( 'NONE', *, *, #2888, .T. ) ;
#3002 = CIRCLE ( 'NONE', #4456, 0.3999999999999975797 ) ;
#3003 = VECTOR ( 'NONE', #2946, 1000.000000000000000 ) ;
#3004 = ORIENTED_EDGE ( 'NONE', *, *, #2704, .T. ) ;
#3005 = CARTESIAN_POINT ( 'NONE',  ( 99.57754055784513980, -131.5684496487542674, 28.01000000000000512 ) ) ;
#3006 = CARTESIAN_POINT ( 'NONE',  ( 182.1000000000000512, -138.3000000000000114, 28.81000000000000227 ) ) ;
#3007 = CARTESIAN_POINT ( 'NONE',  ( 189.7999999999999829, -41.39999999999999147, 26.51000000000000156 ) ) ;
#3008 = ORIENTED_EDGE ( 'NONE', *, *, #530, .T. ) ;
#3009 = AXIS2_PLACEMENT_3D ( 'NONE', #4348, #2031, #5760 ) ;
#3010 = CYLINDRICAL_SURFACE ( 'NONE', #1709, 4.170000000000007034 ) ;
#3011 = CARTESIAN_POINT ( 'NONE',  ( 186.5000000000000000, -43.00000000000000000, 28.81000000000000227 ) ) ;
#3012 = ADVANCED_FACE ( 'NONE', ( #220 ), #2088, .T. ) ;
#3013 = EDGE_LOOP ( 'NONE', ( #3540, #3762, #3583, #4031, #3931, #4998, #5844, #3129 ) ) ;
#3014 = CARTESIAN_POINT ( 'NONE',  ( 187.5000000000000000, -131.4000000000000057, 26.51000000000000156 ) ) ;
#3015 = CARTESIAN_POINT ( 'NONE',  ( 194.0999999999999943, -136.5000000000000000, 31.81000000000000583 ) ) ;
#3016 = DIRECTION ( 'NONE',  ( 1.000000000000000000, 0.000000000000000000, -0.000000000000000000 ) ) ;
#3017 = EDGE_CURVE ( 'NONE', #4141, #5748, #714, .T. ) ;
#3018 = VERTEX_POINT ( 'NONE', #4807 ) ;
#3019 = CYLINDRICAL_SURFACE ( 'NONE', #656, 2.799999999999997158 ) ;
#3020 = DIRECTION ( 'NONE',  ( 0.000000000000000000, 0.000000000000000000, -1.000000000000000000 ) ) ;
#3021 = DIRECTION ( 'NONE',  ( 0.000000000000000000, -1.000000000000000000, 0.000000000000000000 ) ) ;
#3022 = EDGE_LOOP ( 'NONE', ( #3699, #5716, #2083, #4925 ) ) ;
#3023 = CARTESIAN_POINT ( 'NONE',  ( 185.8999999999999773, -43.00000000000000000, 31.41000000000000725 ) ) ;
#3024 = ORIENTED_EDGE ( 'NONE', *, *, #2482, .T. ) ;
#3025 = ORIENTED_EDGE ( 'NONE', *, *, #3257, .F. ) ;
#3026 = CARTESIAN_POINT ( 'NONE',  ( 180.5000000000000000, -134.0000000000000000, 31.41000000000000725 ) ) ;
#3027 = CARTESIAN_POINT ( 'NONE',  ( 99.99999999999995737, -129.0000000000000000, 30.61000000000000654 ) ) ;
#3028 = LINE ( 'NONE', #3974, #4364 ) ;
#3029 = EDGE_LOOP ( 'NONE', ( #5761, #2964, #3655, #2021, #3045, #5902, #5196, #2555, #5848, #5064 ) ) ;
#3030 = PRODUCT ( '\X2\4e0a58f3\X0\', '\X2\4e0a58f3\X0\', '', ( #2812 ) ) ;
#3031 = VERTEX_POINT ( 'NONE', #4434 ) ;
#3032 = FACE_OUTER_BOUND ( 'NONE', #4895, .T. ) ;
#3033 = ORIENTED_EDGE ( 'NONE', *, *, #3172, .T. ) ;
#3034 = CARTESIAN_POINT ( 'NONE',  ( 188.0000000000000000, -143.0000000000000284, 28.81000000000000227 ) ) ;
#3035 = DIRECTION ( 'NONE',  ( -1.000000000000000000, 0.000000000000000000, 0.000000000000000000 ) ) ;
#3036 = ORIENTED_EDGE ( 'NONE', *, *, #4934, .F. ) ;
#3037 = EDGE_CURVE ( 'NONE', #4866, #3634, #623, .T. ) ;
#3038 = DIRECTION ( 'NONE',  ( 0.000000000000000000, 0.000000000000000000, 1.000000000000000000 ) ) ;
#3039 = CARTESIAN_POINT ( 'NONE',  ( 96.25000000000000000, -33.99999999999997868, 26.51000000000000156 ) ) ;
#3040 = ORIENTED_EDGE ( 'NONE', *, *, #4862, .T. ) ;
#3041 = DIRECTION ( 'NONE',  ( -0.000000000000000000, 0.000000000000000000, 1.000000000000000000 ) ) ;
#3042 = DIRECTION ( 'NONE',  ( -0.000000000000000000, -1.000000000000000000, -0.000000000000000000 ) ) ;
#3043 = DIRECTION ( 'NONE',  ( -1.000000000000000000, 0.000000000000000000, 0.000000000000000000 ) ) ;
#3044 = EDGE_CURVE ( 'NONE', #1638, #1017, #1116, .T. ) ;
#3045 = ORIENTED_EDGE ( 'NONE', *, *, #1993, .F. ) ;
#3046 = CARTESIAN_POINT ( 'NONE',  ( 180.5000000000000000, -134.4000000000000057, 31.81000000000000583 ) ) ;
#3047 = EDGE_CURVE ( 'NONE', #1741, #4509, #4375, .T. ) ;
#3048 = FACE_OUTER_BOUND ( 'NONE', #3534, .T. ) ;
#3049 = AXIS2_PLACEMENT_3D ( 'NONE', #920, #1809, #455 ) ;
#3050 = CIRCLE ( 'NONE', #415, 0.8419262234264368594 ) ;
#3051 = LINE ( 'NONE', #5864, #834 ) ;
#3052 = ORIENTED_EDGE ( 'NONE', *, *, #743, .F. ) ;
#3053 = CARTESIAN_POINT ( 'NONE',  ( 98.40000000000001990, -134.7700000000000671, 26.51000000000000156 ) ) ;
#3054 = AXIS2_PLACEMENT_3D ( 'NONE', #2381, #4526, #4235 ) ;
#3055 = VECTOR ( 'NONE', #1972, 1000.000000000000000 ) ;
#3057 = EDGE_CURVE ( 'NONE', #63, #5163, #1153, .T. ) ;
#3056 = VERTEX_POINT ( 'NONE', #4073 ) ;
#3058 = ORIENTED_EDGE ( 'NONE', *, *, #2253, .T. ) ;
#3059 = DIRECTION ( 'NONE',  ( -0.000000000000000000, -0.000000000000000000, -1.000000000000000000 ) ) ;
#3060 = PLANE ( 'NONE',  #2703 ) ;
#3061 = DIRECTION ( 'NONE',  ( -1.000000000000000000, 0.000000000000000000, 0.000000000000000000 ) ) ;
#3062 = AXIS2_PLACEMENT_3D ( 'NONE', #762, #5798, #268 ) ;
#3063 = VERTEX_POINT ( 'NONE', #2741 ) ;
#3064 = EDGE_CURVE ( 'NONE', #4751, #2792, #1926, .T. ) ;
#3065 = AXIS2_PLACEMENT_3D ( 'NONE', #3383, #5208, #1459 ) ;
#3066 = EDGE_LOOP ( 'NONE', ( #4622, #4366, #4892, #3715, #2291, #5683, #3806, #3790 ) ) ;
#3067 = ORIENTED_EDGE ( 'NONE', *, *, #783, .F. ) ;
#3068 = DIRECTION ( 'NONE',  ( -0.000000000000000000, 0.000000000000000000, 1.000000000000000000 ) ) ;
#3069 = ORIENTED_EDGE ( 'NONE', *, *, #1649, .F. ) ;
#3070 = DIRECTION ( 'NONE',  ( 1.000000000000000000, 0.000000000000000000, 0.000000000000000000 ) ) ;
#3071 = CARTESIAN_POINT ( 'NONE',  ( 103.4000000000000199, -138.3000000000000114, 26.51000000000000156 ) ) ;
#3072 = ORIENTED_EDGE ( 'NONE', *, *, #5054, .F. ) ;
#3073 = EDGE_CURVE ( 'NONE', #3420, #226, #74, .T. ) ;
#3074 = DIRECTION ( 'NONE',  ( -0.000000000000000000, -0.000000000000000000, 1.000000000000000000 ) ) ;
#3075 = PLANE ( 'NONE',  #3689 ) ;
#3076 = EDGE_LOOP ( 'NONE', ( #4493, #266, #5474, #2724 ) ) ;
#3077 = AXIS2_PLACEMENT_3D ( 'NONE', #3965, #2561, #4853 ) ;
#3078 = EDGE_CURVE ( 'NONE', #3085, #4452, #3139, .T. ) ;
#3079 = CARTESIAN_POINT ( 'NONE',  ( 102.5580737765735932, -136.0000000000000000, 25.71000000000000441 ) ) ;
#3080 = DIRECTION ( 'NONE',  ( -0.000000000000000000, 0.000000000000000000, 1.000000000000000000 ) ) ;
#3081 = EDGE_CURVE ( 'NONE', #5343, #3741, #2269, .T. ) ;
#3082 = LINE ( 'NONE', #1158, #4172 ) ;
#3083 = CONICAL_SURFACE ( 'NONE', #43, 4.200000000000009059, 0.05235987755983000091 ) ;
#3084 = ADVANCED_FACE ( 'NONE', ( #4620 ), #3618, .T. ) ;
#3085 = VERTEX_POINT ( 'NONE', #5538 ) ;
#3086 = CARTESIAN_POINT ( 'NONE',  ( 104.9999999999999858, -36.99999999999999289, 28.81000000000000227 ) ) ;
#3087 = FACE_OUTER_BOUND ( 'NONE', #4750, .T. ) ;
#3088 = CIRCLE ( 'NONE', #5818, 2.799999999999997158 ) ;
#3089 = DIRECTION ( 'NONE',  ( -1.000000000000000000, 0.000000000000000000, 0.000000000000000000 ) ) ;
#3090 = ORIENTED_EDGE ( 'NONE', *, *, #3410, .T. ) ;
#3091 = DIRECTION ( 'NONE',  ( -0.000000000000000000, -0.000000000000000000, -1.000000000000000000 ) ) ;
#3092 = EDGE_CURVE ( 'NONE', #1762, #4565, #4965, .T. ) ;
#3093 = VERTEX_POINT ( 'NONE', #1326 ) ;
#3094 = ORIENTED_EDGE ( 'NONE', *, *, #5302, .T. ) ;
#3095 = DIRECTION ( 'NONE',  ( 1.000000000000000000, 0.000000000000000000, 0.000000000000000000 ) ) ;
#3096 = FACE_OUTER_BOUND ( 'NONE', #2144, .T. ) ;
#3097 = EDGE_CURVE ( 'NONE', #626, #4918, #1359, .T. ) ;
#3098 = CARTESIAN_POINT ( 'NONE',  ( 187.5000000000000000, -41.39999999999999147, 28.81000000000000227 ) ) ;
#3099 = CIRCLE ( 'NONE', #1825, 2.299999999999996270 ) ;
#3100 = VERTEX_POINT ( 'NONE', #5023 ) ;
#3101 = ORIENTED_EDGE ( 'NONE', *, *, #586, .F. ) ;
#3102 = EDGE_CURVE ( 'NONE', #4044, #1724, #3002, .T. ) ;
#3103 = DIRECTION ( 'NONE',  ( 1.000000000000000000, 1.555805808050947258E-16, -0.000000000000000000 ) ) ;
#3104 = ORIENTED_EDGE ( 'NONE', *, *, #1578, .T. ) ;
#3105 = CARTESIAN_POINT ( 'NONE',  ( 97.50000000000001421, -142.5999999999999943, 31.41000000000000725 ) ) ;
#3106 = CARTESIAN_POINT ( 'NONE',  ( 103.4000000000000199, -138.2580737765735535, 25.71000000000000441 ) ) ;
#3107 = VECTOR ( 'NONE', #5592, 1000.000000000000000 ) ;
#3108 = VERTEX_POINT ( 'NONE', #3106 ) ;
#3109 = AXIS2_PLACEMENT_3D ( 'NONE', #3325, #4757, #1067 ) ;
#3110 = DIRECTION ( 'NONE',  ( -1.000000000000000000, 0.000000000000000000, 0.000000000000000000 ) ) ;
#3111 = VECTOR ( 'NONE', #5290, 1000.000000000000000 ) ;
#3112 = DIRECTION ( 'NONE',  ( -1.000000000000000000, 0.000000000000000000, 0.000000000000000000 ) ) ;
#3113 = VECTOR ( 'NONE', #2540, 1000.000000000000000 ) ;
#3114 = ORIENTED_EDGE ( 'NONE', *, *, #1858, .T. ) ;
#3115 = VECTOR ( 'NONE', #4138, 1000.000000000000000 ) ;
#3116 = CARTESIAN_POINT ( 'NONE',  ( 180.5000000000000000, -129.0000000000000000, 30.61000000000000654 ) ) ;
#3117 = DIRECTION ( 'NONE',  ( 1.000000000000000000, 0.000000000000000000, 0.000000000000000000 ) ) ;
#3118 = CARTESIAN_POINT ( 'NONE',  ( 99.23000000000000398, 0.000000000000000000, 28.81000000000000227 ) ) ;
#3119 = AXIS2_PLACEMENT_3D ( 'NONE', #1699, #2680, #811 ) ;
#3120 = ORIENTED_EDGE ( 'NONE', *, *, #536, .T. ) ;
#3121 = ORIENTED_EDGE ( 'NONE', *, *, #5337, .F. ) ;
#3122 = DIRECTION ( 'NONE',  ( 0.000000000000000000, 0.000000000000000000, 1.000000000000000000 ) ) ;
#3123 = CARTESIAN_POINT ( 'NONE',  ( 0.000000000000000000, -131.4000000000000057, 28.81000000000000227 ) ) ;
#3124 = CARTESIAN_POINT ( 'NONE',  ( 104.9999999999999716, -129.0000000000000000, 28.81000000000000227 ) ) ;
#3125 = ORIENTED_EDGE ( 'NONE', *, *, #3802, .T. ) ;
#3126 = DIRECTION ( 'NONE',  ( -1.000000000000000000, 0.000000000000000000, 0.000000000000000000 ) ) ;
#3127 = ORIENTED_EDGE ( 'NONE', *, *, #404, .F. ) ;
#3128 = EDGE_CURVE ( 'NONE', #4854, #2662, #3976, .T. ) ;
#3129 = ORIENTED_EDGE ( 'NONE', *, *, #400, .F. ) ;
#3130 = LINE ( 'NONE', #4986, #3433 ) ;
#3131 = ADVANCED_FACE ( 'NONE', ( #807 ), #4652, .T. ) ;
#3132 = EDGE_CURVE ( 'NONE', #3585, #1879, #872, .T. ) ;
#3133 = ORIENTED_EDGE ( 'NONE', *, *, #1586, .F. ) ;
#3134 = ADVANCED_FACE ( 'NONE', ( #3199 ), #840, .T. ) ;
#3135 = DIRECTION ( 'NONE',  ( 1.000000000000000000, 0.000000000000000000, 0.000000000000000000 ) ) ;
#3136 = ORIENTED_EDGE ( 'NONE', *, *, #1203, .F. ) ;
#3137 = EDGE_LOOP ( 'NONE', ( #4203, #938, #4708, #1174 ) ) ;
#3138 = DIRECTION ( 'NONE',  ( 1.000000000000000000, 0.000000000000000000, 0.000000000000000000 ) ) ;
#3139 = LINE ( 'NONE', #6026, #4074 ) ;
#3140 = VERTEX_POINT ( 'NONE', #434 ) ;
#3141 = CARTESIAN_POINT ( 'NONE',  ( 194.5000000000000000, 0.000000000000000000, 28.81000000000000227 ) ) ;
#3142 = VERTEX_POINT ( 'NONE', #5084 ) ;
#3143 = LINE ( 'NONE', #2801, #3679 ) ;
#3144 = DIRECTION ( 'NONE',  ( 0.000000000000000000, 1.000000000000000000, 0.000000000000000000 ) ) ;
#3145 = CARTESIAN_POINT ( 'NONE',  ( 91.00000000000000000, -35.50000000000000711, 28.81000000000000227 ) ) ;
#3146 = ORIENTED_EDGE ( 'NONE', *, *, #5900, .F. ) ;
#3147 = EDGE_LOOP ( 'NONE', ( #573, #1801, #4575, #1192 ) ) ;
#3148 = DIRECTION ( 'NONE',  ( 0.000000000000000000, -0.000000000000000000, 1.000000000000000000 ) ) ;
#3149 = DIRECTION ( 'NONE',  ( 0.000000000000000000, -1.000000000000000000, 0.000000000000000000 ) ) ;
#3150 = ADVANCED_FACE ( 'NONE', ( #2765 ), #2245, .F. ) ;
#3151 = VERTEX_POINT ( 'NONE', #315 ) ;
#3152 = EDGE_CURVE ( 'NONE', #4113, #2688, #1531, .T. ) ;
#3153 = CARTESIAN_POINT ( 'NONE',  ( 182.1000000000000512, -138.3000000000000114, 26.51000000000000156 ) ) ;
#3154 = ORIENTED_EDGE ( 'NONE', *, *, #896, .T. ) ;
#3155 = VECTOR ( 'NONE', #5616, 1000.000000000000000 ) ;
#3156 = AXIS2_PLACEMENT_3D ( 'NONE', #2581, #5883, #5356 ) ;
#3157 = ORIENTED_EDGE ( 'NONE', *, *, #4353, .T. ) ;
#3158 = EDGE_CURVE ( 'NONE', #2200, #207, #350, .T. ) ;
#3159 = LINE ( 'NONE', #4554, #2857 ) ;
#3160 = DIRECTION ( 'NONE',  ( -1.000000000000000000, 0.000000000000000000, 0.000000000000000000 ) ) ;
#3161 = VECTOR ( 'NONE', #3163, 1000.000000000000000 ) ;
#3162 = ORIENTED_EDGE ( 'NONE', *, *, #1203, .T. ) ;
#3163 = DIRECTION ( 'NONE',  ( -1.000000000000000000, -0.000000000000000000, 0.000000000000000000 ) ) ;
#3164 = ORIENTED_EDGE ( 'NONE', *, *, #3964, .T. ) ;
#3165 = AXIS2_PLACEMENT_3D ( 'NONE', #978, #4668, #4180 ) ;
#3166 = EDGE_LOOP ( 'NONE', ( #5455, #989, #5177, #4131 ) ) ;
#3167 = CYLINDRICAL_SURFACE ( 'NONE', #2409, 1.700000000000007061 ) ;
#3168 = CARTESIAN_POINT ( 'NONE',  ( 189.7999999999999829, -41.39999999999999147, 26.51000000000000156 ) ) ;
#3169 = CIRCLE ( 'NONE', #2183, 4.170000000000007034 ) ;
#3170 = VERTEX_POINT ( 'NONE', #1989 ) ;
#3171 = DIRECTION ( 'NONE',  ( -9.078841193233349559E-16, -0.05233595624294395260, 0.9986295347545739443 ) ) ;
#3172 = EDGE_CURVE ( 'NONE', #5880, #2246, #1739, .T. ) ;
#3173 = CIRCLE ( 'NONE', #33, 0.4000000000000010214 ) ;
#3174 = ORIENTED_EDGE ( 'NONE', *, *, #1980, .F. ) ;
#3175 = CARTESIAN_POINT ( 'NONE',  ( 102.6000000000000227, -136.0000000000000000, 26.51000000000000156 ) ) ;
#3176 = DIRECTION ( 'NONE',  ( 1.000000000000000000, 0.000000000000000000, 0.000000000000000000 ) ) ;
#3177 = LINE ( 'NONE', #3145, #5741 ) ;
#3178 = ORIENTED_EDGE ( 'NONE', *, *, #3017, .F. ) ;
#3179 = VERTEX_POINT ( 'NONE', #5656 ) ;
#3180 = DIRECTION ( 'NONE',  ( 0.000000000000000000, 0.000000000000000000, -1.000000000000000000 ) ) ;
#3181 = EDGE_CURVE ( 'NONE', #4423, #4859, #464, .T. ) ;
#3182 = FACE_OUTER_BOUND ( 'NONE', #4799, .T. ) ;
#3183 = VECTOR ( 'NONE', #3444, 1000.000000000000000 ) ;
#3184 = CARTESIAN_POINT ( 'NONE',  ( 98.40000000000001990, -135.6000000000000512, 25.71000000000000441 ) ) ;
#3185 = ORIENTED_EDGE ( 'NONE', *, *, #5999, .T. ) ;
#3186 = CARTESIAN_POINT ( 'NONE',  ( 103.4000000000000199, -136.0000000000000000, 26.51000000000000156 ) ) ;
#3187 = ORIENTED_EDGE ( 'NONE', *, *, #5591, .F. ) ;
#3188 = VECTOR ( 'NONE', #448, 1000.000000000000000 ) ;
#3189 = CIRCLE ( 'NONE', #5515, 0.8299999999999974065 ) ;
#3190 = LINE ( 'NONE', #487, #5187 ) ;
#3191 = EDGE_CURVE ( 'NONE', #611, #1497, #5144, .T. ) ;
#3192 = VECTOR ( 'NONE', #2822, 1000.000000000000000 ) ;
#3193 = ADVANCED_FACE ( 'NONE', ( #4247 ), #2915, .T. ) ;
#3194 = DIRECTION ( 'NONE',  ( -1.000000000000000000, 0.000000000000000000, 0.000000000000000000 ) ) ;
#3195 = CIRCLE ( 'NONE', #444, 0.4000000000000010214 ) ;
#3196 = ORIENTED_EDGE ( 'NONE', *, *, #5956, .T. ) ;
#3197 = ORIENTED_EDGE ( 'NONE', *, *, #4246, .T. ) ;
#3198 = CARTESIAN_POINT ( 'NONE',  ( 189.2500000000000000, -33.99999999999997868, 29.61000000000000298 ) ) ;
#3199 = FACE_OUTER_BOUND ( 'NONE', #1257, .T. ) ;
#3200 = CIRCLE ( 'NONE', #1626, 0.3999999999999975797 ) ;
#3201 = ORIENTED_EDGE ( 'NONE', *, *, #2598, .T. ) ;
#3202 = LINE ( 'NONE', #3796, #5285 ) ;
#3203 = VECTOR ( 'NONE', #1428, 1000.000000000000000 ) ;
#3204 = VERTEX_POINT ( 'NONE', #3794 ) ;
#3205 = DIRECTION ( 'NONE',  ( 0.000000000000000000, 0.000000000000000000, 1.000000000000000000 ) ) ;
#3206 = DIRECTION ( 'NONE',  ( 0.000000000000000000, 0.000000000000000000, -1.000000000000000000 ) ) ;
#3207 = CARTESIAN_POINT ( 'NONE',  ( 0.000000000000000000, -134.7700000000000387, 28.81000000000000227 ) ) ;
#3208 = AXIS2_PLACEMENT_3D ( 'NONE', #4563, #897, #384 ) ;
#3209 = ADVANCED_FACE ( 'NONE', ( #5111 ), #4771, .F. ) ;
#3210 = VERTEX_POINT ( 'NONE', #988 ) ;
#3211 = ORIENTED_EDGE ( 'NONE', *, *, #3706, .F. ) ;
#3212 = AXIS2_PLACEMENT_3D ( 'NONE', #4964, #251, #4868 ) ;
#3213 = CARTESIAN_POINT ( 'NONE',  ( 104.9999999999999716, -134.0000000000000000, 30.61000000000000654 ) ) ;
#3214 = FACE_OUTER_BOUND ( 'NONE', #5567, .T. ) ;
#3215 = LINE ( 'NONE', #1282, #1711 ) ;
#3216 = VERTEX_POINT ( 'NONE', #5224 ) ;
#3217 = CIRCLE ( 'NONE', #3600, 5.000000000000004441 ) ;
#3218 = EDGE_CURVE ( 'NONE', #2916, #5163, #1020, .T. ) ;
#3219 = ORIENTED_EDGE ( 'NONE', *, *, #5682, .T. ) ;
#3220 = LINE ( 'NONE', #2786, #1974 ) ;
#3221 = VECTOR ( 'NONE', #2842, 1000.000000000000000 ) ;
#3222 = DIRECTION ( 'NONE',  ( -0.000000000000000000, 0.000000000000000000, 1.000000000000000000 ) ) ;
#3223 = EDGE_LOOP ( 'NONE', ( #1793, #2053, #1431, #973 ) ) ;
#3224 = VERTEX_POINT ( 'NONE', #5626 ) ;
#3225 = DIRECTION ( 'NONE',  ( -0.000000000000000000, -0.000000000000000000, 1.000000000000000000 ) ) ;
#3226 = CARTESIAN_POINT ( 'NONE',  ( 180.5000000000000000, -134.4000000000000057, 31.41000000000000725 ) ) ;
#3227 = ORIENTED_EDGE ( 'NONE', *, *, #3191, .T. ) ;
#3228 = CARTESIAN_POINT ( 'NONE',  ( 91.40000000000000568, -136.5000000000000000, 31.81000000000000583 ) ) ;
#3229 = ORIENTED_EDGE ( 'NONE', *, *, #96, .T. ) ;
#3230 = DIRECTION ( 'NONE',  ( -1.000000000000000000, 0.000000000000000000, 0.000000000000000000 ) ) ;
#3231 = LINE ( 'NONE', #849, #2676 ) ;
#3232 = EDGE_CURVE ( 'NONE', #21, #4487, #3335, .T. ) ;
#3233 = LINE ( 'NONE', #3207, #1837 ) ;
#3234 = VERTEX_POINT ( 'NONE', #2333 ) ;
#3235 = ORIENTED_EDGE ( 'NONE', *, *, #5107, .T. ) ;
#3236 = CARTESIAN_POINT ( 'NONE',  ( 0.000000000000000000, -31.83000000000000540, 28.81000000000000227 ) ) ;
#3237 = DIRECTION ( 'NONE',  ( -1.000000000000000000, 0.000000000000000000, 0.000000000000000000 ) ) ;
#3238 = EDGE_CURVE ( 'NONE', #5060, #1994, #5191, .T. ) ;
#3239 = DIRECTION ( 'NONE',  ( -0.000000000000000000, -0.000000000000000000, 1.000000000000000000 ) ) ;
#3240 = ORIENTED_EDGE ( 'NONE', *, *, #3455, .F. ) ;
#3241 = VERTEX_POINT ( 'NONE', #1957 ) ;
#3242 = DIRECTION ( 'NONE',  ( 1.000000000000000000, 0.000000000000000000, 0.000000000000000000 ) ) ;
#3243 = CARTESIAN_POINT ( 'NONE',  ( 104.9999999999999858, -43.00000000000000000, 28.81000000000000227 ) ) ;
#3244 = ORIENTED_EDGE ( 'NONE', *, *, #3356, .F. ) ;
#3245 = VERTEX_POINT ( 'NONE', #3726 ) ;
#3246 = DIRECTION ( 'NONE',  ( -0.000000000000000000, -0.000000000000000000, 1.000000000000000000 ) ) ;
#3247 = EDGE_CURVE ( 'NONE', #2547, #2297, #2794, .T. ) ;
#3248 = CARTESIAN_POINT ( 'NONE',  ( 183.0684496487542674, -37.57754055784517533, 28.41000000000000369 ) ) ;
#3249 = VERTEX_POINT ( 'NONE', #2454 ) ;
#3250 = CARTESIAN_POINT ( 'NONE',  ( 189.2500000000000000, -137.9999999999999716, 31.81000000000000583 ) ) ;
#3251 = AXIS2_PLACEMENT_3D ( 'NONE', #5475, #1291, #453 ) ;
#3252 = ORIENTED_EDGE ( 'NONE', *, *, #1522, .T. ) ;
#3253 = AXIS2_PLACEMENT_3D ( 'NONE', #2585, #1182, #4443 ) ;
#3254 = CARTESIAN_POINT ( 'NONE',  ( 184.4000000000000057, 0.000000000000000000, 28.81000000000000227 ) ) ;
#3255 = DIRECTION ( 'NONE',  ( -1.000000000000000000, -0.000000000000000000, -0.000000000000000000 ) ) ;
#3256 = DIRECTION ( 'NONE',  ( 0.000000000000000000, 0.000000000000000000, -1.000000000000000000 ) ) ;
#3257 = EDGE_CURVE ( 'NONE', #5403, #5802, #4952, .T. ) ;
#3258 = CARTESIAN_POINT ( 'NONE',  ( 98.00000000000000000, -39.10000000000000142, 26.51000000000000156 ) ) ;
#3259 = AXIS2_PLACEMENT_3D ( 'NONE', #1941, #134, #2434 ) ;
#3260 = EDGE_CURVE ( 'NONE', #5628, #5771, #2390, .T. ) ;
#3261 = ORIENTED_EDGE ( 'NONE', *, *, #4808, .T. ) ;
#3262 = ORIENTED_EDGE ( 'NONE', *, *, #1559, .F. ) ;
#3263 = DIRECTION ( 'NONE',  ( 0.000000000000000000, -0.9986295347545739443, -0.05233595624294395260 ) ) ;
#3264 = CARTESIAN_POINT ( 'NONE',  ( 99.04999999999999716, -33.99999999999997868, 31.41000000000000725 ) ) ;
#3265 = APPLICATION_PROTOCOL_DEFINITION ( 'draft international standard', 'automotive_design', 1998, #697 ) ;
#3266 = CARTESIAN_POINT ( 'NONE',  ( 187.1000000000000227, -40.59999999999999432, 26.51000000000000156 ) ) ;
#3267 = ORIENTED_EDGE ( 'NONE', *, *, #4482, .T. ) ;
#3268 = CIRCLE ( 'NONE', #4234, 0.8299999999999974065 ) ;
#3269 = LINE ( 'NONE', #5128, #2275 ) ;
#3270 = AXIS2_PLACEMENT_3D ( 'NONE', #695, #2593, #5769 ) ;
#3271 = CARTESIAN_POINT ( 'NONE',  ( 98.99999999999995737, -129.0000000000000000, 28.81000000000000227 ) ) ;
#3272 = EDGE_CURVE ( 'NONE', #1608, #4389, #1499, .T. ) ;
#3273 = ADVANCED_FACE ( 'NONE', ( #493 ), #3367, .T. ) ;
#3274 = CARTESIAN_POINT ( 'NONE',  ( 187.1000000000000227, -36.39999999999999147, 26.51000000000000156 ) ) ;
#3275 = LINE ( 'NONE', #5186, #3375 ) ;
#3276 = VERTEX_POINT ( 'NONE', #4645 ) ;
#3277 = EDGE_CURVE ( 'NONE', #3140, #4705, #3280, .T. ) ;
#3278 = ORIENTED_EDGE ( 'NONE', *, *, #912, .T. ) ;
#3279 = DIRECTION ( 'NONE',  ( -1.000000000000000000, 0.000000000000000000, -0.000000000000000000 ) ) ;
#3280 = LINE ( 'NONE', #5137, #2420 ) ;
#3281 = ORIENTED_EDGE ( 'NONE', *, *, #3935, .T. ) ;
#3282 = VECTOR ( 'NONE', #2874, 1000.000000000000000 ) ;
#3283 = CARTESIAN_POINT ( 'NONE',  ( 98.00000000000001421, -130.6000000000000512, 28.81000000000000227 ) ) ;
#3284 = EDGE_LOOP ( 'NONE', ( #4803, #2130, #5982, #4963 ) ) ;
#3285 = DIRECTION ( 'NONE',  ( -0.000000000000000000, -0.000000000000000000, 1.000000000000000000 ) ) ;
#3286 = CARTESIAN_POINT ( 'NONE',  ( 96.25000000000000000, -137.9999999999999716, 31.41000000000000725 ) ) ;
#3287 = DIRECTION ( 'NONE',  ( -0.000000000000000000, -0.000000000000000000, -1.000000000000000000 ) ) ;
#3288 = CARTESIAN_POINT ( 'NONE',  ( 180.5000000000000000, -43.00000000000000000, 31.41000000000000725 ) ) ;
#3289 = CARTESIAN_POINT ( 'NONE',  ( 99.99999999999995737, -129.0000000000000000, 30.61000000000000654 ) ) ;
#3290 = AXIS2_PLACEMENT_3D ( 'NONE', #4562, #3246, #1268 ) ;
#3291 = CARTESIAN_POINT ( 'NONE',  ( 189.2500000000000000, -33.99999999999997868, 29.61000000000000298 ) ) ;
#3292 = VERTEX_POINT ( 'NONE', #2358 ) ;
#3293 = ORIENTED_EDGE ( 'NONE', *, *, #888, .T. ) ;
#3294 = CARTESIAN_POINT ( 'NONE',  ( 187.1000000000000227, -135.6000000000000227, 25.71000000000000441 ) ) ;
#3295 = DIRECTION ( 'NONE',  ( 1.000000000000000000, 0.000000000000000000, 0.000000000000000000 ) ) ;
#3296 = AXIS2_PLACEMENT_3D ( 'NONE', #1001, #3864, #5241 ) ;
#3297 = DIRECTION ( 'NONE',  ( 1.000000000000000000, 0.000000000000000000, 0.000000000000000000 ) ) ;
#3298 = AXIS2_PLACEMENT_3D ( 'NONE', #5756, #4433, #2577 ) ;
#3299 = CIRCLE ( 'NONE', #465, 2.299999999999996270 ) ;
#3300 = DIRECTION ( 'NONE',  ( -0.000000000000000000, -0.05233595624294394566, 0.9986295347545739443 ) ) ;
#3301 = DIRECTION ( 'NONE',  ( -0.000000000000000000, -0.000000000000000000, -1.000000000000000000 ) ) ;
#3302 = EDGE_CURVE ( 'NONE', #3056, #1773, #5832, .T. ) ;
#3303 = CARTESIAN_POINT ( 'NONE',  ( 96.25000000000000000, -33.99999999999997868, 31.41000000000000725 ) ) ;
#3304 = LINE ( 'NONE', #3815, #3192 ) ;
#3305 = EDGE_CURVE ( 'NONE', #4673, #5193, #3028, .T. ) ;
#3306 = ORIENTED_EDGE ( 'NONE', *, *, #2803, .F. ) ;
#3307 = ADVANCED_FACE ( 'NONE', ( #3939 ), #2570, .F. ) ;
#3308 = ORIENTED_EDGE ( 'NONE', *, *, #4633, .T. ) ;
#3309 = LINE ( 'NONE', #1443, #5822 ) ;
#3310 = DIRECTION ( 'NONE',  ( 1.000000000000000000, 0.000000000000000000, 0.000000000000000000 ) ) ;
#3311 = ORIENTED_EDGE ( 'NONE', *, *, #1858, .F. ) ;
#3312 = ADVANCED_FACE ( 'NONE', ( #2511 ), #4828, .F. ) ;
#3313 = DIRECTION ( 'NONE',  ( 0.000000000000000000, 0.000000000000000000, 1.000000000000000000 ) ) ;
#3314 = ORIENTED_EDGE ( 'NONE', *, *, #2534, .F. ) ;
#3315 = DIRECTION ( 'NONE',  ( -0.000000000000000000, 0.000000000000000000, 1.000000000000000000 ) ) ;
#3316 = CARTESIAN_POINT ( 'NONE',  ( 182.1000000000000512, -136.0000000000000000, 25.71000000000000441 ) ) ;
#3317 = DIRECTION ( 'NONE',  ( 0.000000000000000000, 0.000000000000000000, 1.000000000000000000 ) ) ;
#3318 = DIRECTION ( 'NONE',  ( -0.9986295347545739443, -1.553673630262381692E-16, -0.05233595624294395260 ) ) ;
#3319 = CARTESIAN_POINT ( 'NONE',  ( 98.40000000000001990, -132.9000000000000341, 26.51000000000000156 ) ) ;
#3320 = CARTESIAN_POINT ( 'NONE',  ( 186.5000000000000000, -43.00000000000000000, 28.01000000000000512 ) ) ;
#3321 = EDGE_LOOP ( 'NONE', ( #4365, #3947, #2927, #4278 ) ) ;
#3322 = VERTEX_POINT ( 'NONE', #646 ) ;
#3323 = LINE ( 'NONE', #510, #163 ) ;
#3324 = CYLINDRICAL_SURFACE ( 'NONE', #1495, 4.170000000000007034 ) ;
#3325 = CARTESIAN_POINT ( 'NONE',  ( 182.1000000000000512, -136.0000000000000000, 26.51000000000000156 ) ) ;
#3326 = DIRECTION ( 'NONE',  ( -0.000000000000000000, 0.000000000000000000, 1.000000000000000000 ) ) ;
#3327 = CARTESIAN_POINT ( 'NONE',  ( 98.99999999999995737, -129.0000000000000000, 28.01000000000000512 ) ) ;
#3328 = EDGE_CURVE ( 'NONE', #3591, #3140, #1351, .T. ) ;
#3329 = CARTESIAN_POINT ( 'NONE',  ( 187.5000000000000000, -130.6000000000000227, 26.51000000000000156 ) ) ;
#3330 = FACE_OUTER_BOUND ( 'NONE', #2714, .T. ) ;
#3331 = VERTEX_POINT ( 'NONE', #5843 ) ;
#3332 = EDGE_CURVE ( 'NONE', #564, #4006, #3517, .T. ) ;
#3333 = VERTEX_POINT ( 'NONE', #1106 ) ;
#3334 = DIRECTION ( 'NONE',  ( -1.000000000000000000, 0.000000000000000000, 0.000000000000000000 ) ) ;
#3335 = LINE ( 'NONE', #1867, #4164 ) ;
#3336 = EDGE_LOOP ( 'NONE', ( #3915, #4109, #5588, #3795 ) ) ;
#3337 = FACE_OUTER_BOUND ( 'NONE', #5860, .T. ) ;
#3338 = ORIENTED_EDGE ( 'NONE', *, *, #2125, .F. ) ;
#3339 = CARTESIAN_POINT ( 'NONE',  ( 187.5000000000000000, -41.39999999999999147, 28.81000000000000227 ) ) ;
#3340 = LINE ( 'NONE', #673, #1397 ) ;
#3341 = VECTOR ( 'NONE', #4094, 1000.000000000000000 ) ;
#3342 = DIRECTION ( 'NONE',  ( 1.000000000000000000, 0.000000000000000000, 0.000000000000000000 ) ) ;
#3343 = AXIS2_PLACEMENT_3D ( 'NONE', #5949, #5853, #2649 ) ;
#3344 = DIRECTION ( 'NONE',  ( -1.000000000000000000, 0.000000000000000000, 0.000000000000000000 ) ) ;
#3345 = LINE ( 'NONE', #5202, #1127 ) ;
#3346 = AXIS2_PLACEMENT_3D ( 'NONE', #2324, #3716, #5582 ) ;
#3347 = VECTOR ( 'NONE', #2781, 1000.000000000000000 ) ;
#3348 = DIRECTION ( 'NONE',  ( -0.000000000000000000, 0.000000000000000000, 1.000000000000000000 ) ) ;
#3349 = ORIENTED_EDGE ( 'NONE', *, *, #4752, .F. ) ;
#3350 = ORIENTED_EDGE ( 'NONE', *, *, #2338, .F. ) ;
#3351 = DIRECTION ( 'NONE',  ( -0.000000000000000000, 0.05233595624294395260, 0.9986295347545739443 ) ) ;
#3352 = DIRECTION ( 'NONE',  ( 1.000000000000000000, 0.000000000000000000, 0.000000000000000000 ) ) ;
#3353 = AXIS2_PLACEMENT_3D ( 'NONE', #2413, #3326, #1125 ) ;
#3354 = VECTOR ( 'NONE', #3438, 1000.000000000000000 ) ;
#3355 = CARTESIAN_POINT ( 'NONE',  ( 93.05000000000001137, -33.99999999999997868, 31.41000000000000725 ) ) ;
#3356 = EDGE_CURVE ( 'NONE', #443, #2971, #2148, .T. ) ;
#3357 = LINE ( 'NONE', #1574, #2082 ) ;
#3358 = CARTESIAN_POINT ( 'NONE',  ( 102.6000000000000085, -36.00000000000000711, 26.51000000000000156 ) ) ;
#3359 = FACE_OUTER_BOUND ( 'NONE', #805, .T. ) ;
#3360 = CARTESIAN_POINT ( 'NONE',  ( 187.1000000000000227, -134.7700000000000387, 28.81000000000000227 ) ) ;
#3361 = ORIENTED_EDGE ( 'NONE', *, *, #5548, .F. ) ;
#3362 = AXIS2_PLACEMENT_3D ( 'NONE', #5346, #4425, #1104 ) ;
#3363 = EDGE_CURVE ( 'NONE', #226, #2176, #1528, .T. ) ;
#3364 = ORIENTED_EDGE ( 'NONE', *, *, #165, .F. ) ;
#3365 = DIRECTION ( 'NONE',  ( -0.000000000000000000, -0.000000000000000000, -1.000000000000000000 ) ) ;
#3366 = ADVANCED_FACE ( 'NONE', ( #5313, #244 ), #4461, .T. ) ;
#3367 = PLANE ( 'NONE',  #3970 ) ;
#3368 = EDGE_LOOP ( 'NONE', ( #3409, #4184, #3133, #873 ) ) ;
#3369 = VECTOR ( 'NONE', #5338, 1000.000000000000000 ) ;
#3370 = DIRECTION ( 'NONE',  ( 1.000000000000000000, 0.000000000000000000, 0.000000000000000000 ) ) ;
#3371 = ORIENTED_EDGE ( 'NONE', *, *, #2743, .F. ) ;
#3372 = CYLINDRICAL_SURFACE ( 'NONE', #5509, 6.000000000000005329 ) ;
#3373 = DIRECTION ( 'NONE',  ( -1.000000000000000000, 0.000000000000000000, 0.000000000000000000 ) ) ;
#3374 = LINE ( 'NONE', #2366, #5795 ) ;
#3375 = VECTOR ( 'NONE', #2475, 1000.000000000000000 ) ;
#3376 = FACE_OUTER_BOUND ( 'NONE', #3853, .T. ) ;
#3377 = VECTOR ( 'NONE', #5992, 1000.000000000000000 ) ;
#3378 = CARTESIAN_POINT ( 'NONE',  ( 97.94999999999998863, -33.99999999999997868, 26.51000000000000156 ) ) ;
#3379 = ORIENTED_EDGE ( 'NONE', *, *, #4633, .F. ) ;
#3380 = ADVANCED_FACE ( 'NONE', ( #4863 ), #2114, .T. ) ;
#3381 = ORIENTED_EDGE ( 'NONE', *, *, #1453, .T. ) ;
#3382 = CARTESIAN_POINT ( 'NONE',  ( 186.4500000000000171, -137.9999999999999716, 29.61000000000000298 ) ) ;
#3383 = CARTESIAN_POINT ( 'NONE',  ( 189.2500000000000000, -137.9999999999999716, 19.61000000000000298 ) ) ;
#3384 = DIRECTION ( 'NONE',  ( -0.000000000000000000, 0.000000000000000000, 1.000000000000000000 ) ) ;
#3385 = ADVANCED_FACE ( 'NONE', ( #675 ), #2322, .T. ) ;
#3386 = VECTOR ( 'NONE', #4689, 1000.000000000000000 ) ;
#3387 = DIRECTION ( 'NONE',  ( 0.000000000000000000, 0.000000000000000000, -1.000000000000000000 ) ) ;
#3388 = DIRECTION ( 'NONE',  ( 1.000000000000000000, 0.000000000000000000, 0.000000000000000000 ) ) ;
#3389 = ADVANCED_FACE ( 'NONE', ( #1139 ), #1171, .T. ) ;
#3390 = DIRECTION ( 'NONE',  ( -0.000000000000000000, 0.000000000000000000, 1.000000000000000000 ) ) ;
#3391 = VECTOR ( 'NONE', #1418, 1000.000000000000000 ) ;
#3392 = DIRECTION ( 'NONE',  ( 0.000000000000000000, 0.000000000000000000, -1.000000000000000000 ) ) ;
#3393 = ORIENTED_EDGE ( 'NONE', *, *, #684, .T. ) ;
#3394 = VECTOR ( 'NONE', #361, 1000.000000000000000 ) ;
#3395 = EDGE_LOOP ( 'NONE', ( #3240, #236, #3978, #4559, #1259, #5877, #4262, #528, #4402, #2061, #3447, #1750, #2111, #4674, #2343, #1764 ) ) ;
#3396 = DIRECTION ( 'NONE',  ( 1.000000000000000000, 0.000000000000000000, 0.000000000000000000 ) ) ;
#3397 = DIRECTION ( 'NONE',  ( -1.000000000000000000, 0.000000000000000000, 0.000000000000000000 ) ) ;
#3398 = EDGE_LOOP ( 'NONE', ( #6006, #3942, #3278, #392 ) ) ;
#3399 = AXIS2_PLACEMENT_3D ( 'NONE', #2219, #5916, #1763 ) ;
#3400 = DIRECTION ( 'NONE',  ( -0.000000000000000000, 0.000000000000000000, 1.000000000000000000 ) ) ;
#3401 = ORIENTED_EDGE ( 'NONE', *, *, #157, .T. ) ;
#3402 = FACE_BOUND ( 'NONE', #1448, .T. ) ;
#3403 = EDGE_CURVE ( 'NONE', #1660, #5113, #3299, .T. ) ;
#3404 = FACE_OUTER_BOUND ( 'NONE', #5594, .T. ) ;
#3405 = CARTESIAN_POINT ( 'NONE',  ( 188.0000000000000000, -143.0000000000000284, 31.41000000000000725 ) ) ;
#3406 = CARTESIAN_POINT ( 'NONE',  ( 98.00000000000000000, -37.23000000000000398, 26.51000000000000156 ) ) ;
#3407 = DIRECTION ( 'NONE',  ( -0.000000000000000000, -0.000000000000000000, -1.000000000000000000 ) ) ;
#3408 = ORIENTED_EDGE ( 'NONE', *, *, #3802, .F. ) ;
#3409 = ORIENTED_EDGE ( 'NONE', *, *, #4283, .T. ) ;
#3410 = EDGE_CURVE ( 'NONE', #2121, #4044, #2519, .T. ) ;
#3411 = CARTESIAN_POINT ( 'NONE',  ( 183.0684496487542674, -134.4224594421548318, 28.41000000000000369 ) ) ;
#3412 = CARTESIAN_POINT ( 'NONE',  ( 0.000000000000000000, -143.0000000000000284, 26.51000000000000156 ) ) ;
#3413 = CARTESIAN_POINT ( 'NONE',  ( 186.4500000000000171, -33.99999999999997868, 29.61000000000000298 ) ) ;
#3414 = CARTESIAN_POINT ( 'NONE',  ( 0.000000000000000000, -29.00000000000000000, 28.81000000000000227 ) ) ;
#3415 = EDGE_CURVE ( 'NONE', #2170, #5113, #1658, .T. ) ;
#3416 = DIRECTION ( 'NONE',  ( -0.05233595624294395260, 0.000000000000000000, -0.9986295347545739443 ) ) ;
#3417 = CARTESIAN_POINT ( 'NONE',  ( 91.00000000000000000, -35.50000000000000711, 26.51000000000000156 ) ) ;
#3418 = CARTESIAN_POINT ( 'NONE',  ( 95.70000000000001705, -130.6000000000000512, 28.81000000000000227 ) ) ;
#3419 = VERTEX_POINT ( 'NONE', #3422 ) ;
#3420 = VERTEX_POINT ( 'NONE', #5347 ) ;
#3421 = FACE_OUTER_BOUND ( 'NONE', #4219, .T. ) ;
#3422 = CARTESIAN_POINT ( 'NONE',  ( 98.40000000000001990, -131.4419262234264920, 25.71000000000000441 ) ) ;
#3423 = ORIENTED_EDGE ( 'NONE', *, *, #831, .F. ) ;
#3424 = FACE_OUTER_BOUND ( 'NONE', #2193, .T. ) ;
#3425 = ORIENTED_EDGE ( 'NONE', *, *, #931, .T. ) ;
#3426 = EDGE_CURVE ( 'NONE', #4751, #615, #2999, .T. ) ;
#3427 = DIRECTION ( 'NONE',  ( -0.000000000000000000, 0.000000000000000000, 1.000000000000000000 ) ) ;
#3428 = DIRECTION ( 'NONE',  ( 1.000000000000000000, 0.000000000000000000, 0.000000000000000000 ) ) ;
#3429 = CARTESIAN_POINT ( 'NONE',  ( 182.9000000000000057, 0.000000000000000000, 26.51000000000000156 ) ) ;
#3430 = CARTESIAN_POINT ( 'NONE',  ( 192.0500000000000114, -33.99999999999997868, 29.61000000000000298 ) ) ;
#3431 = CARTESIAN_POINT ( 'NONE',  ( 187.1000000000000227, -36.39999999999999147, 28.81000000000000227 ) ) ;
#3432 = VERTEX_POINT ( 'NONE', #2602 ) ;
#3433 = VECTOR ( 'NONE', #5470, 1000.000000000000000 ) ;
#3434 = EDGE_LOOP ( 'NONE', ( #410, #523, #310, #231 ) ) ;
#3435 = CIRCLE ( 'NONE', #1975, 3.200000000000008171 ) ;
#3436 = EDGE_CURVE ( 'NONE', #4688, #5410, #1684, .T. ) ;
#3437 = DIRECTION ( 'NONE',  ( 1.000000000000000000, 0.000000000000000000, 0.000000000000000000 ) ) ;
#3438 = DIRECTION ( 'NONE',  ( 0.000000000000000000, 1.000000000000000000, -0.000000000000000000 ) ) ;
#3439 = CARTESIAN_POINT ( 'NONE',  ( 96.25000000000000000, -33.99999999999997868, 31.81000000000000583 ) ) ;
#3440 = CIRCLE ( 'NONE', #5192, 0.7999999999999951594 ) ;
#3441 = PLANE ( 'NONE',  #3642 ) ;
#3442 = DIRECTION ( 'NONE',  ( -1.000000000000000000, 0.000000000000000000, 0.000000000000000000 ) ) ;
#3443 = CIRCLE ( 'NONE', #5891, 1.700000000000007061 ) ;
#3444 = DIRECTION ( 'NONE',  ( 0.05233595624294395260, -0.000000000000000000, 0.9986295347545739443 ) ) ;
#3445 = DIRECTION ( 'NONE',  ( -0.000000000000000000, 0.000000000000000000, 1.000000000000000000 ) ) ;
#3446 = CIRCLE ( 'NONE', #4036, 1.700000000000007061 ) ;
#3447 = ORIENTED_EDGE ( 'NONE', *, *, #592, .T. ) ;
#3448 = ORIENTED_EDGE ( 'NONE', *, *, #2789, .F. ) ;
#3449 = DIRECTION ( 'NONE',  ( 0.000000000000000000, 0.000000000000000000, -1.000000000000000000 ) ) ;
#3450 = ADVANCED_FACE ( 'NONE', ( #1230 ), #3548, .F. ) ;
#3451 = DIRECTION ( 'NONE',  ( -0.000000000000000000, -0.000000000000000000, -1.000000000000000000 ) ) ;
#3452 = EDGE_CURVE ( 'NONE', #100, #826, #4005, .T. ) ;
#3453 = CARTESIAN_POINT ( 'NONE',  ( 98.00000000000000000, -41.40000000000000568, 28.81000000000000227 ) ) ;
#3454 = VERTEX_POINT ( 'NONE', #5872 ) ;
#3455 = EDGE_CURVE ( 'NONE', #1457, #4859, #5444, .T. ) ;
#3456 = CARTESIAN_POINT ( 'NONE',  ( 97.20000000000001705, -130.6000000000000512, 26.51000000000000156 ) ) ;
#3457 = ORIENTED_EDGE ( 'NONE', *, *, #5473, .F. ) ;
#3458 = DIRECTION ( 'NONE',  ( 1.000000000000000000, 0.000000000000000000, 0.000000000000000000 ) ) ;
#3459 = VECTOR ( 'NONE', #3074, 1000.000000000000000 ) ;
#3460 = FACE_OUTER_BOUND ( 'NONE', #2484, .T. ) ;
#3461 = CONICAL_SURFACE ( 'NONE', #3749, 4.200000000000009059, 0.05235987755983000091 ) ;
#3462 = CARTESIAN_POINT ( 'NONE',  ( 101.1000000000000085, 0.000000000000000000, 28.81000000000000227 ) ) ;
#3463 = ADVANCED_FACE ( 'NONE', ( #1904 ), #2965, .T. ) ;
#3464 = CARTESIAN_POINT ( 'NONE',  ( 98.40000000000000568, -36.39999999999999858, 28.81000000000000227 ) ) ;
#3465 = CARTESIAN_POINT ( 'NONE',  ( 96.25000000000000000, -33.99999999999997868, 31.81000000000000583 ) ) ;
#3466 = VERTEX_POINT ( 'NONE', #4826 ) ;
#3467 = DIRECTION ( 'NONE',  ( 0.000000000000000000, -1.000000000000000000, 0.000000000000000000 ) ) ;
#3468 = LINE ( 'NONE', #755, #1591 ) ;
#3469 = AXIS2_PLACEMENT_3D ( 'NONE', #5723, #4253, #5143 ) ;
#3470 = FACE_OUTER_BOUND ( 'NONE', #854, .T. ) ;
#3471 = CONICAL_SURFACE ( 'NONE', #5043, 0.7999999999999951594, 0.05235987755983000091 ) ;
#3472 = ORIENTED_EDGE ( 'NONE', *, *, #5842, .T. ) ;
#3473 = CARTESIAN_POINT ( 'NONE',  ( 190.9500000000000171, -33.99999999999997868, 26.51000000000000156 ) ) ;
#3474 = DIRECTION ( 'NONE',  ( 0.000000000000000000, 1.000000000000000000, 0.000000000000000000 ) ) ;
#3475 = AXIS2_PLACEMENT_3D ( 'NONE', #4529, #432, #1843 ) ;
#3476 = CARTESIAN_POINT ( 'NONE',  ( 103.4000000000000199, -138.3000000000000114, 28.81000000000000227 ) ) ;
#3477 = ORIENTED_EDGE ( 'NONE', *, *, #3410, .F. ) ;
#3478 = DIRECTION ( 'NONE',  ( 1.000000000000000000, 0.000000000000000000, 0.000000000000000000 ) ) ;
#3479 = AXIS2_PLACEMENT_3D ( 'NONE', #1371, #5095, #909 ) ;
#3480 = VERTEX_POINT ( 'NONE', #8 ) ;
#3481 = ORIENTED_EDGE ( 'NONE', *, *, #2892, .T. ) ;
#3482 = CARTESIAN_POINT ( 'NONE',  ( 103.4000000000000057, -36.00000000000000711, 28.81000000000000227 ) ) ;
#3483 = CARTESIAN_POINT ( 'NONE',  ( 182.9000000000000057, -36.39999999999999147, 26.51000000000000156 ) ) ;
#3484 = EDGE_CURVE ( 'NONE', #5641, #2277, #4711, .T. ) ;
#3485 = DIRECTION ( 'NONE',  ( 1.000000000000000000, 0.000000000000000000, 0.000000000000000000 ) ) ;
#3486 = AXIS2_PLACEMENT_3D ( 'NONE', #5895, #5927, #1646 ) ;
#3487 = ORIENTED_EDGE ( 'NONE', *, *, #49, .T. ) ;
#3488 = VECTOR ( 'NONE', #2028, 1000.000000000000000 ) ;
#3489 = AXIS2_PLACEMENT_3D ( 'NONE', #4135, #1794, #5033 ) ;
#3490 = ORIENTED_EDGE ( 'NONE', *, *, #860, .T. ) ;
#3491 = CARTESIAN_POINT ( 'NONE',  ( 98.99999999999995737, -129.0000000000000000, 28.01000000000000512 ) ) ;
#3492 = EDGE_LOOP ( 'NONE', ( #3606, #2847, #3610, #1570 ) ) ;
#3493 = ADVANCED_FACE ( 'NONE', ( #4191 ), #1474, .F. ) ;
#3494 = LINE ( 'NONE', #3911, #2811 ) ;
#3495 = EDGE_LOOP ( 'NONE', ( #1180, #3196 ) ) ;
#3496 = DIRECTION ( 'NONE',  ( 1.613696256722611159E-16, 1.000000000000000000, 0.000000000000000000 ) ) ;
#3497 = CARTESIAN_POINT ( 'NONE',  ( 182.1000000000000227, -31.82999999999999829, 28.81000000000000227 ) ) ;
#3498 = ADVANCED_FACE ( 'NONE', ( #473 ), #5942, .T. ) ;
#3499 = ORIENTED_EDGE ( 'NONE', *, *, #5619, .F. ) ;
#3500 = CLOSED_SHELL ( 'NONE', ( #582, #3498, #5427, #3385, #1896, #1549, #4076, #4980, #3834, #1278, #3504, #3312, #5529, #3821, #1476, #2762, #1064, #4305, #2163, #1088, #365, #3380, #3929, #1173, #756, #291, #1161, #3012, #5981, #5416, #360, #3652, #603, #1696, #571, #3774, #3307, #4457, #5881, #202, #3493, #4830, #2431, #257, #1260, #112, #3450, #5600, #3209, #2647, #5396, #297, #3950, #5465, #5247, #104, #4097, #2406, #3980, #1228, #4670, #5101, #3516, #5232, #2639, #1781, #2983, #2445, #2878, #423, #4444, #4765, #3150, #1006, #4347, #568, #2175, #5658, #2653, #776, #1183, #5745, #5618, #4192, #482, #2628, #4232, #2616, #1080, #2783, #113, #429, #4700, #2603, #3598, #4089, #3131, #3675, #1731, #3273, #2758, #2933, #5061, #4728, #5888, #5862, #2677, #3084, #962, #4490, #5676, #265, #4600, #1545, #2943, #5933, #5088, #2057, #4913, #5698, #1629, #4802, #5812, #1538, #733, #4605, #5781, #3463, #5500, #4784, #3389, #5407, #4612, #5661, #547, #5703, #5274, #4403, #5707, #2914, #1756, #1345, #5358, #2227, #5280, #1069, #2233, #5571, #5097, #509, #1991, #3507, #2229, #2439, #3627, #2147, #1829, #2296, #3134, #1482, #6031, #1533, #5471, #1042, #4345, #441, #4641, #2251, #906, #2686, #3366, #4616, #1613, #1928, #892, #4146, #2489, #903, #1105, #3621, #2427, #1334, #1403, #2542, #4692, #5854, #3666, #665, #2263, #4797, #3928, #1364, #5086, #1408, #3193, #2707, #4788, #1306, #1243, #616, #2853, #1777 ) ) ;
#3501 = FACE_OUTER_BOUND ( 'NONE', #2761, .T. ) ;
#3502 = DIRECTION ( 'NONE',  ( 1.000000000000000000, 0.000000000000000000, 0.000000000000000000 ) ) ;
#3503 = DIRECTION ( 'NONE',  ( -0.000000000000000000, -0.000000000000000000, -1.000000000000000000 ) ) ;
#3504 = ADVANCED_FACE ( 'NONE', ( #4682 ), #5145, .F. ) ;
#3505 = ORIENTED_EDGE ( 'NONE', *, *, #5819, .F. ) ;
#3506 = DIRECTION ( 'NONE',  ( 1.000000000000000000, 0.000000000000000000, 0.000000000000000000 ) ) ;
#3507 = ADVANCED_FACE ( 'NONE', ( #5311 ), #2508, .F. ) ;
#3508 = DIRECTION ( 'NONE',  ( 0.000000000000000000, -1.000000000000000000, 0.000000000000000000 ) ) ;
#3509 = LINE ( 'NONE', #1097, #5805 ) ;
#3510 = ORIENTED_EDGE ( 'NONE', *, *, #450, .F. ) ;
#3511 = DIRECTION ( 'NONE',  ( -0.05233595624294395260, -0.000000000000000000, 0.9986295347545739443 ) ) ;
#3512 = VERTEX_POINT ( 'NONE', #644 ) ;
#3513 = EDGE_LOOP ( 'NONE', ( #152, #4662, #3551, #2218 ) ) ;
#3514 = DIRECTION ( 'NONE',  ( 0.000000000000000000, 0.000000000000000000, 1.000000000000000000 ) ) ;
#3515 = CARTESIAN_POINT ( 'NONE',  ( 184.4000000000000057, -36.00000000000000711, 26.51000000000000156 ) ) ;
#3516 = ADVANCED_FACE ( 'NONE', ( #4255 ), #75, .F. ) ;
#3517 = LINE ( 'NONE', #5719, #4958 ) ;
#3518 = ORIENTED_EDGE ( 'NONE', *, *, #46, .F. ) ;
#3519 = EDGE_CURVE ( 'NONE', #3632, #965, #1204, .T. ) ;
#3520 = EDGE_LOOP ( 'NONE', ( #2882, #1912, #2784, #2941 ) ) ;
#3521 = CYLINDRICAL_SURFACE ( 'NONE', #327, 0.3999999999999975797 ) ;
#3522 = EDGE_LOOP ( 'NONE', ( #2995, #4845, #5081, #5415 ) ) ;
#3523 = EDGE_CURVE ( 'NONE', #626, #2386, #3799, .T. ) ;
#3524 = LINE ( 'NONE', #5378, #4355 ) ;
#3525 = DIRECTION ( 'NONE',  ( -0.05233595624294395260, 0.000000000000000000, -0.9986295347545739443 ) ) ;
#3526 = ORIENTED_EDGE ( 'NONE', *, *, #2872, .T. ) ;
#3527 = CARTESIAN_POINT ( 'NONE',  ( 189.2500000000000000, -33.99999999999997868, 31.41000000000000725 ) ) ;
#3528 = FACE_OUTER_BOUND ( 'NONE', #5534, .T. ) ;
#3529 = VERTEX_POINT ( 'NONE', #1585 ) ;
#3530 = CARTESIAN_POINT ( 'NONE',  ( 99.23000000000001819, 0.000000000000000000, 28.81000000000000227 ) ) ;
#3531 = CARTESIAN_POINT ( 'NONE',  ( 98.40000000000001990, -135.6000000000000512, 28.81000000000000227 ) ) ;
#3532 = EDGE_CURVE ( 'NONE', #5962, #974, #4810, .T. ) ;
#3533 = DIRECTION ( 'NONE',  ( 0.000000000000000000, 0.05233595624294395260, 0.9986295347545739443 ) ) ;
#3534 = EDGE_LOOP ( 'NONE', ( #5565, #5652, #331, #3401, #841, #3101, #5093, #2756 ) ) ;
#3535 = EDGE_CURVE ( 'NONE', #2688, #4113, #5889, .T. ) ;
#3536 = CARTESIAN_POINT ( 'NONE',  ( 184.4000000000000341, -136.0000000000000000, 28.81000000000000227 ) ) ;
#3537 = PLANE ( 'NONE',  #4026 ) ;
#3538 = VECTOR ( 'NONE', #3841, 1000.000000000000000 ) ;
#3539 = DIRECTION ( 'NONE',  ( -0.000000000000000000, -0.000000000000000000, 1.000000000000000000 ) ) ;
#3540 = ORIENTED_EDGE ( 'NONE', *, *, #2990, .F. ) ;
#3541 = EDGE_CURVE ( 'NONE', #2673, #1724, #3340, .T. ) ;
#3542 = DIRECTION ( 'NONE',  ( 0.000000000000000000, 1.000000000000000000, 0.000000000000000000 ) ) ;
#3543 = ORIENTED_EDGE ( 'NONE', *, *, #4258, .F. ) ;
#3544 = CIRCLE ( 'NONE', #329, 6.000000000000005329 ) ;
#3545 = ORIENTED_EDGE ( 'NONE', *, *, #4862, .F. ) ;
#3546 = CARTESIAN_POINT ( 'NONE',  ( 98.40000000000001990, -132.8580737765736046, 25.71000000000000441 ) ) ;
#3547 = DIRECTION ( 'NONE',  ( -0.000000000000000000, 0.000000000000000000, 1.000000000000000000 ) ) ;
#3548 = CYLINDRICAL_SURFACE ( 'NONE', #2027, 4.170000000000007034 ) ;
#3549 = AXIS2_PLACEMENT_3D ( 'NONE', #4545, #2067, #232 ) ;
#3550 = CIRCLE ( 'NONE', #2476, 3.199999999999994404 ) ;
#3551 = ORIENTED_EDGE ( 'NONE', *, *, #5732, .F. ) ;
#3552 = ORIENTED_EDGE ( 'NONE', *, *, #4540, .F. ) ;
#3553 = PLANE ( 'NONE',  #710 ) ;
#3554 = CARTESIAN_POINT ( 'NONE',  ( 183.0684496487542674, -37.57754055784517533, 28.01000000000000512 ) ) ;
#3555 = DIRECTION ( 'NONE',  ( -1.000000000000000000, 0.000000000000000000, 0.000000000000000000 ) ) ;
#3556 = ORIENTED_EDGE ( 'NONE', *, *, #3158, .T. ) ;
#3557 = CARTESIAN_POINT ( 'NONE',  ( 99.57754055784512559, -40.43155035124576813, 28.81000000000000227 ) ) ;
#3558 = DIRECTION ( 'NONE',  ( -0.000000000000000000, -0.000000000000000000, -1.000000000000000000 ) ) ;
#3559 = ORIENTED_EDGE ( 'NONE', *, *, #5157, .F. ) ;
#3560 = AXIS2_PLACEMENT_3D ( 'NONE', #4764, #147, #2877 ) ;
#3561 = CARTESIAN_POINT ( 'NONE',  ( 188.3419262234264409, -41.39999999999999147, 25.71000000000000441 ) ) ;
#3562 = DIRECTION ( 'NONE',  ( -0.05233595624294395954, 0.000000000000000000, 0.9986295347545739443 ) ) ;
#3563 = CARTESIAN_POINT ( 'NONE',  ( -0.000000000000000000, -39.10000000000000142, 26.51000000000000156 ) ) ;
#3564 = AXIS2_PLACEMENT_3D ( 'NONE', #1917, #51, #2410 ) ;
#3565 = EDGE_CURVE ( 'NONE', #1384, #5903, #2470, .T. ) ;
#3566 = ORIENTED_EDGE ( 'NONE', *, *, #3102, .T. ) ;
#3567 = ORIENTED_EDGE ( 'NONE', *, *, #693, .T. ) ;
#3568 = VECTOR ( 'NONE', #5904, 1000.000000000000000 ) ;
#3569 = DIRECTION ( 'NONE',  ( -0.000000000000000000, -0.000000000000000000, -1.000000000000000000 ) ) ;
#3570 = CARTESIAN_POINT ( 'NONE',  ( 191.6700000000000159, 0.000000000000000000, 26.51000000000000156 ) ) ;
#3571 = EDGE_CURVE ( 'NONE', #2963, #3634, #5663, .T. ) ;
#3572 = AXIS2_PLACEMENT_3D ( 'NONE', #2167, #4060, #1258 ) ;
#3573 = CIRCLE ( 'NONE', #5131, 3.199999999999994404 ) ;
#3574 = LINE ( 'NONE', #5432, #3945 ) ;
#3575 = ORIENTED_EDGE ( 'NONE', *, *, #3152, .T. ) ;
#3576 = DIRECTION ( 'NONE',  ( 1.000000000000000000, 0.000000000000000000, -0.000000000000000000 ) ) ;
#3577 = EDGE_LOOP ( 'NONE', ( #4447, #1266, #5098, #305 ) ) ;
#3578 = ORIENTED_EDGE ( 'NONE', *, *, #2194, .T. ) ;
#3579 = DIRECTION ( 'NONE',  ( -1.555805808050947258E-16, 1.000000000000000000, 0.000000000000000000 ) ) ;
#3580 = EDGE_CURVE ( 'NONE', #4878, #5505, #2538, .T. ) ;
#3581 = PLANE ( 'NONE',  #729 ) ;
#3582 = ORIENTED_EDGE ( 'NONE', *, *, #15, .T. ) ;
#3583 = ORIENTED_EDGE ( 'NONE', *, *, #49, .F. ) ;
#3584 = DIRECTION ( 'NONE',  ( 0.000000000000000000, 1.000000000000000000, -0.000000000000000000 ) ) ;
#3585 = VERTEX_POINT ( 'NONE', #2087 ) ;
#3586 = VECTOR ( 'NONE', #3351, 1000.000000000000000 ) ;
#3587 = ORIENTED_EDGE ( 'NONE', *, *, #4522, .T. ) ;
#3588 = DIRECTION ( 'NONE',  ( 1.000000000000000000, 0.000000000000000000, 0.000000000000000000 ) ) ;
#3589 = DIRECTION ( 'NONE',  ( 1.000000000000000000, 0.000000000000000000, 0.000000000000000000 ) ) ;
#3590 = VECTOR ( 'NONE', #781, 1000.000000000000000 ) ;
#3591 = VERTEX_POINT ( 'NONE', #3909 ) ;
#3592 = AXIS2_PLACEMENT_3D ( 'NONE', #5695, #132, #4744 ) ;
#3593 = CARTESIAN_POINT ( 'NONE',  ( 191.6700000000000159, -130.6000000000000227, 26.51000000000000156 ) ) ;
#3594 = AXIS2_PLACEMENT_3D ( 'NONE', #1136, #2856, #1387 ) ;
#3595 = ORIENTED_EDGE ( 'NONE', *, *, #1103, .T. ) ;
#3596 = DIRECTION ( 'NONE',  ( 0.000000000000000000, 0.000000000000000000, -1.000000000000000000 ) ) ;
#3597 = CARTESIAN_POINT ( 'NONE',  ( 184.3999999999905981, 1.279532035880568845E-11, 28.81000000000000227 ) ) ;
#3598 = ADVANCED_FACE ( 'NONE', ( #248 ), #5585, .T. ) ;
#3599 = CARTESIAN_POINT ( 'NONE',  ( 103.4000000000000199, -136.8000000000000114, 26.51000000000000156 ) ) ;
#3600 = AXIS2_PLACEMENT_3D ( 'NONE', #4315, #4811, #1479 ) ;
#3601 = ORIENTED_EDGE ( 'NONE', *, *, #3647, .F. ) ;
#3602 = ORIENTED_EDGE ( 'NONE', *, *, #3426, .T. ) ;
#3603 = FACE_OUTER_BOUND ( 'NONE', #167, .T. ) ;
#3604 = CARTESIAN_POINT ( 'NONE',  ( 104.9999999999999716, -134.0000000000000000, 30.61000000000000654 ) ) ;
#3605 = DIRECTION ( 'NONE',  ( 0.000000000000000000, 0.000000000000000000, 1.000000000000000000 ) ) ;
#3606 = ORIENTED_EDGE ( 'NONE', *, *, #955, .F. ) ;
#3607 = FACE_BOUND ( 'NONE', #330, .T. ) ;
#3608 = EDGE_CURVE ( 'NONE', #3216, #2565, #5782, .T. ) ;
#3609 = ORIENTED_EDGE ( 'NONE', *, *, #2062, .T. ) ;
#3610 = ORIENTED_EDGE ( 'NONE', *, *, #5923, .T. ) ;
#3611 = DIRECTION ( 'NONE',  ( -1.000000000000000000, -0.000000000000000000, -0.000000000000000000 ) ) ;
#3612 = LINE ( 'NONE', #3693, #3377 ) ;
#3613 = ORIENTED_EDGE ( 'NONE', *, *, #3680, .T. ) ;
#3614 = CYLINDRICAL_SURFACE ( 'NONE', #3251, 2.799999999999997158 ) ;
#3615 = EDGE_LOOP ( 'NONE', ( #1100, #3975, #94, #430 ) ) ;
#3616 = EDGE_LOOP ( 'NONE', ( #5412, #4173, #2725, #4028 ) ) ;
#3617 = CARTESIAN_POINT ( 'NONE',  ( 187.5000000000000000, -130.6000000000000227, 26.51000000000000156 ) ) ;
#3618 = PLANE ( 'NONE',  #2317 ) ;
#3619 = VERTEX_POINT ( 'NONE', #5876 ) ;
#3620 = DIRECTION ( 'NONE',  ( 0.000000000000000000, 0.000000000000000000, -1.000000000000000000 ) ) ;
#3621 = ADVANCED_FACE ( 'NONE', ( #2485 ), #1594, .F. ) ;
#3622 = VERTEX_POINT ( 'NONE', #3943 ) ;
#3623 = FACE_OUTER_BOUND ( 'NONE', #435, .T. ) ;
#3624 = CARTESIAN_POINT ( 'NONE',  ( 192.4500000000000171, -33.99999999999997868, 31.81000000000000583 ) ) ;
#3625 = FACE_OUTER_BOUND ( 'NONE', #5055, .T. ) ;
#3626 = ORIENTED_EDGE ( 'NONE', *, *, #3181, .F. ) ;
#3627 = ADVANCED_FACE ( 'NONE', ( #3032 ), #650, .F. ) ;
#3628 = EDGE_LOOP ( 'NONE', ( #5555, #5733, #1327, #471 ) ) ;
#3629 = DIRECTION ( 'NONE',  ( -1.000000000000000000, 3.036796764824417148E-14, 0.000000000000000000 ) ) ;
#3630 = FACE_OUTER_BOUND ( 'NONE', #2669, .T. ) ;
#3631 = FACE_OUTER_BOUND ( 'NONE', #2371, .T. ) ;
#3632 = VERTEX_POINT ( 'NONE', #3005 ) ;
#3633 = DIRECTION ( 'NONE',  ( 1.000000000000000000, -1.067522139062649685E-15, 0.000000000000000000 ) ) ;
#3634 = VERTEX_POINT ( 'NONE', #2054 ) ;
#3635 = VECTOR ( 'NONE', #3171, 1000.000000000000000 ) ;
#3636 = LINE ( 'NONE', #1404, #4805 ) ;
#3637 = DIRECTION ( 'NONE',  ( -0.000000000000000000, -0.000000000000000000, -1.000000000000000000 ) ) ;
#3638 = AXIS2_PLACEMENT_3D ( 'NONE', #517, #5447, #3135 ) ;
#3639 = VECTOR ( 'NONE', #1429, 1000.000000000000000 ) ;
#3640 = ORIENTED_EDGE ( 'NONE', *, *, #5718, .T. ) ;
#3641 = EDGE_LOOP ( 'NONE', ( #2709, #5914, #4407, #2192 ) ) ;
#3642 = AXIS2_PLACEMENT_3D ( 'NONE', #2011, #3840, #1490 ) ;
#3643 = FACE_OUTER_BOUND ( 'NONE', #3659, .T. ) ;
#3644 = DIRECTION ( 'NONE',  ( -0.000000000000000000, -0.000000000000000000, -1.000000000000000000 ) ) ;
#3645 = AXIS2_PLACEMENT_3D ( 'NONE', #4136, #3678, #3176 ) ;
#3646 = ORIENTED_EDGE ( 'NONE', *, *, #2414, .F. ) ;
#3647 = EDGE_CURVE ( 'NONE', #4509, #2078, #4373, .T. ) ;
#3648 = CARTESIAN_POINT ( 'NONE',  ( 104.9999999999999858, -43.00000000000000000, 31.41000000000000725 ) ) ;
#3649 = VERTEX_POINT ( 'NONE', #3491 ) ;
#3650 = DIRECTION ( 'NONE',  ( 0.000000000000000000, -1.000000000000000000, 0.000000000000000000 ) ) ;
#3651 = PLANE ( 'NONE',  #426 ) ;
#3652 = ADVANCED_FACE ( 'NONE', ( #4804 ), #5319, .T. ) ;
#3653 = DIRECTION ( 'NONE',  ( -0.000000000000000000, -0.000000000000000000, -1.000000000000000000 ) ) ;
#3654 = AXIS2_PLACEMENT_3D ( 'NONE', #2509, #2998, #1587 ) ;
#3655 = ORIENTED_EDGE ( 'NONE', *, *, #2968, .F. ) ;
#3656 = EDGE_LOOP ( 'NONE', ( #1370, #4432, #3817, #3993 ) ) ;
#3657 = FACE_OUTER_BOUND ( 'NONE', #4915, .T. ) ;
#3658 = VECTOR ( 'NONE', #2448, 1000.000000000000000 ) ;
#3659 = EDGE_LOOP ( 'NONE', ( #5326, #704, #1899, #876 ) ) ;
#3660 = ORIENTED_EDGE ( 'NONE', *, *, #4167, .F. ) ;
#3661 = DIRECTION ( 'NONE',  ( 1.613696256722611159E-16, 1.000000000000000000, 0.000000000000000000 ) ) ;
#3662 = CIRCLE ( 'NONE', #4054, 1.700000000000021050 ) ;
#3663 = CARTESIAN_POINT ( 'NONE',  ( 182.9000000000000057, 0.000000000000000000, 28.81000000000000227 ) ) ;
#3664 = VECTOR ( 'NONE', #565, 1000.000000000000000 ) ;
#3665 = VERTEX_POINT ( 'NONE', #1661 ) ;
#3666 = ADVANCED_FACE ( 'NONE', ( #2151 ), #3521, .T. ) ;
#3667 = VERTEX_POINT ( 'NONE', #189 ) ;
#3668 = CARTESIAN_POINT ( 'NONE',  ( 187.5000000000000000, -41.39999999999999147, 25.71000000000000441 ) ) ;
#3669 = DIRECTION ( 'NONE',  ( 0.000000000000000000, 0.9986295347545739443, -0.05233595624294395260 ) ) ;
#3670 = AXIS2_PLACEMENT_3D ( 'NONE', #3198, #2674, #4994 ) ;
#3671 = ORIENTED_EDGE ( 'NONE', *, *, #1848, .T. ) ;
#3672 = DIRECTION ( 'NONE',  ( -0.000000000000000000, 0.000000000000000000, 1.000000000000000000 ) ) ;
#3673 = AXIS2_PLACEMENT_3D ( 'NONE', #3892, #3835, #5670 ) ;
#3674 = EDGE_LOOP ( 'NONE', ( #4093, #932, #5409, #820, #4783, #5688, #3457, #405, #4767, #3364, #3906, #3863, #2880, #2328, #5240, #1357, #3004, #4350, #4942, #355, #2149, #3127, #5936, #3244 ) ) ;
#3675 = ADVANCED_FACE ( 'NONE', ( #5376 ), #3553, .T. ) ;
#3676 = CIRCLE ( 'NONE', #2723, 6.500000000000005329 ) ;
#3677 = FACE_OUTER_BOUND ( 'NONE', #2867, .T. ) ;
#3678 = DIRECTION ( 'NONE',  ( 0.000000000000000000, 0.000000000000000000, 1.000000000000000000 ) ) ;
#3679 = VECTOR ( 'NONE', #5545, 1000.000000000000000 ) ;
#3680 = EDGE_CURVE ( 'NONE', #2494, #3480, #1144, .T. ) ;
#3681 = CARTESIAN_POINT ( 'NONE',  ( 99.99999999999997158, -43.00000000000000000, 31.41000000000000725 ) ) ;
#3682 = AXIS2_PLACEMENT_3D ( 'NONE', #3878, #4369, #184 ) ;
#3683 = ORIENTED_EDGE ( 'NONE', *, *, #1797, .F. ) ;
#3684 = CIRCLE ( 'NONE', #1058, 0.3999999999999975797 ) ;
#3685 = ORIENTED_EDGE ( 'NONE', *, *, #3706, .T. ) ;
#3686 = CARTESIAN_POINT ( 'NONE',  ( 182.1000000000000512, -140.1700000000000159, 28.81000000000000227 ) ) ;
#3687 = CARTESIAN_POINT ( 'NONE',  ( 190.9500000000000171, -33.99999999999997868, 29.61000000000000298 ) ) ;
#3688 = ORIENTED_EDGE ( 'NONE', *, *, #2736, .F. ) ;
#3689 = AXIS2_PLACEMENT_3D ( 'NONE', #3141, #1211, #4078 ) ;
#3690 = EDGE_CURVE ( 'NONE', #21, #4705, #2672, .T. ) ;
#3691 = ORIENTED_EDGE ( 'NONE', *, *, #2223, .T. ) ;
#3692 = FACE_OUTER_BOUND ( 'NONE', #1701, .T. ) ;
#3693 = CARTESIAN_POINT ( 'NONE',  ( 98.40000000000001990, -131.4419262234264920, 25.71000000000000441 ) ) ;
#3694 = EDGE_LOOP ( 'NONE', ( #889, #2734, #4301, #4145 ) ) ;
#3695 = EDGE_CURVE ( 'NONE', #4108, #479, #1175, .T. ) ;
#3696 = ORIENTED_EDGE ( 'NONE', *, *, #630, .F. ) ;
#3697 = DIRECTION ( 'NONE',  ( 0.000000000000000000, -1.000000000000000000, 0.000000000000000000 ) ) ;
#3698 = DIRECTION ( 'NONE',  ( -0.000000000000000000, 0.000000000000000000, 1.000000000000000000 ) ) ;
#3699 = ORIENTED_EDGE ( 'NONE', *, *, #3332, .F. ) ;
#3700 = EDGE_CURVE ( 'NONE', #508, #497, #1488, .T. ) ;
#3701 = DIRECTION ( 'NONE',  ( -0.000000000000000000, 0.000000000000000000, 1.000000000000000000 ) ) ;
#3702 = ORIENTED_EDGE ( 'NONE', *, *, #5237, .F. ) ;
#3703 = DIRECTION ( 'NONE',  ( -1.000000000000000000, 0.000000000000000000, 0.000000000000000000 ) ) ;
#3704 = PLANE ( 'NONE',  #5443 ) ;
#3705 = DIRECTION ( 'NONE',  ( 0.000000000000000000, 0.000000000000000000, -1.000000000000000000 ) ) ;
#3706 = EDGE_CURVE ( 'NONE', #129, #1200, #5288, .T. ) ;
#3707 = FACE_OUTER_BOUND ( 'NONE', #4588, .T. ) ;
#3708 = ORIENTED_EDGE ( 'NONE', *, *, #1751, .F. ) ;
#3709 = ORIENTED_EDGE ( 'NONE', *, *, #1819, .T. ) ;
#3710 = LINE ( 'NONE', #5575, #5728 ) ;
#3711 = EDGE_CURVE ( 'NONE', #3151, #791, #4893, .T. ) ;
#3712 = DIRECTION ( 'NONE',  ( 1.000000000000000000, 0.000000000000000000, 0.000000000000000000 ) ) ;
#3713 = DIRECTION ( 'NONE',  ( 0.000000000000000000, 0.000000000000000000, 1.000000000000000000 ) ) ;
#3714 = EDGE_CURVE ( 'NONE', #1481, #1200, #4614, .T. ) ;
#3715 = ORIENTED_EDGE ( 'NONE', *, *, #4017, .T. ) ;
#3716 = DIRECTION ( 'NONE',  ( -0.000000000000000000, 0.000000000000000000, 1.000000000000000000 ) ) ;
#3717 = CARTESIAN_POINT ( 'NONE',  ( 95.74192622342643233, -41.40000000000000568, 25.71000000000000441 ) ) ;
#3718 = EDGE_CURVE ( 'NONE', #769, #1845, #4204, .T. ) ;
#3719 = LINE ( 'NONE', #5584, #436 ) ;
#3720 = CARTESIAN_POINT ( 'NONE',  ( 182.1000000000000227, -36.00000000000000711, 26.51000000000000156 ) ) ;
#3721 = AXIS2_PLACEMENT_3D ( 'NONE', #2325, #4669, #1778 ) ;
#3722 = TOROIDAL_SURFACE ( 'NONE', #3156, 3.199999999999991296, 0.4000000000000000222 ) ;
#3723 = EDGE_LOOP ( 'NONE', ( #3696, #1511, #5076, #5926 ) ) ;
#3724 = ORIENTED_EDGE ( 'NONE', *, *, #3523, .T. ) ;
#3725 = DIRECTION ( 'NONE',  ( -1.000000000000000000, 0.000000000000000000, 0.000000000000000000 ) ) ;
#3726 = CARTESIAN_POINT ( 'NONE',  ( 187.5000000000000000, -40.55807377657356483, 25.71000000000000441 ) ) ;
#3727 = AXIS2_PLACEMENT_3D ( 'NONE', #5014, #3514, #2700 ) ;
#3728 = ORIENTED_EDGE ( 'NONE', *, *, #5630, .T. ) ;
#3729 = DIRECTION ( 'NONE',  ( -0.05233595624294395260, -0.000000000000000000, 0.9986295347545739443 ) ) ;
#3730 = VECTOR ( 'NONE', #620, 1000.000000000000000 ) ;
#3731 = ORIENTED_EDGE ( 'NONE', *, *, #4891, .F. ) ;
#3732 = CARTESIAN_POINT ( 'NONE',  ( -0.000000000000000000, -29.00000000000000000, 26.51000000000000156 ) ) ;
#3733 = AXIS2_PLACEMENT_3D ( 'NONE', #1850, #412, #2279 ) ;
#3734 = DIRECTION ( 'NONE',  ( -0.000000000000000000, -0.000000000000000000, -1.000000000000000000 ) ) ;
#3735 = CARTESIAN_POINT ( 'NONE',  ( 0.000000000000000000, -40.59999999999998721, 28.81000000000000227 ) ) ;
#3736 = DIRECTION ( 'NONE',  ( -6.938893903907993257E-14, 1.000000000000000000, 0.000000000000000000 ) ) ;
#3737 = DIRECTION ( 'NONE',  ( -0.000000000000000000, 0.000000000000000000, 1.000000000000000000 ) ) ;
#3738 = VECTOR ( 'NONE', #2490, 1000.000000000000000 ) ;
#3739 = LINE ( 'NONE', #42, #1335 ) ;
#3740 = VERTEX_POINT ( 'NONE', #3748 ) ;
#3741 = VERTEX_POINT ( 'NONE', #4990 ) ;
#3742 = LINE ( 'NONE', #3213, #2316 ) ;
#3743 = CARTESIAN_POINT ( 'NONE',  ( 98.00000000000000000, -37.23000000000000398, 28.81000000000000227 ) ) ;
#3744 = EDGE_CURVE ( 'NONE', #5410, #1969, #3440, .T. ) ;
#3745 = VERTEX_POINT ( 'NONE', #1433 ) ;
#3746 = EDGE_CURVE ( 'NONE', #643, #4687, #1302, .T. ) ;
#3747 = VERTEX_POINT ( 'NONE', #486 ) ;
#3748 = CARTESIAN_POINT ( 'NONE',  ( 104.9999999999999716, -134.4000000000000057, 31.81000000000000583 ) ) ;
#3750 = EDGE_CURVE ( 'NONE', #2662, #5410, #1889, .T. ) ;
#3749 = AXIS2_PLACEMENT_3D ( 'NONE', #3274, #583, #5132 ) ;
#3751 = LINE ( 'NONE', #2759, #3341 ) ;
#3752 = EDGE_CURVE ( 'NONE', #742, #760, #6041, .T. ) ;
#3753 = PLANE ( 'NONE',  #4535 ) ;
#3754 = CARTESIAN_POINT ( 'NONE',  ( 188.2999999999999829, 0.000000000000000000, 26.51000000000000156 ) ) ;
#3755 = AXIS2_PLACEMENT_3D ( 'NONE', #597, #1876, #2462 ) ;
#3756 = ORIENTED_EDGE ( 'NONE', *, *, #3565, .F. ) ;
#3757 = CIRCLE ( 'NONE', #2104, 6.000000000000005329 ) ;
#3758 = ORIENTED_EDGE ( 'NONE', *, *, #4385, .F. ) ;
#3759 = CYLINDRICAL_SURFACE ( 'NONE', #553, 2.700000000000008171 ) ;
#3760 = DIRECTION ( 'NONE',  ( 0.000000000000000000, 0.000000000000000000, -1.000000000000000000 ) ) ;
#3761 = AXIS2_PLACEMENT_3D ( 'NONE', #4095, #2787, #3194 ) ;
#3762 = ORIENTED_EDGE ( 'NONE', *, *, #5434, .F. ) ;
#3763 = AXIS2_PLACEMENT_3D ( 'NONE', #5276, #3445, #698 ) ;
#3764 = CIRCLE ( 'NONE', #5423, 4.200000000000009059 ) ;
#3765 = CARTESIAN_POINT ( 'NONE',  ( 104.9999999999999716, -129.0000000000000000, 28.01000000000000512 ) ) ;
#3766 = ORIENTED_EDGE ( 'NONE', *, *, #4576, .F. ) ;
#3767 = CARTESIAN_POINT ( 'NONE',  ( 97.50000000000000000, -35.50000000000000711, 28.81000000000000227 ) ) ;
#3768 = DIRECTION ( 'NONE',  ( -1.000000000000000000, 0.000000000000000000, 0.000000000000000000 ) ) ;
#3769 = DIRECTION ( 'NONE',  ( -0.000000000000000000, -0.000000000000000000, -1.000000000000000000 ) ) ;
#3770 = PLANE ( 'NONE',  #824 ) ;
#3771 = DIRECTION ( 'NONE',  ( 1.000000000000000000, 0.000000000000000000, 0.000000000000000000 ) ) ;
#3772 = CIRCLE ( 'NONE', #651, 2.799999999999997158 ) ;
#3773 = FACE_OUTER_BOUND ( 'NONE', #2646, .T. ) ;
#3774 = ADVANCED_FACE ( 'NONE', ( #1235 ), #5944, .T. ) ;
#3775 = ORIENTED_EDGE ( 'NONE', *, *, #3415, .F. ) ;
#3776 = ORIENTED_EDGE ( 'NONE', *, *, #5227, .T. ) ;
#3777 = EDGE_CURVE ( 'NONE', #5459, #3179, #2350, .T. ) ;
#3778 = DIRECTION ( 'NONE',  ( -0.000000000000000000, 0.000000000000000000, -1.000000000000000000 ) ) ;
#3779 = CARTESIAN_POINT ( 'NONE',  ( 97.20000000000000284, -41.40000000000000568, 26.51000000000000156 ) ) ;
#3780 = AXIS2_PLACEMENT_3D ( 'NONE', #1708, #3925, #1252 ) ;
#3781 = AXIS2_PLACEMENT_3D ( 'NONE', #1411, #3819, #3310 ) ;
#3782 = CARTESIAN_POINT ( 'NONE',  ( 98.00000000000000000, -41.40000000000000568, 26.51000000000000156 ) ) ;
#3783 = EDGE_CURVE ( 'NONE', #4608, #1355, #5158, .T. ) ;
#3784 = VECTOR ( 'NONE', #2307, 1000.000000000000000 ) ;
#3785 = CARTESIAN_POINT ( 'NONE',  ( 102.5580737765735790, -36.39999999999999858, 25.71000000000000441 ) ) ;
#3786 = LINE ( 'NONE', #3327, #5679 ) ;
#3787 = AXIS2_PLACEMENT_3D ( 'NONE', #3949, #4437, #5821 ) ;
#3788 = FACE_OUTER_BOUND ( 'NONE', #5722, .T. ) ;
#3789 = CARTESIAN_POINT ( 'NONE',  ( 189.2500000000000000, -137.9999999999999716, 19.61000000000000298 ) ) ;
#3790 = ORIENTED_EDGE ( 'NONE', *, *, #2715, .T. ) ;
#3791 = ORIENTED_EDGE ( 'NONE', *, *, #5984, .F. ) ;
#3792 = CYLINDRICAL_SURFACE ( 'NONE', #4945, 2.299999999999996270 ) ;
#3793 = EDGE_CURVE ( 'NONE', #4947, #3093, #5986, .T. ) ;
#3794 = CARTESIAN_POINT ( 'NONE',  ( 188.3419262234264409, -130.6000000000000227, 25.71000000000000441 ) ) ;
#3795 = ORIENTED_EDGE ( 'NONE', *, *, #5873, .T. ) ;
#3796 = CARTESIAN_POINT ( 'NONE',  ( 180.5000000000000000, -37.60000000000000142, 31.81000000000000583 ) ) ;
#3797 = ORIENTED_EDGE ( 'NONE', *, *, #2284, .F. ) ;
#3798 = DIRECTION ( 'NONE',  ( -1.000000000000000000, 0.000000000000000000, -0.000000000000000000 ) ) ;
#3799 = LINE ( 'NONE', #182, #27 ) ;
#3800 = DIRECTION ( 'NONE',  ( -0.000000000000000000, 0.000000000000000000, 1.000000000000000000 ) ) ;
#3801 = CARTESIAN_POINT ( 'NONE',  ( 180.5000000000000000, -129.0000000000000000, 31.41000000000000725 ) ) ;
#3802 = EDGE_CURVE ( 'NONE', #5153, #4608, #4121, .T. ) ;
#3803 = CARTESIAN_POINT ( 'NONE',  ( 102.6000000000000085, 0.000000000000000000, 28.81000000000000227 ) ) ;
#3804 = DIRECTION ( 'NONE',  ( -0.000000000000000000, -0.000000000000000000, -1.000000000000000000 ) ) ;
#3805 = ORIENTED_EDGE ( 'NONE', *, *, #3571, .T. ) ;
#3806 = ORIENTED_EDGE ( 'NONE', *, *, #4137, .T. ) ;
#3807 = CARTESIAN_POINT ( 'NONE',  ( 98.40000000000001990, -131.4000000000000341, 26.51000000000000156 ) ) ;
#3808 = CARTESIAN_POINT ( 'NONE',  ( 94.55000000000001137, -33.99999999999997868, 19.61000000000000298 ) ) ;
#3809 = CARTESIAN_POINT ( 'NONE',  ( 0.000000000000000000, -37.23000000000000398, 28.81000000000000227 ) ) ;
#3810 = EDGE_CURVE ( 'NONE', #4878, #1355, #1977, .T. ) ;
#3811 = EDGE_CURVE ( 'NONE', #3018, #2356, #5389, .T. ) ;
#3812 = CARTESIAN_POINT ( 'NONE',  ( 189.7999999999999829, 0.000000000000000000, 28.81000000000000227 ) ) ;
#3813 = CARTESIAN_POINT ( 'NONE',  ( 192.4500000000000171, -137.9999999999999716, 31.81000000000000583 ) ) ;
#3814 = FACE_OUTER_BOUND ( 'NONE', #4542, .T. ) ;
#3815 = CARTESIAN_POINT ( 'NONE',  ( 104.9999999999999716, -134.4000000000000057, 31.81000000000000583 ) ) ;
#3816 = ORIENTED_EDGE ( 'NONE', *, *, #1016, .T. ) ;
#3817 = ORIENTED_EDGE ( 'NONE', *, *, #4258, .T. ) ;
#3818 = DIRECTION ( 'NONE',  ( 0.000000000000000000, -1.000000000000000000, 0.000000000000000000 ) ) ;
#3819 = DIRECTION ( 'NONE',  ( 0.000000000000000000, 0.000000000000000000, 1.000000000000000000 ) ) ;
#3820 = ORIENTED_EDGE ( 'NONE', *, *, #4, .F. ) ;
#3821 = ADVANCED_FACE ( 'NONE', ( #2670 ), #4693, .F. ) ;
#3822 = CARTESIAN_POINT ( 'NONE',  ( 187.5000000000000000, -130.6000000000000227, 25.71000000000000441 ) ) ;
#3823 = ORIENTED_EDGE ( 'NONE', *, *, #2892, .F. ) ;
#3824 = PLANE ( 'NONE',  #2895 ) ;
#3825 = FACE_OUTER_BOUND ( 'NONE', #4665, .T. ) ;
#3826 = AXIS2_PLACEMENT_3D ( 'NONE', #4045, #4015, #3112 ) ;
#3827 = EDGE_CURVE ( 'NONE', #431, #4281, #346, .T. ) ;
#3828 = DIRECTION ( 'NONE',  ( 0.000000000000000000, 0.000000000000000000, -1.000000000000000000 ) ) ;
#3829 = CARTESIAN_POINT ( 'NONE',  ( 187.5000000000000000, -37.22999999999998977, 26.51000000000000156 ) ) ;
#3830 = AXIS2_PLACEMENT_3D ( 'NONE', #4867, #3979, #4340 ) ;
#3831 = CYLINDRICAL_SURFACE ( 'NONE', #1063, 4.200000000000009059 ) ;
#3832 = ORIENTED_EDGE ( 'NONE', *, *, #3810, .F. ) ;
#3833 = EDGE_LOOP ( 'NONE', ( #120, #2839, #3267, #1264 ) ) ;
#3834 = ADVANCED_FACE ( 'NONE', ( #1860 ), #3614, .F. ) ;
#3835 = DIRECTION ( 'NONE',  ( -0.000000000000000000, 0.000000000000000000, 1.000000000000000000 ) ) ;
#3836 = FACE_OUTER_BOUND ( 'NONE', #4617, .T. ) ;
#3837 = CIRCLE ( 'NONE', #2571, 4.170000000000007034 ) ;
#3838 = VECTOR ( 'NONE', #2498, 1000.000000000000000 ) ;
#3839 = CARTESIAN_POINT ( 'NONE',  ( 0.000000000000000000, -37.22999999999998977, 28.81000000000000227 ) ) ;
#3840 = DIRECTION ( 'NONE',  ( 1.000000000000000000, 1.217349807703022362E-16, -0.000000000000000000 ) ) ;
#3841 = DIRECTION ( 'NONE',  ( -1.000000000000000000, 0.000000000000000000, 0.000000000000000000 ) ) ;
#3842 = CARTESIAN_POINT ( 'NONE',  ( 104.9999999999999716, -134.0000000000000000, 30.61000000000000654 ) ) ;
#3843 = LINE ( 'NONE', #5650, #2207 ) ;
#3844 = EDGE_CURVE ( 'NONE', #3512, #2971, #614, .T. ) ;
#3845 = EDGE_LOOP ( 'NONE', ( #715, #2979, #4038, #5975 ) ) ;
#3846 = VECTOR ( 'NONE', #4238, 1000.000000000000000 ) ;
#3847 = ORIENTED_EDGE ( 'NONE', *, *, #500, .F. ) ;
#3848 = DIRECTION ( 'NONE',  ( -0.000000000000000000, 0.000000000000000000, 1.000000000000000000 ) ) ;
#3849 = DIRECTION ( 'NONE',  ( 1.732346097742626941E-14, 0.9986295347545739443, -0.05233595624294395260 ) ) ;
#3850 = VERTEX_POINT ( 'NONE', #1402 ) ;
#3851 = DIRECTION ( 'NONE',  ( -1.000000000000000000, 0.000000000000000000, 0.000000000000000000 ) ) ;
#3852 = EDGE_CURVE ( 'NONE', #338, #4528, #3269, .T. ) ;
#3853 = EDGE_LOOP ( 'NONE', ( #2682, #585, #3350, #4096 ) ) ;
#3854 = DIRECTION ( 'NONE',  ( 1.000000000000000000, 0.000000000000000000, 0.000000000000000000 ) ) ;
#3855 = DIRECTION ( 'NONE',  ( 0.000000000000000000, 0.05233595624294395260, -0.9986295347545739443 ) ) ;
#3856 = CARTESIAN_POINT ( 'NONE',  ( 182.1000000000000512, -136.0000000000000000, 28.81000000000000227 ) ) ;
#3857 = VECTOR ( 'NONE', #3091, 1000.000000000000000 ) ;
#3858 = CIRCLE ( 'NONE', #5617, 3.200000000000008171 ) ;
#3859 = FACE_OUTER_BOUND ( 'NONE', #3845, .T. ) ;
#3860 = FACE_OUTER_BOUND ( 'NONE', #4391, .T. ) ;
#3861 = EDGE_CURVE ( 'NONE', #2034, #2032, #2956, .T. ) ;
#3862 = ORIENTED_EDGE ( 'NONE', *, *, #3541, .T. ) ;
#3863 = ORIENTED_EDGE ( 'NONE', *, *, #2924, .F. ) ;
#3864 = DIRECTION ( 'NONE',  ( 0.000000000000000000, -1.000000000000000000, 0.000000000000000000 ) ) ;
#3865 = PLANE ( 'NONE',  #5694 ) ;
#3866 = LINE ( 'NONE', #632, #151 ) ;
#3867 = DIRECTION ( 'NONE',  ( -0.000000000000000000, 0.000000000000000000, 1.000000000000000000 ) ) ;
#3868 = DIRECTION ( 'NONE',  ( 0.000000000000000000, 0.000000000000000000, -1.000000000000000000 ) ) ;
#3869 = DIRECTION ( 'NONE',  ( -0.000000000000000000, 0.05233595624294394566, 0.9986295347545739443 ) ) ;
#3870 = CIRCLE ( 'NONE', #5340, 2.799999999999997158 ) ;
#3871 = EDGE_CURVE ( 'NONE', #4660, #363, #1883, .T. ) ;
#3872 = LINE ( 'NONE', #5747, #4840 ) ;
#3873 = VECTOR ( 'NONE', #1560, 1000.000000000000000 ) ;
#3874 = ORIENTED_EDGE ( 'NONE', *, *, #4776, .F. ) ;
#3875 = VECTOR ( 'NONE', #1824, 1000.000000000000000 ) ;
#3876 = VERTEX_POINT ( 'NONE', #5183 ) ;
#3877 = DIRECTION ( 'NONE',  ( 1.000000000000000000, 0.000000000000000000, 0.000000000000000000 ) ) ;
#3878 = CARTESIAN_POINT ( 'NONE',  ( 188.2999999999999829, 0.000000000000000000, 28.81000000000000227 ) ) ;
#3879 = ORIENTED_EDGE ( 'NONE', *, *, #3078, .F. ) ;
#3880 = AXIS2_PLACEMENT_3D ( 'NONE', #4686, #2369, #4227 ) ;
#3881 = DIRECTION ( 'NONE',  ( 1.000000000000000000, 0.000000000000000000, 0.000000000000000000 ) ) ;
#3882 = EDGE_CURVE ( 'NONE', #3876, #797, #89, .T. ) ;
#3883 = VERTEX_POINT ( 'NONE', #3897 ) ;
#3884 = DIRECTION ( 'NONE',  ( 1.000000000000000000, 0.000000000000000000, 0.000000000000000000 ) ) ;
#3885 = CARTESIAN_POINT ( 'NONE',  ( 187.5000000000000000, -132.9000000000000057, 28.81000000000000227 ) ) ;
#3886 = EDGE_CURVE ( 'NONE', #2243, #3276, #3837, .T. ) ;
#3887 = CARTESIAN_POINT ( 'NONE',  ( 99.23000000000000398, 0.000000000000000000, 28.81000000000000227 ) ) ;
#3888 = DIRECTION ( 'NONE',  ( 1.000000000000000000, 0.000000000000000000, 0.000000000000000000 ) ) ;
#3889 = DIRECTION ( 'NONE',  ( 0.000000000000000000, 1.000000000000000000, 0.000000000000000000 ) ) ;
#3890 = EDGE_LOOP ( 'NONE', ( #1045, #2205, #3024, #2259 ) ) ;
#3891 = ORIENTED_EDGE ( 'NONE', *, *, #5381, .F. ) ;
#3892 = CARTESIAN_POINT ( 'NONE',  ( 98.40000000000001990, -135.6000000000000512, 28.81000000000000227 ) ) ;
#3893 = LINE ( 'NONE', #228, #4812 ) ;
#3894 = DIRECTION ( 'NONE',  ( 0.000000000000000000, 0.000000000000000000, -1.000000000000000000 ) ) ;
#3895 = EDGE_CURVE ( 'NONE', #2763, #672, #4386, .T. ) ;
#3896 = EDGE_CURVE ( 'NONE', #2807, #4006, #1493, .T. ) ;
#3897 = CARTESIAN_POINT ( 'NONE',  ( 182.9419262234264352, -36.39999999999999147, 25.71000000000000441 ) ) ;
#3898 = CARTESIAN_POINT ( 'NONE',  ( 101.1000000000000085, 0.000000000000000000, 26.51000000000000156 ) ) ;
#3899 = DIRECTION ( 'NONE',  ( 0.000000000000000000, -1.000000000000000000, 0.000000000000000000 ) ) ;
#3900 = DIRECTION ( 'NONE',  ( 0.000000000000000000, 0.000000000000000000, -1.000000000000000000 ) ) ;
#3901 = ORIENTED_EDGE ( 'NONE', *, *, #4376, .T. ) ;
#3902 = EDGE_LOOP ( 'NONE', ( #2458, #6001, #5780, #1776 ) ) ;
#3903 = CARTESIAN_POINT ( 'NONE',  ( 0.000000000000000000, -138.3000000000000114, 26.51000000000000156 ) ) ;
#3904 = DIRECTION ( 'NONE',  ( 0.000000000000000000, 0.000000000000000000, 1.000000000000000000 ) ) ;
#3905 = CARTESIAN_POINT ( 'NONE',  ( 186.2699999999906026, 1.292507767480697325E-11, 28.81000000000000227 ) ) ;
#3906 = ORIENTED_EDGE ( 'NONE', *, *, #607, .T. ) ;
#3907 = CARTESIAN_POINT ( 'NONE',  ( 187.1000000000000227, -40.59999999999998721, 26.51000000000000156 ) ) ;
#3908 = ORIENTED_EDGE ( 'NONE', *, *, #3895, .F. ) ;
#3909 = CARTESIAN_POINT ( 'NONE',  ( 183.0684496487542674, -134.4224594421548318, 28.81000000000000227 ) ) ;
#3910 = LINE ( 'NONE', #4374, #2423 ) ;
#3911 = CARTESIAN_POINT ( 'NONE',  ( 184.4000000000000057, -36.39999999999999147, 26.51000000000000156 ) ) ;
#3912 = FACE_OUTER_BOUND ( 'NONE', #3147, .T. ) ;
#3913 = DIRECTION ( 'NONE',  ( 1.000000000000000000, 0.000000000000000000, 0.000000000000000000 ) ) ;
#3914 = VECTOR ( 'NONE', #1656, 1000.000000000000000 ) ;
#3915 = ORIENTED_EDGE ( 'NONE', *, *, #5651, .F. ) ;
#3916 = AXIS2_PLACEMENT_3D ( 'NONE', #1363, #4103, #1385 ) ;
#3917 = CARTESIAN_POINT ( 'NONE',  ( 98.00000000000001421, -134.7700000000000671, 26.51000000000000156 ) ) ;
#3918 = FACE_OUTER_BOUND ( 'NONE', #245, .T. ) ;
#3919 = VECTOR ( 'NONE', #2708, 1000.000000000000000 ) ;
#3920 = AXIS2_PLACEMENT_3D ( 'NONE', #4481, #3020, #1219 ) ;
#3921 = DIRECTION ( 'NONE',  ( -0.000000000000000000, -0.000000000000000000, -1.000000000000000000 ) ) ;
#3922 = EDGE_CURVE ( 'NONE', #3056, #2002, #3357, .T. ) ;
#3923 = ORIENTED_EDGE ( 'NONE', *, *, #15, .F. ) ;
#3924 = CIRCLE ( 'NONE', #2280, 5.000000000000004441 ) ;
#3925 = DIRECTION ( 'NONE',  ( 0.000000000000000000, 0.000000000000000000, 1.000000000000000000 ) ) ;
#3926 = CARTESIAN_POINT ( 'NONE',  ( 187.1000000000000227, -131.4000000000000057, 28.81000000000000227 ) ) ;
#3927 = VECTOR ( 'NONE', #4816, 1000.000000000000000 ) ;
#3928 = ADVANCED_FACE ( 'NONE', ( #201 ), #5646, .T. ) ;
#3929 = ADVANCED_FACE ( 'NONE', ( #1551 ), #3441, .F. ) ;
#3930 = CARTESIAN_POINT ( 'NONE',  ( 95.70000000000000284, -41.40000000000000568, 26.51000000000000156 ) ) ;
#3931 = ORIENTED_EDGE ( 'NONE', *, *, #4838, .F. ) ;
#3932 = FACE_OUTER_BOUND ( 'NONE', #4917, .T. ) ;
#3933 = TOROIDAL_SURFACE ( 'NONE', #3259, 3.199999999999991296, 0.4000000000000000222 ) ;
#3934 = ORIENTED_EDGE ( 'NONE', *, *, #1092, .F. ) ;
#3935 = EDGE_CURVE ( 'NONE', #3951, #4854, #114, .T. ) ;
#3936 = ORIENTED_EDGE ( 'NONE', *, *, #2074, .T. ) ;
#3937 = DIRECTION ( 'NONE',  ( 1.000000000000000000, 0.000000000000000000, 0.000000000000000000 ) ) ;
#3938 = LINE ( 'NONE', #5312, #1039 ) ;
#3939 = FACE_OUTER_BOUND ( 'NONE', #3434, .T. ) ;
#3940 = ORIENTED_EDGE ( 'NONE', *, *, #3711, .F. ) ;
#3941 = CIRCLE ( 'NONE', #2881, 2.299999999999996270 ) ;
#3942 = ORIENTED_EDGE ( 'NONE', *, *, #1142, .F. ) ;
#3943 = CARTESIAN_POINT ( 'NONE',  ( 184.4000000000000057, -36.00000000000000711, 28.81000000000000227 ) ) ;
#3944 = CARTESIAN_POINT ( 'NONE',  ( 91.00000000000001421, -136.5000000000000000, 31.41000000000000725 ) ) ;
#3945 = VECTOR ( 'NONE', #5554, 1000.000000000000000 ) ;
#3946 = CARTESIAN_POINT ( 'NONE',  ( 182.9000000000000057, 0.000000000000000000, 28.81000000000000227 ) ) ;
#3947 = ORIENTED_EDGE ( 'NONE', *, *, #3064, .T. ) ;
#3948 = CARTESIAN_POINT ( 'NONE',  ( 182.9000000000000057, -36.00000000000000711, 26.51000000000000156 ) ) ;
#3949 = CARTESIAN_POINT ( 'NONE',  ( 98.40000000000000568, -36.39999999999999858, 25.71000000000000441 ) ) ;
#3950 = ADVANCED_FACE ( 'NONE', ( #2042 ), #4760, .F. ) ;
#3951 = VERTEX_POINT ( 'NONE', #5767 ) ;
#3952 = CONICAL_SURFACE ( 'NONE', #3755, 2.299999999999996270, 0.05235987755983000091 ) ;
#3953 = DIRECTION ( 'NONE',  ( 0.000000000000000000, -1.000000000000000000, 0.000000000000000000 ) ) ;
#3954 = CONICAL_SURFACE ( 'NONE', #5518, 2.700000000000008171, 0.05235987755983000091 ) ;
#3955 = CARTESIAN_POINT ( 'NONE',  ( 184.3580737765735762, -36.00000000000000711, 25.71000000000000441 ) ) ;
#3956 = CIRCLE ( 'NONE', #535, 0.7999999999999951594 ) ;
#3957 = DIRECTION ( 'NONE',  ( -0.000000000000000000, 0.000000000000000000, -1.000000000000000000 ) ) ;
#3958 = AXIS2_PLACEMENT_3D ( 'NONE', #3320, #5176, #1714 ) ;
#3959 = EDGE_CURVE ( 'NONE', #226, #2422, #5708, .T. ) ;
#3960 = ORIENTED_EDGE ( 'NONE', *, *, #1779, .T. ) ;
#3961 = CARTESIAN_POINT ( 'NONE',  ( 97.20000000000000284, -41.40000000000000568, 26.51000000000000156 ) ) ;
#3962 = CARTESIAN_POINT ( 'NONE',  ( 101.1000000000000085, -36.00000000000000711, 28.81000000000000227 ) ) ;
#3963 = VECTOR ( 'NONE', #4702, 1000.000000000000000 ) ;
#3964 = EDGE_CURVE ( 'NONE', #4699, #1762, #1982, .T. ) ;
#3965 = CARTESIAN_POINT ( 'NONE',  ( 98.40000000000000568, -36.39999999999999858, 26.51000000000000156 ) ) ;
#3966 = ORIENTED_EDGE ( 'NONE', *, *, #1747, .T. ) ;
#3967 = DIRECTION ( 'NONE',  ( 0.000000000000000000, -1.000000000000000000, 0.000000000000000000 ) ) ;
#3968 = VECTOR ( 'NONE', #2158, 1000.000000000000000 ) ;
#3969 = ORIENTED_EDGE ( 'NONE', *, *, #1138, .F. ) ;
#3970 = AXIS2_PLACEMENT_3D ( 'NONE', #122, #3849, #1383 ) ;
#3971 = EDGE_LOOP ( 'NONE', ( #2742, #1593, #5526, #4534 ) ) ;
#3972 = DIRECTION ( 'NONE',  ( -1.000000000000000000, 0.000000000000000000, 0.000000000000000000 ) ) ;
#3973 = CYLINDRICAL_SURFACE ( 'NONE', #3654, 0.7999999999999951594 ) ;
#3974 = CARTESIAN_POINT ( 'NONE',  ( 101.1419262234264380, -36.39999999999999858, 25.71000000000000441 ) ) ;
#3975 = ORIENTED_EDGE ( 'NONE', *, *, #2635, .F. ) ;
#3976 = CIRCLE ( 'NONE', #864, 0.8419262234264368594 ) ;
#3977 = COLOUR_RGB ( '',1.000000000000000000, 1.000000000000000000, 1.000000000000000000 ) ;
#3978 = ORIENTED_EDGE ( 'NONE', *, *, #5217, .T. ) ;
#3979 = DIRECTION ( 'NONE',  ( 1.000000000000000000, 0.000000000000000000, -0.000000000000000000 ) ) ;
#3980 = ADVANCED_FACE ( 'NONE', ( #174 ), #1462, .F. ) ;
#3981 = VERTEX_POINT ( 'NONE', #5674 ) ;
#3982 =( NAMED_UNIT ( * ) SI_UNIT ( $, .STERADIAN. ) SOLID_ANGLE_UNIT ( ) );
#3983 = CARTESIAN_POINT ( 'NONE',  ( 186.2700000000000102, -135.5999999999999943, 28.81000000000000227 ) ) ;
#3984 = ORIENTED_EDGE ( 'NONE', *, *, #1361, .T. ) ;
#3985 = DIRECTION ( 'NONE',  ( -0.000000000000000000, 0.000000000000000000, 1.000000000000000000 ) ) ;
#3986 = FACE_OUTER_BOUND ( 'NONE', #4561, .T. ) ;
#3987 = ORIENTED_EDGE ( 'NONE', *, *, #506, .T. ) ;
#3988 = VECTOR ( 'NONE', #2499, 1000.000000000000000 ) ;
#3989 = CARTESIAN_POINT ( 'NONE',  ( 99.45000000000000284, -33.99999999999997868, 31.81000000000000583 ) ) ;
#3990 = DIRECTION ( 'NONE',  ( -0.000000000000000000, -0.000000000000000000, -1.000000000000000000 ) ) ;
#3991 = EDGE_CURVE ( 'NONE', #5543, #4859, #4416, .T. ) ;
#3992 = DIRECTION ( 'NONE',  ( -1.000000000000000000, 0.000000000000000000, 0.000000000000000000 ) ) ;
#3993 = ORIENTED_EDGE ( 'NONE', *, *, #1190, .T. ) ;
#3994 = DIRECTION ( 'NONE',  ( 0.05233595624294395260, 8.142458469267243165E-18, 0.9986295347545739443 ) ) ;
#3995 = CARTESIAN_POINT ( 'NONE',  ( 103.4000000000000199, -136.8000000000000114, 26.51000000000000156 ) ) ;
#3996 = EDGE_CURVE ( 'NONE', #3420, #1994, #2530, .T. ) ;
#3997 = DIRECTION ( 'NONE',  ( -1.000000000000000000, 0.000000000000000000, 0.000000000000000000 ) ) ;
#3998 = ORIENTED_EDGE ( 'NONE', *, *, #5434, .T. ) ;
#3999 = CARTESIAN_POINT ( 'NONE',  ( 187.5000000000000000, -41.39999999999999147, 26.51000000000000156 ) ) ;
#4000 = EDGE_CURVE ( 'NONE', #4528, #119, #3924, .T. ) ;
#4001 = ORIENTED_EDGE ( 'NONE', *, *, #5894, .T. ) ;
#4002 = ORIENTED_EDGE ( 'NONE', *, *, #2094, .T. ) ;
#4003 = CARTESIAN_POINT ( 'NONE',  ( 95.70000000000000284, -41.40000000000000568, 28.81000000000000227 ) ) ;
#4004 = LINE ( 'NONE', #2080, #5522 ) ;
#4005 = LINE ( 'NONE', #775, #5244 ) ;
#4006 = VERTEX_POINT ( 'NONE', #144 ) ;
#4007 = ORIENTED_EDGE ( 'NONE', *, *, #2862, .F. ) ;
#4008 = CARTESIAN_POINT ( 'NONE',  ( 186.4500000000000171, -33.99999999999997868, 29.61000000000000298 ) ) ;
#4009 = ORIENTED_EDGE ( 'NONE', *, *, #2074, .F. ) ;
#4010 = DIRECTION ( 'NONE',  ( -1.000000000000000000, 0.000000000000000000, 0.000000000000000000 ) ) ;
#4011 = PLANE ( 'NONE',  #1439 ) ;
#4012 = EDGE_CURVE ( 'NONE', #3331, #2807, #4325, .T. ) ;
#4013 = ORIENTED_EDGE ( 'NONE', *, *, #1437, .T. ) ;
#4014 = DIRECTION ( 'NONE',  ( 1.000000000000000000, 0.000000000000000000, 0.000000000000000000 ) ) ;
#4015 = DIRECTION ( 'NONE',  ( -0.000000000000000000, -0.000000000000000000, -1.000000000000000000 ) ) ;
#4016 = ORIENTED_EDGE ( 'NONE', *, *, #896, .F. ) ;
#4017 = EDGE_CURVE ( 'NONE', #769, #6035, #2138, .T. ) ;
#4018 = DIRECTION ( 'NONE',  ( -0.000000000000000000, -0.000000000000000000, 1.000000000000000000 ) ) ;
#4019 = PLANE ( 'NONE',  #5790 ) ;
#4020 = LINE ( 'NONE', #1123, #2009 ) ;
#4021 = ORIENTED_EDGE ( 'NONE', *, *, #4482, .F. ) ;
#4022 = EDGE_CURVE ( 'NONE', #574, #2422, #1743, .T. ) ;
#4023 = EDGE_LOOP ( 'NONE', ( #5375, #318, #5932, #1407 ) ) ;
#4024 = DIRECTION ( 'NONE',  ( -1.000000000000000000, 0.000000000000000000, 0.000000000000000000 ) ) ;
#4025 = CARTESIAN_POINT ( 'NONE',  ( 188.0000000000000000, -142.5999999999999943, 31.81000000000000583 ) ) ;
#4026 = AXIS2_PLACEMENT_3D ( 'NONE', #3604, #2557, #1187 ) ;
#4027 = DIRECTION ( 'NONE',  ( -0.05233595624294395260, -0.000000000000000000, 0.9986295347545739443 ) ) ;
#4028 = ORIENTED_EDGE ( 'NONE', *, *, #57, .T. ) ;
#4029 = DIRECTION ( 'NONE',  ( 1.000000000000000000, 0.000000000000000000, 0.000000000000000000 ) ) ;
#4030 = AXIS2_PLACEMENT_3D ( 'NONE', #4367, #3449, #5116 ) ;
#4031 = ORIENTED_EDGE ( 'NONE', *, *, #4591, .F. ) ;
#4032 = VECTOR ( 'NONE', #5066, 1000.000000000000000 ) ;
#4033 = ORIENTED_EDGE ( 'NONE', *, *, #658, .T. ) ;
#4034 = CARTESIAN_POINT ( 'NONE',  ( 101.1419262234264522, -135.6000000000000512, 25.71000000000000441 ) ) ;
#4035 = CARTESIAN_POINT ( 'NONE',  ( 187.5000000000000000, -41.39999999999999147, 26.51000000000000156 ) ) ;
#4036 = AXIS2_PLACEMENT_3D ( 'NONE', #2460, #5726, #4312 ) ;
#4037 = VERTEX_POINT ( 'NONE', #727 ) ;
#4038 = ORIENTED_EDGE ( 'NONE', *, *, #5157, .T. ) ;
#4039 = CARTESIAN_POINT ( 'NONE',  ( 180.5000000000000000, -129.0000000000000000, 28.01000000000000512 ) ) ;
#4040 = ORIENTED_EDGE ( 'NONE', *, *, #592, .F. ) ;
#4041 = ORIENTED_EDGE ( 'NONE', *, *, #4217, .T. ) ;
#4042 = CARTESIAN_POINT ( 'NONE',  ( 99.59999999999996589, -129.0000000000000000, 31.41000000000000725 ) ) ;
#4043 = DIRECTION ( 'NONE',  ( -0.000000000000000000, -0.000000000000000000, -1.000000000000000000 ) ) ;
#4044 = VERTEX_POINT ( 'NONE', #3046 ) ;
#4045 = CARTESIAN_POINT ( 'NONE',  ( 187.5000000000000000, -41.39999999999999147, 28.81000000000000227 ) ) ;
#4046 = AXIS2_PLACEMENT_3D ( 'NONE', #717, #4404, #2090 ) ;
#4047 = ORIENTED_EDGE ( 'NONE', *, *, #658, .F. ) ;
#4048 = CIRCLE ( 'NONE', #4331, 1.699999999999993072 ) ;
#4049 = DIRECTION ( 'NONE',  ( 1.000000000000000000, 0.000000000000000000, 0.000000000000000000 ) ) ;
#4050 = FACE_OUTER_BOUND ( 'NONE', #619, .T. ) ;
#4051 = CARTESIAN_POINT ( 'NONE',  ( 0.000000000000000000, -131.4000000000000341, 26.51000000000000156 ) ) ;
#4052 = VERTEX_POINT ( 'NONE', #1218 ) ;
#4053 = VERTEX_POINT ( 'NONE', #3086 ) ;
#4054 = AXIS2_PLACEMENT_3D ( 'NONE', #5712, #92, #1013 ) ;
#4055 = CARTESIAN_POINT ( 'NONE',  ( 180.5000000000000000, -43.00000000000000000, 28.81000000000000227 ) ) ;
#4056 = FACE_OUTER_BOUND ( 'NONE', #4475, .T. ) ;
#4057 = VECTOR ( 'NONE', #4500, 1000.000000000000000 ) ;
#4058 = CARTESIAN_POINT ( 'NONE',  ( 185.5000000000000000, -43.00000000000000000, 30.61000000000000654 ) ) ;
#4059 = EDGE_LOOP ( 'NONE', ( #1854, #5846, #3104, #1665 ) ) ;
#4060 = DIRECTION ( 'NONE',  ( -0.000000000000000000, -0.000000000000000000, 1.000000000000000000 ) ) ;
#4061 = ORIENTED_EDGE ( 'NONE', *, *, #2444, .F. ) ;
#4062 = ORIENTED_EDGE ( 'NONE', *, *, #5473, .T. ) ;
#4063 = CARTESIAN_POINT ( 'NONE',  ( 103.4000000000000057, -33.70000000000000284, 28.81000000000000227 ) ) ;
#4064 = EDGE_CURVE ( 'NONE', #4333, #6045, #4510, .T. ) ;
#4065 = DIRECTION ( 'NONE',  ( -0.000000000000000000, -0.000000000000000000, -1.000000000000000000 ) ) ;
#4066 = VECTOR ( 'NONE', #1, 1000.000000000000000 ) ;
#4067 = ORIENTED_EDGE ( 'NONE', *, *, #3332, .T. ) ;
#4068 = CARTESIAN_POINT ( 'NONE',  ( 98.00000000000001421, -131.4000000000000341, 28.81000000000000227 ) ) ;
#4069 = VERTEX_POINT ( 'NONE', #2657 ) ;
#4070 = CIRCLE ( 'NONE', #3780, 5.000000000000004441 ) ;
#4071 = ORIENTED_EDGE ( 'NONE', *, *, #4580, .F. ) ;
#4072 = DIRECTION ( 'NONE',  ( 0.000000000000000000, 0.000000000000000000, -1.000000000000000000 ) ) ;
#4073 = CARTESIAN_POINT ( 'NONE',  ( 97.50000000000000000, -29.00000000000000355, 31.41000000000000725 ) ) ;
#4074 = VECTOR ( 'NONE', #3589, 1000.000000000000000 ) ;
#4075 = ORIENTED_EDGE ( 'NONE', *, *, #4322, .F. ) ;
#4076 = ADVANCED_FACE ( 'NONE', ( #3603 ), #4417, .F. ) ;
#4077 = CIRCLE ( 'NONE', #5536, 1.700000000000007061 ) ;
#4078 = DIRECTION ( 'NONE',  ( 0.000000000000000000, 0.000000000000000000, 1.000000000000000000 ) ) ;
#4079 = ORIENTED_EDGE ( 'NONE', *, *, #252, .T. ) ;
#4080 = CARTESIAN_POINT ( 'NONE',  ( 104.9999999999999858, -36.99999999999999289, 28.01000000000000512 ) ) ;
#4081 = PLANE ( 'NONE',  #5587 ) ;
#4082 = DIRECTION ( 'NONE',  ( 0.000000000000000000, -0.000000000000000000, 1.000000000000000000 ) ) ;
#4083 = ORIENTED_EDGE ( 'NONE', *, *, #705, .T. ) ;
#4084 = VERTEX_POINT ( 'NONE', #5830 ) ;
#4085 = DIRECTION ( 'NONE',  ( 1.000000000000000000, 0.000000000000000000, 0.000000000000000000 ) ) ;
#4086 = CARTESIAN_POINT ( 'NONE',  ( 180.5000000000000000, -37.00000000000000711, 28.81000000000000227 ) ) ;
#4087 = CARTESIAN_POINT ( 'NONE',  ( 99.23000000000000398, -36.00000000000000711, 28.81000000000000227 ) ) ;
#4088 = ORIENTED_EDGE ( 'NONE', *, *, #4464, .T. ) ;
#4089 = ADVANCED_FACE ( 'NONE', ( #4978 ), #4480, .T. ) ;
#4090 = FACE_OUTER_BOUND ( 'NONE', #3137, .T. ) ;
#4091 = ORIENTED_EDGE ( 'NONE', *, *, #4894, .F. ) ;
#4092 = EDGE_CURVE ( 'NONE', #2336, #5228, #4618, .T. ) ;
#4093 = ORIENTED_EDGE ( 'NONE', *, *, #4598, .F. ) ;
#4094 = DIRECTION ( 'NONE',  ( -0.000000000000000000, -0.000000000000000000, -1.000000000000000000 ) ) ;
#4095 = CARTESIAN_POINT ( 'NONE',  ( 180.5000000000000000, -129.0000000000000000, 28.81000000000000227 ) ) ;
#4096 = ORIENTED_EDGE ( 'NONE', *, *, #139, .T. ) ;
#4097 = ADVANCED_FACE ( 'NONE', ( #332 ), #5429, .F. ) ;
#4098 = ORIENTED_EDGE ( 'NONE', *, *, #5792, .T. ) ;
#4099 = VERTEX_POINT ( 'NONE', #3473 ) ;
#4100 = CARTESIAN_POINT ( 'NONE',  ( 102.5580737765735932, -136.0000000000000000, 25.71000000000000441 ) ) ;
#4101 = CARTESIAN_POINT ( 'NONE',  ( 188.0000000000000000, -136.5000000000000000, 31.41000000000000725 ) ) ;
#4102 = ORIENTED_EDGE ( 'NONE', *, *, #4409, .T. ) ;
#4103 = DIRECTION ( 'NONE',  ( -1.000000000000000000, 0.000000000000000000, 0.000000000000000000 ) ) ;
#4104 = ORIENTED_EDGE ( 'NONE', *, *, #1951, .T. ) ;
#4105 = CARTESIAN_POINT ( 'NONE',  ( 103.4000000000000199, -136.8000000000000114, 28.81000000000000227 ) ) ;
#4106 = CARTESIAN_POINT ( 'NONE',  ( 180.5000000000000000, -129.0000000000000000, 28.01000000000000512 ) ) ;
#4107 = DIRECTION ( 'NONE',  ( 0.000000000000000000, 0.000000000000000000, 1.000000000000000000 ) ) ;
#4108 = VERTEX_POINT ( 'NONE', #3536 ) ;
#4109 = ORIENTED_EDGE ( 'NONE', *, *, #1936, .F. ) ;
#4110 = LINE ( 'NONE', #883, #371 ) ;
#4111 = CARTESIAN_POINT ( 'NONE',  ( 182.1000000000000227, -31.83000000000000540, 26.51000000000000156 ) ) ;
#4112 =( LENGTH_UNIT ( ) NAMED_UNIT ( * ) SI_UNIT ( .MILLI., .METRE. ) );
#4113 = VERTEX_POINT ( 'NONE', #5395 ) ;
#4114 = EDGE_CURVE ( 'NONE', #1360, #560, #5005, .T. ) ;
#4115 = DIRECTION ( 'NONE',  ( 0.000000000000000000, 0.000000000000000000, -1.000000000000000000 ) ) ;
#4116 = ORIENTED_EDGE ( 'NONE', *, *, #4540, .T. ) ;
#4117 = VECTOR ( 'NONE', #581, 1000.000000000000000 ) ;
#4118 = AXIS2_PLACEMENT_3D ( 'NONE', #3283, #1414, #4567 ) ;
#4119 = CARTESIAN_POINT ( 'NONE',  ( 96.25000000000000000, -33.99999999999997868, 19.61000000000000298 ) ) ;
#4120 = DIRECTION ( 'NONE',  ( -1.000000000000000000, -6.938893903907993257E-14, 0.000000000000000000 ) ) ;
#4121 = CIRCLE ( 'NONE', #4704, 0.3999999999999975797 ) ;
#4122 = AXIS2_PLACEMENT_3D ( 'NONE', #5831, #5863, #4911 ) ;
#4123 = EDGE_CURVE ( 'NONE', #1046, #1189, #128, .T. ) ;
#4124 = ORIENTED_EDGE ( 'NONE', *, *, #5956, .F. ) ;
#4125 = ORIENTED_EDGE ( 'NONE', *, *, #1751, .T. ) ;
#4126 = VECTOR ( 'NONE', #4943, 1000.000000000000000 ) ;
#4127 = CYLINDRICAL_SURFACE ( 'NONE', #3290, 5.000000000000004441 ) ;
#4128 = EDGE_CURVE ( 'NONE', #2238, #4423, #917, .T. ) ;
#4129 = CARTESIAN_POINT ( 'NONE',  ( 98.00000000000000000, -41.40000000000000568, 28.81000000000000227 ) ) ;
#4130 = AXIS2_PLACEMENT_3D ( 'NONE', #3597, #2189, #5457 ) ;
#4131 = ORIENTED_EDGE ( 'NONE', *, *, #4322, .T. ) ;
#4132 = DIRECTION ( 'NONE',  ( -0.000000000000000000, -0.000000000000000000, -1.000000000000000000 ) ) ;
#4133 = EDGE_LOOP ( 'NONE', ( #4171, #3934, #1347, #5950, #2016, #1945, #3758, #1526 ) ) ;
#4134 = EDGE_CURVE ( 'NONE', #1457, #3170, #1698, .T. ) ;
#4135 = CARTESIAN_POINT ( 'NONE',  ( 96.25000000000000000, -33.99999999999997868, 29.61000000000000298 ) ) ;
#4136 = CARTESIAN_POINT ( 'NONE',  ( 104.9999999999999716, -129.0000000000000000, 31.41000000000000725 ) ) ;
#4137 = EDGE_CURVE ( 'NONE', #2731, #4636, #4070, .T. ) ;
#4138 = DIRECTION ( 'NONE',  ( 1.000000000000000000, 0.000000000000000000, 0.000000000000000000 ) ) ;
#4139 = AXIS2_PLACEMENT_3D ( 'NONE', #3767, #1449, #4742 ) ;
#4140 = ORIENTED_EDGE ( 'NONE', *, *, #4332, .T. ) ;
#4141 = VERTEX_POINT ( 'NONE', #2101 ) ;
#4142 = DIRECTION ( 'NONE',  ( 0.000000000000000000, 0.05233595624294395260, -0.9986295347545739443 ) ) ;
#4143 = CARTESIAN_POINT ( 'NONE',  ( 189.7580737765735535, -41.39999999999999147, 25.71000000000000441 ) ) ;
#4144 = CARTESIAN_POINT ( 'NONE',  ( 98.00000000000001421, -132.9000000000000341, 28.81000000000000227 ) ) ;
#4145 = ORIENTED_EDGE ( 'NONE', *, *, #2303, .T. ) ;
#4146 = ADVANCED_FACE ( 'NONE', ( #4910 ), #3019, .F. ) ;
#4147 = ORIENTED_EDGE ( 'NONE', *, *, #4134, .F. ) ;
#4148 = EDGE_CURVE ( 'NONE', #4873, #1631, #4879, .T. ) ;
#4149 = CARTESIAN_POINT ( 'NONE',  ( 104.9999999999999716, -129.0000000000000000, 30.61000000000000654 ) ) ;
#4150 = CARTESIAN_POINT ( 'NONE',  ( 182.1000000000000512, -136.0000000000000000, 26.51000000000000156 ) ) ;
#4151 = AXIS2_PLACEMENT_3D ( 'NONE', #867, #4120, #4182 ) ;
#4152 = EDGE_CURVE ( 'NONE', #4699, #1864, #1186, .T. ) ;
#4153 = ORIENTED_EDGE ( 'NONE', *, *, #2830, .T. ) ;
#4154 = EDGE_CURVE ( 'NONE', #5802, #2673, #3742, .T. ) ;
#4155 = ORIENTED_EDGE ( 'NONE', *, *, #230, .F. ) ;
#4156 = CARTESIAN_POINT ( 'NONE',  ( 98.40000000000000568, -36.39999999999999858, 26.51000000000000156 ) ) ;
#4157 = CARTESIAN_POINT ( 'NONE',  ( 182.1000000000000227, -36.00000000000000711, 26.51000000000000156 ) ) ;
#4158 = VECTOR ( 'NONE', #926, 1000.000000000000000 ) ;
#4159 = ORIENTED_EDGE ( 'NONE', *, *, #4175, .T. ) ;
#4160 = DIRECTION ( 'NONE',  ( -0.000000000000000000, -0.000000000000000000, 1.000000000000000000 ) ) ;
#4161 = PRODUCT_DEFINITION ( 'Ф°', '', #5219, #5386 ) ;
#4162 = CONICAL_SURFACE ( 'NONE', #5141, 2.700000000000008171, 0.05235987755983000091 ) ;
#4163 = ORIENTED_EDGE ( 'NONE', *, *, #3132, .F. ) ;
#4164 = VECTOR ( 'NONE', #4303, 1000.000000000000000 ) ;
#4165 = FACE_OUTER_BOUND ( 'NONE', #3971, .T. ) ;
#4166 = DIRECTION ( 'NONE',  ( 0.000000000000000000, -1.000000000000000000, 0.000000000000000000 ) ) ;
#4167 = EDGE_CURVE ( 'NONE', #4452, #4397, #4949, .T. ) ;
#4168 = CIRCLE ( 'NONE', #462, 0.7999999999999951594 ) ;
#4169 = FACE_OUTER_BOUND ( 'NONE', #3723, .T. ) ;
#4170 = AXIS2_PLACEMENT_3D ( 'NONE', #4395, #5751, #1588 ) ;
#4171 = ORIENTED_EDGE ( 'NONE', *, *, #1642, .F. ) ;
#4172 = VECTOR ( 'NONE', #3016, 1000.000000000000000 ) ;
#4173 = ORIENTED_EDGE ( 'NONE', *, *, #5167, .F. ) ;
#4174 = LINE ( 'NONE', #5040, #1151 ) ;
#4175 = EDGE_CURVE ( 'NONE', #2671, #1466, #1630, .T. ) ;
#4176 = CARTESIAN_POINT ( 'NONE',  ( 104.9999999999999858, -36.99999999999999289, 28.01000000000000512 ) ) ;
#4177 = ORIENTED_EDGE ( 'NONE', *, *, #3523, .F. ) ;
#4178 = CIRCLE ( 'NONE', #3787, 2.741926223426435882 ) ;
#4179 = ORIENTED_EDGE ( 'NONE', *, *, #2372, .F. ) ;
#4180 = DIRECTION ( 'NONE',  ( -1.000000000000000000, 0.000000000000000000, 0.000000000000000000 ) ) ;
#4181 = LINE ( 'NONE', #2351, #610 ) ;
#4182 = DIRECTION ( 'NONE',  ( 6.938893903907993257E-14, -1.000000000000000000, 0.000000000000000000 ) ) ;
#4183 = ORIENTED_EDGE ( 'NONE', *, *, #2495, .F. ) ;
#4184 = ORIENTED_EDGE ( 'NONE', *, *, #139, .F. ) ;
#4185 = CARTESIAN_POINT ( 'NONE',  ( 0.000000000000000000, -132.9000000000000057, 26.51000000000000156 ) ) ;
#4186 = DIRECTION ( 'NONE',  ( 0.000000000000000000, 0.000000000000000000, -1.000000000000000000 ) ) ;
#4187 = ORIENTED_EDGE ( 'NONE', *, *, #84, .T. ) ;
#4188 = CARTESIAN_POINT ( 'NONE',  ( 180.5000000000000000, -37.60000000000000142, 31.41000000000000725 ) ) ;
#4189 = ORIENTED_EDGE ( 'NONE', *, *, #2828, .F. ) ;
#4190 = DIRECTION ( 'NONE',  ( 1.000000000000000000, 0.000000000000000000, 0.000000000000000000 ) ) ;
#4191 = FACE_OUTER_BOUND ( 'NONE', #3628, .T. ) ;
#4192 = ADVANCED_FACE ( 'NONE', ( #3657 ), #1770, .T. ) ;
#4193 = CARTESIAN_POINT ( 'NONE',  ( 182.1000000000000227, -35.20000000000000284, 26.51000000000000156 ) ) ;
#4194 = CARTESIAN_POINT ( 'NONE',  ( 98.40000000000000568, -36.39999999999999858, 25.71000000000000441 ) ) ;
#4195 = CARTESIAN_POINT ( 'NONE',  ( 97.20000000000000284, 1.512243245425520904E-14, 26.51000000000000156 ) ) ;
#4196 = EDGE_CURVE ( 'NONE', #3210, #306, #2020, .T. ) ;
#4197 = EDGE_LOOP ( 'NONE', ( #1627, #5762, #4984, #5589 ) ) ;
#4198 = VERTEX_POINT ( 'NONE', #3686 ) ;
#4199 = EDGE_CURVE ( 'NONE', #3480, #3876, #4454, .T. ) ;
#4200 = CARTESIAN_POINT ( 'NONE',  ( 194.0999999999999943, -35.50000000000000711, 31.41000000000000725 ) ) ;
#4201 = LINE ( 'NONE', #4690, #3639 ) ;
#4202 = ORIENTED_EDGE ( 'NONE', *, *, #1993, .T. ) ;
#4203 = ORIENTED_EDGE ( 'NONE', *, *, #1272, .T. ) ;
#4204 = LINE ( 'NONE', #4962, #5783 ) ;
#4205 = DIRECTION ( 'NONE',  ( 0.000000000000000000, 0.000000000000000000, 1.000000000000000000 ) ) ;
#4206 = DIRECTION ( 'NONE',  ( -8.804808628932942008E-17, -0.9986295347545739443, -0.05233595624294395260 ) ) ;
#4207 = CARTESIAN_POINT ( 'NONE',  ( 98.40000000000001990, -135.6000000000000512, 25.71000000000000441 ) ) ;
#4208 = CIRCLE ( 'NONE', #5384, 6.000000000000005329 ) ;
#4209 = VECTOR ( 'NONE', #6029, 1000.000000000000000 ) ;
#4210 = VERTEX_POINT ( 'NONE', #2314 ) ;
#4211 = ORIENTED_EDGE ( 'NONE', *, *, #4430, .T. ) ;
#4212 = CARTESIAN_POINT ( 'NONE',  ( 182.1000000000000227, -36.00000000000000711, 28.81000000000000227 ) ) ;
#4213 = DIRECTION ( 'NONE',  ( 1.000000000000000000, 0.000000000000000000, 0.000000000000000000 ) ) ;
#4214 = TOROIDAL_SURFACE ( 'NONE', #1877, 6.099999999999999645, 0.4000000000000000222 ) ;
#4215 = ORIENTED_EDGE ( 'NONE', *, *, #1962, .T. ) ;
#4216 = CARTESIAN_POINT ( 'NONE',  ( 187.1000000000000227, -36.39999999999999147, 28.81000000000000227 ) ) ;
#4217 = EDGE_CURVE ( 'NONE', #760, #338, #4560, .T. ) ;
#4218 = AXIS2_PLACEMENT_3D ( 'NONE', #2607, #3427, #4467 ) ;
#4219 = EDGE_LOOP ( 'NONE', ( #5268, #2242, #2464, #3490 ) ) ;
#4220 = LINE ( 'NONE', #5662, #2093 ) ;
#4221 = CIRCLE ( 'NONE', #1109, 0.7999999999999951594 ) ;
#4222 = DIRECTION ( 'NONE',  ( -1.000000000000000000, 0.000000000000000000, 0.000000000000000000 ) ) ;
#4223 = CARTESIAN_POINT ( 'NONE',  ( 189.2500000000000000, -137.9999999999999716, 29.61000000000000298 ) ) ;
#4224 = DIRECTION ( 'NONE',  ( 0.000000000000000000, 0.000000000000000000, 1.000000000000000000 ) ) ;
#4225 = DIRECTION ( 'NONE',  ( -1.000000000000000000, 0.000000000000000000, 0.000000000000000000 ) ) ;
#4226 = CIRCLE ( 'NONE', #5112, 2.299999999999996270 ) ;
#4227 = DIRECTION ( 'NONE',  ( 1.000000000000000000, 0.000000000000000000, 0.000000000000000000 ) ) ;
#4228 = VERTEX_POINT ( 'NONE', #2286 ) ;
#4229 = ORIENTED_EDGE ( 'NONE', *, *, #3811, .T. ) ;
#4230 = CARTESIAN_POINT ( 'NONE',  ( 191.6700000000000159, 0.000000000000000000, 28.81000000000000227 ) ) ;
#4231 = LINE ( 'NONE', #2870, #1489 ) ;
#4232 = ADVANCED_FACE ( 'NONE', ( #5154 ), #4162, .F. ) ;
#4233 = CARTESIAN_POINT ( 'NONE',  ( 188.0000000000000000, -35.50000000000000711, 26.51000000000000156 ) ) ;
#4234 = AXIS2_PLACEMENT_3D ( 'NONE', #3464, #4899, #1209 ) ;
#4235 = DIRECTION ( 'NONE',  ( 1.000000000000000000, 0.000000000000000000, -0.000000000000000000 ) ) ;
#4236 = VECTOR ( 'NONE', #3899, 1000.000000000000000 ) ;
#4237 = CYLINDRICAL_SURFACE ( 'NONE', #4900, 5.000000000000004441 ) ;
#4238 = DIRECTION ( 'NONE',  ( -1.000000000000000000, 0.000000000000000000, 0.000000000000000000 ) ) ;
#4239 = CARTESIAN_POINT ( 'NONE',  ( 98.00000000000000000, -39.14192622342643801, 25.71000000000000441 ) ) ;
#4240 = AXIS2_PLACEMENT_3D ( 'NONE', #4981, #3605, #5075 ) ;
#4241 = VECTOR ( 'NONE', #2435, 1000.000000000000000 ) ;
#4242 = ORIENTED_EDGE ( 'NONE', *, *, #5974, .F. ) ;
#4243 = VECTOR ( 'NONE', #3059, 1000.000000000000000 ) ;
#4244 = ORIENTED_EDGE ( 'NONE', *, *, #503, .T. ) ;
#4245 = CARTESIAN_POINT ( 'NONE',  ( 93.45000000000000284, -33.99999999999997868, 31.41000000000000725 ) ) ;
#4246 = EDGE_CURVE ( 'NONE', #5048, #2241, #757, .T. ) ;
#4247 = FACE_OUTER_BOUND ( 'NONE', #1400, .T. ) ;
#4248 = AXIS2_PLACEMENT_3D ( 'NONE', #4150, #402, #341 ) ;
#4249 = ORIENTED_EDGE ( 'NONE', *, *, #1968, .F. ) ;
#4250 = CIRCLE ( 'NONE', #2008, 5.400000000000002132 ) ;
#4251 = DIRECTION ( 'NONE',  ( -0.000000000000000000, -0.000000000000000000, 1.000000000000000000 ) ) ;
#4252 = ORIENTED_EDGE ( 'NONE', *, *, #317, .T. ) ;
#4253 = DIRECTION ( 'NONE',  ( 0.000000000000000000, 1.000000000000000000, 0.000000000000000000 ) ) ;
#4254 = AXIS2_PLACEMENT_3D ( 'NONE', #4156, #2711, #6025 ) ;
#4255 = FACE_OUTER_BOUND ( 'NONE', #736, .T. ) ;
#4256 = DIRECTION ( 'NONE',  ( -0.9986295347545739443, 0.000000000000000000, -0.05233595624294395260 ) ) ;
#4257 = CARTESIAN_POINT ( 'NONE',  ( 0.000000000000000000, -136.8000000000000114, 26.51000000000000156 ) ) ;
#4258 = EDGE_CURVE ( 'NONE', #5108, #4988, #5826, .T. ) ;
#4259 = CARTESIAN_POINT ( 'NONE',  ( 102.6000000000000085, 0.000000000000000000, 26.51000000000000156 ) ) ;
#4260 = AXIS2_PLACEMENT_3D ( 'NONE', #2808, #5983, #6036 ) ;
#4261 = DIRECTION ( 'NONE',  ( -0.000000000000000000, -0.000000000000000000, 1.000000000000000000 ) ) ;
#4262 = ORIENTED_EDGE ( 'NONE', *, *, #2803, .T. ) ;
#4263 = ORIENTED_EDGE ( 'NONE', *, *, #2223, .F. ) ;
#4264 = CARTESIAN_POINT ( 'NONE',  ( 180.5000000000000000, -129.0000000000000000, 28.01000000000000512 ) ) ;
#4265 = CARTESIAN_POINT ( 'NONE',  ( 187.5000000000000000, -130.6000000000000227, 28.81000000000000227 ) ) ;
#4266 = CIRCLE ( 'NONE', #1635, 2.799999999999997158 ) ;
#4267 = VECTOR ( 'NONE', #4186, 1000.000000000000000 ) ;
#4268 = CARTESIAN_POINT ( 'NONE',  ( 189.2500000000000000, -137.9999999999999716, 31.81000000000000583 ) ) ;
#4269 = VECTOR ( 'NONE', #2132, 1000.000000000000000 ) ;
#4270 = DIRECTION ( 'NONE',  ( 1.000000000000000000, 0.000000000000000000, 0.000000000000000000 ) ) ;
#4271 = DIRECTION ( 'NONE',  ( -0.000000000000000000, 0.05233595624294395260, 0.9986295347545739443 ) ) ;
#4272 = AXIS2_PLACEMENT_3D ( 'NONE', #1085, #3889, #4781 ) ;
#4273 = LINE ( 'NONE', #5620, #1220 ) ;
#4274 = DIRECTION ( 'NONE',  ( -0.000000000000000000, -0.000000000000000000, 1.000000000000000000 ) ) ;
#4275 = VERTEX_POINT ( 'NONE', #975 ) ;
#4276 = EDGE_CURVE ( 'NONE', #1189, #4228, #5552, .T. ) ;
#4277 = VECTOR ( 'NONE', #1035, 1000.000000000000000 ) ;
#4278 = ORIENTED_EDGE ( 'NONE', *, *, #4838, .T. ) ;
#4279 = FACE_BOUND ( 'NONE', #5426, .T. ) ;
#4280 = CARTESIAN_POINT ( 'NONE',  ( 182.1000000000000227, -36.00000000000000711, 26.51000000000000156 ) ) ;
#4281 = VERTEX_POINT ( 'NONE', #1311 ) ;
#4282 = DIRECTION ( 'NONE',  ( 1.000000000000000000, 0.000000000000000000, 0.000000000000000000 ) ) ;
#4283 = EDGE_CURVE ( 'NONE', #508, #2565, #4174, .T. ) ;
#4284 = ORIENTED_EDGE ( 'NONE', *, *, #2418, .T. ) ;
#4285 = CARTESIAN_POINT ( 'NONE',  ( 93.45000000000000284, -137.9999999999999716, 29.61000000000000298 ) ) ;
#4286 = CARTESIAN_POINT ( 'NONE',  ( 189.2500000000000000, -137.9999999999999716, 26.51000000000000156 ) ) ;
#4287 = CARTESIAN_POINT ( 'NONE',  ( 101.1000000000000227, -135.6000000000000512, 28.81000000000000227 ) ) ;
#4288 = CARTESIAN_POINT ( 'NONE',  ( 189.2500000000000000, -137.9999999999999716, 31.41000000000000725 ) ) ;
#4289 = CARTESIAN_POINT ( 'NONE',  ( 98.40000000000001990, -135.6000000000000512, 28.81000000000000227 ) ) ;
#4290 = ORIENTED_EDGE ( 'NONE', *, *, #2903, .T. ) ;
#4291 = ORIENTED_EDGE ( 'NONE', *, *, #1249, .T. ) ;
#4292 = DIRECTION ( 'NONE',  ( 0.000000000000000000, 0.000000000000000000, -1.000000000000000000 ) ) ;
#4293 = CARTESIAN_POINT ( 'NONE',  ( 187.5000000000000000, -37.22999999999998977, 28.81000000000000227 ) ) ;
#4294 = CARTESIAN_POINT ( 'NONE',  ( 187.1000000000000227, -135.6000000000000227, 28.81000000000000227 ) ) ;
#4295 = DIRECTION ( 'NONE',  ( -0.05233595624294394566, -0.000000000000000000, 0.9986295347545739443 ) ) ;
#4296 = CARTESIAN_POINT ( 'NONE',  ( -0.000000000000000000, -31.83000000000000540, 26.51000000000000156 ) ) ;
#4297 = EDGE_CURVE ( 'NONE', #4935, #4052, #4110, .T. ) ;
#4298 = CARTESIAN_POINT ( 'NONE',  ( 188.0000000000000000, -35.50000000000000711, 31.81000000000000583 ) ) ;
#4299 = LINE ( 'NONE', #2909, #4338 ) ;
#4300 = ORIENTED_EDGE ( 'NONE', *, *, #3922, .F. ) ;
#4301 = ORIENTED_EDGE ( 'NONE', *, *, #5496, .F. ) ;
#4302 = CARTESIAN_POINT ( 'NONE',  ( 182.1000000000000227, -36.00000000000000711, 28.81000000000000227 ) ) ;
#4303 = DIRECTION ( 'NONE',  ( 1.000000000000000000, 0.000000000000000000, 0.000000000000000000 ) ) ;
#4304 = ORIENTED_EDGE ( 'NONE', *, *, #3436, .F. ) ;
#4305 = ADVANCED_FACE ( 'NONE', ( #4578 ), #394, .T. ) ;
#4306 = CARTESIAN_POINT ( 'NONE',  ( 97.50000000000000000, -35.50000000000000711, 31.81000000000000583 ) ) ;
#4307 = EDGE_LOOP ( 'NONE', ( #5206, #2543, #2739, #4183 ) ) ;
#4308 = EDGE_CURVE ( 'NONE', #5403, #4528, #1802, .T. ) ;
#4309 = CARTESIAN_POINT ( 'NONE',  ( 104.9999999999999716, -129.0000000000000000, 28.01000000000000512 ) ) ;
#4310 = CIRCLE ( 'NONE', #214, 2.258073776573568558 ) ;
#4311 = CARTESIAN_POINT ( 'NONE',  ( 91.00000000000000000, -35.50000000000000711, 31.41000000000000725 ) ) ;
#4312 = DIRECTION ( 'NONE',  ( 1.000000000000000000, 0.000000000000000000, 0.000000000000000000 ) ) ;
#4313 = CARTESIAN_POINT ( 'NONE',  ( 187.1000000000000227, -135.6000000000000227, 26.51000000000000156 ) ) ;
#4314 = AXIS2_PLACEMENT_3D ( 'NONE', #4039, #802, #1757 ) ;
#4315 = CARTESIAN_POINT ( 'NONE',  ( 180.5000000000000000, -43.00000000000000000, 30.61000000000000654 ) ) ;
#4316 = CIRCLE ( 'NONE', #522, 0.4000000000000010214 ) ;
#4317 = ORIENTED_EDGE ( 'NONE', *, *, #5027, .F. ) ;
#4318 = ORIENTED_EDGE ( 'NONE', *, *, #686, .F. ) ;
#4319 = DIRECTION ( 'NONE',  ( 0.000000000000000000, -1.000000000000000000, 0.000000000000000000 ) ) ;
#4320 = DIRECTION ( 'NONE',  ( 1.000000000000000000, 0.000000000000000000, 0.000000000000000000 ) ) ;
#4321 = AXIS2_PLACEMENT_3D ( 'NONE', #4055, #300, #4024 ) ;
#4322 = EDGE_CURVE ( 'NONE', #6034, #676, #942, .T. ) ;
#4323 = VECTOR ( 'NONE', #3736, 1000.000000000000000 ) ;
#4324 = CARTESIAN_POINT ( 'NONE',  ( 184.3580737765735762, -36.00000000000000711, 25.71000000000000441 ) ) ;
#4325 = LINE ( 'NONE', #5861, #4707 ) ;
#4326 = LINE ( 'NONE', #2415, #2364 ) ;
#4327 = EDGE_CURVE ( 'NONE', #1994, #2422, #5235, .T. ) ;
#4328 = DIRECTION ( 'NONE',  ( 0.000000000000000000, 0.000000000000000000, -1.000000000000000000 ) ) ;
#4329 = CARTESIAN_POINT ( 'NONE',  ( 96.25000000000000000, -137.9999999999999716, 31.41000000000000725 ) ) ;
#4330 = EDGE_LOOP ( 'NONE', ( #1322, #1625, #5467, #2180 ) ) ;
#4331 = AXIS2_PLACEMENT_3D ( 'NONE', #2289, #858, #2730 ) ;
#4332 = EDGE_CURVE ( 'NONE', #3322, #273, #3710, .T. ) ;
#4333 = VERTEX_POINT ( 'NONE', #3382 ) ;
#4334 = DIRECTION ( 'NONE',  ( 0.000000000000000000, 1.000000000000000000, 0.000000000000000000 ) ) ;
#4335 = DIRECTION ( 'NONE',  ( 1.000000000000000000, 0.000000000000000000, 0.000000000000000000 ) ) ;
#4336 = EDGE_LOOP ( 'NONE', ( #1413, #4794, #2507, #1377 ) ) ;
#4337 = DIRECTION ( 'NONE',  ( 0.000000000000000000, 0.000000000000000000, 1.000000000000000000 ) ) ;
#4338 = VECTOR ( 'NONE', #1983, 1000.000000000000000 ) ;
#4339 = VERTEX_POINT ( 'NONE', #3807 ) ;
#4340 = DIRECTION ( 'NONE',  ( -0.000000000000000000, 0.000000000000000000, -1.000000000000000000 ) ) ;
#4341 = FACE_OUTER_BOUND ( 'NONE', #4197, .T. ) ;
#4342 = DIRECTION ( 'NONE',  ( 0.05233595624294395260, -0.000000000000000000, 0.9986295347545739443 ) ) ;
#4343 = CIRCLE ( 'NONE', #1721, 2.700000000000008171 ) ;
#4344 = CIRCLE ( 'NONE', #4841, 0.7999999999999951594 ) ;
#4345 = ADVANCED_FACE ( 'NONE', ( #5735 ), #1065, .T. ) ;
#4346 = CARTESIAN_POINT ( 'NONE',  ( 98.00000000000001421, -130.6000000000000512, 28.81000000000000227 ) ) ;
#4347 = ADVANCED_FACE ( 'NONE', ( #2928 ), #140, .F. ) ;
#4348 = CARTESIAN_POINT ( 'NONE',  ( 189.2500000000000000, -33.99999999999997868, 19.61000000000000298 ) ) ;
#4349 = ORIENTED_EDGE ( 'NONE', *, *, #2058, .T. ) ;
#4350 = ORIENTED_EDGE ( 'NONE', *, *, #4970, .F. ) ;
#4351 = UNCERTAINTY_MEASURE_WITH_UNIT (LENGTH_MEASURE( 1.000000000000000082E-05 ), #2122, 'distance_accuracy_value', 'NONE');
#4352 = CARTESIAN_POINT ( 'NONE',  ( 101.1000000000000227, 0.000000000000000000, 28.81000000000000227 ) ) ;
#4353 = EDGE_CURVE ( 'NONE', #2824, #4052, #2810, .T. ) ;
#4354 = CARTESIAN_POINT ( 'NONE',  ( 98.40000000000000568, -36.39999999999999858, 28.81000000000000227 ) ) ;
#4355 = VECTOR ( 'NONE', #1206, 1000.000000000000000 ) ;
#4356 = LINE ( 'NONE', #111, #5550 ) ;
#4357 = VECTOR ( 'NONE', #1546, 1000.000000000000000 ) ;
#4358 = CARTESIAN_POINT ( 'NONE',  ( 182.9000000000000057, -36.00000000000000711, 26.51000000000000156 ) ) ;
#4359 = LINE ( 'NONE', #549, #4117 ) ;
#4360 = CIRCLE ( 'NONE', #4852, 6.000000000000005329 ) ;
#4361 = DIRECTION ( 'NONE',  ( -1.732346097742566987E-14, -0.9986295347545739443, -0.05233595624294395260 ) ) ;
#4362 = AXIS2_PLACEMENT_3D ( 'NONE', #1366, #5976, #3230 ) ;
#4363 = FACE_BOUND ( 'NONE', #4486, .T. ) ;
#4364 = VECTOR ( 'NONE', #5373, 1000.000000000000000 ) ;
#4365 = ORIENTED_EDGE ( 'NONE', *, *, #3426, .F. ) ;
#4366 = ORIENTED_EDGE ( 'NONE', *, *, #4154, .T. ) ;
#4367 = CARTESIAN_POINT ( 'NONE',  ( 98.40000000000001990, -135.6000000000000512, 28.01000000000000512 ) ) ;
#4368 = DIRECTION ( 'NONE',  ( -0.000000000000000000, -0.000000000000000000, -1.000000000000000000 ) ) ;
#4369 = DIRECTION ( 'NONE',  ( -1.000000000000000000, 0.000000000000000000, 0.000000000000000000 ) ) ;
#4370 = ORIENTED_EDGE ( 'NONE', *, *, #1749, .F. ) ;
#4371 = CARTESIAN_POINT ( 'NONE',  ( 97.50000000000000000, -142.5999999999999943, 31.41000000000000725 ) ) ;
#4372 = ORIENTED_EDGE ( 'NONE', *, *, #6022, .F. ) ;
#4373 = LINE ( 'NONE', #5815, #218 ) ;
#4374 = CARTESIAN_POINT ( 'NONE',  ( 103.4000000000000199, -140.1700000000000159, 28.81000000000000227 ) ) ;
#4375 = LINE ( 'NONE', #2056, #1346 ) ;
#4376 = EDGE_CURVE ( 'NONE', #3619, #1864, #3323, .T. ) ;
#4377 = CARTESIAN_POINT ( 'NONE',  ( 103.4000000000000199, -136.0000000000000000, 26.51000000000000156 ) ) ;
#4378 = CARTESIAN_POINT ( 'NONE',  ( 182.1000000000000512, -136.8000000000000114, 26.51000000000000156 ) ) ;
#4379 = EDGE_CURVE ( 'NONE', #1768, #508, #1571, .T. ) ;
#4380 = ORIENTED_EDGE ( 'NONE', *, *, #6016, .T. ) ;
#4381 = EDGE_CURVE ( 'NONE', #4834, #611, #4720, .T. ) ;
#4382 = DIRECTION ( 'NONE',  ( -0.000000000000000000, -0.000000000000000000, -1.000000000000000000 ) ) ;
#4383 = DIRECTION ( 'NONE',  ( -0.05233595624294395260, -3.458606168850652249E-16, 0.9986295347545739443 ) ) ;
#4384 = DIRECTION ( 'NONE',  ( -1.000000000000000000, 0.000000000000000000, 0.000000000000000000 ) ) ;
#4385 = EDGE_CURVE ( 'NONE', #4947, #3591, #5207, .T. ) ;
#4386 = LINE ( 'NONE', #4358, #2871 ) ;
#4387 = CARTESIAN_POINT ( 'NONE',  ( 187.5499999999999829, -137.9999999999999716, 26.51000000000000156 ) ) ;
#4388 = DIRECTION ( 'NONE',  ( -1.000000000000000000, 0.000000000000000000, 0.000000000000000000 ) ) ;
#4389 = VERTEX_POINT ( 'NONE', #2900 ) ;
#4390 = FACE_OUTER_BOUND ( 'NONE', #491, .T. ) ;
#4391 = EDGE_LOOP ( 'NONE', ( #2166, #2493, #1842, #1812 ) ) ;
#4392 = ORIENTED_EDGE ( 'NONE', *, *, #4137, .F. ) ;
#4393 = DIRECTION ( 'NONE',  ( -0.000000000000000000, 1.000000000000000000, 0.000000000000000000 ) ) ;
#4394 = CARTESIAN_POINT ( 'NONE',  ( 0.000000000000000000, -131.4000000000000341, 28.81000000000000227 ) ) ;
#4395 = CARTESIAN_POINT ( 'NONE',  ( 180.5000000000000000, -129.0000000000000000, 31.81000000000000583 ) ) ;
#4396 = ORIENTED_EDGE ( 'NONE', *, *, #4012, .T. ) ;
#4397 = VERTEX_POINT ( 'NONE', #4753 ) ;
#4398 = CARTESIAN_POINT ( 'NONE',  ( 98.40000000000001990, -134.7700000000000671, 28.81000000000000227 ) ) ;
#4399 = SURFACE_SIDE_STYLE ('',( #2055 ) ) ;
#4400 = CARTESIAN_POINT ( 'NONE',  ( 98.00000000000000000, -41.40000000000000568, 26.51000000000000156 ) ) ;
#4401 = EDGE_CURVE ( 'NONE', #1530, #5113, #5180, .T. ) ;
#4402 = ORIENTED_EDGE ( 'NONE', *, *, #3519, .F. ) ;
#4403 = ADVANCED_FACE ( 'NONE', ( #169 ), #47, .T. ) ;
#4404 = DIRECTION ( 'NONE',  ( -0.000000000000000000, 0.000000000000000000, 1.000000000000000000 ) ) ;
#4405 = DIRECTION ( 'NONE',  ( 1.000000000000000000, 0.000000000000000000, 0.000000000000000000 ) ) ;
#4406 = VECTOR ( 'NONE', #233, 1000.000000000000000 ) ;
#4407 = ORIENTED_EDGE ( 'NONE', *, *, #3714, .F. ) ;
#4408 = CIRCLE ( 'NONE', #2070, 1.700000000000007061 ) ;
#4409 = EDGE_CURVE ( 'NONE', #2688, #1481, #2512, .T. ) ;
#4410 = CARTESIAN_POINT ( 'NONE',  ( 96.25000000000000000, -33.99999999999997868, 29.61000000000000298 ) ) ;
#4411 = CARTESIAN_POINT ( 'NONE',  ( 182.1000000000000512, -136.8000000000000114, 28.81000000000000227 ) ) ;
#4412 = VECTOR ( 'NONE', #4558, 1000.000000000000000 ) ;
#4413 = VECTOR ( 'NONE', #4664, 1000.000000000000000 ) ;
#4414 = CARTESIAN_POINT ( 'NONE',  ( 184.4000000000000057, -36.00000000000000711, 28.81000000000000227 ) ) ;
#4415 = VERTEX_POINT ( 'NONE', #2869 ) ;
#4416 = CIRCLE ( 'NONE', #424, 6.000000000000005329 ) ;
#4417 = CYLINDRICAL_SURFACE ( 'NONE', #1210, 1.700000000000021050 ) ;
#4418 = DIRECTION ( 'NONE',  ( 9.078841193233349559E-16, 0.05233595624294395260, 0.9986295347545739443 ) ) ;
#4419 = CIRCLE ( 'NONE', #5593, 6.000000000000005329 ) ;
#4420 = CARTESIAN_POINT ( 'NONE',  ( 98.40000000000000568, -36.39999999999999858, 28.81000000000000227 ) ) ;
#4421 = EDGE_LOOP ( 'NONE', ( #3229, #3969, #2438, #928 ) ) ;
#4422 = DIRECTION ( 'NONE',  ( -1.000000000000000000, 0.000000000000000000, 0.000000000000000000 ) ) ;
#4423 = VERTEX_POINT ( 'NONE', #2407 ) ;
#4424 = ORIENTED_EDGE ( 'NONE', *, *, #2819, .F. ) ;
#4425 = DIRECTION ( 'NONE',  ( -0.000000000000000000, -0.000000000000000000, -1.000000000000000000 ) ) ;
#4426 = DIRECTION ( 'NONE',  ( 1.000000000000000000, 0.000000000000000000, 0.000000000000000000 ) ) ;
#4427 = ORIENTED_EDGE ( 'NONE', *, *, #684, .F. ) ;
#4428 = AXIS2_PLACEMENT_3D ( 'NONE', #211, #3547, #3877 ) ;
#4429 = ORIENTED_EDGE ( 'NONE', *, *, #1111, .F. ) ;
#4430 = EDGE_CURVE ( 'NONE', #574, #2290, #950, .T. ) ;
#4431 = DIRECTION ( 'NONE',  ( -0.05233595624294394566, -0.000000000000000000, 0.9986295347545739443 ) ) ;
#4432 = ORIENTED_EDGE ( 'NONE', *, *, #2194, .F. ) ;
#4433 = DIRECTION ( 'NONE',  ( -0.000000000000000000, 0.000000000000000000, 1.000000000000000000 ) ) ;
#4434 = CARTESIAN_POINT ( 'NONE',  ( 93.83000000000001251, -130.6000000000000512, 26.51000000000000156 ) ) ;
#4435 = ORIENTED_EDGE ( 'NONE', *, *, #2924, .T. ) ;
#4436 = CARTESIAN_POINT ( 'NONE',  ( 187.5000000000000000, -130.6000000000000227, 28.81000000000000227 ) ) ;
#4437 = DIRECTION ( 'NONE',  ( -0.000000000000000000, -0.000000000000000000, 1.000000000000000000 ) ) ;
#4438 = PRODUCT_DEFINITION_SHAPE ( 'NONE', 'NONE',  #4161 ) ;
#4439 = ORIENTED_EDGE ( 'NONE', *, *, #2679, .F. ) ;
#4440 = EDGE_CURVE ( 'NONE', #2089, #771, #2004, .T. ) ;
#4441 = PLANE ( 'NONE',  #2412 ) ;
#4442 = AXIS2_PLACEMENT_3D ( 'NONE', #5161, #4672, #4696 ) ;
#4443 = DIRECTION ( 'NONE',  ( -0.05233595624294395260, 0.000000000000000000, 0.9986295347545739443 ) ) ;
#4444 = ADVANCED_FACE ( 'NONE', ( #1946 ), #109, .F. ) ;
#4445 = VECTOR ( 'NONE', #3854, 1000.000000000000000 ) ;
#4446 = DIRECTION ( 'NONE',  ( 1.000000000000000000, 0.000000000000000000, 0.000000000000000000 ) ) ;
#4447 = ORIENTED_EDGE ( 'NONE', *, *, #5073, .F. ) ;
#4448 = CARTESIAN_POINT ( 'NONE',  ( 187.1000000000000227, -132.9000000000000057, 28.81000000000000227 ) ) ;
#4449 = DIRECTION ( 'NONE',  ( 1.000000000000000000, 0.000000000000000000, 0.000000000000000000 ) ) ;
#4450 = AXIS2_PLACEMENT_3D ( 'NONE', #5912, #383, #3138 ) ;
#4451 = CARTESIAN_POINT ( 'NONE',  ( 194.0999999999999943, -35.50000000000000711, 31.41000000000000725 ) ) ;
#4452 = VERTEX_POINT ( 'NONE', #2952 ) ;
#4453 = CARTESIAN_POINT ( 'NONE',  ( 101.1000000000000085, -36.00000000000000711, 26.51000000000000156 ) ) ;
#4454 = CIRCLE ( 'NONE', #5436, 0.3999999999999975797 ) ;
#4455 = VERTEX_POINT ( 'NONE', #5269 ) ;
#4456 = AXIS2_PLACEMENT_3D ( 'NONE', #3226, #1269, #5479 ) ;
#4457 = ADVANCED_FACE ( 'NONE', ( #4785 ), #601, .T. ) ;
#4458 = ORIENTED_EDGE ( 'NONE', *, *, #916, .F. ) ;
#4459 = LINE ( 'NONE', #2634, #2791 ) ;
#4460 = DIRECTION ( 'NONE',  ( 1.000000000000000000, 0.000000000000000000, 0.000000000000000000 ) ) ;
#4461 = PLANE ( 'NONE',  #5150 ) ;
#4462 = AXIS2_PLACEMENT_3D ( 'NONE', #5200, #3287, #3373 ) ;
#4463 = AXIS2_PLACEMENT_3D ( 'NONE', #3286, #38, #209 ) ;
#4464 = EDGE_CURVE ( 'NONE', #2992, #1087, #2721, .T. ) ;
#4465 = ORIENTED_EDGE ( 'NONE', *, *, #5391, .T. ) ;
#4466 = ORIENTED_EDGE ( 'NONE', *, *, #1199, .T. ) ;
#4467 = DIRECTION ( 'NONE',  ( 1.000000000000000000, 0.000000000000000000, 0.000000000000000000 ) ) ;
#4468 = SURFACE_STYLE_USAGE ( .BOTH. , #4399 ) ;
#4469 = CARTESIAN_POINT ( 'NONE',  ( 98.00000000000000000, -41.40000000000000568, 28.81000000000000227 ) ) ;
#4470 = EDGE_LOOP ( 'NONE', ( #2550, #1077, #699, #348 ) ) ;
#4471 = VECTOR ( 'NONE', #5418, 1000.000000000000000 ) ;
#4472 = EDGE_CURVE ( 'NONE', #731, #4935, #3000, .T. ) ;
#4473 = CARTESIAN_POINT ( 'NONE',  ( 97.94999999999998863, -33.99999999999997868, 19.61000000000000298 ) ) ;
#4474 = LINE ( 'NONE', #293, #4571 ) ;
#4475 = EDGE_LOOP ( 'NONE', ( #554, #2854, #627, #1880 ) ) ;
#4476 = FACE_OUTER_BOUND ( 'NONE', #767, .T. ) ;
#4477 = DIRECTION ( 'NONE',  ( -0.000000000000000000, 0.000000000000000000, 1.000000000000000000 ) ) ;
#4478 = CARTESIAN_POINT ( 'NONE',  ( 104.9999999999999716, -135.0000000000000000, 28.81000000000000227 ) ) ;
#4479 = ORIENTED_EDGE ( 'NONE', *, *, #3827, .T. ) ;
#4480 = PLANE ( 'NONE',  #3062 ) ;
#4481 = CARTESIAN_POINT ( 'NONE',  ( 98.00000000000000000, -41.40000000000000568, 25.71000000000000441 ) ) ;
#4482 = EDGE_CURVE ( 'NONE', #1990, #3667, #70, .T. ) ;
#4483 = CARTESIAN_POINT ( 'NONE',  ( 98.99999999999997158, -43.00000000000000000, 28.01000000000000512 ) ) ;
#4484 = EDGE_LOOP ( 'NONE', ( #3187, #3121, #2770, #3472 ) ) ;
#4485 = CYLINDRICAL_SURFACE ( 'NONE', #970, 2.700000000000008171 ) ;
#4486 = EDGE_LOOP ( 'NONE', ( #868, #4602, #3552, #1294, #4898, #284, #1651, #6007, #2851, #5865, #2426, #71, #1470, #3448, #2838, #5613, #3423, #846, #238, #2562, #3766, #3543, #185, #3756 ) ) ;
#4487 = VERTEX_POINT ( 'NONE', #3014 ) ;
#4488 = CARTESIAN_POINT ( 'NONE',  ( 95.74192622342644654, -130.6000000000000512, 25.71000000000000441 ) ) ;
#4489 = CARTESIAN_POINT ( 'NONE',  ( 0.000000000000000000, -140.1700000000000159, 28.81000000000000227 ) ) ;
#4490 = ADVANCED_FACE ( 'NONE', ( #5422 ), #4441, .T. ) ;
#4491 = CARTESIAN_POINT ( 'NONE',  ( -0.000000000000000000, -35.20000000000000284, 26.51000000000000156 ) ) ;
#4492 = ORIENTED_EDGE ( 'NONE', *, *, #5648, .T. ) ;
#4493 = ORIENTED_EDGE ( 'NONE', *, *, #477, .T. ) ;
#4494 = CARTESIAN_POINT ( 'NONE',  ( 189.7999999999999829, -130.6000000000000227, 26.51000000000000156 ) ) ;
#4495 = ORIENTED_EDGE ( 'NONE', *, *, #5314, .T. ) ;
#4496 = CARTESIAN_POINT ( 'NONE',  ( 95.70000000000000284, 1.488906158304756720E-14, 28.81000000000000227 ) ) ;
#4497 = EDGE_CURVE ( 'NONE', #3619, #3204, #2584, .T. ) ;
#4498 = DIRECTION ( 'NONE',  ( -0.000000000000000000, -0.000000000000000000, -1.000000000000000000 ) ) ;
#4499 = ORIENTED_EDGE ( 'NONE', *, *, #3232, .T. ) ;
#4500 = DIRECTION ( 'NONE',  ( -0.000000000000000000, -0.000000000000000000, 1.000000000000000000 ) ) ;
#4501 = LINE ( 'NONE', #3011, #4209 ) ;
#4502 = ORIENTED_EDGE ( 'NONE', *, *, #5758, .T. ) ;
#4503 = CARTESIAN_POINT ( 'NONE',  ( 192.4500000000000171, -137.9999999999999716, 31.41000000000000725 ) ) ;
#4504 = FACE_BOUND ( 'NONE', #44, .T. ) ;
#4505 = FACE_OUTER_BOUND ( 'NONE', #5964, .T. ) ;
#4506 = AXIS2_PLACEMENT_3D ( 'NONE', #3482, #242, #3972 ) ;
#4507 = CIRCLE ( 'NONE', #5578, 4.200000000000009059 ) ;
#4508 = VERTEX_POINT ( 'NONE', #3989 ) ;
#4509 = VERTEX_POINT ( 'NONE', #1702 ) ;
#4510 = LINE ( 'NONE', #2162, #4126 ) ;
#4511 = EDGE_CURVE ( 'NONE', #4397, #4996, #5793, .T. ) ;
#4512 = CARTESIAN_POINT ( 'NONE',  ( 99.23000000000000398, -36.00000000000000711, 28.81000000000000227 ) ) ;
#4513 = AXIS2_PLACEMENT_3D ( 'NONE', #763, #3474, #1162 ) ;
#4514 =( NAMED_UNIT ( * ) SI_UNIT ( $, .STERADIAN. ) SOLID_ANGLE_UNIT ( ) );
#4515 = ORIENTED_EDGE ( 'NONE', *, *, #324, .T. ) ;
#4516 = DIRECTION ( 'NONE',  ( -0.000000000000000000, -0.000000000000000000, 1.000000000000000000 ) ) ;
#4517 = AXIS2_PLACEMENT_3D ( 'NONE', #2997, #4860, #933 ) ;
#4518 = VERTEX_POINT ( 'NONE', #325 ) ;
#4519 = VECTOR ( 'NONE', #3042, 1000.000000000000000 ) ;
#4520 = EDGE_LOOP ( 'NONE', ( #4927, #2632, #4549, #5439, #3361, #1250, #870, #3219 ) ) ;
#4521 = PLANE ( 'NONE',  #54 ) ;
#4522 = EDGE_CURVE ( 'NONE', #2757, #4339, #2188, .T. ) ;
#4523 = PLANE ( 'NONE',  #4547 ) ;
#4524 = CIRCLE ( 'NONE', #1401, 5.000000000000004441 ) ;
#4525 = ORIENTED_EDGE ( 'NONE', *, *, #126, .T. ) ;
#4526 = DIRECTION ( 'NONE',  ( 0.000000000000000000, 0.000000000000000000, 1.000000000000000000 ) ) ;
#4527 = EDGE_LOOP ( 'NONE', ( #5579, #3683, #3381, #2541 ) ) ;
#4528 = VERTEX_POINT ( 'NONE', #4874 ) ;
#4529 = CARTESIAN_POINT ( 'NONE',  ( 187.5000000000000000, -41.39999999999999147, 25.71000000000000441 ) ) ;
#4530 = CARTESIAN_POINT ( 'NONE',  ( 189.2500000000000000, -33.99999999999997868, 31.81000000000000583 ) ) ;
#4531 = ORIENTED_EDGE ( 'NONE', *, *, #2010, .T. ) ;
#4532 = CYLINDRICAL_SURFACE ( 'NONE', #3826, 2.299999999999996270 ) ;
#4533 = CIRCLE ( 'NONE', #5120, 4.200000000000009059 ) ;
#4534 = ORIENTED_EDGE ( 'NONE', *, *, #5619, .T. ) ;
#4535 = AXIS2_PLACEMENT_3D ( 'NONE', #551, #1492, #2845 ) ;
#4536 = DIRECTION ( 'NONE',  ( -0.000000000000000000, -0.000000000000000000, -1.000000000000000000 ) ) ;
#4537 = DIRECTION ( 'NONE',  ( -1.000000000000000000, 0.000000000000000000, 0.000000000000000000 ) ) ;
#4538 = EDGE_CURVE ( 'NONE', #3632, #4625, #195, .T. ) ;
#4539 = CARTESIAN_POINT ( 'NONE',  ( 98.00000000000001421, -131.4000000000000341, 28.81000000000000227 ) ) ;
#4540 = EDGE_CURVE ( 'NONE', #5255, #379, #2620, .T. ) ;
#4541 = VECTOR ( 'NONE', #4746, 1000.000000000000000 ) ;
#4542 = EDGE_LOOP ( 'NONE', ( #5025, #6047, #2738, #4502 ) ) ;
#4543 = ORIENTED_EDGE ( 'NONE', *, *, #4832, .F. ) ;
#4544 = CIRCLE ( 'NONE', #4733, 4.158073776573581348 ) ;
#4545 = CARTESIAN_POINT ( 'NONE',  ( 182.1000000000000227, -36.00000000000000711, 28.81000000000000227 ) ) ;
#4546 = CARTESIAN_POINT ( 'NONE',  ( 103.4000000000000199, -136.0000000000000000, 28.81000000000000227 ) ) ;
#4547 = AXIS2_PLACEMENT_3D ( 'NONE', #456, #2327, #428 ) ;
#4548 = AXIS2_PLACEMENT_3D ( 'NONE', #5306, #1679, #3478 ) ;
#4549 = ORIENTED_EDGE ( 'NONE', *, *, #2309, .T. ) ;
#4550 = EDGE_CURVE ( 'NONE', #4687, #5543, #5359, .T. ) ;
#4551 = CARTESIAN_POINT ( 'NONE',  ( 187.1000000000000227, -36.39999999999999147, 28.81000000000000227 ) ) ;
#4552 = ORIENTED_EDGE ( 'NONE', *, *, #1720, .F. ) ;
#4553 = ORIENTED_EDGE ( 'NONE', *, *, #1685, .T. ) ;
#4554 = CARTESIAN_POINT ( 'NONE',  ( 0.000000000000000000, -132.9000000000000341, 26.51000000000000156 ) ) ;
#4555 = CARTESIAN_POINT ( 'NONE',  ( 187.1000000000000227, -135.6000000000000227, 26.51000000000000156 ) ) ;
#4556 = VECTOR ( 'NONE', #31, 1000.000000000000000 ) ;
#4557 = ORIENTED_EDGE ( 'NONE', *, *, #5251, .F. ) ;
#4558 = DIRECTION ( 'NONE',  ( 0.05233595624294395260, -0.000000000000000000, 0.9986295347545739443 ) ) ;
#4559 = ORIENTED_EDGE ( 'NONE', *, *, #743, .T. ) ;
#4560 = CIRCLE ( 'NONE', #262, 5.000000000000004441 ) ;
#4561 = EDGE_LOOP ( 'NONE', ( #1503, #451, #944, #4396 ) ) ;
#4562 = CARTESIAN_POINT ( 'NONE',  ( 104.9999999999999716, -129.0000000000000000, 30.61000000000000654 ) ) ;
#4563 = CARTESIAN_POINT ( 'NONE',  ( 180.5000000000000000, -43.00000000000000000, 28.01000000000000512 ) ) ;
#4564 = AXIS2_PLACEMENT_3D ( 'NONE', #558, #66, #1932 ) ;
#4565 = VERTEX_POINT ( 'NONE', #687 ) ;
#4566 = AXIS2_PLACEMENT_3D ( 'NONE', #4903, #1670, #754 ) ;
#4567 = DIRECTION ( 'NONE',  ( -1.000000000000000000, 0.000000000000000000, 0.000000000000000000 ) ) ;
#4568 = ORIENTED_EDGE ( 'NONE', *, *, #682, .F. ) ;
#4569 = PLANE ( 'NONE',  #866 ) ;
#4570 = FACE_OUTER_BOUND ( 'NONE', #3395, .T. ) ;
#4571 = VECTOR ( 'NONE', #4872, 1000.000000000000000 ) ;
#4572 = EDGE_CURVE ( 'NONE', #5516, #3234, #2095, .T. ) ;
#4573 = DIRECTION ( 'NONE',  ( 1.000000000000000000, 0.000000000000000000, 0.000000000000000000 ) ) ;
#4574 = EDGE_CURVE ( 'NONE', #4228, #4037, #2063, .T. ) ;
#4575 = ORIENTED_EDGE ( 'NONE', *, *, #981, .F. ) ;
#4576 = EDGE_CURVE ( 'NONE', #4988, #351, #5824, .T. ) ;
#4577 = ORIENTED_EDGE ( 'NONE', *, *, #4752, .T. ) ;
#4578 = FACE_OUTER_BOUND ( 'NONE', #4520, .T. ) ;
#4579 = DIRECTION ( 'NONE',  ( -0.000000000000000000, -0.000000000000000000, 1.000000000000000000 ) ) ;
#4580 = EDGE_CURVE ( 'NONE', #2673, #769, #2320, .T. ) ;
#4581 = DIRECTION ( 'NONE',  ( -1.000000000000000000, 0.000000000000000000, 0.000000000000000000 ) ) ;
#4582 = DIRECTION ( 'NONE',  ( 1.000000000000000000, 0.000000000000000000, 0.000000000000000000 ) ) ;
#4583 = PLANE ( 'NONE',  #939 ) ;
#4584 = EDGE_CURVE ( 'NONE', #2331, #82, #4266, .T. ) ;
#4585 = VERTEX_POINT ( 'NONE', #5886 ) ;
#4586 = DIRECTION ( 'NONE',  ( 1.000000000000000000, 0.000000000000000000, 0.000000000000000000 ) ) ;
#4587 = FACE_OUTER_BOUND ( 'NONE', #1691, .T. ) ;
#4588 = EDGE_LOOP ( 'NONE', ( #2536, #2141, #5283, #2477 ) ) ;
#4589 = ORIENTED_EDGE ( 'NONE', *, *, #1103, .F. ) ;
#4590 = LINE ( 'NONE', #1760, #946 ) ;
#4591 = EDGE_CURVE ( 'NONE', #615, #797, #227, .T. ) ;
#4592 = DIRECTION ( 'NONE',  ( 1.000000000000000000, 0.000000000000000000, 0.000000000000000000 ) ) ;
#4593 = ORIENTED_EDGE ( 'NONE', *, *, #5966, .T. ) ;
#4594 = CYLINDRICAL_SURFACE ( 'NONE', #513, 2.799999999999997158 ) ;
#4595 = VERTEX_POINT ( 'NONE', #3917 ) ;
#4596 = DIRECTION ( 'NONE',  ( 1.000000000000000000, 0.000000000000000000, 0.000000000000000000 ) ) ;
#4597 = FACE_OUTER_BOUND ( 'NONE', #1654, .T. ) ;
#4598 = EDGE_CURVE ( 'NONE', #4198, #443, #2127, .T. ) ;
#4599 = DIRECTION ( 'NONE',  ( 1.732346097742566987E-14, 0.9986295347545739443, -0.05233595624294395260 ) ) ;
#4600 = ADVANCED_FACE ( 'NONE', ( #3501 ), #1930, .F. ) ;
#4601 = ORIENTED_EDGE ( 'NONE', *, *, #5900, .T. ) ;
#4602 = ORIENTED_EDGE ( 'NONE', *, *, #1016, .F. ) ;
#4603 = CARTESIAN_POINT ( 'NONE',  ( 103.4000000000000057, -33.70000000000000284, 26.51000000000000156 ) ) ;
#4604 = CARTESIAN_POINT ( 'NONE',  ( 187.5000000000000000, -134.7700000000000387, 26.51000000000000156 ) ) ;
#4605 = ADVANCED_FACE ( 'NONE', ( #4476 ), #295, .T. ) ;
#4606 = DIRECTION ( 'NONE',  ( -0.000000000000000000, -0.000000000000000000, 1.000000000000000000 ) ) ;
#4607 = ORIENTED_EDGE ( 'NONE', *, *, #4574, .T. ) ;
#4608 = VERTEX_POINT ( 'NONE', #5952 ) ;
#4609 = VECTOR ( 'NONE', #58, 1000.000000000000000 ) ;
#4610 = CIRCLE ( 'NONE', #707, 0.4000000000000010214 ) ;
#4611 = DIRECTION ( 'NONE',  ( -0.000000000000000000, -0.000000000000000000, -1.000000000000000000 ) ) ;
#4612 = ADVANCED_FACE ( 'NONE', ( #2221 ), #1849, .T. ) ;
#4613 = CARTESIAN_POINT ( 'NONE',  ( 102.6000000000000085, -36.39999999999999858, 28.81000000000000227 ) ) ;
#4614 = CIRCLE ( 'NONE', #5491, 2.799999999999997158 ) ;
#4615 = ORIENTED_EDGE ( 'NONE', *, *, #1323, .F. ) ;
#4616 = ADVANCED_FACE ( 'NONE', ( #5065 ), #1305, .F. ) ;
#4617 = EDGE_LOOP ( 'NONE', ( #741, #1324, #1557, #5332 ) ) ;
#4618 = CIRCLE ( 'NONE', #5394, 2.799999999999997158 ) ;
#4619 = DIRECTION ( 'NONE',  ( -1.000000000000000000, 0.000000000000000000, 0.000000000000000000 ) ) ;
#4620 = FACE_OUTER_BOUND ( 'NONE', #5357, .T. ) ;
#4621 = AXIS2_PLACEMENT_3D ( 'NONE', #4847, #2096, #3502 ) ;
#4622 = ORIENTED_EDGE ( 'NONE', *, *, #3257, .T. ) ;
#4623 = FACE_OUTER_BOUND ( 'NONE', #2912, .T. ) ;
#4624 = EDGE_CURVE ( 'NONE', #3063, #5385, #3143, .T. ) ;
#4625 = VERTEX_POINT ( 'NONE', #4999 ) ;
#4626 = LINE ( 'NONE', #439, #3784 ) ;
#4627 = CARTESIAN_POINT ( 'NONE',  ( 104.9999999999999716, -129.0000000000000000, 28.01000000000000512 ) ) ;
#4628 = CARTESIAN_POINT ( 'NONE',  ( 97.50000000000000000, -35.50000000000000711, 28.81000000000000227 ) ) ;
#4629 = VECTOR ( 'NONE', #4027, 1000.000000000000000 ) ;
#4630 = ORIENTED_EDGE ( 'NONE', *, *, #4991, .F. ) ;
#4631 = ORIENTED_EDGE ( 'NONE', *, *, #2683, .F. ) ;
#4632 = DIRECTION ( 'NONE',  ( -0.000000000000000000, -0.000000000000000000, -1.000000000000000000 ) ) ;
#4633 = EDGE_CURVE ( 'NONE', #2391, #3108, #9, .T. ) ;
#4634 = DIRECTION ( 'NONE',  ( -0.000000000000000000, -0.000000000000000000, -1.000000000000000000 ) ) ;
#4635 = LINE ( 'NONE', #5494, #3188 ) ;
#4636 = VERTEX_POINT ( 'NONE', #6002 ) ;
#4637 = ORIENTED_EDGE ( 'NONE', *, *, #96, .F. ) ;
#4638 = FACE_OUTER_BOUND ( 'NONE', #3522, .T. ) ;
#4639 = AXIS2_PLACEMENT_3D ( 'NONE', #5368, #3542, #2993 ) ;
#4640 = CARTESIAN_POINT ( 'NONE',  ( 187.5000000000000000, -130.6000000000000227, 26.51000000000000156 ) ) ;
#4641 = ADVANCED_FACE ( 'NONE', ( #814 ), #934, .F. ) ;
#4642 = VERTEX_POINT ( 'NONE', #1388 ) ;
#4643 = ORIENTED_EDGE ( 'NONE', *, *, #722, .T. ) ;
#4644 = CARTESIAN_POINT ( 'NONE',  ( 98.40000000000000568, -40.60000000000000142, 26.51000000000000156 ) ) ;
#4645 = CARTESIAN_POINT ( 'NONE',  ( 93.82999999999999829, -41.40000000000000568, 28.81000000000000227 ) ) ;
#4646 = CONICAL_SURFACE ( 'NONE', #4254, 4.200000000000009059, 0.05235987755983000091 ) ;
#4647 = ORIENTED_EDGE ( 'NONE', *, *, #4297, .T. ) ;
#4648 = EDGE_CURVE ( 'NONE', #5516, #3454, #4654, .T. ) ;
#4649 = CYLINDRICAL_SURFACE ( 'NONE', #4118, 0.7999999999999951594 ) ;
#4650 = ORIENTED_EDGE ( 'NONE', *, *, #4865, .F. ) ;
#4651 = CARTESIAN_POINT ( 'NONE',  ( 180.5000000000000000, -38.00000000000000000, 30.61000000000000654 ) ) ;
#4652 = CONICAL_SURFACE ( 'NONE', #1832, 2.299999999999996270, 0.05235987755983000091 ) ;
#4653 = DIRECTION ( 'NONE',  ( 0.000000000000000000, 0.000000000000000000, -1.000000000000000000 ) ) ;
#4654 = LINE ( 'NONE', #848, #4755 ) ;
#4655 = CARTESIAN_POINT ( 'NONE',  ( 0.000000000000000000, -134.7700000000000387, 28.81000000000000227 ) ) ;
#4656 = EDGE_CURVE ( 'NONE', #3142, #4595, #2249, .T. ) ;
#4657 = VECTOR ( 'NONE', #4896, 1000.000000000000000 ) ;
#4658 = DIRECTION ( 'NONE',  ( 0.000000000000000000, 1.000000000000000000, 0.000000000000000000 ) ) ;
#4659 = VECTOR ( 'NONE', #5406, 1000.000000000000000 ) ;
#4660 = VERTEX_POINT ( 'NONE', #3175 ) ;
#4661 = CIRCLE ( 'NONE', #2326, 4.200000000000009059 ) ;
#4662 = ORIENTED_EDGE ( 'NONE', *, *, #4379, .F. ) ;
#4663 = DIRECTION ( 'NONE',  ( 1.000000000000000000, 0.000000000000000000, 0.000000000000000000 ) ) ;
#4664 = DIRECTION ( 'NONE',  ( -0.000000000000000000, -0.000000000000000000, -1.000000000000000000 ) ) ;
#4665 = EDGE_LOOP ( 'NONE', ( #2124, #4300, #2481, #4458 ) ) ;
#4666 = AXIS2_PLACEMENT_3D ( 'NONE', #1509, #3407, #5266 ) ;
#4667 = ORIENTED_EDGE ( 'NONE', *, *, #1705, .F. ) ;
#4668 = DIRECTION ( 'NONE',  ( 0.000000000000000000, 0.000000000000000000, -1.000000000000000000 ) ) ;
#4669 = DIRECTION ( 'NONE',  ( -0.000000000000000000, -0.000000000000000000, 1.000000000000000000 ) ) ;
#4670 = ADVANCED_FACE ( 'NONE', ( #2772 ), #4569, .F. ) ;
#4671 = LINE ( 'NONE', #2013, #3658 ) ;
#4672 = DIRECTION ( 'NONE',  ( -0.000000000000000000, 0.000000000000000000, 1.000000000000000000 ) ) ;
#4673 = VERTEX_POINT ( 'NONE', #5512 ) ;
#4674 = ORIENTED_EDGE ( 'NONE', *, *, #3746, .T. ) ;
#4675 = DIRECTION ( 'NONE',  ( 1.000000000000000000, -1.734723475976878092E-14, 0.000000000000000000 ) ) ;
#4676 = DIRECTION ( 'NONE',  ( -0.000000000000000000, 0.000000000000000000, 1.000000000000000000 ) ) ;
#4677 = EDGE_LOOP ( 'NONE', ( #5460, #1985, #5892, #3477 ) ) ;
#4678 = LINE ( 'NONE', #1331, #1004 ) ;
#4679 = EDGE_CURVE ( 'NONE', #3085, #363, #5117, .T. ) ;
#4680 = ORIENTED_EDGE ( 'NONE', *, *, #4858, .T. ) ;
#4681 = CARTESIAN_POINT ( 'NONE',  ( 98.00000000000001421, -130.6000000000000512, 28.81000000000000227 ) ) ;
#4682 = FACE_OUTER_BOUND ( 'NONE', #299, .T. ) ;
#4683 = CYLINDRICAL_SURFACE ( 'NONE', #267, 0.7999999999999951594 ) ;
#4684 = CARTESIAN_POINT ( 'NONE',  ( 180.5000000000000000, -135.0000000000000000, 28.81000000000000227 ) ) ;
#4685 = LINE ( 'NONE', #1999, #4541 ) ;
#4686 = CARTESIAN_POINT ( 'NONE',  ( 98.40000000000000568, -36.39999999999999858, 28.81000000000000227 ) ) ;
#4687 = VERTEX_POINT ( 'NONE', #4080 ) ;
#4688 = VERTEX_POINT ( 'NONE', #4193 ) ;
#4689 = DIRECTION ( 'NONE',  ( -0.000000000000000000, -0.000000000000000000, 1.000000000000000000 ) ) ;
#4690 = CARTESIAN_POINT ( 'NONE',  ( 182.1000000000000512, -136.8000000000000114, 26.51000000000000156 ) ) ;
#4691 = CARTESIAN_POINT ( 'NONE',  ( 104.9999999999999858, -36.99999999999999289, 28.01000000000000512 ) ) ;
#4692 = ADVANCED_FACE ( 'NONE', ( #3623 ), #2417, .T. ) ;
#4693 = PLANE ( 'NONE',  #3054 ) ;
#4694 = DIRECTION ( 'NONE',  ( -0.000000000000000000, -0.000000000000000000, 1.000000000000000000 ) ) ;
#4695 = CARTESIAN_POINT ( 'NONE',  ( 187.5000000000000000, -131.4000000000000057, 26.51000000000000156 ) ) ;
#4696 = DIRECTION ( 'NONE',  ( 1.000000000000000000, 0.000000000000000000, 0.000000000000000000 ) ) ;
#4697 = CIRCLE ( 'NONE', #706, 1.699999999999993072 ) ;
#4698 = CIRCLE ( 'NONE', #2169, 4.170000000000007034 ) ;
#4699 = VERTEX_POINT ( 'NONE', #1873 ) ;
#4700 = ADVANCED_FACE ( 'NONE', ( #3677 ), #1053, .F. ) ;
#4701 = ORIENTED_EDGE ( 'NONE', *, *, #2457, .T. ) ;
#4702 = DIRECTION ( 'NONE',  ( 1.000000000000000000, 0.000000000000000000, 0.000000000000000000 ) ) ;
#4703 = CARTESIAN_POINT ( 'NONE',  ( -0.000000000000000000, -40.60000000000000142, 26.51000000000000156 ) ) ;
#4704 = AXIS2_PLACEMENT_3D ( 'NONE', #1265, #3584, #5019 ) ;
#4705 = VERTEX_POINT ( 'NONE', #5090 ) ;
#4706 = DIRECTION ( 'NONE',  ( 0.000000000000000000, 0.000000000000000000, -1.000000000000000000 ) ) ;
#4707 = VECTOR ( 'NONE', #3569, 1000.000000000000000 ) ;
#4708 = ORIENTED_EDGE ( 'NONE', *, *, #5217, .F. ) ;
#4709 = LINE ( 'NONE', #594, #3664 ) ;
#4710 = VECTOR ( 'NONE', #629, 1000.000000000000000 ) ;
#4711 = LINE ( 'NONE', #1417, #960 ) ;
#4712 = CARTESIAN_POINT ( 'NONE',  ( 104.9999999999999858, -38.00000000000000000, 30.61000000000000654 ) ) ;
#4713 = DIRECTION ( 'NONE',  ( 1.000000000000000000, 0.000000000000000000, 0.000000000000000000 ) ) ;
#4714 = CARTESIAN_POINT ( 'NONE',  ( 187.5000000000000000, -130.6000000000000227, 28.81000000000000227 ) ) ;
#4715 = CIRCLE ( 'NONE', #1595, 5.400000000000002132 ) ;
#4716 = FACE_OUTER_BOUND ( 'NONE', #4133, .T. ) ;
#4717 = VERTEX_POINT ( 'NONE', #901 ) ;
#4718 = ORIENTED_EDGE ( 'NONE', *, *, #246, .T. ) ;
#4719 = UNCERTAINTY_MEASURE_WITH_UNIT (LENGTH_MEASURE( 1.000000000000000082E-05 ), #4112, 'distance_accuracy_value', 'NONE');
#4720 = LINE ( 'NONE', #4230, #1924 ) ;
#4721 = DIRECTION ( 'NONE',  ( -0.000000000000000000, -0.000000000000000000, -1.000000000000000000 ) ) ;
#4722 = DIRECTION ( 'NONE',  ( -0.000000000000000000, -0.000000000000000000, -1.000000000000000000 ) ) ;
#4724 = EDGE_CURVE ( 'NONE', #2255, #3179, #4626, .T. ) ;
#4723 = AXIS2_PLACEMENT_3D ( 'NONE', #153, #3904, #5774 ) ;
#4725 = CARTESIAN_POINT ( 'NONE',  ( 97.20000000000000284, -41.40000000000000568, 28.81000000000000227 ) ) ;
#4726 = AXIS2_PLACEMENT_3D ( 'NONE', #2991, #1222, #2165 ) ;
#4727 = CARTESIAN_POINT ( 'NONE',  ( 187.1000000000000227, -131.4000000000000057, 26.51000000000000156 ) ) ;
#4728 = ADVANCED_FACE ( 'NONE', ( #4165 ), #3704, .T. ) ;
#4729 = FACE_OUTER_BOUND ( 'NONE', #5370, .T. ) ;
#4730 = CARTESIAN_POINT ( 'NONE',  ( 99.57754055784512559, -40.43155035124576813, 28.01000000000000512 ) ) ;
#4731 = AXIS2_PLACEMENT_3D ( 'NONE', #4288, #105, #1508 ) ;
#4732 = ORIENTED_EDGE ( 'NONE', *, *, #1142, .T. ) ;
#4733 = AXIS2_PLACEMENT_3D ( 'NONE', #4207, #1044, #609 ) ;
#4734 = ORIENTED_EDGE ( 'NONE', *, *, #2461, .F. ) ;
#4735 = DIRECTION ( 'NONE',  ( 1.000000000000000000, 0.000000000000000000, 0.000000000000000000 ) ) ;
#4736 = DIRECTION ( 'NONE',  ( -1.000000000000000000, 0.000000000000000000, 0.000000000000000000 ) ) ;
#4737 = AXIS2_PLACEMENT_3D ( 'NONE', #1416, #2855, #5633 ) ;
#4738 = ORIENTED_EDGE ( 'NONE', *, *, #1297, .F. ) ;
#4739 = AXIS2_PLACEMENT_3D ( 'NONE', #3291, #4983, #5934 ) ;
#4740 = DIRECTION ( 'NONE',  ( 1.000000000000000000, -1.734723475976817507E-14, 0.000000000000000000 ) ) ;
#4741 = ORIENTED_EDGE ( 'NONE', *, *, #1805, .F. ) ;
#4742 = DIRECTION ( 'NONE',  ( 1.000000000000000000, 0.000000000000000000, -0.000000000000000000 ) ) ;
#4743 = VECTOR ( 'NONE', #5223, 1000.000000000000000 ) ;
#4744 = DIRECTION ( 'NONE',  ( 0.000000000000000000, 0.000000000000000000, -1.000000000000000000 ) ) ;
#4745 = DIRECTION ( 'NONE',  ( 0.000000000000000000, -1.000000000000000000, 0.000000000000000000 ) ) ;
#4746 = DIRECTION ( 'NONE',  ( 1.000000000000000000, 0.000000000000000000, 0.000000000000000000 ) ) ;
#4747 = AXIS2_PLACEMENT_3D ( 'NONE', #3294, #6009, #3629 ) ;
#4748 = CARTESIAN_POINT ( 'NONE',  ( 99.59999999999998010, -43.00000000000000000, 31.81000000000000583 ) ) ;
#4749 = AXIS2_PLACEMENT_3D ( 'NONE', #1761, #3698, #407 ) ;
#4750 = EDGE_LOOP ( 'NONE', ( #3805, #64, #2370, #449 ) ) ;
#4751 = VERTEX_POINT ( 'NONE', #2365 ) ;
#4752 = EDGE_CURVE ( 'NONE', #2212, #1868, #4077, .T. ) ;
#4753 = CARTESIAN_POINT ( 'NONE',  ( 182.9000000000000341, -136.0000000000000000, 28.81000000000000227 ) ) ;
#4754 = DIRECTION ( 'NONE',  ( -0.000000000000000000, -0.000000000000000000, -1.000000000000000000 ) ) ;
#4755 = VECTOR ( 'NONE', #4536, 1000.000000000000000 ) ;
#4756 = AXIS2_PLACEMENT_3D ( 'NONE', #1871, #3734, #3703 ) ;
#4757 = DIRECTION ( 'NONE',  ( -0.000000000000000000, 0.000000000000000000, 1.000000000000000000 ) ) ;
#4758 = VECTOR ( 'NONE', #4384, 1000.000000000000000 ) ;
#4759 = CIRCLE ( 'NONE', #3212, 4.200000000000009059 ) ;
#4760 = PLANE ( 'NONE',  #4909 ) ;
#4761 = EDGE_CURVE ( 'NONE', #4333, #5348, #3870, .T. ) ;
#4762 = CARTESIAN_POINT ( 'NONE',  ( 96.25000000000000000, -33.99999999999997868, 29.61000000000000298 ) ) ;
#4763 = CONICAL_SURFACE ( 'NONE', #5840, 2.299999999999996270, 0.05235987755983000091 ) ;
#4764 = CARTESIAN_POINT ( 'NONE',  ( 0.000000000000000000, -40.60000000000000142, 28.81000000000000227 ) ) ;
#4765 = ADVANCED_FACE ( 'NONE', ( #4341 ), #2487, .T. ) ;
#4766 = DIRECTION ( 'NONE',  ( 0.9986295347545739443, 1.553673630262381692E-16, -0.05233595624294395260 ) ) ;
#4767 = ORIENTED_EDGE ( 'NONE', *, *, #3886, .F. ) ;
#4768 = VECTOR ( 'NONE', #2469, 1000.000000000000000 ) ;
#4769 = ORIENTED_EDGE ( 'NONE', *, *, #4941, .T. ) ;
#4770 = LINE ( 'NONE', #1498, #4556 ) ;
#4771 = CYLINDRICAL_SURFACE ( 'NONE', #759, 4.170000000000007034 ) ;
#4772 = ORIENTED_EDGE ( 'NONE', *, *, #4128, .F. ) ;
#4773 = EDGE_CURVE ( 'NONE', #3276, #1415, #5725, .T. ) ;
#4774 = DIRECTION ( 'NONE',  ( 0.000000000000000000, 0.000000000000000000, -1.000000000000000000 ) ) ;
#4775 = ORIENTED_EDGE ( 'NONE', *, *, #53, .T. ) ;
#4776 = EDGE_CURVE ( 'NONE', #2241, #250, #161, .T. ) ;
#4777 = DIRECTION ( 'NONE',  ( 1.000000000000000000, 0.000000000000000000, 0.000000000000000000 ) ) ;
#4778 = DIRECTION ( 'NONE',  ( 1.000000000000000000, 0.000000000000000000, 0.000000000000000000 ) ) ;
#4779 = DIRECTION ( 'NONE',  ( -0.000000000000000000, -0.000000000000000000, 1.000000000000000000 ) ) ;
#4780 = DIRECTION ( 'NONE',  ( -0.000000000000000000, -0.05233595624294395260, 0.9986295347545739443 ) ) ;
#4781 = DIRECTION ( 'NONE',  ( 0.000000000000000000, -0.000000000000000000, 1.000000000000000000 ) ) ;
#4782 = ORIENTED_EDGE ( 'NONE', *, *, #2253, .F. ) ;
#4783 = ORIENTED_EDGE ( 'NONE', *, *, #2624, .T. ) ;
#4784 = ADVANCED_FACE ( 'NONE', ( #3404 ), #4683, .F. ) ;
#4785 = FACE_OUTER_BOUND ( 'NONE', #4484, .T. ) ;
#4786 = DIRECTION ( 'NONE',  ( -0.000000000000000000, 0.000000000000000000, 1.000000000000000000 ) ) ;
#4787 = PLANE ( 'NONE',  #941 ) ;
#4788 = ADVANCED_FACE ( 'NONE', ( #5598 ), #1834, .T. ) ;
#4789 = DIRECTION ( 'NONE',  ( 1.000000000000000000, 0.000000000000000000, 0.000000000000000000 ) ) ;
#4790 = LINE ( 'NONE', #4727, #2766 ) ;
#4791 = EDGE_CURVE ( 'NONE', #4878, #5153, #5173, .T. ) ;
#4792 = DIRECTION ( 'NONE',  ( 0.000000000000000000, 0.000000000000000000, 1.000000000000000000 ) ) ;
#4793 = DIRECTION ( 'NONE',  ( 0.000000000000000000, 0.000000000000000000, 1.000000000000000000 ) ) ;
#4794 = ORIENTED_EDGE ( 'NONE', *, *, #3260, .F. ) ;
#4795 = ORIENTED_EDGE ( 'NONE', *, *, #5171, .T. ) ;
#4796 = CYLINDRICAL_SURFACE ( 'NONE', #2401, 0.7999999999999951594 ) ;
#4797 = ADVANCED_FACE ( 'NONE', ( #3825 ), #2396, .T. ) ;
#4798 = CARTESIAN_POINT ( 'NONE',  ( 96.25000000000000000, -33.99999999999997868, 29.61000000000000298 ) ) ;
#4799 = EDGE_LOOP ( 'NONE', ( #2574, #1833, #1197, #4187 ) ) ;
#4800 = TOROIDAL_SURFACE ( 'NONE', #215, 5.400000000000001243, 0.4000000000000000222 ) ;
#4801 = DIRECTION ( 'NONE',  ( 1.000000000000000000, -0.000000000000000000, -0.000000000000000000 ) ) ;
#4802 = ADVANCED_FACE ( 'NONE', ( #1537 ), #994, .T. ) ;
#4803 = ORIENTED_EDGE ( 'NONE', *, *, #3484, .F. ) ;
#4804 = FACE_OUTER_BOUND ( 'NONE', #3223, .T. ) ;
#4805 = VECTOR ( 'NONE', #6042, 1000.000000000000000 ) ;
#4806 = LINE ( 'NONE', #4712, #6024 ) ;
#4807 = CARTESIAN_POINT ( 'NONE',  ( 102.6000000000000227, -135.6000000000000512, 28.81000000000000227 ) ) ;
#4808 = EDGE_CURVE ( 'NONE', #2255, #3224, #102, .T. ) ;
#4809 = DIRECTION ( 'NONE',  ( 1.000000000000000000, 0.000000000000000000, 0.000000000000000000 ) ) ;
#4810 = CIRCLE ( 'NONE', #4517, 2.258073776573568558 ) ;
#4811 = DIRECTION ( 'NONE',  ( 0.000000000000000000, 0.000000000000000000, 1.000000000000000000 ) ) ;
#4812 = VECTOR ( 'NONE', #3990, 1000.000000000000000 ) ;
#4813 = ORIENTED_EDGE ( 'NONE', *, *, #345, .F. ) ;
#4814 = EDGE_LOOP ( 'NONE', ( #3211, #1205, #5874, #712 ) ) ;
#4815 = DIRECTION ( 'NONE',  ( 0.000000000000000000, -0.000000000000000000, -1.000000000000000000 ) ) ;
#4816 = DIRECTION ( 'NONE',  ( -0.000000000000000000, -0.000000000000000000, 1.000000000000000000 ) ) ;
#4817 = CARTESIAN_POINT ( 'NONE',  ( 104.9999999999999716, -134.0000000000000000, 31.41000000000000725 ) ) ;
#4818 = DIRECTION ( 'NONE',  ( -0.000000000000000000, 0.000000000000000000, 1.000000000000000000 ) ) ;
#4819 = LINE ( 'NONE', #635, #2069 ) ;
#4820 = DIRECTION ( 'NONE',  ( -9.078841193233035987E-16, -0.05233595624294395260, 0.9986295347545739443 ) ) ;
#4821 = PLANE ( 'NONE',  #2210 ) ;
#4822 = CIRCLE ( 'NONE', #1603, 4.170000000000007034 ) ;
#4823 = ORIENTED_EDGE ( 'NONE', *, *, #1111, .T. ) ;
#4824 = AXIS2_PLACEMENT_3D ( 'NONE', #5677, #4328, #26 ) ;
#4825 = EDGE_LOOP ( 'NONE', ( #2537, #1734, #4202, #2266 ) ) ;
#4826 = CARTESIAN_POINT ( 'NONE',  ( 187.1000000000000227, -37.22999999999998977, 28.81000000000000227 ) ) ;
#4827 = DIRECTION ( 'NONE',  ( 1.000000000000000000, 0.000000000000000000, -0.000000000000000000 ) ) ;
#4828 = CYLINDRICAL_SURFACE ( 'NONE', #1745, 2.799999999999997158 ) ;
#4829 = ORIENTED_EDGE ( 'NONE', *, *, #3896, .F. ) ;
#4830 = ADVANCED_FACE ( 'NONE', ( #5146 ), #968, .T. ) ;
#4831 = CARTESIAN_POINT ( 'NONE',  ( 93.05000000000001137, -137.9999999999999716, 31.81000000000000583 ) ) ;
#4832 = EDGE_CURVE ( 'NONE', #221, #2731, #4806, .T. ) ;
#4833 = CIRCLE ( 'NONE', #4442, 2.299999999999996270 ) ;
#4834 = VERTEX_POINT ( 'NONE', #622 ) ;
#4835 = CARTESIAN_POINT ( 'NONE',  ( 189.2500000000000000, -33.99999999999997868, 31.41000000000000725 ) ) ;
#4836 = CIRCLE ( 'NONE', #1518, 2.700000000000008171 ) ;
#4837 = LINE ( 'NONE', #314, #569 ) ;
#4838 = EDGE_CURVE ( 'NONE', #6028, #615, #4957, .T. ) ;
#4839 = PLANE ( 'NONE',  #5438 ) ;
#4840 = VECTOR ( 'NONE', #2563, 1000.000000000000000 ) ;
#4841 = AXIS2_PLACEMENT_3D ( 'NONE', #5301, #2135, #4877 ) ;
#4842 = EDGE_CURVE ( 'NONE', #672, #4688, #4168, .T. ) ;
#4843 = CARTESIAN_POINT ( 'NONE',  ( 189.2500000000000000, -137.9999999999999716, 31.41000000000000725 ) ) ;
#4844 = CARTESIAN_POINT ( 'NONE',  ( 182.9000000000000341, -136.0000000000000000, 26.51000000000000156 ) ) ;
#4845 = ORIENTED_EDGE ( 'NONE', *, *, #5107, .F. ) ;
#4846 = DIRECTION ( 'NONE',  ( -0.05233595624294395954, 0.000000000000000000, -0.9986295347545739443 ) ) ;
#4847 = CARTESIAN_POINT ( 'NONE',  ( 187.1000000000000227, -36.39999999999999147, 26.51000000000000156 ) ) ;
#4848 = LINE ( 'NONE', #2065, #1426 ) ;
#4849 = VECTOR ( 'NONE', #418, 1000.000000000000000 ) ;
#4850 = DIRECTION ( 'NONE',  ( -1.000000000000000000, 0.000000000000000000, 0.000000000000000000 ) ) ;
#4851 = CARTESIAN_POINT ( 'NONE',  ( 189.2500000000000000, -33.99999999999997868, 31.41000000000000725 ) ) ;
#4852 = AXIS2_PLACEMENT_3D ( 'NONE', #2610, #1238, #5379 ) ;
#4853 = DIRECTION ( 'NONE',  ( 1.000000000000000000, 0.000000000000000000, 0.000000000000000000 ) ) ;
#4854 = VERTEX_POINT ( 'NONE', #595 ) ;
#4855 = VECTOR ( 'NONE', #357, 1000.000000000000000 ) ;
#4856 = DIRECTION ( 'NONE',  ( -0.000000000000000000, -0.000000000000000000, 1.000000000000000000 ) ) ;
#4857 = ORIENTED_EDGE ( 'NONE', *, *, #3272, .T. ) ;
#4858 = EDGE_CURVE ( 'NONE', #4595, #791, #2459, .T. ) ;
#4859 = VERTEX_POINT ( 'NONE', #3554 ) ;
#4860 = DIRECTION ( 'NONE',  ( 0.000000000000000000, 0.000000000000000000, -1.000000000000000000 ) ) ;
#4861 = CARTESIAN_POINT ( 'NONE',  ( 98.40000000000000568, -37.23000000000000398, 28.81000000000000227 ) ) ;
#4862 = EDGE_CURVE ( 'NONE', #3292, #2298, #5321, .T. ) ;
#4863 = FACE_OUTER_BOUND ( 'NONE', #5400, .T. ) ;
#4864 = ORIENTED_EDGE ( 'NONE', *, *, #3081, .T. ) ;
#4865 = EDGE_CURVE ( 'NONE', #2792, #6028, #713, .T. ) ;
#4866 = VERTEX_POINT ( 'NONE', #3006 ) ;
#4867 = CARTESIAN_POINT ( 'NONE',  ( 99.23000000000001819, 0.000000000000000000, 28.81000000000000227 ) ) ;
#4868 = DIRECTION ( 'NONE',  ( 1.000000000000000000, 0.000000000000000000, 0.000000000000000000 ) ) ;
#4869 = CARTESIAN_POINT ( 'NONE',  ( 187.1000000000000227, -39.09999999999999432, 28.81000000000000227 ) ) ;
#4870 = ORIENTED_EDGE ( 'NONE', *, *, #5859, .T. ) ;
#4871 = CYLINDRICAL_SURFACE ( 'NONE', #1412, 0.8299999999999974065 ) ;
#4872 = DIRECTION ( 'NONE',  ( 0.05233595624294394566, -0.000000000000000000, 0.9986295347545739443 ) ) ;
#4873 = VERTEX_POINT ( 'NONE', #3885 ) ;
#4874 = CARTESIAN_POINT ( 'NONE',  ( 99.99999999999995737, -129.0000000000000000, 31.41000000000000725 ) ) ;
#4875 = DIRECTION ( 'NONE',  ( 0.000000000000000000, 0.000000000000000000, 1.000000000000000000 ) ) ;
#4876 = EDGE_CURVE ( 'NONE', #676, #771, #2815, .T. ) ;
#4877 = DIRECTION ( 'NONE',  ( 1.000000000000000000, 0.000000000000000000, 0.000000000000000000 ) ) ;
#4878 = VERTEX_POINT ( 'NONE', #3944 ) ;
#4879 = LINE ( 'NONE', #692, #1436 ) ;
#4880 = CARTESIAN_POINT ( 'NONE',  ( 185.9000000000000057, -129.0000000000000000, 31.41000000000000725 ) ) ;
#4881 = LINE ( 'NONE', #3476, #1124 ) ;
#4882 = ORIENTED_EDGE ( 'NONE', *, *, #924, .T. ) ;
#4883 = EDGE_CURVE ( 'NONE', #587, #564, #2516, .T. ) ;
#4884 = LINE ( 'NONE', #237, #3857 ) ;
#4885 = ORIENTED_EDGE ( 'NONE', *, *, #3541, .F. ) ;
#4886 = ORIENTED_EDGE ( 'NONE', *, *, #1908, .T. ) ;
#4887 = DIRECTION ( 'NONE',  ( -0.000000000000000000, 0.000000000000000000, 1.000000000000000000 ) ) ;
#4888 = CARTESIAN_POINT ( 'NONE',  ( 103.4000000000000057, -36.00000000000000711, 28.81000000000000227 ) ) ;
#4889 = DIRECTION ( 'NONE',  ( -0.000000000000000000, 0.000000000000000000, 1.000000000000000000 ) ) ;
#4890 = ORIENTED_EDGE ( 'NONE', *, *, #3044, .T. ) ;
#4891 = EDGE_CURVE ( 'NONE', #1556, #524, #2134, .T. ) ;
#4892 = ORIENTED_EDGE ( 'NONE', *, *, #4580, .T. ) ;
#4893 = LINE ( 'NONE', #4398, #5788 ) ;
#4894 = EDGE_CURVE ( 'NONE', #1741, #731, #1565, .T. ) ;
#4895 = EDGE_LOOP ( 'NONE', ( #3862, #801, #417, #4071 ) ) ;
#4896 = DIRECTION ( 'NONE',  ( -0.000000000000000000, -0.000000000000000000, -1.000000000000000000 ) ) ;
#4897 = DIRECTION ( 'NONE',  ( -0.000000000000000000, -0.000000000000000000, -1.000000000000000000 ) ) ;
#4898 = ORIENTED_EDGE ( 'NONE', *, *, #4497, .F. ) ;
#4899 = DIRECTION ( 'NONE',  ( -0.000000000000000000, 0.000000000000000000, 1.000000000000000000 ) ) ;
#4900 = AXIS2_PLACEMENT_3D ( 'NONE', #90, #5647, #5675 ) ;
#4901 = EDGE_LOOP ( 'NONE', ( #1223, #1958, #925, #5924 ) ) ;
#4902 = AXIS2_PLACEMENT_3D ( 'NONE', #3822, #69, #2942 ) ;
#4903 = CARTESIAN_POINT ( 'NONE',  ( 98.00000000000001421, -130.6000000000000512, 26.51000000000000156 ) ) ;
#4904 = CARTESIAN_POINT ( 'NONE',  ( 97.15807377657358757, -130.6000000000000512, 25.71000000000000441 ) ) ;
#4905 = AXIS2_PLACEMENT_3D ( 'NONE', #884, #1281, #2692 ) ;
#4906 = CARTESIAN_POINT ( 'NONE',  ( 185.5000000000000000, -43.00000000000000000, 30.61000000000000654 ) ) ;
#4907 = EDGE_CURVE ( 'NONE', #5962, #2823, #4837, .T. ) ;
#4908 = EDGE_LOOP ( 'NONE', ( #2179, #1143, #3306, #188 ) ) ;
#4909 = AXIS2_PLACEMENT_3D ( 'NONE', #3414, #2957, #1949 ) ;
#4910 = FACE_OUTER_BOUND ( 'NONE', #5776, .T. ) ;
#4911 = DIRECTION ( 'NONE',  ( -1.000000000000000000, 0.000000000000000000, 0.000000000000000000 ) ) ;
#4912 = VECTOR ( 'NONE', #5794, 1000.000000000000000 ) ;
#4913 = ADVANCED_FACE ( 'NONE', ( #3460 ), #274, .F. ) ;
#4914 = DIRECTION ( 'NONE',  ( 0.000000000000000000, 0.05233595624294395260, -0.9986295347545739443 ) ) ;
#4915 = EDGE_LOOP ( 'NONE', ( #1166, #344, #3379, #5448 ) ) ;
#4916 = CARTESIAN_POINT ( 'NONE',  ( 188.0000000000000000, -35.50000000000000711, 31.41000000000000725 ) ) ;
#4917 = EDGE_LOOP ( 'NONE', ( #4950, #347, #5910, #3308, #3936, #1341, #5823, #4125, #4992, #746, #2806, #4857, #1394, #1840, #2579, #3640, #1119, #1154, #6021, #4495, #81, #3058, #4013, #5908 ) ) ;
#4918 = VERTEX_POINT ( 'NONE', #2545 ) ;
#4919 = CARTESIAN_POINT ( 'NONE',  ( 187.1000000000000227, -40.55807377657356483, 25.71000000000000441 ) ) ;
#4920 = EDGE_CURVE ( 'NONE', #5060, #3745, #4759, .T. ) ;
#4921 = DIRECTION ( 'NONE',  ( 0.05233595624294395260, -0.000000000000000000, 0.9986295347545739443 ) ) ;
#4922 = CARTESIAN_POINT ( 'NONE',  ( 182.1000000000000227, -33.70000000000000284, 28.81000000000000227 ) ) ;
#4923 = VECTOR ( 'NONE', #1380, 1000.000000000000000 ) ;
#4924 = ORIENTED_EDGE ( 'NONE', *, *, #157, .F. ) ;
#4925 = ORIENTED_EDGE ( 'NONE', *, *, #5653, .T. ) ;
#4926 = DIRECTION ( 'NONE',  ( -1.217349807703022362E-16, 1.000000000000000000, 0.000000000000000000 ) ) ;
#4927 = ORIENTED_EDGE ( 'NONE', *, *, #1962, .F. ) ;
#4928 = FILL_AREA_STYLE_COLOUR ( '', #3977 ) ;
#4929 = CIRCLE ( 'NONE', #3077, 2.700000000000008171 ) ;
#4930 = FACE_OUTER_BOUND ( 'NONE', #4023, .T. ) ;
#4931 = ORIENTED_EDGE ( 'NONE', *, *, #4584, .T. ) ;
#4932 = CARTESIAN_POINT ( 'NONE',  ( 98.40000000000001990, -135.6000000000000512, 28.81000000000000227 ) ) ;
#4933 = CARTESIAN_POINT ( 'NONE',  ( 99.23000000000000398, -36.00000000000000711, 26.51000000000000156 ) ) ;
#4934 = EDGE_CURVE ( 'NONE', #5402, #1375, #3910, .T. ) ;
#4935 = VERTEX_POINT ( 'NONE', #5352 ) ;
#4936 = MANIFOLD_SOLID_BREP ( '\X2\57fa4f5396f64ef6\X0\-L-1C11W483057A-1', #3500 ) ;
#4937 = VECTOR ( 'NONE', #3110, 1000.000000000000000 ) ;
#4938 = CARTESIAN_POINT ( 'NONE',  ( 194.5000000000000000, 0.000000000000000000, 26.51000000000000156 ) ) ;
#4939 = LINE ( 'NONE', #3955, #4519 ) ;
#4940 = PLANE ( 'NONE',  #642 ) ;
#4941 = EDGE_CURVE ( 'NONE', #5048, #4717, #3524, .T. ) ;
#4942 = ORIENTED_EDGE ( 'NONE', *, *, #3191, .F. ) ;
#4943 = DIRECTION ( 'NONE',  ( -0.000000000000000000, -0.000000000000000000, 1.000000000000000000 ) ) ;
#4944 = DIRECTION ( 'NONE',  ( -0.000000000000000000, -0.000000000000000000, -1.000000000000000000 ) ) ;
#4945 = AXIS2_PLACEMENT_3D ( 'NONE', #4302, #5190, #3725 ) ;
#4946 = CARTESIAN_POINT ( 'NONE',  ( 185.9000000000000057, -129.0000000000000000, 31.81000000000000583 ) ) ;
#4947 = VERTEX_POINT ( 'NONE', #2609 ) ;
#4948 = DIRECTION ( 'NONE',  ( 1.000000000000000000, 0.000000000000000000, 0.000000000000000000 ) ) ;
#4949 = CIRCLE ( 'NONE', #1737, 0.7999999999999951594 ) ;
#4950 = ORIENTED_EDGE ( 'NONE', *, *, #4196, .T. ) ;
#4951 = EDGE_CURVE ( 'NONE', #1845, #3100, #288, .T. ) ;
#4952 = CIRCLE ( 'NONE', #3781, 5.000000000000004441 ) ;
#4953 = ORIENTED_EDGE ( 'NONE', *, *, #1372, .T. ) ;
#4954 = DIRECTION ( 'NONE',  ( -0.000000000000000000, -0.000000000000000000, -1.000000000000000000 ) ) ;
#4955 = DIRECTION ( 'NONE',  ( 1.000000000000000000, 0.000000000000000000, 0.000000000000000000 ) ) ;
#4956 = DIRECTION ( 'NONE',  ( -1.000000000000000000, 0.000000000000000000, 0.000000000000000000 ) ) ;
#4957 = CIRCLE ( 'NONE', #761, 6.500000000000005329 ) ;
#4958 = VECTOR ( 'NONE', #3061, 1000.000000000000000 ) ;
#4959 = VECTOR ( 'NONE', #5922, 1000.000000000000000 ) ;
#4960 = EDGE_LOOP ( 'NONE', ( #1525, #3923, #2630, #4953 ) ) ;
#4961 = ORIENTED_EDGE ( 'NONE', *, *, #5257, .F. ) ;
#4962 = CARTESIAN_POINT ( 'NONE',  ( 185.5000000000000000, -129.0000000000000000, 30.61000000000000654 ) ) ;
#4963 = ORIENTED_EDGE ( 'NONE', *, *, #1973, .T. ) ;
#4964 = CARTESIAN_POINT ( 'NONE',  ( 98.40000000000000568, -36.39999999999999858, 26.51000000000000156 ) ) ;
#4965 = LINE ( 'NONE', #2217, #1051 ) ;
#4966 = ORIENTED_EDGE ( 'NONE', *, *, #3047, .F. ) ;
#4967 = CIRCLE ( 'NONE', #5744, 1.700000000000007061 ) ;
#4968 = CARTESIAN_POINT ( 'NONE',  ( 190.9500000000000171, -137.9999999999999716, 19.61000000000000298 ) ) ;
#4969 = FACE_OUTER_BOUND ( 'NONE', #5013, .T. ) ;
#4970 = EDGE_CURVE ( 'NONE', #1497, #3466, #5413, .T. ) ;
#4971 = ORIENTED_EDGE ( 'NONE', *, *, #3700, .T. ) ;
#4972 = DIRECTION ( 'NONE',  ( 1.000000000000000000, 0.000000000000000000, 0.000000000000000000 ) ) ;
#4973 = LINE ( 'NONE', #788, #4032 ) ;
#4974 = CARTESIAN_POINT ( 'NONE',  ( 98.40000000000001990, -131.4000000000000341, 26.51000000000000156 ) ) ;
#4975 = ORIENTED_EDGE ( 'NONE', *, *, #3608, .F. ) ;
#4976 = EDGE_CURVE ( 'NONE', #1355, #524, #452, .T. ) ;
#4977 = ORIENTED_EDGE ( 'NONE', *, *, #2862, .T. ) ;
#4978 = FACE_OUTER_BOUND ( 'NONE', #3166, .T. ) ;
#4979 = DIRECTION ( 'NONE',  ( 1.000000000000000000, 0.000000000000000000, 0.000000000000000000 ) ) ;
#4980 = ADVANCED_FACE ( 'NONE', ( #2216 ), #3167, .F. ) ;
#4981 = CARTESIAN_POINT ( 'NONE',  ( 189.2500000000000000, -137.9999999999999716, 29.61000000000000298 ) ) ;
#4982 = EDGE_LOOP ( 'NONE', ( #4637, #5162, #2594, #790 ) ) ;
#4983 = DIRECTION ( 'NONE',  ( 0.000000000000000000, 0.000000000000000000, 1.000000000000000000 ) ) ;
#4984 = ORIENTED_EDGE ( 'NONE', *, *, #4472, .F. ) ;
#4985 = ORIENTED_EDGE ( 'NONE', *, *, #690, .F. ) ;
#4986 = CARTESIAN_POINT ( 'NONE',  ( 99.23000000000001819, -136.0000000000000000, 28.81000000000000227 ) ) ;
#4987 = FACE_OUTER_BOUND ( 'NONE', #2996, .T. ) ;
#4988 = VERTEX_POINT ( 'NONE', #4100 ) ;
#4989 = EDGE_CURVE ( 'NONE', #5296, #2200, #1242, .T. ) ;
#4990 = CARTESIAN_POINT ( 'NONE',  ( 187.5000000000000000, -39.09999999999999432, 26.51000000000000156 ) ) ;
#4991 = EDGE_CURVE ( 'NONE', #3249, #3085, #5431, .T. ) ;
#4992 = ORIENTED_EDGE ( 'NONE', *, *, #3532, .T. ) ;
#4993 = EDGE_LOOP ( 'NONE', ( #4961, #4370, #3987, #5038 ) ) ;
#4994 = DIRECTION ( 'NONE',  ( 1.000000000000000000, 0.000000000000000000, 0.000000000000000000 ) ) ;
#4995 = DIRECTION ( 'NONE',  ( -1.000000000000000000, 0.000000000000000000, 0.000000000000000000 ) ) ;
#4996 = VERTEX_POINT ( 'NONE', #2299 ) ;
#4997 = CARTESIAN_POINT ( 'NONE',  ( 186.4500000000000171, -33.99999999999997868, 31.41000000000000725 ) ) ;
#4998 = ORIENTED_EDGE ( 'NONE', *, *, #2457, .F. ) ;
#4999 = CARTESIAN_POINT ( 'NONE',  ( 99.57754055784513980, -131.5684496487542674, 28.81000000000000227 ) ) ;
#5000 = CARTESIAN_POINT ( 'NONE',  ( 0.000000000000000000, -33.70000000000000284, 28.81000000000000227 ) ) ;
#5001 = CARTESIAN_POINT ( 'NONE',  ( 102.5580737765735932, -135.6000000000000512, 25.71000000000000441 ) ) ;
#5002 = VECTOR ( 'NONE', #890, 1000.000000000000000 ) ;
#5003 = ORIENTED_EDGE ( 'NONE', *, *, #3752, .T. ) ;
#5004 = ORIENTED_EDGE ( 'NONE', *, *, #1819, .F. ) ;
#5005 = LINE ( 'NONE', #4448, #1307 ) ;
#5006 = DIRECTION ( 'NONE',  ( -0.000000000000000000, -1.000000000000000000, -0.000000000000000000 ) ) ;
#5007 = AXIS2_PLACEMENT_3D ( 'NONE', #170, #1947, #3295 ) ;
#5008 = ORIENTED_EDGE ( 'NONE', *, *, #3415, .T. ) ;
#5009 = DIRECTION ( 'NONE',  ( -0.000000000000000000, -0.05233595624294395260, 0.9986295347545739443 ) ) ;
#5010 = VECTOR ( 'NONE', #3300, 1000.000000000000000 ) ;
#5011 = EDGE_LOOP ( 'NONE', ( #5464, #2109, #3408, #403 ) ) ;
#5012 = CIRCLE ( 'NONE', #2378, 0.8299999999999974065 ) ;
#5013 = EDGE_LOOP ( 'NONE', ( #1101, #155, #5731, #2697 ) ) ;
#5014 = CARTESIAN_POINT ( 'NONE',  ( 189.2500000000000000, -33.99999999999997868, 31.41000000000000725 ) ) ;
#5015 = CARTESIAN_POINT ( 'NONE',  ( 98.40000000000000568, -37.23000000000000398, 26.51000000000000156 ) ) ;
#5016 = AXIS2_PLACEMENT_3D ( 'NONE', #3254, #3768, #967 ) ;
#5017 = ORIENTED_EDGE ( 'NONE', *, *, #2715, .F. ) ;
#5018 = EDGE_CURVE ( 'NONE', #4918, #1741, #2015, .T. ) ;
#5019 = DIRECTION ( 'NONE',  ( 0.000000000000000000, 0.000000000000000000, 1.000000000000000000 ) ) ;
#5020 = VERTEX_POINT ( 'NONE', #871 ) ;
#5021 = ORIENTED_EDGE ( 'NONE', *, *, #3861, .T. ) ;
#5022 = CARTESIAN_POINT ( 'NONE',  ( 187.5000000000000000, -41.39999999999999147, 26.51000000000000156 ) ) ;
#5023 = CARTESIAN_POINT ( 'NONE',  ( 185.5000000000000000, -43.00000000000000000, 31.41000000000000725 ) ) ;
#5024 = EDGE_CURVE ( 'NONE', #5802, #119, #4590, .T. ) ;
#5025 = ORIENTED_EDGE ( 'NONE', *, *, #5564, .T. ) ;
#5026 = AXIS2_PLACEMENT_3D ( 'NONE', #3243, #2240, #5080 ) ;
#5027 = EDGE_CURVE ( 'NONE', #4528, #1638, #367, .T. ) ;
#5028 = DIRECTION ( 'NONE',  ( -1.000000000000000000, 0.000000000000000000, 0.000000000000000000 ) ) ;
#5029 = AXIS2_PLACEMENT_3D ( 'NONE', #4843, #3038, #5882 ) ;
#5030 = ORIENTED_EDGE ( 'NONE', *, *, #783, .T. ) ;
#5032 = EDGE_CURVE ( 'NONE', #4275, #2261, #67, .T. ) ;
#5031 = AXIS2_PLACEMENT_3D ( 'NONE', #2071, #3539, #4388 ) ;
#5033 = DIRECTION ( 'NONE',  ( 1.000000000000000000, 0.000000000000000000, 0.000000000000000000 ) ) ;
#5034 = DIRECTION ( 'NONE',  ( 1.000000000000000000, 0.000000000000000000, 0.000000000000000000 ) ) ;
#5035 = CARTESIAN_POINT ( 'NONE',  ( 184.3580737765735762, -135.6000000000000512, 25.71000000000000441 ) ) ;
#5036 = VECTOR ( 'NONE', #5666, 1000.000000000000000 ) ;
#5037 = ORIENTED_EDGE ( 'NONE', *, *, #4538, .T. ) ;
#5038 = ORIENTED_EDGE ( 'NONE', *, *, #1959, .T. ) ;
#5039 = CIRCLE ( 'NONE', #146, 6.099999999999994316 ) ;
#5040 = CARTESIAN_POINT ( 'NONE',  ( 101.1000000000000227, 0.000000000000000000, 26.51000000000000156 ) ) ;
#5041 = LINE ( 'NONE', #5576, #5784 ) ;
#5042 = CIRCLE ( 'NONE', #2108, 2.299999999999996270 ) ;
#5043 = AXIS2_PLACEMENT_3D ( 'NONE', #3999, #2142, #1555 ) ;
#5044 =( NAMED_UNIT ( * ) PLANE_ANGLE_UNIT ( ) SI_UNIT ( $, .RADIAN. ) );
#5045 = ORIENTED_EDGE ( 'NONE', *, *, #6004, .F. ) ;
#5046 = LINE ( 'NONE', #3153, #150 ) ;
#5047 = EDGE_CURVE ( 'NONE', #3245, #3619, #62, .T. ) ;
#5048 = VERTEX_POINT ( 'NONE', #895 ) ;
#5049 = AXIS2_PLACEMENT_3D ( 'NONE', #4042, #3697, #5083 ) ;
#5050 = CARTESIAN_POINT ( 'NONE',  ( 97.50000000000000000, -35.50000000000000711, 31.41000000000000725 ) ) ;
#5051 = DIRECTION ( 'NONE',  ( 1.000000000000000000, 0.000000000000000000, 0.000000000000000000 ) ) ;
#5052 = AXIS2_PLACEMENT_3D ( 'NONE', #576, #5643, #3778 ) ;
#5053 = ORIENTED_EDGE ( 'NONE', *, *, #5520, .F. ) ;
#5054 = EDGE_CURVE ( 'NONE', #1563, #4275, #5946, .T. ) ;
#5055 = EDGE_LOOP ( 'NONE', ( #369, #4966, #6, #4823 ) ) ;
#5056 = AXIS2_PLACEMENT_3D ( 'NONE', #411, #474, #2278 ) ;
#5057 = CARTESIAN_POINT ( 'NONE',  ( 0.000000000000000000, -37.22999999999998977, 28.81000000000000227 ) ) ;
#5058 = DIRECTION ( 'NONE',  ( -0.000000000000000000, 0.000000000000000000, 1.000000000000000000 ) ) ;
#5059 = VECTOR ( 'NONE', #5685, 1000.000000000000000 ) ;
#5060 = VERTEX_POINT ( 'NONE', #4644 ) ;
#5061 = ADVANCED_FACE ( 'NONE', ( #5110 ), #851, .T. ) ;
#5062 = AXIS2_PLACEMENT_3D ( 'NONE', #2520, #1237, #4010 ) ;
#5063 = CARTESIAN_POINT ( 'NONE',  ( 182.9419262234264636, -136.0000000000000000, 25.71000000000000441 ) ) ;
#5064 = ORIENTED_EDGE ( 'NONE', *, *, #1092, .T. ) ;
#5065 = FACE_OUTER_BOUND ( 'NONE', #2767, .T. ) ;
#5066 = DIRECTION ( 'NONE',  ( -0.05233595624294395260, -0.000000000000000000, 0.9986295347545739443 ) ) ;
#5067 = CIRCLE ( 'NONE', #176, 4.158073776573568026 ) ;
#5068 = DIRECTION ( 'NONE',  ( 1.000000000000000000, 0.000000000000000000, 0.000000000000000000 ) ) ;
#5069 = ORIENTED_EDGE ( 'NONE', *, *, #3218, .F. ) ;
#5070 = AXIS2_PLACEMENT_3D ( 'NONE', #1857, #3713, #4582 ) ;
#5071 = ORIENTED_EDGE ( 'NONE', *, *, #2560, .F. ) ;
#5072 = CARTESIAN_POINT ( 'NONE',  ( 98.40000000000001990, -135.6000000000000512, 26.51000000000000156 ) ) ;
#5073 = EDGE_CURVE ( 'NONE', #207, #3741, #3099, .T. ) ;
#5074 = DIRECTION ( 'NONE',  ( -1.838117590439000914E-16, -1.000000000000000000, 0.000000000000000000 ) ) ;
#5075 = DIRECTION ( 'NONE',  ( 1.000000000000000000, 0.000000000000000000, 0.000000000000000000 ) ) ;
#5076 = ORIENTED_EDGE ( 'NONE', *, *, #5468, .T. ) ;
#5077 = ORIENTED_EDGE ( 'NONE', *, *, #377, .F. ) ;
#5078 = DIRECTION ( 'NONE',  ( 0.000000000000000000, 1.000000000000000000, -0.000000000000000000 ) ) ;
#5079 = EDGE_CURVE ( 'NONE', #1879, #5410, #1295, .T. ) ;
#5080 = DIRECTION ( 'NONE',  ( -1.000000000000000000, 0.000000000000000000, 0.000000000000000000 ) ) ;
#5081 = ORIENTED_EDGE ( 'NONE', *, *, #1376, .T. ) ;
#5082 = ORIENTED_EDGE ( 'NONE', *, *, #2383, .F. ) ;
#5083 = DIRECTION ( 'NONE',  ( 0.000000000000000000, 0.000000000000000000, -1.000000000000000000 ) ) ;
#5084 = CARTESIAN_POINT ( 'NONE',  ( 98.00000000000001421, -134.7700000000000671, 28.81000000000000227 ) ) ;
#5085 = ORIENTED_EDGE ( 'NONE', *, *, #2355, .F. ) ;
#5086 = ADVANCED_FACE ( 'NONE', ( #3643 ), #2805, .T. ) ;
#5087 = CARTESIAN_POINT ( 'NONE',  ( 189.2500000000000000, -137.9999999999999716, 26.51000000000000156 ) ) ;
#5088 = ADVANCED_FACE ( 'NONE', ( #839 ), #4646, .T. ) ;
#5089 = ORIENTED_EDGE ( 'NONE', *, *, #3746, .F. ) ;
#5090 = CARTESIAN_POINT ( 'NONE',  ( 182.9000000000000057, -135.6000000000000512, 26.51000000000000156 ) ) ;
#5091 = DIRECTION ( 'NONE',  ( -1.000000000000000000, 0.000000000000000000, 0.000000000000000000 ) ) ;
#5092 = DIRECTION ( 'NONE',  ( -1.000000000000000000, 0.000000000000000000, 0.000000000000000000 ) ) ;
#5093 = ORIENTED_EDGE ( 'NONE', *, *, #4538, .F. ) ;
#5094 = EDGE_LOOP ( 'NONE', ( #1050, #5003, #323, #4543 ) ) ;
#5095 = DIRECTION ( 'NONE',  ( -0.000000000000000000, 0.000000000000000000, 1.000000000000000000 ) ) ;
#5096 = PLANE ( 'NONE',  #812 ) ;
#5097 = ADVANCED_FACE ( 'NONE', ( #5450 ), #4127, .F. ) ;
#5098 = ORIENTED_EDGE ( 'NONE', *, *, #4989, .F. ) ;
#5099 = ORIENTED_EDGE ( 'NONE', *, *, #2058, .F. ) ;
#5100 = AXIS2_PLACEMENT_3D ( 'NONE', #5397, #333, #4979 ) ;
#5101 = ADVANCED_FACE ( 'NONE', ( #1814 ), #3759, .F. ) ;
#5102 = LINE ( 'NONE', #979, #3155 ) ;
#5103 = DIRECTION ( 'NONE',  ( -0.000000000000000000, -0.000000000000000000, -1.000000000000000000 ) ) ;
#5104 = AXIS2_PLACEMENT_3D ( 'NONE', #5847, #2945, #1628 ) ;
#5105 = AXIS2_PLACEMENT_3D ( 'NONE', #2064, #4875, #1156 ) ;
#5106 = ORIENTED_EDGE ( 'NONE', *, *, #2097, .T. ) ;
#5107 = EDGE_CURVE ( 'NONE', #5348, #4333, #3772, .T. ) ;
#5108 = VERTEX_POINT ( 'NONE', #2357 ) ;
#5109 = AXIS2_PLACEMENT_3D ( 'NONE', #1040, #3867, #5272 ) ;
#5110 = FACE_OUTER_BOUND ( 'NONE', #5851, .T. ) ;
#5111 = FACE_OUTER_BOUND ( 'NONE', #4993, .T. ) ;
#5112 = AXIS2_PLACEMENT_3D ( 'NONE', #2578, #5786, #1566 ) ;
#5113 = VERTEX_POINT ( 'NONE', #5590 ) ;
#5114 = DIRECTION ( 'NONE',  ( 1.000000000000000000, 0.000000000000000000, 0.000000000000000000 ) ) ;
#5115 = EDGE_LOOP ( 'NONE', ( #3626, #2430, #3671, #98, #5297, #2638, #4734, #1425 ) ) ;
#5116 = DIRECTION ( 'NONE',  ( -1.000000000000000000, 0.000000000000000000, 0.000000000000000000 ) ) ;
#5117 = LINE ( 'NONE', #4105, #171 ) ;
#5118 = CARTESIAN_POINT ( 'NONE',  ( 104.9999999999999858, -37.99999999999999289, 30.61000000000000654 ) ) ;
#5119 = CARTESIAN_POINT ( 'NONE',  ( 93.83000000000001251, -130.6000000000000512, 28.81000000000000227 ) ) ;
#5120 = AXIS2_PLACEMENT_3D ( 'NONE', #1598, #3985, #4014 ) ;
#5121 = ORIENTED_EDGE ( 'NONE', *, *, #1147, .F. ) ;
#5122 = VERTEX_POINT ( 'NONE', #525 ) ;
#5123 = DIRECTION ( 'NONE',  ( 0.000000000000000000, 0.000000000000000000, -1.000000000000000000 ) ) ;
#5124 = CYLINDRICAL_SURFACE ( 'NONE', #4905, 6.000000000000005329 ) ;
#5125 = DIRECTION ( 'NONE',  ( -0.000000000000000000, -0.05233595624294395260, 0.9986295347545739443 ) ) ;
#5126 = CIRCLE ( 'NONE', #843, 2.799999999999997158 ) ;
#5127 = ORIENTED_EDGE ( 'NONE', *, *, #586, .T. ) ;
#5128 = CARTESIAN_POINT ( 'NONE',  ( 99.99999999999995737, -129.0000000000000000, 31.41000000000000725 ) ) ;
#5129 = DIRECTION ( 'NONE',  ( -6.938893903907993257E-14, 1.000000000000000000, 0.000000000000000000 ) ) ;
#5130 = VECTOR ( 'NONE', #2631, 1000.000000000000000 ) ;
#5131 = AXIS2_PLACEMENT_3D ( 'NONE', #3439, #5858, #664 ) ;
#5132 = DIRECTION ( 'NONE',  ( -1.000000000000000000, 0.000000000000000000, 0.000000000000000000 ) ) ;
#5133 = LINE ( 'NONE', #3754, #936 ) ;
#5134 = EDGE_LOOP ( 'NONE', ( #5701, #3575 ) ) ;
#5135 = ORIENTED_EDGE ( 'NONE', *, *, #2036, .T. ) ;
#5136 = FACE_OUTER_BOUND ( 'NONE', #5875, .T. ) ;
#5137 = CARTESIAN_POINT ( 'NONE',  ( 182.9000000000000057, -135.6000000000000512, 28.81000000000000227 ) ) ;
#5138 = VECTOR ( 'NONE', #1692, 1000.000000000000000 ) ;
#5139 = ORIENTED_EDGE ( 'NONE', *, *, #1583, .T. ) ;
#5140 = CARTESIAN_POINT ( 'NONE',  ( 103.4000000000000199, -140.1700000000000159, 26.51000000000000156 ) ) ;
#5141 = AXIS2_PLACEMENT_3D ( 'NONE', #5072, #5123, #5489 ) ;
#5142 = ORIENTED_EDGE ( 'NONE', *, *, #1649, .T. ) ;
#5143 = DIRECTION ( 'NONE',  ( 0.000000000000000000, -0.000000000000000000, 1.000000000000000000 ) ) ;
#5144 = CIRCLE ( 'NONE', #2514, 4.170000000000007034 ) ;
#5145 = CYLINDRICAL_SURFACE ( 'NONE', #6027, 2.799999999999997158 ) ;
#5146 = FACE_OUTER_BOUND ( 'NONE', #2599, .T. ) ;
#5147 = FACE_OUTER_BOUND ( 'NONE', #1758, .T. ) ;
#5148 = EDGE_CURVE ( 'NONE', #5113, #676, #1895, .T. ) ;
#5149 = DIRECTION ( 'NONE',  ( 1.000000000000000000, 0.000000000000000000, 0.000000000000000000 ) ) ;
#5150 = AXIS2_PLACEMENT_3D ( 'NONE', #4798, #2050, #5775 ) ;
#5151 = CARTESIAN_POINT ( 'NONE',  ( 95.74192622342644654, -130.6000000000000512, 25.71000000000000441 ) ) ;
#5152 = ORIENTED_EDGE ( 'NONE', *, *, #1199, .F. ) ;
#5153 = VERTEX_POINT ( 'NONE', #65 ) ;
#5154 = FACE_OUTER_BOUND ( 'NONE', #5476, .T. ) ;
#5155 = DIRECTION ( 'NONE',  ( -0.000000000000000000, -0.000000000000000000, -1.000000000000000000 ) ) ;
#5156 = CARTESIAN_POINT ( 'NONE',  ( 0.000000000000000000, -39.09999999999998721, 28.81000000000000227 ) ) ;
#5157 = EDGE_CURVE ( 'NONE', #5748, #3585, #2604, .T. ) ;
#5158 = LINE ( 'NONE', #312, #911 ) ;
#5159 = CARTESIAN_POINT ( 'NONE',  ( 98.00000000000001421, -131.4000000000000341, 26.51000000000000156 ) ) ;
#5160 = DIRECTION ( 'NONE',  ( 1.000000000000000000, 0.000000000000000000, 0.000000000000000000 ) ) ;
#5161 = CARTESIAN_POINT ( 'NONE',  ( 103.4000000000000199, -136.0000000000000000, 26.51000000000000156 ) ) ;
#5162 = ORIENTED_EDGE ( 'NONE', *, *, #2528, .F. ) ;
#5163 = VERTEX_POINT ( 'NONE', #1988 ) ;
#5164 = LINE ( 'NONE', #1931, #1919 ) ;
#5165 = DIRECTION ( 'NONE',  ( -0.000000000000000000, -0.000000000000000000, -1.000000000000000000 ) ) ;
#5166 = EDGE_LOOP ( 'NONE', ( #3090, #5139, #5997, #4890, #3481, #1859, #900, #1716 ) ) ;
#5167 = EDGE_CURVE ( 'NONE', #306, #3333, #556, .T. ) ;
#5168 = CARTESIAN_POINT ( 'NONE',  ( 187.5000000000000000, -37.22999999999998266, 28.81000000000000227 ) ) ;
#5169 = ORIENTED_EDGE ( 'NONE', *, *, #980, .F. ) ;
#5170 = DIRECTION ( 'NONE',  ( -0.000000000000000000, -0.000000000000000000, 1.000000000000000000 ) ) ;
#5171 = EDGE_CURVE ( 'NONE', #4518, #4487, #3309, .T. ) ;
#5172 = DIRECTION ( 'NONE',  ( 0.000000000000000000, 0.000000000000000000, -1.000000000000000000 ) ) ;
#5173 = LINE ( 'NONE', #4311, #3391 ) ;
#5174 = CARTESIAN_POINT ( 'NONE',  ( 184.3580737765735762, -135.6000000000000512, 25.71000000000000441 ) ) ;
#5175 = LINE ( 'NONE', #1478, #2397 ) ;
#5176 = DIRECTION ( 'NONE',  ( -1.000000000000000000, 0.000000000000000000, -0.000000000000000000 ) ) ;
#5177 = ORIENTED_EDGE ( 'NONE', *, *, #5718, .F. ) ;
#5178 = ORIENTED_EDGE ( 'NONE', *, *, #3247, .T. ) ;
#5179 = EDGE_CURVE ( 'NONE', #1466, #14, #3200, .T. ) ;
#5180 = LINE ( 'NONE', #1089, #3586 ) ;
#5181 = CARTESIAN_POINT ( 'NONE',  ( 96.25000000000000000, -33.99999999999997868, 29.61000000000000298 ) ) ;
#5182 = DIRECTION ( 'NONE',  ( 1.000000000000000000, 0.000000000000000000, 0.000000000000000000 ) ) ;
#5183 = CARTESIAN_POINT ( 'NONE',  ( 194.5000000000000000, -35.50000000000000711, 31.41000000000000725 ) ) ;
#5184 = CARTESIAN_POINT ( 'NONE',  ( 192.0500000000000114, -33.99999999999997868, 29.61000000000000298 ) ) ;
#5185 = FACE_OUTER_BOUND ( 'NONE', #2321, .T. ) ;
#5186 = CARTESIAN_POINT ( 'NONE',  ( 185.9224594421548318, -131.5684496487542674, 28.41000000000000369 ) ) ;
#5187 = VECTOR ( 'NONE', #5078, 1000.000000000000000 ) ;
#5188 = ORIENTED_EDGE ( 'NONE', *, *, #17, .F. ) ;
#5189 = ORIENTED_EDGE ( 'NONE', *, *, #2005, .F. ) ;
#5190 = DIRECTION ( 'NONE',  ( -0.000000000000000000, -0.000000000000000000, -1.000000000000000000 ) ) ;
#5191 = LINE ( 'NONE', #4703, #373 ) ;
#5192 = AXIS2_PLACEMENT_3D ( 'NONE', #1920, #24, #5411 ) ;
#5193 = VERTEX_POINT ( 'NONE', #2389 ) ;
#5194 = PLANE ( 'NONE',  #5915 ) ;
#5195 = EDGE_CURVE ( 'NONE', #2792, #1556, #2939, .T. ) ;
#5196 = ORIENTED_EDGE ( 'NONE', *, *, #2482, .F. ) ;
#5197 = FACE_BOUND ( 'NONE', #1456, .T. ) ;
#5198 = AXIS2_PLACEMENT_3D ( 'NONE', #1572, #1602, #724 ) ;
#5199 = DIRECTION ( 'NONE',  ( 1.000000000000000000, 0.000000000000000000, 0.000000000000000000 ) ) ;
#5200 = CARTESIAN_POINT ( 'NONE',  ( 98.00000000000001421, -130.6000000000000512, 28.81000000000000227 ) ) ;
#5201 = FACE_OUTER_BOUND ( 'NONE', #5517, .T. ) ;
#5202 = CARTESIAN_POINT ( 'NONE',  ( 102.4315503512457610, -37.57754055784513980, 28.41000000000000369 ) ) ;
#5203 = FACE_OUTER_BOUND ( 'NONE', #339, .T. ) ;
#5204 = EDGE_CURVE ( 'NONE', #3249, #4660, #4770, .T. ) ;
#5205 = ORIENTED_EDGE ( 'NONE', *, *, #3232, .F. ) ;
#5206 = ORIENTED_EDGE ( 'NONE', *, *, #5792, .F. ) ;
#5207 = LINE ( 'NONE', #3411, #3386 ) ;
#5208 = DIRECTION ( 'NONE',  ( -0.000000000000000000, -0.000000000000000000, 1.000000000000000000 ) ) ;
#5209 = EDGE_CURVE ( 'NONE', #1688, #3245, #5655, .T. ) ;
#5210 = FACE_OUTER_BOUND ( 'NONE', #3336, .T. ) ;
#5211 = AXIS2_PLACEMENT_3D ( 'NONE', #183, #645, #5808 ) ;
#5212 = CARTESIAN_POINT ( 'NONE',  ( 180.5000000000000000, -43.00000000000000000, 28.01000000000000512 ) ) ;
#5213 = EDGE_CURVE ( 'NONE', #3981, #4688, #5164, .T. ) ;
#5214 = CIRCLE ( 'NONE', #4726, 0.8299999999999974065 ) ;
#5215 = DIRECTION ( 'NONE',  ( -0.000000000000000000, -0.000000000000000000, -1.000000000000000000 ) ) ;
#5216 = PLANE ( 'NONE',  #3560 ) ;
#5217 = EDGE_CURVE ( 'NONE', #3170, #100, #2332, .T. ) ;
#5218 = CYLINDRICAL_SURFACE ( 'NONE', #2497, 1.700000000000007061 ) ;
#5219 = PRODUCT_DEFINITION_FORMATION_WITH_SPECIFIED_SOURCE ( 'Д╩', '', #3030, .NOT_KNOWN. ) ;
#5220 = EDGE_LOOP ( 'NONE', ( #3114, #362, #5310, #5017 ) ) ;
#5221 = VECTOR ( 'NONE', #830, 1000.000000000000000 ) ;
#5222 = ORIENTED_EDGE ( 'NONE', *, *, #1170, .F. ) ;
#5223 = DIRECTION ( 'NONE',  ( 1.000000000000000000, 0.000000000000000000, 0.000000000000000000 ) ) ;
#5224 = CARTESIAN_POINT ( 'NONE',  ( 101.1419262234264522, -136.0000000000000000, 25.71000000000000441 ) ) ;
#5225 = ORIENTED_EDGE ( 'NONE', *, *, #5556, .T. ) ;
#5226 = CARTESIAN_POINT ( 'NONE',  ( 99.59999999999996589, -129.0000000000000000, 31.41000000000000725 ) ) ;
#5227 = EDGE_CURVE ( 'NONE', #560, #1631, #5684, .T. ) ;
#5228 = VERTEX_POINT ( 'NONE', #4245 ) ;
#5229 = DIRECTION ( 'NONE',  ( 1.000000000000000000, 0.000000000000000000, 0.000000000000000000 ) ) ;
#5230 = VECTOR ( 'NONE', #4921, 1000.000000000000000 ) ;
#5231 = DIRECTION ( 'NONE',  ( 0.000000000000000000, -0.000000000000000000, -1.000000000000000000 ) ) ;
#5232 = ADVANCED_FACE ( 'NONE', ( #5136 ), #3792, .T. ) ;
#5233 = DIRECTION ( 'NONE',  ( -1.000000000000000000, 0.000000000000000000, 0.000000000000000000 ) ) ;
#5234 = LINE ( 'NONE', #1421, #1328 ) ;
#5235 = CIRCLE ( 'NONE', #3479, 0.7999999999999951594 ) ;
#5236 = CARTESIAN_POINT ( 'NONE',  ( 187.1000000000000227, -135.6000000000000227, 28.81000000000000227 ) ) ;
#5237 = EDGE_CURVE ( 'NONE', #1375, #5261, #987, .T. ) ;
#5238 = AXIS2_PLACEMENT_3D ( 'NONE', #4530, #4043, #5507 ) ;
#5239 = ORIENTED_EDGE ( 'NONE', *, *, #5079, .T. ) ;
#5240 = ORIENTED_EDGE ( 'NONE', *, *, #4123, .F. ) ;
#5241 = DIRECTION ( 'NONE',  ( 0.000000000000000000, 0.000000000000000000, -1.000000000000000000 ) ) ;
#5242 = DIRECTION ( 'NONE',  ( 0.000000000000000000, 0.000000000000000000, -1.000000000000000000 ) ) ;
#5243 = AXIS2_PLACEMENT_3D ( 'NONE', #566, #3317, #501 ) ;
#5244 = VECTOR ( 'NONE', #309, 1000.000000000000000 ) ;
#5245 = LINE ( 'NONE', #2586, #1722 ) ;
#5246 = VECTOR ( 'NONE', #5425, 1000.000000000000000 ) ;
#5247 = ADVANCED_FACE ( 'NONE', ( #2424, #1047, #4279, #588, #958, #2452 ), #5717, .T. ) ;
#5248 = DIRECTION ( 'NONE',  ( -0.000000000000000000, -0.000000000000000000, -1.000000000000000000 ) ) ;
#5249 = PLANE ( 'NONE',  #5777 ) ;
#5250 = CIRCLE ( 'NONE', #5453, 5.399999999999987921 ) ;
#5251 = EDGE_CURVE ( 'NONE', #22, #1660, #243, .T. ) ;
#5252 = CARTESIAN_POINT ( 'NONE',  ( 103.4000000000000199, -138.3000000000000114, 28.81000000000000227 ) ) ;
#5253 = CARTESIAN_POINT ( 'NONE',  ( 99.59999999999996589, -129.0000000000000000, 31.81000000000000583 ) ) ;
#5254 = ORIENTED_EDGE ( 'NONE', *, *, #1959, .F. ) ;
#5255 = VERTEX_POINT ( 'NONE', #1195 ) ;
#5256 = DIRECTION ( 'NONE',  ( -1.000000000000000000, 0.000000000000000000, 0.000000000000000000 ) ) ;
#5257 = EDGE_CURVE ( 'NONE', #2298, #1267, #2311, .T. ) ;
#5258 = DIRECTION ( 'NONE',  ( 1.000000000000000000, 0.000000000000000000, 0.000000000000000000 ) ) ;
#5259 = EDGE_LOOP ( 'NONE', ( #5205, #3338, #2944, #4795 ) ) ;
#5260 = CARTESIAN_POINT ( 'NONE',  ( 191.6700000000000159, -41.39999999999999147, 28.81000000000000227 ) ) ;
#5261 = VERTEX_POINT ( 'NONE', #2146 ) ;
#5262 = FACE_OUTER_BOUND ( 'NONE', #3013, .T. ) ;
#5263 = DIRECTION ( 'NONE',  ( -0.000000000000000000, -0.000000000000000000, -1.000000000000000000 ) ) ;
#5264 = CARTESIAN_POINT ( 'NONE',  ( 97.50000000000000000, -35.50000000000000711, 28.81000000000000227 ) ) ;
#5265 = CYLINDRICAL_SURFACE ( 'NONE', #342, 2.299999999999996270 ) ;
#5266 = DIRECTION ( 'NONE',  ( -1.000000000000000000, 0.000000000000000000, 0.000000000000000000 ) ) ;
#5267 = EDGE_LOOP ( 'NONE', ( #1954, #1285, #1304, #3660, #3879, #4630, #5749, #4229, #4439, #1542 ) ) ;
#5268 = ORIENTED_EDGE ( 'NONE', *, *, #3744, .F. ) ;
#5269 = CARTESIAN_POINT ( 'NONE',  ( 102.6000000000000085, -36.00000000000000711, 28.81000000000000227 ) ) ;
#5270 = LINE ( 'NONE', #1090, #3838 ) ;
#5271 = CARTESIAN_POINT ( 'NONE',  ( 98.00000000000000000, -41.40000000000000568, 26.51000000000000156 ) ) ;
#5272 = DIRECTION ( 'NONE',  ( 1.000000000000000000, 0.000000000000000000, 0.000000000000000000 ) ) ;
#5273 = LINE ( 'NONE', #1094, #322 ) ;
#5274 = ADVANCED_FACE ( 'NONE', ( #3421 ), #5281, .F. ) ;
#5275 = CYLINDRICAL_SURFACE ( 'NONE', #5706, 0.8299999999999974065 ) ;
#5276 = CARTESIAN_POINT ( 'NONE',  ( 98.40000000000000568, -36.39999999999999858, 28.81000000000000227 ) ) ;
#5277 = ORIENTED_EDGE ( 'NONE', *, *, #4584, .F. ) ;
#5278 = EDGE_CURVE ( 'NONE', #780, #677, #5800, .T. ) ;
#5279 = EDGE_LOOP ( 'NONE', ( #2118, #5449, #908, #809 ) ) ;
#5280 = ADVANCED_FACE ( 'NONE', ( #2601 ), #3973, .F. ) ;
#5281 = CYLINDRICAL_SURFACE ( 'NONE', #234, 0.7999999999999951594 ) ;
#5282 = DIRECTION ( 'NONE',  ( -0.000000000000000000, 0.000000000000000000, 1.000000000000000000 ) ) ;
#5283 = ORIENTED_EDGE ( 'NONE', *, *, #3272, .F. ) ;
#5284 = VECTOR ( 'NONE', #3301, 1000.000000000000000 ) ;
#5285 = VECTOR ( 'NONE', #4801, 1000.000000000000000 ) ;
#5286 = CYLINDRICAL_SURFACE ( 'NONE', #5317, 6.000000000000005329 ) ;
#5287 = ORIENTED_EDGE ( 'NONE', *, *, #1785, .T. ) ;
#5288 = LINE ( 'NONE', #4008, #420 ) ;
#5289 = AXIS2_PLACEMENT_3D ( 'NONE', #4546, #483, #2809 ) ;
#5290 = DIRECTION ( 'NONE',  ( 1.000000000000000000, 0.000000000000000000, 0.000000000000000000 ) ) ;
#5291 = FACE_OUTER_BOUND ( 'NONE', #1277, .T. ) ;
#5292 = LINE ( 'NONE', #655, #1231 ) ;
#5293 = AXIS2_PLACEMENT_3D ( 'NONE', #634, #1519, #4270 ) ;
#5294 = LINE ( 'NONE', #657, #1644 ) ;
#5295 = AXIS2_PLACEMENT_3D ( 'NONE', #544, #4721, #3352 ) ;
#5296 = VERTEX_POINT ( 'NONE', #5841 ) ;
#5297 = ORIENTED_EDGE ( 'NONE', *, *, #4624, .F. ) ;
#5298 = DIRECTION ( 'NONE',  ( -0.000000000000000000, -0.000000000000000000, 1.000000000000000000 ) ) ;
#5299 = LINE ( 'NONE', #2552, #4912 ) ;
#5300 = CIRCLE ( 'NONE', #1313, 2.299999999999996270 ) ;
#5301 = CARTESIAN_POINT ( 'NONE',  ( 98.00000000000001421, -130.6000000000000512, 28.81000000000000227 ) ) ;
#5302 = EDGE_CURVE ( 'NONE', #1046, #5880, #1137, .T. ) ;
#5303 = DIRECTION ( 'NONE',  ( 0.000000000000000000, 0.000000000000000000, -1.000000000000000000 ) ) ;
#5304 = DIRECTION ( 'NONE',  ( 1.000000000000000000, 0.000000000000000000, 0.000000000000000000 ) ) ;
#5305 = CARTESIAN_POINT ( 'NONE',  ( 182.1000000000000512, -136.8419262234264409, 25.71000000000000441 ) ) ;
#5306 = CARTESIAN_POINT ( 'NONE',  ( 98.00000000000001421, -130.6000000000000512, 26.51000000000000156 ) ) ;
#5307 = AXIS2_PLACEMENT_3D ( 'NONE', #3527, #1150, #4809 ) ;
#5308 = ORIENTED_EDGE ( 'NONE', *, *, #468, .T. ) ;
#5309 = AXIS2_PLACEMENT_3D ( 'NONE', #2384, #3390, #2908 ) ;
#5310 = ORIENTED_EDGE ( 'NONE', *, *, #4308, .F. ) ;
#5311 = FACE_OUTER_BOUND ( 'NONE', #5094, .T. ) ;
#5312 = CARTESIAN_POINT ( 'NONE',  ( 184.4000000000000341, -136.0000000000000000, 28.81000000000000227 ) ) ;
#5313 = FACE_BOUND ( 'NONE', #881, .T. ) ;
#5314 = EDGE_CURVE ( 'NONE', #3241, #5296, #2049, .T. ) ;
#5315 = ORIENTED_EDGE ( 'NONE', *, *, #187, .F. ) ;
#5316 = VECTOR ( 'NONE', #1454, 1000.000000000000000 ) ;
#5317 = AXIS2_PLACEMENT_3D ( 'NONE', #3765, #1110, #2970 ) ;
#5318 = ORIENTED_EDGE ( 'NONE', *, *, #2523, .F. ) ;
#5319 = PLANE ( 'NONE',  #3830 ) ;
#5320 = VECTOR ( 'NONE', #800, 1000.000000000000000 ) ;
#5321 = LINE ( 'NONE', #190, #1251 ) ;
#5322 = CARTESIAN_POINT ( 'NONE',  ( 97.50000000000000000, -35.50000000000000711, 26.51000000000000156 ) ) ;
#5323 = VECTOR ( 'NONE', #398, 1000.000000000000000 ) ;
#5324 = DIRECTION ( 'NONE',  ( 1.000000000000000000, 0.000000000000000000, 0.000000000000000000 ) ) ;
#5325 = DIRECTION ( 'NONE',  ( -0.000000000000000000, 0.000000000000000000, 1.000000000000000000 ) ) ;
#5326 = ORIENTED_EDGE ( 'NONE', *, *, #1292, .T. ) ;
#5327 = CARTESIAN_POINT ( 'NONE',  ( 98.40000000000001990, -131.4000000000000341, 28.81000000000000227 ) ) ;
#5328 = LINE ( 'NONE', #196, #3354 ) ;
#5329 = EDGE_CURVE ( 'NONE', #4108, #445, #3938, .T. ) ;
#5330 = VECTOR ( 'NONE', #3818, 1000.000000000000000 ) ;
#5331 = DIRECTION ( 'NONE',  ( 0.000000000000000000, 0.9986295347545739443, -0.05233595624294395260 ) ) ;
#5332 = ORIENTED_EDGE ( 'NONE', *, *, #4017, .F. ) ;
#5333 = AXIS2_PLACEMENT_3D ( 'NONE', #2466, #4319, #4815 ) ;
#5334 = DIRECTION ( 'NONE',  ( -0.000000000000000000, -0.000000000000000000, -1.000000000000000000 ) ) ;
#5335 = CARTESIAN_POINT ( 'NONE',  ( 95.70000000000001705, -130.6000000000000512, 26.51000000000000156 ) ) ;
#5336 = VECTOR ( 'NONE', #653, 1000.000000000000000 ) ;
#5337 = EDGE_CURVE ( 'NONE', #3665, #5580, #1657, .T. ) ;
#5338 = DIRECTION ( 'NONE',  ( -0.000000000000000000, -1.000000000000000000, 0.000000000000000000 ) ) ;
#5339 = EDGE_LOOP ( 'NONE', ( #4159, #4977 ) ) ;
#5340 = AXIS2_PLACEMENT_3D ( 'NONE', #4223, #39, #1025 ) ;
#5341 = DIRECTION ( 'NONE',  ( 0.000000000000000000, 0.000000000000000000, 1.000000000000000000 ) ) ;
#5342 = ORIENTED_EDGE ( 'NONE', *, *, #4761, .F. ) ;
#5343 = VERTEX_POINT ( 'NONE', #281 ) ;
#5344 = LINE ( 'NONE', #5839, #3914 ) ;
#5345 = CIRCLE ( 'NONE', #3880, 4.200000000000009059 ) ;
#5346 = CARTESIAN_POINT ( 'NONE',  ( 187.1000000000000227, -135.6000000000000227, 28.81000000000000227 ) ) ;
#5347 = CARTESIAN_POINT ( 'NONE',  ( 98.00000000000000000, -40.60000000000000142, 28.81000000000000227 ) ) ;
#5348 = VERTEX_POINT ( 'NONE', #2539 ) ;
#5349 = ORIENTED_EDGE ( 'NONE', *, *, #4353, .F. ) ;
#5350 = CARTESIAN_POINT ( 'NONE',  ( 184.4000000000000057, -36.00000000000000711, 26.51000000000000156 ) ) ;
#5351 = ORIENTED_EDGE ( 'NONE', *, *, #1349, .T. ) ;
#5352 = CARTESIAN_POINT ( 'NONE',  ( 98.00000000000001421, -132.9000000000000341, 28.81000000000000227 ) ) ;
#5353 = LINE ( 'NONE', #3429, #3738 ) ;
#5354 = ORIENTED_EDGE ( 'NONE', *, *, #5520, .T. ) ;
#5355 = DIRECTION ( 'NONE',  ( 1.000000000000000000, 0.000000000000000000, 0.000000000000000000 ) ) ;
#5356 = DIRECTION ( 'NONE',  ( 1.000000000000000000, 0.000000000000000000, 0.000000000000000000 ) ) ;
#5357 = EDGE_LOOP ( 'NONE', ( #4153, #1333, #4553, #3578 ) ) ;
#5358 = ADVANCED_FACE ( 'NONE', ( #5372 ), #3060, .T. ) ;
#5359 = LINE ( 'NONE', #1601, #1641 ) ;
#5360 = FACE_OUTER_BOUND ( 'NONE', #3615, .T. ) ;
#5361 = PLANE ( 'NONE',  #5540 ) ;
#5362 = EDGE_CURVE ( 'NONE', #2177, #2494, #1026, .T. ) ;
#5363 = ORIENTED_EDGE ( 'NONE', *, *, #860, .F. ) ;
#5364 = DIRECTION ( 'NONE',  ( -0.000000000000000000, -0.000000000000000000, -1.000000000000000000 ) ) ;
#5365 = LINE ( 'NONE', #3995, #2076 ) ;
#5366 = FACE_OUTER_BOUND ( 'NONE', #2313, .T. ) ;
#5367 = ORIENTED_EDGE ( 'NONE', *, *, #4379, .T. ) ;
#5368 = CARTESIAN_POINT ( 'NONE',  ( 0.000000000000000000, -143.0000000000000284, 28.81000000000000227 ) ) ;
#5369 = EDGE_LOOP ( 'NONE', ( #93, #5037, #3185, #213 ) ) ;
#5370 = EDGE_LOOP ( 'NONE', ( #795, #2689, #3609, #2051 ) ) ;
#5371 = LINE ( 'NONE', #1861, #5002 ) ;
#5372 = FACE_OUTER_BOUND ( 'NONE', #5445, .T. ) ;
#5373 = DIRECTION ( 'NONE',  ( -0.000000000000000000, 1.000000000000000000, -0.000000000000000000 ) ) ;
#5374 = EDGE_LOOP ( 'NONE', ( #4016, #385, #1680, #2597 ) ) ;
#5375 = ORIENTED_EDGE ( 'NONE', *, *, #4327, .F. ) ;
#5376 = FACE_OUTER_BOUND ( 'NONE', #2285, .T. ) ;
#5377 = ORIENTED_EDGE ( 'NONE', *, *, #1797, .T. ) ;
#5378 = CARTESIAN_POINT ( 'NONE',  ( 94.54999999999998295, -137.9999999999999716, 19.61000000000000298 ) ) ;
#5379 = DIRECTION ( 'NONE',  ( -1.000000000000000000, 0.000000000000000000, 0.000000000000000000 ) ) ;
#5380 = VERTEX_POINT ( 'NONE', #2018 ) ;
#5381 = EDGE_CURVE ( 'NONE', #3031, #4595, #1807, .T. ) ;
#5382 = DIRECTION ( 'NONE',  ( -1.000000000000000000, 0.000000000000000000, 0.000000000000000000 ) ) ;
#5383 = LINE ( 'NONE', #1667, #380 ) ;
#5384 = AXIS2_PLACEMENT_3D ( 'NONE', #5583, #2820, #25 ) ;
#5385 = VERTEX_POINT ( 'NONE', #702 ) ;
#5386 = PRODUCT_DEFINITION_CONTEXT ( 'detailed design', #697, 'design' ) ;
#5387 = CARTESIAN_POINT ( 'NONE',  ( 102.6000000000000227, -136.0000000000000000, 26.51000000000000156 ) ) ;
#5388 = PLANE ( 'NONE',  #5105 ) ;
#5389 = CIRCLE ( 'NONE', #3638, 4.200000000000009059 ) ;
#5390 = CARTESIAN_POINT ( 'NONE',  ( 187.5000000000000000, -132.8580737765735762, 25.71000000000000441 ) ) ;
#5391 = EDGE_CURVE ( 'NONE', #3529, #1384, #4004, .T. ) ;
#5392 = VECTOR ( 'NONE', #4383, 1000.000000000000000 ) ;
#5393 = VERTEX_POINT ( 'NONE', #3483 ) ;
#5394 = AXIS2_PLACEMENT_3D ( 'NONE', #1675, #3122, #5461 ) ;
#5395 = CARTESIAN_POINT ( 'NONE',  ( 186.0499999999999829, -33.99999999999997868, 31.81000000000000583 ) ) ;
#5396 = ADVANCED_FACE ( 'NONE', ( #1683 ), #1623, .T. ) ;
#5397 = CARTESIAN_POINT ( 'NONE',  ( 98.40000000000001990, -135.6000000000000512, 26.51000000000000156 ) ) ;
#5398 = VECTOR ( 'NONE', #326, 1000.000000000000000 ) ;
#5399 = LINE ( 'NONE', #766, #3183 ) ;
#5400 = EDGE_LOOP ( 'NONE', ( #4813, #2506, #1393, #2354 ) ) ;
#5401 = CARTESIAN_POINT ( 'NONE',  ( 104.9999999999999716, -129.0000000000000000, 31.81000000000000583 ) ) ;
#5402 = VERTEX_POINT ( 'NONE', #2966 ) ;
#5403 = VERTEX_POINT ( 'NONE', #3027 ) ;
#5404 = CARTESIAN_POINT ( 'NONE',  ( 0.000000000000000000, -134.7700000000000671, 28.81000000000000227 ) ) ;
#5405 = DIRECTION ( 'NONE',  ( 1.000000000000000000, -1.734723475976878092E-14, -0.000000000000000000 ) ) ;
#5406 = DIRECTION ( 'NONE',  ( -1.000000000000000000, 0.000000000000000000, 0.000000000000000000 ) ) ;
#5407 = ADVANCED_FACE ( 'NONE', ( #2569 ), #4796, .F. ) ;
#5408 = CIRCLE ( 'NONE', #5031, 4.158073776573568026 ) ;
#5409 = ORIENTED_EDGE ( 'NONE', *, *, #5468, .F. ) ;
#5410 = VERTEX_POINT ( 'NONE', #5905 ) ;
#5411 = DIRECTION ( 'NONE',  ( 1.000000000000000000, 0.000000000000000000, 0.000000000000000000 ) ) ;
#5412 = ORIENTED_EDGE ( 'NONE', *, *, #5622, .T. ) ;
#5413 = LINE ( 'NONE', #5057, #4158 ) ;
#5414 = FACE_OUTER_BOUND ( 'NONE', #2202, .T. ) ;
#5415 = ORIENTED_EDGE ( 'NONE', *, *, #1606, .T. ) ;
#5416 = ADVANCED_FACE ( 'NONE', ( #3096 ), #3581, .T. ) ;
#5417 = CARTESIAN_POINT ( 'NONE',  ( 187.5000000000000000, -130.6000000000000227, 26.51000000000000156 ) ) ;
#5418 = DIRECTION ( 'NONE',  ( 1.000000000000000000, -0.000000000000000000, 0.000000000000000000 ) ) ;
#5419 = EDGE_LOOP ( 'NONE', ( #1074, #3685, #3691, #2403 ) ) ;
#5420 = EDGE_CURVE ( 'NONE', #1864, #4565, #3956, .T. ) ;
#5421 = CIRCLE ( 'NONE', #2500, 6.500000000000005329 ) ;
#5422 = FACE_OUTER_BOUND ( 'NONE', #2831, .T. ) ;
#5423 = AXIS2_PLACEMENT_3D ( 'NONE', #87, #3384, #1548 ) ;
#5424 = CARTESIAN_POINT ( 'NONE',  ( 190.9500000000000171, -33.99999999999997868, 19.61000000000000298 ) ) ;
#5425 = DIRECTION ( 'NONE',  ( -1.000000000000000000, -0.000000000000000000, -0.000000000000000000 ) ) ;
#5426 = EDGE_LOOP ( 'NONE', ( #5508, #4718 ) ) ;
#5427 = ADVANCED_FACE ( 'NONE', ( #774 ), #1318, .T. ) ;
#5428 = ORIENTED_EDGE ( 'NONE', *, *, #2679, .T. ) ;
#5429 = PLANE ( 'NONE',  #2774 ) ;
#5430 = DIRECTION ( 'NONE',  ( 1.000000000000000000, 0.000000000000000000, -0.000000000000000000 ) ) ;
#5431 = CIRCLE ( 'NONE', #2994, 0.7999999999999951594 ) ;
#5432 = CARTESIAN_POINT ( 'NONE',  ( 187.5499999999999829, -137.9999999999999716, 19.61000000000000298 ) ) ;
#5433 = ORIENTED_EDGE ( 'NONE', *, *, #5027, .T. ) ;
#5434 = EDGE_CURVE ( 'NONE', #5596, #1062, #2394, .T. ) ;
#5435 = CARTESIAN_POINT ( 'NONE',  ( 186.2700000000000387, -136.0000000000000000, 28.81000000000000227 ) ) ;
#5436 = AXIS2_PLACEMENT_3D ( 'NONE', #4200, #481, #1342 ) ;
#5437 = ORIENTED_EDGE ( 'NONE', *, *, #1705, .T. ) ;
#5438 = AXIS2_PLACEMENT_3D ( 'NONE', #3007, #1597, #3525 ) ;
#5439 = ORIENTED_EDGE ( 'NONE', *, *, #4920, .T. ) ;
#5440 = DIRECTION ( 'NONE',  ( -1.000000000000000000, 0.000000000000000000, 0.000000000000000000 ) ) ;
#5441 = DIRECTION ( 'NONE',  ( -0.000000000000000000, 0.000000000000000000, 1.000000000000000000 ) ) ;
#5442 = EDGE_CURVE ( 'NONE', #221, #742, #5597, .T. ) ;
#5443 = AXIS2_PLACEMENT_3D ( 'NONE', #5569, #1475, #3855 ) ;
#5444 = CIRCLE ( 'NONE', #172, 4.200000000000009059 ) ;
#5445 = EDGE_LOOP ( 'NONE', ( #3510, #1423, #3008, #3587 ) ) ;
#5446 = EDGE_CURVE ( 'NONE', #780, #3420, #4220, .T. ) ;
#5447 = DIRECTION ( 'NONE',  ( -0.000000000000000000, 0.000000000000000000, 1.000000000000000000 ) ) ;
#5448 = ORIENTED_EDGE ( 'NONE', *, *, #953, .T. ) ;
#5449 = ORIENTED_EDGE ( 'NONE', *, *, #1848, .F. ) ;
#5450 = FACE_OUTER_BOUND ( 'NONE', #168, .T. ) ;
#5451 = CARTESIAN_POINT ( 'NONE',  ( 0.000000000000000000, -39.10000000000000142, 28.81000000000000227 ) ) ;
#5452 = ORIENTED_EDGE ( 'NONE', *, *, #3861, .F. ) ;
#5453 = AXIS2_PLACEMENT_3D ( 'NONE', #193, #2060, #3913 ) ;
#5454 = DIRECTION ( 'NONE',  ( -0.000000000000000000, -0.000000000000000000, -1.000000000000000000 ) ) ;
#5455 = ORIENTED_EDGE ( 'NONE', *, *, #5148, .F. ) ;
#5456 = CARTESIAN_POINT ( 'NONE',  ( 98.00000000000001421, -130.6000000000000512, 28.81000000000000227 ) ) ;
#5457 = DIRECTION ( 'NONE',  ( 6.938893903907993257E-14, -1.000000000000000000, 0.000000000000000000 ) ) ;
#5458 = LINE ( 'NONE', #1767, #1255 ) ;
#5459 = VERTEX_POINT ( 'NONE', #1963 ) ;
#5460 = ORIENTED_EDGE ( 'NONE', *, *, #2190, .T. ) ;
#5461 = DIRECTION ( 'NONE',  ( 1.000000000000000000, 0.000000000000000000, 0.000000000000000000 ) ) ;
#5462 = DIRECTION ( 'NONE',  ( -0.000000000000000000, 0.05233595624294395260, 0.9986295347545739443 ) ) ;
#5463 = DIRECTION ( 'NONE',  ( -1.000000000000000000, 0.000000000000000000, 0.000000000000000000 ) ) ;
#5464 = ORIENTED_EDGE ( 'NONE', *, *, #3810, .T. ) ;
#5465 = ADVANCED_FACE ( 'NONE', ( #1504, #1055, #5197, #1535, #3402, #5262 ), #3824, .F. ) ;
#5466 = LINE ( 'NONE', #2733, #5323 ) ;
#5467 = ORIENTED_EDGE ( 'NONE', *, *, #5446, .T. ) ;
#5468 = EDGE_CURVE ( 'NONE', #3234, #5402, #1332, .T. ) ;
#5469 = ORIENTED_EDGE ( 'NONE', *, *, #2903, .F. ) ;
#5470 = DIRECTION ( 'NONE',  ( -0.000000000000000000, -0.000000000000000000, -1.000000000000000000 ) ) ;
#5471 = ADVANCED_FACE ( 'NONE', ( #1473 ), #3372, .T. ) ;
#5472 = FACE_OUTER_BOUND ( 'NONE', #1726, .T. ) ;
#5473 = EDGE_CURVE ( 'NONE', #1172, #3142, #5614, .T. ) ;
#5474 = ORIENTED_EDGE ( 'NONE', *, *, #4808, .F. ) ;
#5475 = CARTESIAN_POINT ( 'NONE',  ( 189.2500000000000000, -33.99999999999997868, 29.61000000000000298 ) ) ;
#5476 = EDGE_LOOP ( 'NONE', ( #4971, #4741, #382, #5367 ) ) ;
#5477 = VERTEX_POINT ( 'NONE', #2919 ) ;
#5478 = DIRECTION ( 'NONE',  ( -0.000000000000000000, -0.000000000000000000, 1.000000000000000000 ) ) ;
#5479 = DIRECTION ( 'NONE',  ( 0.000000000000000000, 0.000000000000000000, 1.000000000000000000 ) ) ;
#5480 = ORIENTED_EDGE ( 'NONE', *, *, #1290, .T. ) ;
#5481 = DIRECTION ( 'NONE',  ( 0.000000000000000000, 0.000000000000000000, -1.000000000000000000 ) ) ;
#5482 = ORIENTED_EDGE ( 'NONE', *, *, #2374, .T. ) ;
#5483 = DIRECTION ( 'NONE',  ( 0.000000000000000000, -0.000000000000000000, -1.000000000000000000 ) ) ;
#5484 = FACE_OUTER_BOUND ( 'NONE', #2750, .T. ) ;
#5485 = CARTESIAN_POINT ( 'NONE',  ( 186.2700000000000387, -136.0000000000000000, 28.81000000000000227 ) ) ;
#5486 = AXIS2_PLACEMENT_3D ( 'NONE', #1682, #4887, #3095 ) ;
#5487 = ORIENTED_EDGE ( 'NONE', *, *, #4012, .F. ) ;
#5488 = ORIENTED_EDGE ( 'NONE', *, *, #2414, .T. ) ;
#5489 = DIRECTION ( 'NONE',  ( -1.000000000000000000, 0.000000000000000000, 0.000000000000000000 ) ) ;
#5490 = DIRECTION ( 'NONE',  ( 1.000000000000000000, 0.000000000000000000, 0.000000000000000000 ) ) ;
#5491 = AXIS2_PLACEMENT_3D ( 'NONE', #4835, #709, #5615 ) ;
#5492 = CIRCLE ( 'NONE', #3920, 2.258073776573568558 ) ;
#5493 = EDGE_CURVE ( 'NONE', #3634, #445, #1131, .T. ) ;
#5494 = CARTESIAN_POINT ( 'NONE',  ( 98.99999999999997158, -43.00000000000000000, 28.01000000000000512 ) ) ;
#5495 = ORIENTED_EDGE ( 'NONE', *, *, #3777, .T. ) ;
#5496 = EDGE_CURVE ( 'NONE', #3224, #5343, #5042, .T. ) ;
#5497 = DIRECTION ( 'NONE',  ( 1.555805808050947258E-16, -1.000000000000000000, 0.000000000000000000 ) ) ;
#5498 = ORIENTED_EDGE ( 'NONE', *, *, #4246, .F. ) ;
#5499 = CIRCLE ( 'NONE', #2873, 1.700000000000021050 ) ;
#5500 = ADVANCED_FACE ( 'NONE', ( #992 ), #1024, .T. ) ;
#5501 = LINE ( 'NONE', #3271, #2558 ) ;
#5502 = APPLICATION_CONTEXT ( 'automotive_design' ) ;
#5503 = DIRECTION ( 'NONE',  ( -1.000000000000000000, 0.000000000000000000, 0.000000000000000000 ) ) ;
#5504 = ORIENTED_EDGE ( 'NONE', *, *, #693, .F. ) ;
#5505 = VERTEX_POINT ( 'NONE', #73 ) ;
#5506 = DIRECTION ( 'NONE',  ( -0.000000000000000000, 0.000000000000000000, 1.000000000000000000 ) ) ;
#5507 = DIRECTION ( 'NONE',  ( 1.000000000000000000, 0.000000000000000000, 0.000000000000000000 ) ) ;
#5508 = ORIENTED_EDGE ( 'NONE', *, *, #1036, .T. ) ;
#5509 = AXIS2_PLACEMENT_3D ( 'NONE', #4309, #3285, #7 ) ;
#5510 = DIRECTION ( 'NONE',  ( 1.000000000000000000, 0.000000000000000000, 0.000000000000000000 ) ) ;
#5511 = ORIENTED_EDGE ( 'NONE', *, *, #2461, .T. ) ;
#5512 = CARTESIAN_POINT ( 'NONE',  ( 101.1419262234264380, -36.39999999999999858, 25.71000000000000441 ) ) ;
#5513 = DIRECTION ( 'NONE',  ( 0.000000000000000000, -0.000000000000000000, -1.000000000000000000 ) ) ;
#5514 = DIRECTION ( 'NONE',  ( 0.000000000000000000, 1.000000000000000000, 0.000000000000000000 ) ) ;
#5515 = AXIS2_PLACEMENT_3D ( 'NONE', #4313, #135, #504 ) ;
#5516 = VERTEX_POINT ( 'NONE', #966 ) ;
#5517 = EDGE_LOOP ( 'NONE', ( #3601, #5754, #5980, #2533 ) ) ;
#5518 = AXIS2_PLACEMENT_3D ( 'NONE', #2600, #5869, #5440 ) ;
#5519 = DIRECTION ( 'NONE',  ( -1.000000000000000000, 0.000000000000000000, 0.000000000000000000 ) ) ;
#5520 = EDGE_CURVE ( 'NONE', #1087, #14, #2362, .T. ) ;
#5521 = CARTESIAN_POINT ( 'NONE',  ( 97.20000000000001705, -130.6000000000000512, 28.81000000000000227 ) ) ;
#5522 = VECTOR ( 'NONE', #5870, 1000.000000000000000 ) ;
#5523 = AXIS2_PLACEMENT_3D ( 'NONE', #1284, #5963, #2837 ) ;
#5524 = DIRECTION ( 'NONE',  ( 0.000000000000000000, 0.000000000000000000, -1.000000000000000000 ) ) ;
#5525 = ORIENTED_EDGE ( 'NONE', *, *, #477, .F. ) ;
#5526 = ORIENTED_EDGE ( 'NONE', *, *, #276, .F. ) ;
#5527 = AXIS2_PLACEMENT_3D ( 'NONE', #4212, #3848, #4735 ) ;
#5528 = DIRECTION ( 'NONE',  ( -0.000000000000000000, -0.000000000000000000, 1.000000000000000000 ) ) ;
#5529 = ADVANCED_FACE ( 'NONE', ( #1903 ), #2890, .F. ) ;
#5530 = EDGE_CURVE ( 'NONE', #479, #3333, #4709, .T. ) ;
#5531 = DIRECTION ( 'NONE',  ( -0.000000000000000000, -0.05233595624294395260, 0.9986295347545739443 ) ) ;
#5532 = AXIS2_PLACEMENT_3D ( 'NONE', #2440, #4292, #2037 ) ;
#5533 = AXIS2_PLACEMENT_3D ( 'NONE', #2301, #1844, #2675 ) ;
#5534 = EDGE_LOOP ( 'NONE', ( #5654, #1350, #3602, #1929 ) ) ;
#5535 = ORIENTED_EDGE ( 'NONE', *, *, #6016, .F. ) ;
#5536 = AXIS2_PLACEMENT_3D ( 'NONE', #4286, #3800, #3342 ) ;
#5537 = DIRECTION ( 'NONE',  ( 1.000000000000000000, 0.000000000000000000, 0.000000000000000000 ) ) ;
#5538 = CARTESIAN_POINT ( 'NONE',  ( 103.4000000000000199, -136.8000000000000114, 28.81000000000000227 ) ) ;
#5539 = ORIENTED_EDGE ( 'NONE', *, *, #1749, .T. ) ;
#5540 = AXIS2_PLACEMENT_3D ( 'NONE', #4974, #5331, #3533 ) ;
#5541 = VECTOR ( 'NONE', #2152, 1000.000000000000000 ) ;
#5542 = CARTESIAN_POINT ( 'NONE',  ( 182.9000000000000057, -36.39999999999999147, 26.51000000000000156 ) ) ;
#5543 = VERTEX_POINT ( 'NONE', #2432 ) ;
#5544 = EDGE_CURVE ( 'NONE', #1360, #4873, #101, .T. ) ;
#5545 = DIRECTION ( 'NONE',  ( -0.000000000000000000, -0.000000000000000000, -1.000000000000000000 ) ) ;
#5546 = CARTESIAN_POINT ( 'NONE',  ( 103.4000000000000057, -36.00000000000000711, 28.81000000000000227 ) ) ;
#5547 = CARTESIAN_POINT ( 'NONE',  ( 187.5000000000000000, -39.09999999999999432, 26.51000000000000156 ) ) ;
#5548 = EDGE_CURVE ( 'NONE', #311, #3745, #2208, .T. ) ;
#5549 = EDGE_LOOP ( 'NONE', ( #5958, #5632, #2678, #838 ) ) ;
#5550 = VECTOR ( 'NONE', #173, 1000.000000000000000 ) ;
#5551 = EDGE_LOOP ( 'NONE', ( #786, #4041, #3311, #4392 ) ) ;
#5552 = LINE ( 'NONE', #3236, #862 ) ;
#5553 = CYLINDRICAL_SURFACE ( 'NONE', #2864, 0.7999999999999951594 ) ;
#5554 = DIRECTION ( 'NONE',  ( -0.000000000000000000, -0.000000000000000000, 1.000000000000000000 ) ) ;
#5555 = ORIENTED_EDGE ( 'NONE', *, *, #2510, .F. ) ;
#5556 = EDGE_CURVE ( 'NONE', #1480, #445, #5941, .T. ) ;
#5557 = EDGE_LOOP ( 'NONE', ( #1827, #1015, #4317, #1340 ) ) ;
#5558 = FACE_OUTER_BOUND ( 'NONE', #3066, .T. ) ;
#5559 = DIRECTION ( 'NONE',  ( 1.000000000000000000, 0.000000000000000000, 0.000000000000000000 ) ) ;
#5560 = EDGE_LOOP ( 'NONE', ( #3120, #5838, #853, #5142 ) ) ;
#5561 = ORIENTED_EDGE ( 'NONE', *, *, #3037, .T. ) ;
#5562 = DIRECTION ( 'NONE',  ( -0.000000000000000000, -0.000000000000000000, 1.000000000000000000 ) ) ;
#5563 = DIRECTION ( 'NONE',  ( -1.000000000000000000, 0.000000000000000000, 0.000000000000000000 ) ) ;
#5564 = EDGE_CURVE ( 'NONE', #4487, #5477, #2209, .T. ) ;
#5565 = ORIENTED_EDGE ( 'NONE', *, *, #496, .F. ) ;
#5566 = FACE_OUTER_BOUND ( 'NONE', #813, .T. ) ;
#5567 = EDGE_LOOP ( 'NONE', ( #4291, #923, #480, #2706 ) ) ;
#5568 = CARTESIAN_POINT ( 'NONE',  ( 91.00000000000001421, -136.5000000000000000, 28.81000000000000227 ) ) ;
#5569 = CARTESIAN_POINT ( 'NONE',  ( 187.5000000000000000, -132.9000000000000057, 26.51000000000000156 ) ) ;
#5570 = CARTESIAN_POINT ( 'NONE',  ( 99.59999999999998010, -43.00000000000000000, 31.41000000000000725 ) ) ;
#5571 = ADVANCED_FACE ( 'NONE', ( #2294 ), #1320, .T. ) ;
#5572 = DIRECTION ( 'NONE',  ( -0.000000000000000000, -0.000000000000000000, -1.000000000000000000 ) ) ;
#5573 = VERTEX_POINT ( 'NONE', #2667 ) ;
#5574 = ORIENTED_EDGE ( 'NONE', *, *, #4376, .F. ) ;
#5575 = CARTESIAN_POINT ( 'NONE',  ( 104.9999999999999716, -135.0000000000000000, 28.01000000000000512 ) ) ;
#5576 = CARTESIAN_POINT ( 'NONE',  ( 104.9999999999999858, -37.99999999999999289, 30.61000000000000654 ) ) ;
#5577 = EDGE_CURVE ( 'NONE', #826, #2889, #845, .T. ) ;
#5578 = AXIS2_PLACEMENT_3D ( 'NONE', #4216, #3672, #1301 ) ;
#5579 = ORIENTED_EDGE ( 'NONE', *, *, #3238, .T. ) ;
#5580 = VERTEX_POINT ( 'NONE', #5015 ) ;
#5581 = VECTOR ( 'NONE', #4418, 1000.000000000000000 ) ;
#5582 = DIRECTION ( 'NONE',  ( 1.000000000000000000, 0.000000000000000000, 0.000000000000000000 ) ) ;
#5583 = CARTESIAN_POINT ( 'NONE',  ( 104.9999999999999858, -43.00000000000000000, 28.81000000000000227 ) ) ;
#5584 = CARTESIAN_POINT ( 'NONE',  ( 187.1000000000000227, -37.22999999999998977, 28.81000000000000227 ) ) ;
#5585 = CONICAL_SURFACE ( 'NONE', #816, 2.299999999999996270, 0.05235987755983000091 ) ;
#5586 = CARTESIAN_POINT ( 'NONE',  ( 97.50000000000001421, -143.0000000000000284, 31.41000000000000725 ) ) ;
#5587 = AXIS2_PLACEMENT_3D ( 'NONE', #4655, #3144, #1736 ) ;
#5588 = ORIENTED_EDGE ( 'NONE', *, *, #2173, .F. ) ;
#5589 = ORIENTED_EDGE ( 'NONE', *, *, #1550, .T. ) ;
#5590 = CARTESIAN_POINT ( 'NONE',  ( 182.1000000000000227, -33.70000000000000995, 26.51000000000000156 ) ) ;
#5591 = EDGE_CURVE ( 'NONE', #5580, #490, #832, .T. ) ;
#5592 = DIRECTION ( 'NONE',  ( 1.000000000000000000, -1.734723475976817507E-14, -0.000000000000000000 ) ) ;
#5593 = AXIS2_PLACEMENT_3D ( 'NONE', #4627, #440, #2308 ) ;
#5594 = EDGE_LOOP ( 'NONE', ( #1847, #1759, #3966, #2025 ) ) ;
#5595 = DIRECTION ( 'NONE',  ( 0.000000000000000000, -1.000000000000000000, 0.000000000000000000 ) ) ;
#5596 = VERTEX_POINT ( 'NONE', #2737 ) ;
#5597 = LINE ( 'NONE', #4651, #6011 ) ;
#5598 = FACE_OUTER_BOUND ( 'NONE', #4677, .T. ) ;
#5599 = DIRECTION ( 'NONE',  ( 1.000000000000000000, 0.000000000000000000, 0.000000000000000000 ) ) ;
#5600 = ADVANCED_FACE ( 'NONE', ( #5472 ), #4523, .T. ) ;
#5601 = CARTESIAN_POINT ( 'NONE',  ( 101.1000000000000227, -135.6000000000000512, 26.51000000000000156 ) ) ;
#5602 = TOROIDAL_SURFACE ( 'NONE', #41, 6.099999999999999645, 0.4000000000000000222 ) ;
#5603 = CARTESIAN_POINT ( 'NONE',  ( 98.00000000000001421, -130.6000000000000512, 25.71000000000000441 ) ) ;
#5604 = VECTOR ( 'NONE', #608, 1000.000000000000000 ) ;
#5605 = EDGE_LOOP ( 'NONE', ( #1159, #5069, #5188, #4864 ) ) ;
#5606 = ORIENTED_EDGE ( 'NONE', *, *, #1968, .T. ) ;
#5607 = DIRECTION ( 'NONE',  ( 1.000000000000000000, 0.000000000000000000, 0.000000000000000000 ) ) ;
#5608 = CARTESIAN_POINT ( 'NONE',  ( 103.4000000000000057, -36.00000000000000711, 28.81000000000000227 ) ) ;
#5609 = CIRCLE ( 'NONE', #2203, 2.741926223426435882 ) ;
#5610 = AXIS2_PLACEMENT_3D ( 'NONE', #2400, #11, #5149 ) ;
#5611 = DIRECTION ( 'NONE',  ( -0.000000000000000000, -0.000000000000000000, -1.000000000000000000 ) ) ;
#5612 = AXIS2_PLACEMENT_3D ( 'NONE', #3720, #3392, #1494 ) ;
#5613 = ORIENTED_EDGE ( 'NONE', *, *, #4430, .F. ) ;
#5614 = CIRCLE ( 'NONE', #2387, 4.170000000000007034 ) ;
#5615 = DIRECTION ( 'NONE',  ( 1.000000000000000000, 0.000000000000000000, 0.000000000000000000 ) ) ;
#5616 = DIRECTION ( 'NONE',  ( -0.000000000000000000, -0.000000000000000000, 1.000000000000000000 ) ) ;
#5617 = AXIS2_PLACEMENT_3D ( 'NONE', #4268, #5705, #142 ) ;
#5618 = ADVANCED_FACE ( 'NONE', ( #4587 ), #2292, .T. ) ;
#5619 = EDGE_CURVE ( 'NONE', #753, #1631, #1862, .T. ) ;
#5620 = CARTESIAN_POINT ( 'NONE',  ( 194.5000000000000000, -136.5000000000000000, 31.41000000000000725 ) ) ;
#5621 = DIRECTION ( 'NONE',  ( -0.000000000000000000, 0.000000000000000000, 1.000000000000000000 ) ) ;
#5622 = EDGE_CURVE ( 'NONE', #560, #3333, #4836, .T. ) ;
#5623 = ORIENTED_EDGE ( 'NONE', *, *, #955, .T. ) ;
#5624 = ORIENTED_EDGE ( 'NONE', *, *, #980, .T. ) ;
#5625 = CARTESIAN_POINT ( 'NONE',  ( 186.5000000000000000, -43.00000000000000000, 28.01000000000000512 ) ) ;
#5626 = CARTESIAN_POINT ( 'NONE',  ( 189.7999999999999829, -41.39999999999999147, 28.81000000000000227 ) ) ;
#5627 =( GEOMETRIC_REPRESENTATION_CONTEXT ( 3 ) GLOBAL_UNCERTAINTY_ASSIGNED_CONTEXT ( ( #4351 ) ) GLOBAL_UNIT_ASSIGNED_CONTEXT ( ( #2122, #2644, #3982 ) ) REPRESENTATION_CONTEXT ( 'NONE', 'WORKASPACE' ) );
#5628 = VERTEX_POINT ( 'NONE', #2264 ) ;
#5629 = DIRECTION ( 'NONE',  ( 0.000000000000000000, 0.000000000000000000, 1.000000000000000000 ) ) ;
#5630 = EDGE_CURVE ( 'NONE', #3419, #1212, #3612, .T. ) ;
#5631 = AXIS2_PLACEMENT_3D ( 'NONE', #4352, #2496, #1915 ) ;
#5632 = ORIENTED_EDGE ( 'NONE', *, *, #468, .F. ) ;
#5633 = DIRECTION ( 'NONE',  ( 1.000000000000000000, 0.000000000000000000, 0.000000000000000000 ) ) ;
#5634 = VECTOR ( 'NONE', #4498, 1000.000000000000000 ) ;
#5635 = DIRECTION ( 'NONE',  ( -0.000000000000000000, -0.000000000000000000, -1.000000000000000000 ) ) ;
#5636 = CARTESIAN_POINT ( 'NONE',  ( 93.82999999999999829, -41.40000000000000568, 28.81000000000000227 ) ) ;
#5637 = DIRECTION ( 'NONE',  ( 0.000000000000000000, -1.000000000000000000, 0.000000000000000000 ) ) ;
#5638 = VECTOR ( 'NONE', #1213, 1000.000000000000000 ) ;
#5639 = DIRECTION ( 'NONE',  ( 0.000000000000000000, 0.000000000000000000, -1.000000000000000000 ) ) ;
#5640 = FACE_OUTER_BOUND ( 'NONE', #4814, .T. ) ;
#5641 = VERTEX_POINT ( 'NONE', #378 ) ;
#5642 = ORIENTED_EDGE ( 'NONE', *, *, #1583, .F. ) ;
#5643 = DIRECTION ( 'NONE',  ( 1.000000000000000000, 0.000000000000000000, -0.000000000000000000 ) ) ;
#5644 = LINE ( 'NONE', #3808, #3927 ) ;
#5645 = DIRECTION ( 'NONE',  ( -1.000000000000000000, 0.000000000000000000, 0.000000000000000000 ) ) ;
#5646 = CYLINDRICAL_SURFACE ( 'NONE', #2553, 0.4000000000000010214 ) ;
#5647 = DIRECTION ( 'NONE',  ( -0.000000000000000000, -0.000000000000000000, 1.000000000000000000 ) ) ;
#5648 = EDGE_CURVE ( 'NONE', #2271, #677, #1618, .T. ) ;
#5649 = CARTESIAN_POINT ( 'NONE',  ( 99.23000000000000398, -36.39999999999999858, 26.51000000000000156 ) ) ;
#5650 = CARTESIAN_POINT ( 'NONE',  ( 99.23000000000001819, 0.000000000000000000, 26.51000000000000156 ) ) ;
#5651 = EDGE_CURVE ( 'NONE', #1185, #4509, #3941, .T. ) ;
#5652 = ORIENTED_EDGE ( 'NONE', *, *, #3811, .F. ) ;
#5653 = EDGE_CURVE ( 'NONE', #3466, #4006, #3719, .T. ) ;
#5654 = ORIENTED_EDGE ( 'NONE', *, *, #3882, .F. ) ;
#5655 = LINE ( 'NONE', #463, #258 ) ;
#5656 = CARTESIAN_POINT ( 'NONE',  ( 189.7999999999999829, -130.6000000000000227, 26.51000000000000156 ) ) ;
#5657 = ORIENTED_EDGE ( 'NONE', *, *, #1908, .F. ) ;
#5658 = ADVANCED_FACE ( 'NONE', ( #4987 ), #1288, .T. ) ;
#5659 = CYLINDRICAL_SURFACE ( 'NONE', #1577, 0.3999999999999975797 ) ;
#5660 = EDGE_LOOP ( 'NONE', ( #3001, #3908, #181, #5480 ) ) ;
#5661 = ADVANCED_FACE ( 'NONE', ( #2702 ), #5967, .T. ) ;
#5662 = CARTESIAN_POINT ( 'NONE',  ( 0.000000000000000000, -40.60000000000000142, 28.81000000000000227 ) ) ;
#5663 = LINE ( 'NONE', #3903, #2376 ) ;
#5664 = CARTESIAN_POINT ( 'NONE',  ( 182.9000000000000057, -36.00000000000000711, 26.51000000000000156 ) ) ;
#5665 = DIRECTION ( 'NONE',  ( -1.000000000000000000, 0.000000000000000000, 0.000000000000000000 ) ) ;
#5666 = DIRECTION ( 'NONE',  ( 0.000000000000000000, -1.000000000000000000, 0.000000000000000000 ) ) ;
#5667 = DIRECTION ( 'NONE',  ( -0.000000000000000000, -0.000000000000000000, 1.000000000000000000 ) ) ;
#5668 = ORIENTED_EDGE ( 'NONE', *, *, #1379, .F. ) ;
#5669 = ORIENTED_EDGE ( 'NONE', *, *, #6004, .T. ) ;
#5670 = DIRECTION ( 'NONE',  ( 1.000000000000000000, 0.000000000000000000, 0.000000000000000000 ) ) ;
#5671 = CARTESIAN_POINT ( 'NONE',  ( 98.40000000000000568, -39.10000000000000853, 26.51000000000000156 ) ) ;
#5672 = EDGE_CURVE ( 'NONE', #4565, #5385, #1354, .T. ) ;
#5673 = DIRECTION ( 'NONE',  ( -1.000000000000000000, 0.000000000000000000, 0.000000000000000000 ) ) ;
#5674 = CARTESIAN_POINT ( 'NONE',  ( 182.1000000000000227, -35.15807377657357335, 25.71000000000000441 ) ) ;
#5675 = DIRECTION ( 'NONE',  ( 1.000000000000000000, 0.000000000000000000, 0.000000000000000000 ) ) ;
#5676 = ADVANCED_FACE ( 'NONE', ( #3359 ), #3083, .T. ) ;
#5677 = CARTESIAN_POINT ( 'NONE',  ( 98.40000000000000568, -36.39999999999999858, 28.01000000000000512 ) ) ;
#5678 = PLANE ( 'NONE',  #1719 ) ;
#5679 = VECTOR ( 'NONE', #4694, 1000.000000000000000 ) ;
#5680 = AXIS2_PLACEMENT_3D ( 'NONE', #2917, #3400, #1935 ) ;
#5681 = ORIENTED_EDGE ( 'NONE', *, *, #3132, .T. ) ;
#5682 = EDGE_CURVE ( 'NONE', #643, #1645, #1321, .T. ) ;
#5683 = ORIENTED_EDGE ( 'NONE', *, *, #4832, .T. ) ;
#5684 = LINE ( 'NONE', #4185, #3963 ) ;
#5685 = DIRECTION ( 'NONE',  ( -0.000000000000000000, -0.000000000000000000, -1.000000000000000000 ) ) ;
#5686 = AXIS2_PLACEMENT_3D ( 'NONE', #2818, #2502, #2446 ) ;
#5687 = CIRCLE ( 'NONE', #2573, 2.799999999999997158 ) ;
#5688 = ORIENTED_EDGE ( 'NONE', *, *, #386, .F. ) ;
#5689 = EDGE_CURVE ( 'NONE', #5228, #2336, #735, .T. ) ;
#5690 = CARTESIAN_POINT ( 'NONE',  ( 98.00000000000000000, -40.55807377657357193, 25.71000000000000441 ) ) ;
#5691 = VECTOR ( 'NONE', #3994, 1000.000000000000000 ) ;
#5692 = VERTEX_POINT ( 'NONE', #2352 ) ;
#5693 = DIRECTION ( 'NONE',  ( 1.000000000000000000, 0.000000000000000000, 0.000000000000000000 ) ) ;
#5694 = AXIS2_PLACEMENT_3D ( 'NONE', #2441, #110, #5242 ) ;
#5695 = CARTESIAN_POINT ( 'NONE',  ( 97.50000000000000000, -29.40000000000000213, 31.41000000000000725 ) ) ;
#5696 = CARTESIAN_POINT ( 'NONE',  ( 96.25000000000000000, -137.9999999999999716, 31.81000000000000583 ) ) ;
#5697 = FACE_OUTER_BOUND ( 'NONE', #2214, .T. ) ;
#5698 = ADVANCED_FACE ( 'NONE', ( #4729 ), #2416, .T. ) ;
#5699 = DIRECTION ( 'NONE',  ( -1.000000000000000000, 0.000000000000000000, 0.000000000000000000 ) ) ;
#5700 = ORIENTED_EDGE ( 'NONE', *, *, #5329, .T. ) ;
#5701 = ORIENTED_EDGE ( 'NONE', *, *, #3535, .T. ) ;
#5702 = CARTESIAN_POINT ( 'NONE',  ( 95.70000000000000284, 1.488906158304756720E-14, 28.81000000000000227 ) ) ;
#5703 = ADVANCED_FACE ( 'NONE', ( #3788 ), #3753, .T. ) ;
#5704 = DIRECTION ( 'NONE',  ( -0.000000000000000000, 0.000000000000000000, 1.000000000000000000 ) ) ;
#5705 = DIRECTION ( 'NONE',  ( -0.000000000000000000, -0.000000000000000000, -1.000000000000000000 ) ) ;
#5706 = AXIS2_PLACEMENT_3D ( 'NONE', #4420, #2960, #3089 ) ;
#5707 = ADVANCED_FACE ( 'NONE', ( #2934 ), #5216, .T. ) ;
#5708 = LINE ( 'NONE', #4725, #5989 ) ;
#5709 = AXIS2_PLACEMENT_3D ( 'NONE', #3663, #5503, #2760 ) ;
#5710 = DIRECTION ( 'NONE',  ( -0.000000000000000000, -0.000000000000000000, 1.000000000000000000 ) ) ;
#5711 = CARTESIAN_POINT ( 'NONE',  ( 101.1419262234264522, -136.0000000000000000, 25.71000000000000441 ) ) ;
#5712 = CARTESIAN_POINT ( 'NONE',  ( 96.25000000000000000, -137.9999999999999716, 29.61000000000000298 ) ) ;
#5713 = CIRCLE ( 'NONE', #4240, 1.700000000000007061 ) ;
#5714 = ORIENTED_EDGE ( 'NONE', *, *, #460, .T. ) ;
#5715 = AXIS2_PLACEMENT_3D ( 'NONE', #2505, #1617, #670 ) ;
#5716 = ORIENTED_EDGE ( 'NONE', *, *, #2374, .F. ) ;
#5717 = PLANE ( 'NONE',  #2116 ) ;
#5718 = EDGE_CURVE ( 'NONE', #6034, #1530, #4671, .T. ) ;
#5719 = CARTESIAN_POINT ( 'NONE',  ( -0.000000000000000000, -37.22999999999998977, 26.51000000000000156 ) ) ;
#5720 = EDGE_LOOP ( 'NONE', ( #1409, #4177, #4643, #1234 ) ) ;
#5721 = DIRECTION ( 'NONE',  ( 1.613696256722611159E-16, 1.000000000000000000, -0.000000000000000000 ) ) ;
#5722 = EDGE_LOOP ( 'NONE', ( #4304, #5121, #5681, #5239 ) ) ;
#5723 = CARTESIAN_POINT ( 'NONE',  ( 0.000000000000000000, -131.4000000000000057, 28.81000000000000227 ) ) ;
#5724 = AXIS2_PLACEMENT_3D ( 'NONE', #1169, #2113, #4460 ) ;
#5725 = LINE ( 'NONE', #5636, #2726 ) ;
#5726 = DIRECTION ( 'NONE',  ( 0.000000000000000000, 0.000000000000000000, 1.000000000000000000 ) ) ;
#5727 = CARTESIAN_POINT ( 'NONE',  ( 189.7999999999999829, 0.000000000000000000, 26.51000000000000156 ) ) ;
#5728 = VECTOR ( 'NONE', #1458, 1000.000000000000000 ) ;
#5729 = CYLINDRICAL_SURFACE ( 'NONE', #2035, 6.000000000000005329 ) ;
#5730 = CONICAL_SURFACE ( 'NONE', #952, 0.7999999999999951594, 0.05235987755983000091 ) ;
#5731 = ORIENTED_EDGE ( 'NONE', *, *, #2728, .T. ) ;
#5732 = EDGE_CURVE ( 'NONE', #3216, #1768, #1891, .T. ) ;
#5733 = ORIENTED_EDGE ( 'NONE', *, *, #4574, .F. ) ;
#5734 = CIRCLE ( 'NONE', #3109, 0.7999999999999951594 ) ;
#5735 = FACE_OUTER_BOUND ( 'NONE', #4059, .T. ) ;
#5736 = CARTESIAN_POINT ( 'NONE',  ( 189.2500000000000000, -33.99999999999997868, 26.51000000000000156 ) ) ;
#5737 = AXIS2_PLACEMENT_3D ( 'NONE', #3735, #1274, #5483 ) ;
#5738 = AXIS2_PLACEMENT_3D ( 'NONE', #2940, #5282, #3485 ) ;
#5739 = LINE ( 'NONE', #4691, #4277 ) ;
#5740 = EDGE_CURVE ( 'NONE', #3876, #4751, #4273, .T. ) ;
#5741 = VECTOR ( 'NONE', #5572, 1000.000000000000000 ) ;
#5742 = DIRECTION ( 'NONE',  ( 1.000000000000000000, 0.000000000000000000, 0.000000000000000000 ) ) ;
#5743 = DIRECTION ( 'NONE',  ( -1.000000000000000000, 0.000000000000000000, 0.000000000000000000 ) ) ;
#5744 = AXIS2_PLACEMENT_3D ( 'NONE', #2463, #164, #1060 ) ;
#5745 = ADVANCED_FACE ( 'NONE', ( #1435 ), #1011, .T. ) ;
#5746 = DIRECTION ( 'NONE',  ( 1.000000000000000000, 0.000000000000000000, 0.000000000000000000 ) ) ;
#5747 = CARTESIAN_POINT ( 'NONE',  ( 97.15807377657358757, -130.6000000000000512, 25.71000000000000441 ) ) ;
#5748 = VERTEX_POINT ( 'NONE', #1521 ) ;
#5749 = ORIENTED_EDGE ( 'NONE', *, *, #317, .F. ) ;
#5750 = DIRECTION ( 'NONE',  ( -0.000000000000000000, -0.000000000000000000, -1.000000000000000000 ) ) ;
#5751 = DIRECTION ( 'NONE',  ( -0.000000000000000000, -0.000000000000000000, -1.000000000000000000 ) ) ;
#5752 = ORIENTED_EDGE ( 'NONE', *, *, #1606, .F. ) ;
#5753 = CARTESIAN_POINT ( 'NONE',  ( 184.3580737765736046, -136.0000000000000000, 25.71000000000000441 ) ) ;
#5754 = ORIENTED_EDGE ( 'NONE', *, *, #5873, .F. ) ;
#5755 = DIRECTION ( 'NONE',  ( 0.9986295347545739443, 0.000000000000000000, -0.05233595624294395260 ) ) ;
#5756 = CARTESIAN_POINT ( 'NONE',  ( 187.5000000000000000, -41.39999999999999147, 26.51000000000000156 ) ) ;
#5757 = DIRECTION ( 'NONE',  ( 1.000000000000000000, 0.000000000000000000, 0.000000000000000000 ) ) ;
#5758 = EDGE_CURVE ( 'NONE', #5255, #4487, #2474, .T. ) ;
#5759 = DIRECTION ( 'NONE',  ( -1.000000000000000000, 0.000000000000000000, 0.000000000000000000 ) ) ;
#5760 = DIRECTION ( 'NONE',  ( 1.000000000000000000, 0.000000000000000000, 0.000000000000000000 ) ) ;
#5761 = ORIENTED_EDGE ( 'NONE', *, *, #5577, .F. ) ;
#5762 = ORIENTED_EDGE ( 'NONE', *, *, #5966, .F. ) ;
#5763 = CARTESIAN_POINT ( 'NONE',  ( 96.25000000000000000, -137.9999999999999716, 29.61000000000000298 ) ) ;
#5764 = FACE_OUTER_BOUND ( 'NONE', #6038, .T. ) ;
#5765 = DIRECTION ( 'NONE',  ( -0.000000000000000000, -0.000000000000000000, 1.000000000000000000 ) ) ;
#5766 = EDGE_CURVE ( 'NONE', #3480, #461, #2488, .T. ) ;
#5767 = CARTESIAN_POINT ( 'NONE',  ( 102.5580737765735790, -36.39999999999999858, 25.71000000000000441 ) ) ;
#5768 = DIRECTION ( 'NONE',  ( 1.000000000000000000, -8.816891872817317609E-17, 0.000000000000000000 ) ) ;
#5769 = DIRECTION ( 'NONE',  ( -0.05233595624294395954, 0.000000000000000000, 0.9986295347545739443 ) ) ;
#5770 = CARTESIAN_POINT ( 'NONE',  ( 180.5000000000000000, -135.0000000000000000, 28.01000000000000512 ) ) ;
#5771 = VERTEX_POINT ( 'NONE', #5649 ) ;
#5772 = ORIENTED_EDGE ( 'NONE', *, *, #5556, .F. ) ;
#5773 = DIRECTION ( 'NONE',  ( 1.000000000000000000, 0.000000000000000000, 0.000000000000000000 ) ) ;
#5774 = DIRECTION ( 'NONE',  ( 1.000000000000000000, 0.000000000000000000, 0.000000000000000000 ) ) ;
#5775 = DIRECTION ( 'NONE',  ( 1.000000000000000000, 0.000000000000000000, -0.000000000000000000 ) ) ;
#5776 = EDGE_LOOP ( 'NONE', ( #5053, #13, #5624, #5797 ) ) ;
#5777 = AXIS2_PLACEMENT_3D ( 'NONE', #2932, #1552, #3416 ) ;
#5778 = CIRCLE ( 'NONE', #4902, 2.258073776573554792 ) ;
#5779 = FACE_OUTER_BOUND ( 'NONE', #416, .T. ) ;
#5780 = ORIENTED_EDGE ( 'NONE', *, *, #1461, .T. ) ;
#5781 = ADVANCED_FACE ( 'NONE', ( #3814 ), #2693, .F. ) ;
#5782 = LINE ( 'NONE', #217, #515 ) ;
#5783 = VECTOR ( 'NONE', #56, 1000.000000000000000 ) ;
#5784 = VECTOR ( 'NONE', #943, 1000.000000000000000 ) ;
#5785 = DIRECTION ( 'NONE',  ( -0.000000000000000000, -0.000000000000000000, -1.000000000000000000 ) ) ;
#5786 = DIRECTION ( 'NONE',  ( -0.000000000000000000, 0.000000000000000000, 1.000000000000000000 ) ) ;
#5787 = CARTESIAN_POINT ( 'NONE',  ( 97.15807377657358757, -41.40000000000000568, 25.71000000000000441 ) ) ;
#5788 = VECTOR ( 'NONE', #2972, 1000.000000000000000 ) ;
#5789 = LINE ( 'NONE', #1599, #2428 ) ;
#5790 = AXIS2_PLACEMENT_3D ( 'NONE', #5887, #1703, #3562 ) ;
#5791 = VERTEX_POINT ( 'NONE', #116 ) ;
#5792 = EDGE_CURVE ( 'NONE', #1563, #4099, #1900, .T. ) ;
#5793 = LINE ( 'NONE', #661, #1831 ) ;
#5794 = DIRECTION ( 'NONE',  ( -1.000000000000000000, 0.000000000000000000, 0.000000000000000000 ) ) ;
#5795 = VECTOR ( 'NONE', #5233, 1000.000000000000000 ) ;
#5796 = DIRECTION ( 'NONE',  ( -1.000000000000000000, 0.000000000000000000, 0.000000000000000000 ) ) ;
#5797 = ORIENTED_EDGE ( 'NONE', *, *, #4, .T. ) ;
#5798 = DIRECTION ( 'NONE',  ( 8.804808628932942008E-17, 0.9986295347545739443, -0.05233595624294395260 ) ) ;
#5799 = CARTESIAN_POINT ( 'NONE',  ( 93.05000000000001137, -33.99999999999997868, 31.81000000000000583 ) ) ;
#5800 = CIRCLE ( 'NONE', #5211, 4.200000000000009059 ) ;
#5801 = DIRECTION ( 'NONE',  ( -0.000000000000000000, -0.000000000000000000, -1.000000000000000000 ) ) ;
#5802 = VERTEX_POINT ( 'NONE', #3842 ) ;
#5803 = DIRECTION ( 'NONE',  ( 0.000000000000000000, 0.000000000000000000, -1.000000000000000000 ) ) ;
#5804 = ORIENTED_EDGE ( 'NONE', *, *, #4907, .F. ) ;
#5805 = VECTOR ( 'NONE', #4820, 1000.000000000000000 ) ;
#5806 = ORIENTED_EDGE ( 'NONE', *, *, #2418, .F. ) ;
#5807 = FACE_OUTER_BOUND ( 'NONE', #2254, .T. ) ;
#5808 = DIRECTION ( 'NONE',  ( 1.000000000000000000, 0.000000000000000000, 0.000000000000000000 ) ) ;
#5809 = DIRECTION ( 'NONE',  ( -1.000000000000000000, 0.000000000000000000, 0.000000000000000000 ) ) ;
#5810 = ORIENTED_EDGE ( 'NONE', *, *, #4297, .F. ) ;
#5811 = CIRCLE ( 'NONE', #50, 4.170000000000007034 ) ;
#5812 = ADVANCED_FACE ( 'NONE', ( #5185 ), #3461, .T. ) ;
#5813 = CIRCLE ( 'NONE', #1420, 0.7999999999999951594 ) ;
#5814 = VERTEX_POINT ( 'NONE', #5252 ) ;
#5815 = CARTESIAN_POINT ( 'NONE',  ( 95.70000000000000284, 1.488906158304756720E-14, 26.51000000000000156 ) ) ;
#5816 = CARTESIAN_POINT ( 'NONE',  ( 104.9999999999999858, -43.00000000000000000, 31.81000000000000583 ) ) ;
#5817 = ORIENTED_EDGE ( 'NONE', *, *, #716, .F. ) ;
#5818 = AXIS2_PLACEMENT_3D ( 'NONE', #4329, #179, #1191 ) ;
#5819 = EDGE_CURVE ( 'NONE', #5943, #2121, #1981, .T. ) ;
#5820 = DIRECTION ( 'NONE',  ( -0.000000000000000000, 0.000000000000000000, 1.000000000000000000 ) ) ;
#5821 = DIRECTION ( 'NONE',  ( -1.000000000000000000, 0.000000000000000000, 0.000000000000000000 ) ) ;
#5822 = VECTOR ( 'NONE', #3365, 1000.000000000000000 ) ;
#5823 = ORIENTED_EDGE ( 'NONE', *, *, #6039, .T. ) ;
#5824 = LINE ( 'NONE', #3079, #5940 ) ;
#5825 = CARTESIAN_POINT ( 'NONE',  ( 182.9000000000000057, -135.6000000000000512, 26.51000000000000156 ) ) ;
#5826 = CIRCLE ( 'NONE', #857, 0.8419262234264229816 ) ;
#5827 = CARTESIAN_POINT ( 'NONE',  ( 180.5000000000000000, -38.00000000000000000, 30.61000000000000654 ) ) ;
#5828 = ORIENTED_EDGE ( 'NONE', *, *, #496, .T. ) ;
#5829 = AXIS2_PLACEMENT_3D ( 'NONE', #1336, #3205, #4596 ) ;
#5830 = CARTESIAN_POINT ( 'NONE',  ( 102.6000000000000227, -135.6000000000000512, 26.51000000000000156 ) ) ;
#5831 = CARTESIAN_POINT ( 'NONE',  ( 98.40000000000001990, -135.6000000000000512, 28.81000000000000227 ) ) ;
#5832 = CIRCLE ( 'NONE', #458, 0.4000000000000010214 ) ;
#5833 = DIRECTION ( 'NONE',  ( -0.000000000000000000, -0.000000000000000000, -1.000000000000000000 ) ) ;
#5834 = EDGE_LOOP ( 'NONE', ( #1293, #5772, #749, #2361 ) ) ;
#5835 = AXIS2_PLACEMENT_3D ( 'NONE', #3105, #747, #2974 ) ;
#5836 = LINE ( 'NONE', #1652, #1620 ) ;
#5837 = VERTEX_POINT ( 'NONE', #3417 ) ;
#5838 = ORIENTED_EDGE ( 'NONE', *, *, #1973, .F. ) ;
#5839 = CARTESIAN_POINT ( 'NONE',  ( 98.40000000000000568, -39.10000000000000853, 26.51000000000000156 ) ) ;
#5840 = AXIS2_PLACEMENT_3D ( 'NONE', #998, #4261, #2949 ) ;
#5841 = CARTESIAN_POINT ( 'NONE',  ( 187.5000000000000000, -39.14192622342643091, 25.71000000000000441 ) ) ;
#5842 = EDGE_CURVE ( 'NONE', #2243, #490, #3051, .T. ) ;
#5843 = CARTESIAN_POINT ( 'NONE',  ( 186.2700000000000102, -36.39999999999999147, 28.81000000000000227 ) ) ;
#5844 = ORIENTED_EDGE ( 'NONE', *, *, #931, .F. ) ;
#5845 = AXIS2_PLACEMENT_3D ( 'NONE', #3355, #2930, #1976 ) ;
#5846 = ORIENTED_EDGE ( 'NONE', *, *, #4385, .T. ) ;
#5847 = CARTESIAN_POINT ( 'NONE',  ( 96.25000000000000000, -137.9999999999999716, 19.61000000000000298 ) ) ;
#5848 = ORIENTED_EDGE ( 'NONE', *, *, #2086, .F. ) ;
#5849 = EDGE_CURVE ( 'NONE', #5580, #5771, #5214, .T. ) ;
#5850 = CYLINDRICAL_SURFACE ( 'NONE', #1637, 0.7999999999999951594 ) ;
#5851 = EDGE_LOOP ( 'NONE', ( #4427, #3499, #1853, #5495 ) ) ;
#5852 = DIRECTION ( 'NONE',  ( -0.000000000000000000, -0.000000000000000000, 1.000000000000000000 ) ) ;
#5853 = DIRECTION ( 'NONE',  ( -0.000000000000000000, -0.000000000000000000, -1.000000000000000000 ) ) ;
#5854 = ADVANCED_FACE ( 'NONE', ( #1163 ), #1650, .T. ) ;
#5855 = ORIENTED_EDGE ( 'NONE', *, *, #1884, .F. ) ;
#5856 = DIRECTION ( 'NONE',  ( 1.000000000000000000, -1.838117590439000668E-16, 0.000000000000000000 ) ) ;
#5857 = CARTESIAN_POINT ( 'NONE',  ( 98.40000000000001990, -132.9000000000000341, 26.51000000000000156 ) ) ;
#5858 = DIRECTION ( 'NONE',  ( -0.000000000000000000, -0.000000000000000000, -1.000000000000000000 ) ) ;
#5859 = EDGE_CURVE ( 'NONE', #2089, #5791, #2140, .T. ) ;
#5860 = EDGE_LOOP ( 'NONE', ( #2072, #777, #3847, #1621, #4163, #3559, #3178, #5351, #4772, #2612 ) ) ;
#5861 = CARTESIAN_POINT ( 'NONE',  ( 186.2700000000000102, -36.39999999999999147, 28.81000000000000227 ) ) ;
#5862 = ADVANCED_FACE ( 'NONE', ( #2105 ), #272, .T. ) ;
#5863 = DIRECTION ( 'NONE',  ( -0.000000000000000000, -0.000000000000000000, -1.000000000000000000 ) ) ;
#5864 = CARTESIAN_POINT ( 'NONE',  ( 98.00000000000000000, -37.23000000000000398, 28.81000000000000227 ) ) ;
#5865 = ORIENTED_EDGE ( 'NONE', *, *, #1461, .F. ) ;
#5866 = CARTESIAN_POINT ( 'NONE',  ( 98.40000000000000568, -40.60000000000000142, 28.81000000000000227 ) ) ;
#5867 = EDGE_LOOP ( 'NONE', ( #137, #5127, #1746, #5315, #303, #1112, #882, #640, #2003, #149 ) ) ;
#5868 = ORIENTED_EDGE ( 'NONE', *, *, #3922, .T. ) ;
#5869 = DIRECTION ( 'NONE',  ( 0.000000000000000000, 0.000000000000000000, -1.000000000000000000 ) ) ;
#5870 = DIRECTION ( 'NONE',  ( 6.938893903907991995E-14, -1.000000000000000000, 0.000000000000000000 ) ) ;
#5871 = EDGE_CURVE ( 'NONE', #2386, #1226, #4929, .T. ) ;
#5872 = CARTESIAN_POINT ( 'NONE',  ( 99.23000000000001819, -135.6000000000000512, 26.51000000000000156 ) ) ;
#5873 = EDGE_CURVE ( 'NONE', #1821, #4509, #2629, .T. ) ;
#5874 = ORIENTED_EDGE ( 'NONE', *, *, #1986, .T. ) ;
#5875 = EDGE_LOOP ( 'NONE', ( #5968, #3775, #5469, #425 ) ) ;
#5876 = CARTESIAN_POINT ( 'NONE',  ( 188.3419262234264409, -41.39999999999999147, 25.71000000000000441 ) ) ;
#5877 = ORIENTED_EDGE ( 'NONE', *, *, #3793, .T. ) ;
#5878 = CARTESIAN_POINT ( 'NONE',  ( 185.5000000000000000, -43.00000000000000000, 31.41000000000000725 ) ) ;
#5879 = DIRECTION ( 'NONE',  ( -0.000000000000000000, 0.000000000000000000, -1.000000000000000000 ) ) ;
#5880 = VERTEX_POINT ( 'NONE', #668 ) ;
#5881 = ADVANCED_FACE ( 'NONE', ( #1677 ), #5275, .T. ) ;
#5882 = DIRECTION ( 'NONE',  ( 1.000000000000000000, 0.000000000000000000, 0.000000000000000000 ) ) ;
#5883 = DIRECTION ( 'NONE',  ( 0.000000000000000000, 0.000000000000000000, 1.000000000000000000 ) ) ;
#5884 = AXIS2_PLACEMENT_3D ( 'NONE', #5050, #4611, #4586 ) ;
#5885 = EDGE_LOOP ( 'NONE', ( #2155, #4098 ) ) ;
#5886 = CARTESIAN_POINT ( 'NONE',  ( 187.1000000000000227, -131.4000000000000057, 28.81000000000000227 ) ) ;
#5887 = CARTESIAN_POINT ( 'NONE',  ( 101.1000000000000227, -136.0000000000000000, 26.51000000000000156 ) ) ;
#5888 = ADVANCED_FACE ( 'NONE', ( #5366 ), #2295, .T. ) ;
#5889 = CIRCLE ( 'NONE', #2075, 3.200000000000008171 ) ;
#5890 = DIRECTION ( 'NONE',  ( -1.000000000000000000, -6.938893903907030216E-14, 0.000000000000000000 ) ) ;
#5891 = AXIS2_PLACEMENT_3D ( 'NONE', #5736, #5704, #4320 ) ;
#5892 = ORIENTED_EDGE ( 'NONE', *, *, #3102, .F. ) ;
#5893 = ORIENTED_EDGE ( 'NONE', *, *, #1338, .T. ) ;
#5894 = EDGE_CURVE ( 'NONE', #3883, #1688, #5408, .T. ) ;
#5895 = CARTESIAN_POINT ( 'NONE',  ( 180.5000000000000000, -43.00000000000000000, 28.01000000000000512 ) ) ;
#5896 = PLANE ( 'NONE',  #516 ) ;
#5897 = AXIS2_PLACEMENT_3D ( 'NONE', #4194, #1027, #3344 ) ;
#5898 = DIRECTION ( 'NONE',  ( 1.000000000000000000, 0.000000000000000000, 0.000000000000000000 ) ) ;
#5899 = ORIENTED_EDGE ( 'NONE', *, *, #4022, .T. ) ;
#5900 = EDGE_CURVE ( 'NONE', #4854, #1969, #5399, .T. ) ;
#5901 = LINE ( 'NONE', #796, #5130 ) ;
#5902 = ORIENTED_EDGE ( 'NONE', *, *, #3964, .F. ) ;
#5903 = VERTEX_POINT ( 'NONE', #5305 ) ;
#5904 = DIRECTION ( 'NONE',  ( -1.555805808050947258E-16, 1.000000000000000000, -0.000000000000000000 ) ) ;
#5905 = CARTESIAN_POINT ( 'NONE',  ( 103.4000000000000057, -35.20000000000000284, 26.51000000000000156 ) ) ;
#5906 = AXIS2_PLACEMENT_3D ( 'NONE', #4298, #519, #5746 ) ;
#5907 = VERTEX_POINT ( 'NONE', #4483 ) ;
#5908 = ORIENTED_EDGE ( 'NONE', *, *, #276, .T. ) ;
#5909 = CARTESIAN_POINT ( 'NONE',  ( 104.9999999999999858, -38.00000000000000000, 31.41000000000000725 ) ) ;
#5910 = ORIENTED_EDGE ( 'NONE', *, *, #230, .T. ) ;
#5911 = ORIENTED_EDGE ( 'NONE', *, *, #1522, .F. ) ;
#5912 = CARTESIAN_POINT ( 'NONE',  ( 97.50000000000001421, -136.5000000000000000, 31.81000000000000583 ) ) ;
#5913 = DIRECTION ( 'NONE',  ( -0.000000000000000000, -0.000000000000000000, 1.000000000000000000 ) ) ;
#5914 = ORIENTED_EDGE ( 'NONE', *, *, #2736, .T. ) ;
#5915 = AXIS2_PLACEMENT_3D ( 'NONE', #2429, #3313, #1901 ) ;
#5916 = DIRECTION ( 'NONE',  ( 0.000000000000000000, 0.000000000000000000, -1.000000000000000000 ) ) ;
#5917 = EDGE_LOOP ( 'NONE', ( #3891, #283, #4062, #2388 ) ) ;
#5918 = AXIS2_PLACEMENT_3D ( 'NONE', #5417, #624, #3888 ) ;
#5919 = CARTESIAN_POINT ( 'NONE',  ( 182.1000000000000512, -136.0000000000000000, 28.81000000000000227 ) ) ;
#5920 = VECTOR ( 'NONE', #5673, 1000.000000000000000 ) ;
#5921 = FACE_OUTER_BOUND ( 'NONE', #660, .T. ) ;
#5922 = DIRECTION ( 'NONE',  ( 0.000000000000000000, -1.000000000000000000, 0.000000000000000000 ) ) ;
#5923 = EDGE_CURVE ( 'NONE', #3276, #1172, #302, .T. ) ;
#5924 = ORIENTED_EDGE ( 'NONE', *, *, #2284, .T. ) ;
#5925 = EDGE_CURVE ( 'NONE', #5814, #2963, #4881, .T. ) ;
#5926 = ORIENTED_EDGE ( 'NONE', *, *, #4934, .T. ) ;
#5927 = DIRECTION ( 'NONE',  ( 0.000000000000000000, 0.000000000000000000, -1.000000000000000000 ) ) ;
#5928 = CYLINDRICAL_SURFACE ( 'NONE', #219, 5.000000000000004441 ) ;
#5929 = VECTOR ( 'NONE', #1784, 1000.000000000000000 ) ;
#5930 = EDGE_CURVE ( 'NONE', #4069, #5060, #3509, .T. ) ;
#5931 = DIRECTION ( 'NONE',  ( -1.000000000000000000, 0.000000000000000000, 0.000000000000000000 ) ) ;
#5932 = ORIENTED_EDGE ( 'NONE', *, *, #3073, .T. ) ;
#5933 = ADVANCED_FACE ( 'NONE', ( #638 ), #2504, .T. ) ;
#5934 = DIRECTION ( 'NONE',  ( 1.000000000000000000, 0.000000000000000000, 0.000000000000000000 ) ) ;
#5935 = AXIS2_PLACEMENT_3D ( 'NONE', #4503, #3467, #3596 ) ;
#5936 = ORIENTED_EDGE ( 'NONE', *, *, #3844, .T. ) ;
#5937 = VECTOR ( 'NONE', #1445, 1000.000000000000000 ) ;
#5938 = ORIENTED_EDGE ( 'NONE', *, *, #5577, .T. ) ;
#5939 = LINE ( 'NONE', #4063, #5221 ) ;
#5940 = VECTOR ( 'NONE', #1245, 1000.000000000000000 ) ;
#5941 = LINE ( 'NONE', #6043, #5320 ) ;
#5942 = TOROIDAL_SURFACE ( 'NONE', #4463, 3.199999999999991296, 0.4000000000000000222 ) ;
#5943 = VERTEX_POINT ( 'NONE', #235 ) ;
#5944 = PLANE ( 'NONE',  #1107 ) ;
#5945 = ORIENTED_EDGE ( 'NONE', *, *, #3057, .T. ) ;
#5946 = LINE ( 'NONE', #2268, #5929 ) ;
#5947 = DIRECTION ( 'NONE',  ( -0.000000000000000000, -0.000000000000000000, -1.000000000000000000 ) ) ;
#5948 = ORIENTED_EDGE ( 'NONE', *, *, #705, .F. ) ;
#5949 = CARTESIAN_POINT ( 'NONE',  ( 187.1000000000000227, -36.39999999999999147, 28.81000000000000227 ) ) ;
#5950 = ORIENTED_EDGE ( 'NONE', *, *, #3690, .T. ) ;
#5951 = EDGE_CURVE ( 'NONE', #63, #1660, #1188, .T. ) ;
#5952 = CARTESIAN_POINT ( 'NONE',  ( 91.40000000000000568, -35.50000000000000711, 31.81000000000000583 ) ) ;
#5953 = CARTESIAN_POINT ( 'NONE',  ( 96.25000000000000000, -137.9999999999999716, 29.61000000000000298 ) ) ;
#5954 = EDGE_CURVE ( 'NONE', #2212, #2267, #3574, .T. ) ;
#5955 = DIRECTION ( 'NONE',  ( 6.938893903907030216E-14, -1.000000000000000000, 0.000000000000000000 ) ) ;
#5956 = EDGE_CURVE ( 'NONE', #4210, #1061, #4048, .T. ) ;
#5957 = ORIENTED_EDGE ( 'NONE', *, *, #654, .T. ) ;
#5958 = ORIENTED_EDGE ( 'NONE', *, *, #4941, .F. ) ;
#5959 = DIRECTION ( 'NONE',  ( 1.000000000000000000, 0.000000000000000000, 0.000000000000000000 ) ) ;
#5960 = DIRECTION ( 'NONE',  ( 0.000000000000000000, 0.000000000000000000, 1.000000000000000000 ) ) ;
#5961 = CARTESIAN_POINT ( 'NONE',  ( 187.5000000000000000, -130.6000000000000227, 25.71000000000000441 ) ) ;
#5962 = VERTEX_POINT ( 'NONE', #2659 ) ;
#5963 = DIRECTION ( 'NONE',  ( -0.000000000000000000, 0.000000000000000000, 1.000000000000000000 ) ) ;
#5964 = EDGE_LOOP ( 'NONE', ( #1369, #3791, #4435, #2228 ) ) ;
#5965 = CYLINDRICAL_SURFACE ( 'NONE', #3721, 2.799999999999997158 ) ;
#5966 = EDGE_CURVE ( 'NONE', #4935, #2823, #1256, .T. ) ;
#5967 = PLANE ( 'NONE',  #5709 ) ;
#5968 = ORIENTED_EDGE ( 'NONE', *, *, #3403, .T. ) ;
#5969 = ORIENTED_EDGE ( 'NONE', *, *, #1607, .T. ) ;
#5970 = DIRECTION ( 'NONE',  ( 1.000000000000000000, 0.000000000000000000, 0.000000000000000000 ) ) ;
#5971 = DIRECTION ( 'NONE',  ( -0.000000000000000000, -0.000000000000000000, -1.000000000000000000 ) ) ;
#5972 = EDGE_LOOP ( 'NONE', ( #5277, #4886, #542, #4568 ) ) ;
#5973 = CARTESIAN_POINT ( 'NONE',  ( 96.25000000000000000, -33.99999999999997868, 19.61000000000000298 ) ) ;
#5974 = EDGE_CURVE ( 'NONE', #3170, #1446, #3215, .T. ) ;
#5975 = ORIENTED_EDGE ( 'NONE', *, *, #1147, .T. ) ;
#5976 = DIRECTION ( 'NONE',  ( 0.000000000000000000, 0.000000000000000000, -1.000000000000000000 ) ) ;
#5977 = CARTESIAN_POINT ( 'NONE',  ( 99.45000000000000284, -33.99999999999997868, 31.41000000000000725 ) ) ;
#5978 = PLANE ( 'NONE',  #2619 ) ;
#5979 = VECTOR ( 'NONE', #3611, 1000.000000000000000 ) ;
#5980 = ORIENTED_EDGE ( 'NONE', *, *, #1673, .F. ) ;
#5981 = ADVANCED_FACE ( 'NONE', ( #3631 ), #1374, .F. ) ;
#5982 = ORIENTED_EDGE ( 'NONE', *, *, #3356, .T. ) ;
#5983 = DIRECTION ( 'NONE',  ( -0.000000000000000000, 0.000000000000000000, 1.000000000000000000 ) ) ;
#5984 = EDGE_CURVE ( 'NONE', #2184, #1164, #914, .T. ) ;
#5985 = CARTESIAN_POINT ( 'NONE',  ( 189.7999999999999829, -130.6000000000000227, 28.81000000000000227 ) ) ;
#5986 = CIRCLE ( 'NONE', #4314, 6.000000000000005329 ) ;
#5987 = VECTOR ( 'NONE', #1803, 1000.000000000000000 ) ;
#5988 = ORIENTED_EDGE ( 'NONE', *, *, #5951, .T. ) ;
#5989 = VECTOR ( 'NONE', #548, 1000.000000000000000 ) ;
#5990 = EDGE_LOOP ( 'NONE', ( #1382, #829, #3, #459 ) ) ;
#5991 = DIRECTION ( 'NONE',  ( -0.000000000000000000, 0.05233595624294395260, 0.9986295347545739443 ) ) ;
#5992 = DIRECTION ( 'NONE',  ( -1.000000000000000000, 0.000000000000000000, 0.000000000000000000 ) ) ;
#5993 = ORIENTED_EDGE ( 'NONE', *, *, #3097, .T. ) ;
#5994 = ORIENTED_EDGE ( 'NONE', *, *, #4976, .F. ) ;
#5995 = DIRECTION ( 'NONE',  ( 0.000000000000000000, 0.000000000000000000, 1.000000000000000000 ) ) ;
#5996 = DIRECTION ( 'NONE',  ( 1.000000000000000000, 0.000000000000000000, 0.000000000000000000 ) ) ;
#5997 = ORIENTED_EDGE ( 'NONE', *, *, #770, .T. ) ;
#5999 = EDGE_CURVE ( 'NONE', #4625, #1894, #1030, .T. ) ;
#5998 = VECTOR ( 'NONE', #5405, 1000.000000000000000 ) ;
#6000 = DIRECTION ( 'NONE',  ( -0.000000000000000000, -0.000000000000000000, 1.000000000000000000 ) ) ;
#6001 = ORIENTED_EDGE ( 'NONE', *, *, #5213, .F. ) ;
#6002 = CARTESIAN_POINT ( 'NONE',  ( 99.99999999999997158, -43.00000000000000000, 30.61000000000000654 ) ) ;
#6003 = CARTESIAN_POINT ( 'NONE',  ( 186.0499999999999829, -33.99999999999997868, 31.41000000000000725 ) ) ;
#6004 = EDGE_CURVE ( 'NONE', #5907, #2271, #4635, .T. ) ;
#6005 = DIRECTION ( 'NONE',  ( -1.000000000000000000, 0.000000000000000000, 0.000000000000000000 ) ) ;
#6006 = ORIENTED_EDGE ( 'NONE', *, *, #3057, .F. ) ;
#6007 = ORIENTED_EDGE ( 'NONE', *, *, #5894, .F. ) ;
#6008 = CONICAL_SURFACE ( 'NONE', #5612, 0.7999999999999951594, 0.05235987755983000091 ) ;
#6009 = DIRECTION ( 'NONE',  ( -0.000000000000000000, -0.000000000000000000, 1.000000000000000000 ) ) ;
#6010 = LINE ( 'NONE', #910, #3347 ) ;
#6011 = VECTOR ( 'NONE', #5170, 1000.000000000000000 ) ;
#6012 = DIRECTION ( 'NONE',  ( -0.000000000000000000, -0.000000000000000000, -1.000000000000000000 ) ) ;
#6013 = ORIENTED_EDGE ( 'NONE', *, *, #3777, .F. ) ;
#6014 = ORIENTED_EDGE ( 'NONE', *, *, #4472, .T. ) ;
#6015 = VECTOR ( 'NONE', #3279, 1000.000000000000000 ) ;
#6016 = EDGE_CURVE ( 'NONE', #2187, #2267, #5713, .T. ) ;
#6017 = DIRECTION ( 'NONE',  ( 1.000000000000000000, 0.000000000000000000, -0.000000000000000000 ) ) ;
#6018 = CARTESIAN_POINT ( 'NONE',  ( -0.000000000000000000, -37.23000000000000398, 26.51000000000000156 ) ) ;
#6019 = AXIS2_PLACEMENT_3D ( 'NONE', #364, #2727, #4663 ) ;
#6020 = AXIS2_PLACEMENT_3D ( 'NONE', #4280, #589, #4213 ) ;
#6021 = ORIENTED_EDGE ( 'NONE', *, *, #1502, .T. ) ;
#6022 = EDGE_CURVE ( 'NONE', #3951, #3745, #794, .T. ) ;
#6023 = ORIENTED_EDGE ( 'NONE', *, *, #1779, .F. ) ;
#6024 = VECTOR ( 'NONE', #2834, 1000.000000000000000 ) ;
#6025 = DIRECTION ( 'NONE',  ( -1.000000000000000000, 0.000000000000000000, 0.000000000000000000 ) ) ;
#6026 = CARTESIAN_POINT ( 'NONE',  ( 0.000000000000000000, -136.8000000000000114, 28.81000000000000227 ) ) ;
#6027 = AXIS2_PLACEMENT_3D ( 'NONE', #993, #2395, #5199 ) ;
#6028 = VERTEX_POINT ( 'NONE', #2318 ) ;
#6029 = DIRECTION ( 'NONE',  ( 0.000000000000000000, -1.000000000000000000, 0.000000000000000000 ) ) ;
#6030 = EDGE_LOOP ( 'NONE', ( #3646, #669, #5957, #5606 ) ) ;
#6031 = ADVANCED_FACE ( 'NONE', ( #2755 ), #1314, .T. ) ;
#6032 = DIRECTION ( 'NONE',  ( 0.000000000000000000, 0.000000000000000000, -1.000000000000000000 ) ) ;
#6033 = DIRECTION ( 'NONE',  ( 1.000000000000000000, 0.000000000000000000, -0.000000000000000000 ) ) ;
#6034 = VERTEX_POINT ( 'NONE', #2199 ) ;
#6035 = VERTEX_POINT ( 'NONE', #4058 ) ;
#6036 = DIRECTION ( 'NONE',  ( 1.000000000000000000, 0.000000000000000000, 0.000000000000000000 ) ) ;
#6037 = CARTESIAN_POINT ( 'NONE',  ( 189.2500000000000000, -33.99999999999997868, 29.61000000000000298 ) ) ;
#6038 = EDGE_LOOP ( 'NONE', ( #1584, #1902, #1225, #1381 ) ) ;
#6039 = EDGE_CURVE ( 'NONE', #1768, #5573, #5609, .T. ) ;
#6040 = EDGE_LOOP ( 'NONE', ( #5806, #3314, #4252, #819 ) ) ;
#6041 = LINE ( 'NONE', #5909, #3161 ) ;
#6042 = DIRECTION ( 'NONE',  ( 9.078841193233035987E-16, 0.05233595624294395260, 0.9986295347545739443 ) ) ;
#6043 = CARTESIAN_POINT ( 'NONE',  ( 184.4000000000000341, -136.0000000000000000, 26.51000000000000156 ) ) ;
#6044 = CARTESIAN_POINT ( 'NONE',  ( 184.4000000000000057, -36.00000000000000711, 26.51000000000000156 ) ) ;
#6045 = VERTEX_POINT ( 'NONE', #335 ) ;
#6046 = EDGE_CURVE ( 'NONE', #3204, #5255, #2788, .T. ) ;
#6047 = ORIENTED_EDGE ( 'NONE', *, *, #1669, .F. ) ;
ENDSEC;
END-ISO-10303-21;
